date,value,pct_change_mom,pct_change_yoy,log_value,log_diff,log_pct_change,zscore_value,zscore_pct_change_mom,zscore_pct_change_yoy,zscore_log_value,minmax_value,minmax_pct_change_mom,minmax_pct_change_yoy,minmax_log_value
1990-01-31,61.729,-0.5057798809853797,-0.848734447631927,4.122753836695779,-0.005070632766924987,-0.12284031950575702,-2.04990705239965,-0.6254549986405035,-0.5565703031588793,-2.148111856269263,0.03186049381023537,0.6424254380381863,0.4862516926916136,0.04188852587974967
1990-02-28,62.2896,0.9081631000016133,0.49643524964546604,4.131794477668938,0.009040640973159597,0.2192864607314382,-2.0084481671680483,0.7968141207214234,-0.23292917787808154,-2.0938492837337863,0.04466958218517636,0.7140509599742575,0.5259668718608157,0.0584631699845497
1990-03-31,62.5999,0.49815699571036376,0.7451289008624462,4.136763680660687,0.004969202991748745,0.12026742904580612,-1.9855000899519124,0.3843936563005217,-0.17309472480278598,-2.0640237726241426,0.05175959310694633,0.6932814511526666,0.5333093751422352,0.06757345003186721
1990-04-30,62.4359,-0.26198124917132803,0.4962367772133325,4.134140430454805,-0.002623250205882499,-0.06341310281141599,-1.9976286257670797,-0.380220735283031,-0.23297692935613143,-2.079768707634614,0.048012374959442994,0.6547754440043336,0.5259610121033306,0.06276411862611564
1990-05-31,62.6258,0.304151938227859,1.3782408246781896,4.137177333774534,0.0030369033197290562,0.07345912338529992,-1.9835846687469563,0.18924618149584974,-0.020771151154691497,-2.0615409971039926,0.052351379387558294,0.6834538175866213,0.5520015546786847,0.06833182028074702
1990-06-30,62.8382,0.33915734409779574,1.7298125132548803,4.140563168801484,0.0033858350269504456,0.08183925304119377,-1.9678767357765812,0.22445772004373954,0.06381524499898776,-2.04121897355627,0.05720448386639787,0.685227071883105,0.5623814588877244,0.07453923530097395
1990-07-31,62.7284,-0.17473447679914322,2.5412840137444492,4.13881429564595,-0.0017488731555337367,-0.04223756731237538,-1.975996938413809,-0.2924602019535054,0.2590512439092312,-2.0517158350884594,0.05469567561886213,0.6591950674915786,0.5863395781479731,0.07133294160747727
1990-08-31,62.9475,0.34928357809220767,1.9009861881851498,4.142301045642955,0.003486749997004601,0.08424514239917524,-1.9597935103826927,0.2346435833347979,0.10499877811381221,-2.0307881126861163,0.05970186766836183,0.6857400323099747,0.5674352399702642,0.07772536892035653
1990-09-30,62.9523,0.00762540212082552,2.229147315019908,4.142377296756973,7.625111401843299e-05,0.001840791221541238,-1.9594385288466387,-0.10902647945827174,0.18395270978293643,-2.0303304480561835,0.059811542345849844,0.6684327960870585,0.5771239639840361,0.0778651637735317
1990-10-31,62.5845,-0.5842518859517476,1.7690408900654653,4.136517643613296,-0.005859653143676979,-0.14145628763136964,-1.9866389890467513,-0.7043890935077332,0.07325339695826343,-2.0655005045472534,0.05140772018333939,0.6384503142965184,0.5635396488296348,0.06712237841988689
1990-11-30,61.7887,-1.2715608497311681,0.1366191065791167,4.12372049984849,-0.01279714376480623,-0.3093699789861848,-2.0454919695449822,-1.3957453418069052,-0.3194991486943182,-2.142309875016263,0.03322457261149103,0.6036335897722541,0.5153435559931044,0.04366075616441467
1990-12-31,61.3352,-0.7339529719835425,-1.1405030076012013,4.116353903260356,-0.007366596588133767,-0.17863957046566625,-2.0790303292533863,-0.8549717086916503,-0.6267683646087734,-2.1865247136421906,0.022862600477998818,0.6308669685989859,0.47763743334680897,0.03015521855104808
1991-01-31,61.1355,-0.3255879168894804,-0.961460577686335,4.113092712183793,-0.003261191076563641,-0.0792252355654055,-2.0937990402429523,-0.4442019569429697,-0.5836916482599465,-2.206098615301316,0.01829967691667922,0.6515533474734349,0.48292353382717973,0.02417631931013542
1991-02-28,60.6838,-0.7388505859934114,-2.577958439290029,4.105676776118765,-0.007415936065028106,-0.1803007270675061,-2.1272042818753363,-0.8598981627696842,-0.9726129776671602,-2.2506095929899264,0.00797883278724476,0.6306188722015956,0.435197583465555,0.010580325248794153
1991-03-31,60.3346,-0.5754418806996231,-3.61869587651098,4.099905736852473,-0.005771039266291744,-0.140562435403091,-2.1530291886232407,-0.695527209697704,-1.2230092183688148,-2.285247782662754,0.0,0.6388965990710307,0.4044705503849081,0.0
1991-04-30,60.4938,0.26386186367357567,-3.1105501802648705,4.102540880446586,0.0026351435941132095,0.06427327268592187,-2.141255634344127,0.14871885498700652,-1.1007518962833234,-2.2694314626870487,0.0036375434700153253,0.6814128600249667,0.4194731908780142,0.004831136129300084
1991-05-31,61.0633,0.9414187900247617,-2.494978108064083,4.111911031047784,0.009370150601197835,0.2283987137302601,-2.0991385541810934,0.8302656400535396,-0.9526483235209254,-2.213191149840277,0.016649986976131848,0.7157355796422936,0.43764751876281033,0.02200988616309907
1991-06-30,61.5581,0.8103066817548354,-2.037136646180182,4.1199814442968385,0.008070413249054553,0.19626916020598628,-2.0625458741728937,0.6983814656036019,-0.8424939495231925,-2.164751953369781,0.02795561831384319,0.7090938880654403,0.4511649624924834,0.03680576488219334
1991-07-31,61.7305,0.28006062565282264,-1.5908264836979713,4.122778136162407,0.0027966918655684125,0.06788117624751955,-2.049796120669633,0.16501300492429383,-0.7351139486932956,-2.147966009135813,0.031894767146950276,0.6822334339781483,0.46434195280373736,0.041933075266512354
1991-08-31,61.7298,-0.0011339613319227837,-1.934469200524247,4.122766796484794,-1.1339677612909327e-05,-0.0002750494263459302,-2.0498478888103078,-0.11783742325984925,-0.817792673759217,-2.148034070690389,0.03187877292314978,0.6679890766531299,0.4541961458497375,0.04191228568740435
1991-09-30,62.2195,0.7932959445843046,-1.1640559598299127,4.1306684554359165,0.007901658951122492,0.19165912944336672,-2.013632376684166,0.6812705590815159,-0.63243508753482,-2.100607749563511,0.04306787491603026,0.7082321822224606,0.4769420491736298,0.05639877899481327
1991-10-31,62.1855,-0.054645247872453506,-0.6375380485583504,4.130121853597622,-0.0005466018382946913,-0.013232769567239622,-2.0161468292312126,-0.17166381612528012,-0.5057575020752926,-2.1038884928190553,0.04229101261715762,0.6652783776507835,0.49248711625644265,0.05539666742289473
1991-11-30,62.0871,-0.1582362447837493,0.4829362003084814,4.128538237892079,-0.0015836157055426625,-0.038343074651980835,-2.0234239507203124,-0.2758648185221428,-0.23617698187372999,-2.1133934673386103,0.04004268172865566,0.660030811573918,0.5255683220242282,0.05249334820072171
1991-12-31,61.7852,-0.48625237770808516,0.7336733229858172,4.123663853582556,-0.004874384309522917,-0.11806562101775997,-2.0457508102483546,-0.6058125057939052,-0.17585087974906372,-2.1426498699483956,0.033144601492489656,0.6434146346558379,0.5329711573480209,0.04355690382689659
1992-01-31,61.4616,-0.5237500242776694,0.5334053046102349,4.118412589555801,-0.0052512640267554644,-0.1273446190865779,-2.0696824821373063,-0.6435309608389873,-0.2240343669001746,-2.1741683315265874,0.025750700318513342,0.6415151319580376,0.5270583864554373,0.03392950764976632
1992-02-29,61.8955,0.7059692556002473,1.996743776757559,4.125447479148091,0.007034889592290483,0.17081556156202105,-2.0375936303677884,0.593429638543511,0.1280375766999503,-2.131944421970391,0.03566483418559674,0.7038085104326223,0.5702624147086346,0.04682691079351908
1992-03-31,62.4232,0.8525660185312312,3.4616952793256273,4.13393700114859,0.008489522000498795,0.2057842705163182,-1.9985678477478879,0.740889650523356,0.4804976073804922,-2.080989704853404,0.047722194041923016,0.7112346017250312,0.6135140665384669,0.06239116184561677
1992-04-30,62.897,0.7590126747747616,3.972638518327498,4.141498467815387,0.00756146666679669,0.18291199562778804,-1.963528211959924,0.6467854089612265,0.6034280043109853,-2.035605242103497,0.058547998665624545,0.7064955088722598,0.6285993024929512,0.07625396419387354
1992-05-31,63.104,0.32910949647837473,3.341941886534139,4.14478415898017,0.0032856911647831666,0.07933580539307705,-1.9482196332176094,0.21435070471333265,0.4516855378864539,-2.0158842891658084,0.06327771913229041,0.6847180822422549,0.6099784327366796,0.08227778063081015
1992-06-30,63.1363,0.05118534482757564,2.563756841098086,4.145295881476153,0.0005117224959834132,0.012346179592359618,-1.9458309032979149,-0.06521002986584266,0.2644580941733226,-2.012812894212865,0.06401573831621943,0.6706393940007158,0.5870030724019655,0.08321594621846362
1992-07-31,63.7176,0.9207064715544,3.218992232364881,4.154460819549085,0.009164938072931506,0.22109249460060543,-1.9028411601920823,0.8094313551163763,0.42210446383404165,-1.9578042816109433,0.07729779873782716,0.7146863643338303,0.6063484315896076,0.10001847020457877
1992-08-31,63.3613,-0.5591861589262614,2.6429698460063156,4.148853264972454,-0.005607554576631202,-0.13497671106307285,-1.929191143795399,-0.6791757645531106,0.28351634838263234,-1.9914612245051981,0.06915673882346485,0.6397200584128295,0.5893417800674954,0.08973786933990091
1992-09-30,63.5703,0.32985434326631147,2.1710235537090616,4.152146380144355,0.0032931151719015617,0.07937410560416858,-1.9137346560797288,0.2150999376027656,0.1699684224812907,-1.9716957121467824,0.07393215707241718,0.6847558136364241,0.5754079012455426,0.09577529656795214
1992-10-31,63.9995,0.675158053367686,2.917078740220802,4.158875270829154,0.00672889068479865,0.16205812774270356,-1.881993390397597,0.562437001601958,0.34946558226190083,-1.9313084298787229,0.08373890115112692,0.7022477201666354,0.5974346503333317,0.10811169712315039
1992-11-30,64.2422,0.37922171266961957,3.4710914183461616,4.162660315627448,0.0037850447982945568,0.09101126030020001,-1.8640446364808834,0.2647580114788747,0.4827582716015607,-1.9085903207836654,0.08928432703160905,0.6872565959506123,0.6137914808642984,0.11505100271428148
1992-12-31,64.3507,0.16889209896300272,4.152288897664813,4.164347811993848,0.0016874963663999765,0.040538891921215736,-1.8560205746763363,0.05318985174061708,0.6466509902610331,-1.8984618471215673,0.0917634317206586,0.6766020161246049,0.633903352247891,0.11814477137341317
1993-01-31,64.5978,0.3839896069506743,5.1026982701394274,4.168180354481093,0.003832542487244517,0.09203223794627124,-1.83774642101824,0.26955398196107394,0.8753147487501387,-1.8754586535065552,0.0974093927221713,0.6874981211896132,0.6619635134218417,0.12517115677365176
1993-02-28,64.9089,0.4815953484483826,4.8685284067500945,4.172984748360418,0.004804393879324742,0.1152635795655943,-1.814739180212762,0.36773448419583166,0.8189746466443847,-1.8466223384554614,0.10451768275685569,0.6924424946705371,0.6550498146525651,0.13397928430857942
1993-03-31,64.8522,-0.08735319809765052,3.8911814838072933,4.172110834628049,-0.0008739137323683366,-0.02094217412875743,-1.8189323996073963,-0.20456437024129695,0.5838298477605411,-1.8518676310661482,0.10322215062902984,0.663621504610045,0.6261943414481776,0.1323770960195736
1993-04-30,65.0301,0.2743160602107775,3.3914177146763924,4.174850239631685,0.0027394050036360085,0.06565992880389615,-1.8057758964274067,0.15923461205963158,0.4635891755661959,-1.8354255266672277,0.10728696836342544,0.6819424339140614,0.6114391713952974,0.1373993796307662
1993-05-31,64.784,-0.37844013772083684,2.6622718052738525,4.171058659289805,-0.0037915803418799854,-0.09081955337910674,-1.823976095598825,-0.4973654031278105,0.2881603035877737,-1.8581828625614598,0.10166385625305607,0.6488760344888024,0.5899116566950899,0.13044809211166264
1993-06-30,64.9301,0.22551864657938125,2.8411547715022856,4.173311306639339,0.0022526473495334542,0.05400660919778755,-1.813171345095192,0.11014985019446831,0.3311986537683595,-1.844662312352265,0.10500207924909377,0.6794705236125305,0.5951930491234652,0.13457797938657912
1993-07-31,65.1052,0.2696746193213917,2.1777342523886745,4.176004423136652,0.002693116497312964,0.06453188605959337,-1.8002219144779008,0.1545658396019833,0.1715829831396865,-1.8284980348728486,0.10900292008828805,0.6817073143719666,0.5756060298541121,0.1395154000416241
1993-08-31,65.0267,-0.12057408624809307,2.628418293185275,4.174797954783822,-0.0012064683528301146,-0.02889049509013919,-1.8060273416821113,-0.23798088276655388,0.2800153172940519,-1.8357393440567396,0.1072092821335382,0.6619386478860105,0.5889121558136579,0.13730352329181983
1993-09-30,65.3717,0.5305512966212289,2.833713227717971,4.180089443099557,0.005291488315735116,0.12674836897608177,-1.780513043778254,0.41697871414824356,0.3294082554200646,-1.8039794534244655,0.11509214957798108,0.6949224357904454,0.594973342832662,0.1470046646023082
1993-10-31,65.8509,0.733038914392603,2.892835100274227,4.18739309552186,0.007303652422303131,0.17472478811093595,-1.7450740537622298,0.6206586996087294,0.343632683313097,-1.7601424101754595,0.12604133821385632,0.7051797668875894,0.5967188740962215,0.16039480363384762
1993-11-30,66.1518,0.45694136298819465,2.972500941748568,4.191952101075109,0.0045590055532489515,0.1088745539109981,-1.7228211487208656,0.342935321386065,0.3627998877434244,-1.7327789333758323,0.1329165695588792,0.6911936079755746,0.5990709514394909,0.16875304888893972
1993-12-31,66.5436,0.5922741331301662,3.407732938414032,4.197857371922138,0.00590527084702952,0.14087162030107514,-1.6938457808404848,0.47906501147885283,0.46751453708775326,-1.6973350761725763,0.14186876510882906,0.698049103866722,0.6119208667793351,0.1795794673832205
1994-01-31,66.7351,0.28778124417676576,3.3086266095749384,4.2007310513890666,0.0028736794669281807,0.0684558624156395,-1.6796834966416765,0.1727790870482794,0.443670048282473,-1.6800870468590747,0.14624432776277363,0.6826245341419332,0.6089948228648663,0.184847922858558
1994-02-28,66.774,0.05829016514546925,2.8734118125557373,4.2013137832193435,0.0005827318302769058,0.01387215280264087,-1.6768066671099084,-0.058063372134495125,0.3389595370873176,-1.67658944881232,0.14713314962824842,0.6709992999307102,0.5961454153323524,0.1859162732912374
1994-03-31,67.4552,1.0201575463503865,4.013742016462052,4.211463673825975,0.010149890606631295,0.2415884918467892,-1.6264288707849581,0.9094680570708988,0.6133173011158187,-1.6156690807870209,0.16269781427507324,0.7197242160967022,0.6298128540591207,0.20452455836826022
1994-04-30,67.8541,0.5913554477638527,4.342604424720231,4.2173598118686275,0.005896138042652765,0.1400021108883598,-1.596928426049165,0.4781409163459605,0.6924399576004616,-1.5802800393276282,0.17181223695214065,0.6980025664039374,0.6395222829084501,0.2153342332508128
1994-05-31,68.1663,0.4601048425961096,5.220887873549018,4.221950307827175,0.004590495958547436,0.10884762418488236,-1.5738398353083407,0.34611742944598684,0.9037505783123052,-1.5527275548672883,0.17894566076708296,0.6913538590472924,0.6654529774536655,0.22375021138813
1994-06-30,68.6265,0.6751136558680537,5.692891278467149,4.228678757514311,0.006728449687136262,0.15936828234719425,-1.5398059805391962,0.562392342663406,1.0173122452255994,-1.5123429194986815,0.1894607204712353,0.7022454711409486,0.6793885424851541,0.2360858034409974
1994-07-31,68.7178,0.13303898639738243,5.548865528406344,4.23000826319381,0.0013295056794984106,0.03144021468020064,-1.5330539359055084,0.017125614695150324,0.9826603675380232,-1.504363131496449,0.19154682423261993,0.6747858199023551,0.675136284587715,0.23852325046919098
1994-08-31,69.1785,0.6704230927067067,6.384761951629092,4.2366901207067365,0.006681857512926825,0.1579632260075403,-1.4989831038930237,0.5576741586726035,1.1837728811320736,-1.4642581456836792,0.20207330838234405,0.702007863232339,0.6998155323304931,0.25077342283689674
1994-09-30,69.3961,0.3145485953005789,6.156180732641192,4.239830669968288,0.0031405492615519393,0.07412742428818397,-1.4828906075919237,0.19970406027735715,1.1287773790173354,-1.4454083448109163,0.20704522709512907,0.6839804767229778,0.6930668343147758,0.25653114360673523
1994-10-31,69.9544,0.8045120691220431,6.231501771426062,4.247843601206147,0.00801293123785829,0.18899177494553498,-1.4416018176796812,0.6925527308405267,1.1468992455736464,-1.3973141594752816,0.21980176302044074,0.7088003527816119,0.6952906344469123,0.2712216377761232
1994-11-30,70.4326,0.6835881660052667,6.4711768991924545,4.254656224162832,0.006812622956685388,0.16037838480567057,-1.4062367821503354,0.5709167557634761,1.2045638868520905,-1.3564243101336813,0.23072810276517264,0.7026747608788606,0.7023668722337949,0.28371154875284343
1994-12-31,71.1523,1.0218279603479097,6.925835091579047,4.264822650085065,0.010166425922232492,0.23894823427792478,-1.3530117380882882,0.9111483074608889,1.3139523820731411,-1.2954046959636816,0.24717244972101482,0.7198088335643306,0.7157903321942191,0.30235014882324585
1995-01-31,71.2734,0.17019829295750188,6.800469318244806,4.266523186283003,0.001700536197938085,0.039873550144098324,-1.344055849751601,0.0545037373832866,1.2837900017907786,-1.2851979563017735,0.24993945043847,0.6766681834509143,0.7120889968461718,0.30546782403585837
1995-02-28,71.193,-0.11280505770735472,6.617845269116707,4.265394498977991,-0.0011286873050115886,-0.02645449832876512,-1.3500017904804997,-0.2301661055587626,1.239851565708862,-1.291972418083841,0.2481023995905478,0.6623322003358966,0.7066971516043353,0.3033985470408185
1995-03-31,71.3113,0.16616802213702542,5.7165348260771465,4.267054800136278,0.0016603011582869698,0.038924914417282075,-1.34125297470651,0.05044973392790832,1.0230007649488857,-1.2820071720023127,0.2508054234128019,0.6764640236969907,0.6800866014225708,0.30644245741034837
1995-04-30,71.1882,-0.17262341311966578,4.913630863868201,4.265327074346062,-0.0017277257902161836,-0.04048988989222568,-1.3503567720165537,-0.2903367070737957,0.8298260730511624,-1.2923771055381486,0.2479927249130598,0.6593020067670065,0.6563814326402749,0.30327493420391427
1995-05-31,71.5378,0.49109262490132366,4.945992374531105,4.270225981331181,0.004898906985118856,0.11485419288437271,-1.3245022834739775,0.37728768626882636,0.8376120912375125,-1.262973516078754,0.2559806972567622,0.6929235942566309,0.6573368832401246,0.3122563371842926
1995-06-30,71.7749,0.3314331723927699,4.587732144288292,4.273534832763384,0.0033088514322034968,0.07748656503587803,-1.30696767468266,0.21668806381542488,0.75141646529246,-1.2431135535625888,0.2613981693468417,0.6848357917273026,0.6467595045925897,0.3183226144590181
1995-07-31,71.4748,-0.4181127385757377,4.012060921624383,4.269344940023278,-0.00418989274010606,-0.0980427890275748,-1.3291614161346819,-0.5372716198843801,0.6129128380759004,-1.2682615889066373,0.25454121711473343,0.646866356035708,0.6297632209289561,0.3106410815665255
1995-08-31,72.4223,1.3256420444688333,4.689029105863818,4.282514263015729,0.013169322992450994,0.3084623795326147,-1.259089540007421,1.2167514298518556,0.7757880094167313,-1.189218372143297,0.27619054147302236,0.73519901735484,0.6497502253815061,0.33478503799052906
1995-09-30,72.7144,0.4033288089442033,4.7816808149161005,4.286539439203208,0.004025176187479218,0.09399095812105962,-1.2374874344488223,0.28900706469380116,0.7980795488690109,-1.1650589773072877,0.28286470257598384,0.6884777791073934,0.6524857012346953,0.34216458806498196
1995-10-31,72.5866,-0.1757561088312487,3.7627368685886786,4.2847803317923026,-0.0017591074109057914,-0.041037938314936184,-1.2469388178462508,-0.29348784996346994,0.5529267134647354,-1.1756172655708477,0.27994461428786876,0.6591433151023309,0.6224021054819265,0.33893953141640587
1995-11-30,72.7779,0.26354726629984615,3.3298500978240275,4.287412337686935,0.0026320058946325275,0.06142685717407392,-1.2327913245447786,0.1484024050765755,0.4487763137843062,-1.1598197782914268,0.2843156071635844,0.6813969235965562,0.6096214312698237,0.3437649150495785
1995-12-31,73.0305,0.347083386577518,2.6396897921781903,4.290877162110019,0.003464824423083712,0.08081388376450782,-1.2141104212099543,0.23243043578210038,0.28272718377829686,-1.1390236547490313,0.2900872370663852,0.6856285781228413,0.5892449388096732,0.35011714514794434
1996-01-31,72.6125,-0.5723636015089628,1.8788215519394358,4.285137083318651,-0.005740078791367509,-0.13377401809715472,-1.2450233966412951,-0.6924308037658364,0.09966607709436368,-1.1734760174410843,0.2805364005684803,0.6390525341806219,0.5667808448396718,0.33959358123440353
1996-02-29,73.6752,1.4635221208469718,3.4865787366735512,4.299666243245117,0.014529159926465418,0.33905939632654647,-1.166431963648746,1.3554434262370296,0.4864844432074207,-1.086270962320547,0.3048179171864789,0.7421835510793017,0.6142487329295714,0.36623059244166534
1996-03-31,73.585,-0.12242925706344998,3.188414739319012,4.298441200616076,-0.0012250426290405514,-0.028491574920852525,-1.1731026583470885,-0.23984697793255683,0.4147476713953921,-1.0936237556362773,0.30275694720535196,0.6618446712690484,0.605445652841826,0.3639846625734364
1996-04-30,74.3172,0.995039749949056,4.395391371041835,4.308342418876597,0.009901218260520928,0.23034439226716774,-1.118953183201568,0.8842023521249359,0.7051402338126294,-1.0341959367851394,0.3194869053004856,0.7184518343236597,0.6410807799777796,0.3821370446179495
1996-05-31,74.8726,0.7473370902025378,4.661591494286932,4.315788002499521,0.0074455836229239125,0.1728178240963718,-1.0778788613006909,0.6350410715934064,0.7691866568113808,-0.9895070123374887,0.33217717944148184,0.7059040636370986,0.6489401494022772,0.3957873929802913
1996-06-30,75.4433,0.7622281048073498,5.110978907668273,4.323381380740705,0.007593378241184112,0.17594418995525718,-1.0356730357536441,0.6500197733608621,0.8773070288716001,-0.9439310140399298,0.3452170416169702,0.706658391575049,0.6622079933590266,0.4097087003604223
1996-07-31,75.4549,0.015375785523707997,5.568536043472649,4.323535126776415,0.00015374603570972312,0.003556152515127309,-1.034815163708181,-0.10123045718201253,0.9873929954315872,-0.943008219357616,0.3454820887542327,0.6688254040379453,0.6757170425632998,0.4099905703995024
1996-08-31,75.8411,0.5118289203219328,4.720645436557502,4.32864036206099,0.0051052352845752935,0.11808011580518585,-1.006253940953196,0.3981460893468002,0.7833947410162195,-0.9123662327150334,0.35430633051378013,0.6939740241554978,0.6506836750724363,0.41935024502482143
1996-09-30,76.3158,0.6259139173877992,4.952801645891314,4.334879994179205,0.006239632118214544,0.14414762133863057,-0.9711477461272219,0.5129028868210616,0.8392503679916057,-0.8749155152919548,0.36515269913951065,0.6997531804367602,0.6575379221370234,0.43078966420000153
1996-10-31,76.3384,0.029613789018778647,5.168722601692299,4.335176088229223,0.00029609405001806977,0.006830501661303501,-0.9694763747283027,-0.08690861184262648,0.8911998738781675,-0.8731383376654869,0.3656690840793495,0.6695466526635089,0.6639128348810274,0.4313325077345658
1996-11-30,77.0397,0.9186726470557405,5.855898562613082,4.3443208734012915,0.009144785172068737,0.21094379988157996,-0.9176120932211279,0.8073855542477827,1.056530985416323,-0.8182506842132662,0.3816930114381547,0.7145833377314837,0.6842012166844346,0.44809808443337307
1996-12-31,77.5333,0.6407086216587032,6.165643121709419,4.350707521493748,0.006386648092456149,0.14701142660891175,-0.8811081585969422,0.5277847111220038,1.1310539826697104,-0.779917566417267,0.392971224106494,0.7005026296221535,0.6933462046261751,0.45980703510062515
1997-01-31,77.6562,0.15851253590393188,6.946049233947327,4.352291391867616,0.0015838703738682014,0.03640489198695196,-0.8720191521842346,0.04274916763249174,1.3188158039863,-0.7704110633602409,0.39577935282800714,0.6760762229125934,0.7163871403794859,0.46271082121854956
1997-02-28,78.5833,1.1938518753170868,6.661807501031536,4.364159208667212,0.011867816799596476,0.27267973881004437,-0.8034559475852024,1.0841852016937923,1.2504286596142393,-0.699179579681403,0.4169625598069724,0.7285229775297066,0.7079951052533874,0.4844686634266697
1997-03-31,79.082,0.6346132066227916,7.470272474009643,4.3704852888273225,0.006326080160110159,0.1449553019868377,-0.7665748450789598,0.5216534026521106,1.444941302988771,-0.6612099949393105,0.42835730182014253,0.7001938567160074,0.7318644589258917,0.4960665719758044
1997-04-30,79.1747,0.11722010065502442,6.536171976339267,4.371656803342691,0.0011715145153683437,0.02680513576749366,-0.7597192641639228,0.0012135779322778879,1.2202013784994874,-0.6541784811832321,0.4304753940291277,0.6739844891818245,0.7042858056882328,0.49821436616578296
1997-05-31,79.6133,0.5539648397783647,6.331688761977006,4.377181164320258,0.005524360977567255,0.12636767308318309,-0.7272828263070192,0.4405301301919068,1.1710037362011345,-0.6210208722097794,0.44049691768458454,0.696108485915205,0.6982485841302922,0.5083424441838638
1997-06-30,79.9792,0.4595965749441433,6.012329789391524,4.381766600868022,0.004585436547763777,0.10475775106457696,-0.700222879631594,0.34560616881137646,1.0941675589773392,-0.5934987546941561,0.4488573269539231,0.6913281119440889,0.6888197374641832,0.5167491466588281
1997-07-31,80.6624,0.8542220977454162,6.901473595485519,4.3902725435277326,0.008505942659710719,0.19412130847009657,-0.6496971743332886,0.7425554817182664,1.3080911275227367,-0.5424454796083024,0.4644676893830344,0.7113184930414976,0.7150710763381419,0.5323435024992058
1997-08-31,81.4694,1.0004661403578252,7.421174007233544,4.400227489621318,0.00995494609358527,0.22675007063652775,-0.5900159035842664,0.8896606963522307,1.4331284565730806,-0.48269518246746335,0.4829067445356876,0.7187267167273234,0.7304148615933822,0.5505943863771847
1997-09-30,82.2156,0.9159267160430806,7.7307713474798145,4.409345065077892,0.009117575456573768,0.20720691096265398,-0.5348310656252563,0.8046234535579244,1.5076160337048323,-0.4279708436701548,0.49995658710682767,0.7144442382454175,0.7395555030032173,0.5673100781893048
1997-10-31,82.9446,0.8866930363580661,8.653836077256006,4.418172915059888,0.008827849981996039,0.20020773724227503,-0.48091824483710544,0.7752176285562041,1.7297008074374194,-0.37498545785486637,0.5166134287503026,0.7129633598834842,0.7668083330379938,0.5834946022840626
1997-11-30,83.5978,0.7875135934105604,8.512624010737335,4.426017203954916,0.007844288895028306,0.17754599120125558,-0.4326111741391344,0.6754541579802622,1.6957258879876058,-0.3279034759003339,0.5315383244451148,0.7079392680622673,0.7626391471471776,0.5978759162944662
1997-12-31,83.9538,0.4258485271143364,8.280957988374027,4.430266647537833,0.00424944358291679,0.09601055276331483,-0.40628337688182103,0.3116593923766023,1.6399881975543917,-0.3023980121463794,0.5396725296921341,0.6896185511112708,0.7557993725044712,0.6056666266256663
1998-01-31,84.3218,0.4383363230729298,8.58347433946034,4.434640431813779,0.004373784275946591,0.09872507963775146,-0.3790681257843735,0.3242207239151641,1.712772123983583,-0.2761462466761338,0.548080921632873,0.6902511402010664,0.764730952742506,0.6136852967598099
1998-02-28,84.4583,0.1618798460184756,7.476143150007708,4.4362579214320474,0.0016174896182681309,0.03647397445494249,-0.3689733383528474,0.04613630647446083,1.4463537583763837,-0.26643795851412966,0.5511997952739351,0.6762467993415711,0.7320377864618742,0.6166507186635872
1998-03-31,84.488,0.035165282749005655,6.835942439493192,4.436609512444173,0.0003515910121256738,0.007925396096264414,-0.36677689009851494,-0.0813244276110094,1.2923246579767502,-0.26432768415914404,0.5518784073408918,0.6698278723741331,0.7131363155368335,0.6172953074614096
1998-04-30,84.7779,0.3431256509800251,7.077008185695677,4.440034895624787,0.0034253831806134727,0.07720722707296179,-0.3453374844106067,0.22844939468029843,1.3503238751205324,-0.2437682897697791,0.5585023008833383,0.6854280927555618,0.720253610344594,0.6235752280234355
1998-05-31,85.3367,0.6591340431881365,7.188999827918208,4.446604608158198,0.0065697125334116535,0.14796533558520952,-0.30401171725502607,0.5463186325070418,1.377268506109696,-0.20433640613012932,0.5712702612542211,0.7014359985427422,0.7235600839778636,0.6356197995793043
1998-06-30,84.8248,-0.5998591461821245,6.058575229559682,4.440587952872053,-0.006016655286145145,-0.13530897879038273,-0.3418690189854161,-0.720088258581572,1.105293981409707,-0.24044880068873206,0.5595739138779594,0.6376597038015942,0.6901851012140168,0.6245891746086638
1998-07-31,84.4986,-0.3845573464364205,4.755871384932742,4.436734966178539,-0.003852986693513749,-0.08676748967491044,-0.36599297253973,-0.5035186336115413,0.7918699286407404,-0.2635747018892912,0.5521206055870107,0.6485661575892829,0.6517236961597083,0.6175253078568357
1998-08-31,86.248,2.070330159316258,5.865515150473688,4.457226867236817,0.020491901058277584,0.4618689467477344,-0.23661699354550267,1.9658247118338563,1.058844688529668,-0.1405808488134085,0.5920924557531224,0.7729223736872877,0.6844851396055749,0.6550941006094835
1998-09-30,86.2021,-0.05321862535943023,4.848836473856544,4.456694539321856,-0.0005323279149607174,-0.011943029395111715,-0.24001150448401612,-0.17022879280924572,0.814236865728325,-0.14377591896208178,0.5910436916496442,0.6653506454745042,0.6544684243308546,0.6541181581111886
1998-10-31,86.7914,0.6836260369526892,4.637794383238925,4.4635075384167076,0.006812999094851335,0.1528711253315551,-0.1964301254847609,0.5709548497175918,0.7634611904902189,-0.10288381201235691,0.6045085432003985,0.7026766792917045,0.6482375566135057,0.6666087586801908
1998-11-30,86.7256,-0.07581396313459665,3.741486019967022,4.462749111252175,-0.0007584271645324492,-0.016991730337734268,-0.20129633070816297,-0.19295718539035142,0.5478138651936176,-0.10743594599826554,0.6030050861631686,0.664206042839723,0.6217746892814168,0.6652182974984164
1998-12-31,87.1185,0.4530380879463447,3.7695732652959,4.467269260845626,0.004520149593450817,0.10128621351475076,-0.1722396128924368,0.3390090615360927,0.5545715164421362,-0.0803056854432875,0.6119824154933762,0.6909958813940279,0.6226039452354153,0.6735053062441825
1999-01-31,87.4949,0.43205518919633423,3.763083805136991,4.471580505950604,0.0043112451049784895,0.09650739306819034,-0.14440314410689467,0.3179026029814444,0.5530101846692416,-0.05442928454188608,0.6205827381197191,0.6899329594127949,0.622412348536914,0.6814093202931559
1999-02-28,88.027,0.608149732155816,4.225398806274816,4.477643585600952,0.006063079650347802,0.1355914232625155,-0.10505196174561195,0.4950340954866059,0.6642408699168177,-0.018038247635087126,0.632740633097076,0.6988533074884736,0.6360618703332798,0.692525057294759
1999-03-31,88.2267,0.22686221273018337,4.425125461604007,4.479909638290398,0.0022660526894453525,0.050608152393638584,-0.09028325075604629,0.11150132806295485,0.7122941078169425,-0.004437237618729121,0.6373035566583953,0.6795385840846293,0.641958657866718,0.6966795212273258
1999-04-30,88.4295,0.22986238859665775,4.307254602909483,4.482205624381904,0.0022959860915063857,0.05125072327090141,-0.07528528085777801,0.1145191707517476,0.6839349666447019,0.009343434813755418,0.6419373117822593,0.679690562746588,0.6384786045460437,0.7008888635128194
1999-05-31,88.9886,0.6322550732504428,4.27940147673862,4.488508271640289,0.006302647258385363,0.14061486211387475,-0.03393732735619332,0.5192813831860305,0.6772336432988288,0.04717237360681251,0.6547121268204854,0.7000744017338331,0.6376562607937742,0.7124438113905178
1999-06-30,88.9188,-0.07843701328035246,4.826418688874012,4.487723593728281,-0.0007846779120086467,-0.0174819308447427,-0.03909935052630714,-0.195595681617577,0.8088432583844084,0.042462680760501546,0.6531172742186822,0.6640731680786607,0.6538065551637451,0.711005223444479
1999-07-31,89.4333,0.5786177951119464,5.839978413843561,4.493493096046292,0.005769502318011099,0.12856189106820182,-0.0010497671305546533,0.46532825680906825,1.0527006769631708,0.0770916455600255,0.6648730287119167,0.6973573204274721,0.6837311856080124,0.7215827309316989
1999-08-31,89.7924,0.4015282897980921,4.109544569149426,4.497500339209917,0.004007243163624885,0.08917879872010204,0.025507289035460293,0.28719594301862134,0.636366917843931,0.10114340510661594,0.6730780655214803,0.6883865709573264,0.632641356331025,0.7289294035266671
1999-09-30,89.4299,-0.403708999870811,3.7444563415508503,4.493455078164464,-0.004045261045452442,-0.08994465237023297,-0.001301212385259275,-0.5227830633875153,0.5485285097635791,0.07686345951918641,0.6647953424820294,0.6475960002409156,0.6218623859148829,0.7215130309112254
1999-10-31,90.523,1.2222981351874385,4.29950432876991,4.5056039620632635,0.012148883898799312,0.27036842891421387,0.07953843700229546,1.112798970084017,0.6820702893115425,0.1497819279929199,0.6897714653907847,0.7299639678933497,0.6382497832109463,0.7437861670186052
1999-11-30,90.9618,0.4847386851960289,4.884601547870515,4.510439638164688,0.004835676101424546,0.10732581341237335,0.11198966575653506,0.3708963307823271,0.8228417642946996,0.1788060011743058,0.6997975588244703,0.6926017253737539,0.6555243627194011,0.7526516457634358
1999-12-31,91.6634,0.7713127928427044,5.216917187508963,4.518123171999835,0.007683533835146861,0.1703499980386214,0.1638761336097129,0.6591579574499421,0.9027952510396635,0.22492311978306898,0.7158283408506183,0.7071185908411498,0.6653357457706855,0.7667382397519411
2000-01-31,91.538,-0.13680487522828022,4.620955049951481,4.516754186614521,-0.0013689853853140477,-0.03029986862239653,0.1546022409803109,-0.2543072482988373,0.7594097308229685,0.2167063717680608,0.7129630899012469,0.6611164515543532,0.6477403872675456,0.7642284126706969
2000-02-29,91.8239,0.3123293058620469,4.313335681097841,4.5198726123255115,0.0031184257109906355,0.0690412978468613,0.17574582872150737,0.1974717023408675,0.6853980437507237,0.23542338551094658,0.71949558787912,0.6838680551002535,0.6386581440571413,0.7699455732658773
2000-03-31,92.1504,0.35557191537280985,4.447293166354416,4.523422024855191,0.00354941252967933,0.07852903907070719,0.19989196862182537,0.24096895009045713,0.7176275471033282,0.2567272129079041,0.7269557508374118,0.6860585779980892,0.6426131435927305,0.7764528828289059
2000-04-30,92.6989,0.5952225926311616,4.828026846244748,4.529356606266238,0.005934581411047191,0.13119672182781983,0.2404560045646241,0.4820308332654059,0.809230173033279,0.2923469942088858,0.7394883676295188,0.6981984627542486,0.6538540348670423,0.7873330377970209
2000-05-31,92.9499,0.2707691245527277,4.451469064576807,4.532060638319645,0.0027040320534066353,0.05970013598985968,0.2590185807207642,0.15566678993197658,0.7186322474043298,0.3085767876352419,0.7452234393064907,0.6817627582685809,0.6427364340195296,0.792290470468691
2000-06-30,92.9862,0.03905329645323974,4.574285752844154,4.532451095046027,0.00039045672638238216,0.00861543473362758,0.2617031285871699,-0.07741351896649809,0.7481813305234006,0.31092033678183345,0.7460528540549929,0.670024825868443,0.6463625094428596,0.793006313659161
2000-07-31,92.8048,-0.19508271119800247,3.7698485910728996,4.530498362592438,-0.0019527324535886237,-0.043083365107299265,0.24828778470380855,-0.3129282588753155,0.554637758451949,0.29919989718913054,0.7419080652015959,0.6581642954386078,0.6226120740332804,0.7894262748603396
2000-08-31,92.5521,-0.272291950416359,3.0734226950164922,4.527771729199683,-0.00272663339275514,-0.06018396155417216,0.22959948592031612,-0.39059215207774334,0.387081158618802,0.2828344489104871,0.7361341504096808,0.6542531390966162,0.6020505944698222,0.7844274060607326
2000-09-30,92.9792,0.4614698099772996,3.968806853188922,4.532375812224564,0.004604083024880801,0.10168540510089308,0.26118544718042563,0.34749043456805173,0.6025061247744049,0.31046848391294535,0.7458929118169897,0.6914230036326244,0.6284861753032717,0.792868294023533
2000-10-31,92.6179,-0.388581532213661,2.3142184859096693,4.528482427506857,-0.003893384717707171,-0.08590163038126875,0.23446569114371926,-0.5075665161913249,0.2044204095322267,0.287100110887148,0.7376376074469106,0.6483623060828655,0.5796356298362025,0.7857303636211821
2000-11-30,92.6438,0.027964356782006483,1.8491278756576968,4.528762031981702,0.00027960447484520756,0.006174352651711068,0.23638111234867498,-0.08856775691876212,0.09252192656451122,0.28877831690623174,0.7382293937275224,0.6694630980602146,0.5659041601536368,0.786242976020505
2000-12-31,92.3415,-0.3263035410896342,0.7397718173229428,4.525493661261395,-0.0032683707203071677,-0.072169186572979,0.21402467102596145,-0.44492179516461877,-0.1743836124044449,0.2691613225128006,0.7313221739348987,0.6515170963957497,0.5331512110585316,0.7802509139916651
2001-01-31,91.902,-0.4759506830623206,0.3976490637767949,4.5207227919104715,-0.004770869350923412,-0.1054220756458557,0.18152167413104775,-0.5954501486346798,-0.2566966418801656,0.24052622407449947,0.7212800862774131,0.6439364833199996,0.5230502799399918,0.7715042485951731
2001-02-28,91.3034,-0.6513459989989423,-0.5668458865284554,4.514188026776101,-0.006534765134370346,-0.14455133471276138,0.13725251840568778,-0.7718782966518315,-0.48874932019742673,0.20130409721880282,0.7076027400390259,0.6350515556970108,0.4945742520925814,0.7595237477952619
2001-03-31,91.1162,-0.20503069984249,-1.122295725249156,4.512135615020859,-0.0020524117552422894,-0.04546580122645194,0.12340823849959545,-0.32293482720167144,-0.622387783213989,0.18898537534143384,0.703325427616998,0.6576603643123482,0.478174990416567,0.7557609621143975
2001-04-30,90.7891,-0.3589921440973143,-2.0602186217959284,4.50853923434852,-0.003596380672338917,-0.07970462280358914,0.09921772590727136,-0.47780288813517924,-0.8480473578233524,0.1673996417991611,0.6958515553240201,0.649861203418968,0.4504834835690331,0.749167543585072
2001-05-31,90.3555,-0.47759037153137784,-2.791181055600911,4.503751889562889,-0.004787344785630587,-0.10618394421763044,0.06715106048375673,-0.5970994925659932,-1.0239132765200412,0.13866565662556032,0.6859442761242798,0.643853422302697,0.4289023372770241,0.7403906729777372
2001-06-30,89.8784,-0.5280254107386972,-3.3422163718917375,4.498457645645551,-0.005294243917338015,-0.11755185558971482,0.03186737488975508,-0.6478315233217923,-1.156489627440506,0.10688922667574238,0.6750430701598054,0.6412985554829835,0.4126334112379214,0.7306844796896286
2001-07-31,89.3028,-0.6404208352618568,-3.773511714911293,4.4920328423740985,-0.006424803271452895,-0.14282235774014662,-0.010700827642013614,-0.7608887990439556,-1.2602571375366187,0.06832709877149278,0.6618912484177144,0.6356049871758103,0.39989972279881003,0.7189055772883677
2001-08-31,89.2003,-0.11477803607502501,-3.6215277665228585,4.490884402809008,-0.0011484395650906976,-0.02556614355659903,-0.01828116252649346,-0.23215070199810967,-1.223690556992463,0.06143408251430963,0.6595492370755249,0.6622322559907191,0.404386940845207,0.7168000875201361
2001-09-30,88.7485,-0.5065005386753141,-4.55015745457048,4.485806526804244,-0.005077876004763837,-0.11307073505583132,-0.05169379960754441,-0.6261798999921188,-1.4471142319512307,0.0309563082223441,0.6492261080569761,0.6423889319811014,0.3769698093730235,0.7074905719849944
2001-10-31,88.5052,-0.27414547851513094,-4.440502321905382,4.483061307349902,-0.0027452194543418074,-0.06119790137933956,-0.06968692621626511,-0.3924565948538677,-1.4207317535171888,0.014479305075191901,0.6436669728418078,0.6541592456940654,0.3802072992223945,0.7024576284602624
2001-11-30,87.97,-0.6047102317151998,-5.044913960783126,4.476995847264583,-0.006065460085318719,-0.13529728168951705,-0.10926736748624942,-0.7249679101954299,-1.5661501816419983,-0.021926019372242596,0.6314382463019068,0.637413964377915,0.362362475198656,0.6913375272921609
2001-12-31,87.9324,-0.04274184381038992,-4.774776238202749,4.4765683374571825,-0.0004275098074009165,-0.00954903292265108,-0.11204805618533632,-0.15969031773078152,-1.5011563918668809,-0.02449196375634001,0.6305791279949184,0.6658813634431568,0.37033809944469304,0.6905537528971788
2002-01-31,88.5176,0.6655112336294788,-3.682618441383212,4.483201402298353,0.006633064841170544,0.14817298298943626,-0.06876989058145984,0.55273337564377,-1.2383886689079968,0.015320164957222422,0.643950299091985,0.7017590452284919,0.40258328209303834,0.7027144713012028
2002-02-28,88.5278,0.011523132122870372,-3.0399744149724905,4.483316626980963,0.00011522468260949381,0.002570142901681116,-0.06801555481734597,-0.10510579730060142,-1.0837717188804206,0.016011751728175653,0.6441833577816467,0.6686302417758284,0.4215568901832123,0.7029257182815893
2002-03-31,89.1686,0.7238404207491778,-2.1374903694403535,4.490528959675886,0.0072123326949231625,0.16087047369170993,-0.020625519754181285,0.6114060397563792,-0.8666385552095797,0.05930068745409929,0.6588249272262818,0.7047138026180995,0.44820209014437673,0.7161484364426869
2002-04-30,89.604,0.48828847823112476,-1.3053329089064758,4.4953999618415645,0.004871002165678817,0.10847279261350096,0.011574263745353685,0.374467027112966,-0.6664256174047092,0.08853679019507962,0.6687733344300801,0.6927815457641958,0.47277094767141026,0.7250786801687159
2002-05-31,89.964,0.4017677782241824,-0.43328851038398897,4.499409590308925,0.0040096284673607485,0.08919403170788431,0.0381978789493788,0.2874368416951968,-0.456616081103183,0.1126028665049804,0.6769989352416725,0.6883987026229925,0.49851743869103193,0.7324297258563259
2002-06-30,90.7061,0.8248855097594765,0.920910919642548,4.507624609545373,0.008215019236447851,0.1825799379132187,0.09307950351301013,0.7130461424302558,-0.13080244712416467,0.16190999843528384,0.6939550973591253,0.7098324016965343,0.5384992143013433,0.7474907177221066
2002-07-31,90.6769,-0.032191881251653065,1.5386975548359105,4.507302638905873,-0.00032197063949990223,-0.007142800640902447,0.09092003250201675,-0.14907823070925116,0.017833938457592066,0.15997750767140703,0.6932879097377407,0.6664157885118029,0.55673892558439,0.7469004333852158
2002-08-31,90.5762,-0.11105364210730606,1.5424836015125454,4.50619148538231,-0.0011111535235635017,-0.024652294566873678,0.08347281569355725,-0.2284043765805692,0.018744842419576756,0.15330828489733386,0.6909870263996087,0.6624209210680387,0.5568507059214061,0.7448633019192581
2002-09-30,90.6531,0.08490089007928692,2.146064440525741,4.507040134078909,0.0008486486965990636,0.018832947941782585,0.08915991571908335,-0.031295947403701486,0.1639633842374097,0.15840193495965355,0.6927441061285295,0.6723473083639437,0.574671001169674,0.746419170596921
2002-10-31,90.4643,-0.2082664575177251,2.2135422551443185,4.504955297741974,-0.002084836336934792,-0.046257327978305174,0.07519730863430567,-0.32618963894522046,0.18019821014736473,0.14588859842816376,0.688430235480672,0.6574964518806138,0.5766632356832428,0.7425969393630911
2002-11-30,90.9711,0.5602209932537017,3.4115039217915255,4.510541873659292,0.0055865759173183704,0.12400957497000764,0.11267744248263979,0.44682312362488763,0.4684218168950351,0.17941962591154917,0.7000100535121032,0.6964254012816722,0.612032202383151,0.7528390790375781
2002-12-31,90.4652,-0.5561106769072954,2.880394484854265,4.504965246368373,-0.005576627290919234,-0.1236354178083543,0.07526386767231584,-0.6760821722643502,0.3406395332429971,0.14594831079404735,0.6884507994827012,0.6398758518272568,0.5963515737687023,0.7426151786607669
2003-01-31,91.2361,0.8521508823282398,3.071140654513904,4.513450652092272,0.00848540572389922,0.18835674105899258,0.13227538145226841,0.7404720697511584,0.38653211104681995,0.19687832172502134,0.7060650096650807,0.7112135723429319,0.6019832188460514,0.7581718831440014
2003-02-28,91.3445,0.11881261912773944,3.1817124112425654,4.514638073020199,0.0011874209279270076,0.026308494751714484,0.14029204780814733,0.0028154741022174516,0.41313512466240176,0.20400530690484137,0.7085418294650159,0.6740651607282269,0.6052477713693654,0.7603488393290121
2003-03-31,91.1044,-0.26285107477734826,2.1709435832793167,4.512006101672571,-0.002631971347628159,-0.05829861231527733,0.12253557555679626,-0.3810956829402621,0.16994918199444045,0.1882080269790071,0.7030558107015066,0.6547313816101196,0.5754055401754472,0.7555235190325327
2003-04-30,90.5617,-0.5956902191332047,1.0688138922369639,4.506031386363485,-0.005974715309085887,-0.13241815667915935,0.08240047563672859,-0.7158947824072978,-0.09521772901780608,0.15234735915682387,0.690655717478031,0.6378708874064548,0.5428659444381682,0.7445697846491406
2003-05-31,90.537,-0.027274222988304953,0.636921435240767,4.505758606932676,-0.00027277943080949996,-0.006053651371251689,0.08057379981578607,-0.14413161434523575,-0.19912890176087858,0.15071011753928473,0.6900913498667911,0.6666649002826112,0.5301146266333234,0.7440696849329598
2003-06-30,90.6527,0.1277930569822061,-0.05887145406980876,4.507035721644227,0.0012771147115513415,0.028344055307050198,0.08913033392441227,0.011848794123256066,-0.3665332033256763,0.1583754512116891,0.6927349665720721,0.6745200790362421,0.5095718361440965,0.7464110810671283
2003-07-31,91.1185,0.5138291523584027,0.48700385655000566,4.512160857194826,0.005125135550598792,0.11371410983023189,0.12357833381895383,0.40015809994078017,-0.23519832405388252,0.1891368806716318,0.7033779800666273,0.6940753490784486,0.5256884166834804,0.7558072398120927
2003-08-31,90.9197,-0.21817742829391973,0.37923869625795525,4.509976699374851,-0.002184157819974608,-0.04840602738025446,0.10887618186739835,-0.33615897142002826,-0.26112608455397096,0.17602740950834106,0.6988356205073372,0.6569943959531234,0.5225067269250365,0.7518029177023813
2003-09-30,91.5059,0.6447447582867083,0.9407289987876988,4.51640345107699,0.006426751702139022,0.14250077396253946,0.15222830195795198,0.5318446149262788,-0.12603431604864143,0.21460123203266795,0.7122296404955468,0.7007070865178512,0.5390843290014679,0.763585392255802
2003-10-31,91.6186,0.1231614573486528,1.2759729528664998,4.517634307835408,0.0012308567584176089,0.027253029357332537,0.1605629726065457,0.007189920872615782,-0.04537629144308619,0.22198892216799196,0.714804710527398,0.674285458018554,0.548982168455166,0.765841981448462
2003-11-30,92.2329,0.6704970388109022,1.387033904173962,4.524316899884605,0.006682592049196856,0.14792237693090904,0.2059932137727475,0.5577485402155006,-0.018655580049830024,0.2620983167198933,0.7288407843567353,0.7020116090894063,0.5522611641007007,0.7780935004770182
2003-12-31,92.2602,0.029598982575618216,1.9841883950955763,4.524612845914015,0.0002959460294098548,0.006541231216972143,0.20801217125905253,-0.08692350547494253,0.12501681444397744,0.2638746059161035,0.7294645590849476,0.6695459026196714,0.5698917259893952,0.7786360726382462
2004-01-31,92.4006,0.1521782957331519,1.2763588097255418,4.526133472133049,0.001520626219034149,0.03360787476893723,0.2183953811886223,0.03637762768309891,-0.04528345620578459,0.27300151304079273,0.7326725434014689,0.6757553519408489,0.5489935606046632,0.7814239101900018
2004-02-29,92.958,0.6032428360854825,1.7663898756903773,4.5321477782422095,0.00601430610916065,0.13287955704774923,0.25961761206285466,0.4900983046898071,0.07261557611140255,0.309099807671426,0.7454085153247514,0.698604740893604,0.563461379514544,0.79245022830092
2004-03-31,92.5861,-0.4000731513156497,1.626375894029275,4.528139022393441,-0.004008755848768253,-0.08845156965122669,0.2321139384673634,-0.5191258047906567,0.0389289099074584,0.2850389688806139,0.7369110127085532,0.6477801799100719,0.5593275662275522,0.7851007824271576
2004-04-30,92.93,0.3714380452357391,2.615123170170186,4.531846521569248,0.0037074991758068165,0.08187688490728373,0.2575468864358756,0.25692850917541993,0.2768165769551497,0.3072916436134905,0.7447687463727386,0.6868623019444005,0.588519626756774,0.7918979198801619
2004-05-31,93.6013,0.7223716776067812,3.38458309862264,4.539044272275985,0.007197750706737338,0.15882600331851293,0.30719253334271385,0.60992864777962,0.46194480100514557,0.3504930572053095,0.7601072069972445,0.7046394011071625,0.6112373842143366,0.8050939041774505
2004-06-30,92.871,-0.7802242062877385,2.447031362551799,4.531211433469797,-0.007832838806188569,-0.17256581642154378,0.2531835717218817,-0.9015154155812165,0.23637452575654933,0.303479799501419,0.7434206617952832,0.6285230259137223,0.5835568356160348,0.7907335821683947
2004-07-31,93.5649,0.747165423006102,2.6848554355043186,4.5386553131534635,0.007443879683666665,0.16428012227993616,0.30450059002764013,0.634868393518278,0.29359381247182514,0.34815849678400296,0.7592755073596276,0.7058953675632758,0.5905784223252624,0.8043808066165301
2004-08-31,93.6277,0.06711918678907747,2.9784524146032165,4.5393262798728315,0.0006709667193680602,0.01478338126765788,0.3091449317910097,-0.049182359953143545,0.364231782452066,0.35218568693420266,0.7607104177234281,0.6714465480106624,0.5992466644452339,0.8056109223365002
2004-09-30,93.7467,0.12709913839601406,2.448803847620762,4.540596464230986,0.0012701843581544026,0.02798178143277319,0.3179455157056736,0.011150789331150998,0.2368009768306581,0.3598094241307582,0.7634294357694824,0.6744849274908223,0.5836091669778184,0.807939612718787
2004-10-31,94.5465,0.8531500308810669,3.1957484615569243,4.549091776968219,0.008495312737233363,0.1870968451866739,0.37709431415061545,0.7414771018857281,0.41651212841696983,0.41079889766302896,0.7817039789059035,0.7112641857959142,0.6056621757781109,0.8235144802084537
2004-11-30,94.7813,0.24834340774118058,2.763005391785356,4.5515721324192135,0.0024803554509942316,0.05452419015927745,0.39445882762257456,0.13310901714374523,0.31239630247931777,0.4256861681533537,0.7870688985463536,0.6806267480524572,0.5928857442356865,0.8280618357527878
2004-12-31,95.5365,0.7967816436364572,3.551152067738861,4.559508373420149,0.007936241000935595,0.17436263273538088,0.4503092559616853,0.6847767840056674,0.5020204648494521,0.47332005321203524,0.8043243811377836,0.7084087558306469,0.6161552146307289,0.8426117300037532
2005-01-31,95.8801,0.3596531168715611,3.7656681883018184,4.563098452536019,0.0035900791158702816,0.07873829417222034,0.47572001758419336,0.2450741841342767,0.5536319743789818,0.49486796436251285,0.8121752601346255,0.6862653177262149,0.622488650612883,0.8491935955849979
2005-02-28,96.5761,0.7259066271311676,3.8921878697906642,4.5703312985987905,0.007232846062771081,0.15850734184250648,0.5271923403119751,0.613484413192118,0.5840719792126429,0.5382800227867164,0.8280780883703713,0.7048184695760517,0.6262240542790003,0.8624539218949518
2005-03-31,96.4456,-0.1351265996452522,4.168552298887196,4.568979118819173,-0.0013521797796176571,-0.02958603416851613,0.5175412798005162,-0.2526190900296448,0.6505638835436861,0.530164143216856,0.8250963080761691,0.6612014672630511,0.634383517609001,0.8599749053429822
2005-04-30,96.6532,0.21525087717841895,4.006456472613795,4.571129314262995,0.0021501954438223336,0.04706074131453075,0.5328942312348374,0.09982161805209146,0.6115644355746869,0.5430697697738948,0.8298397378775209,0.6789503934853949,0.6295977535555454,0.8639169625868135
2005-05-31,96.7402,0.09001253967795275,3.3534790649275337,4.572029034789847,0.0008997205268519437,0.019682675002097305,0.5393282715758103,-0.02615419736785044,0.4544613255103953,0.5484699566074284,0.831827591406989,0.6726062470732,0.61031905972815,0.8655664637196008
2005-06-30,97.1753,0.44976131949281406,4.6347083589064475,4.576516563947311,0.004487529157463754,0.09815180794603418,0.5715058687293413,0.3357129975183607,0.762718708415557,0.5754044269768275,0.8417691439434443,0.6908298914963419,0.6481464439386269,0.8737936678432572
2005-07-31,96.8676,-0.31664425013351316,3.5298493345260917,4.573345097659094,-0.003171466288216962,-0.06929869571982161,0.5487500731785677,-0.4352056245505583,0.49689513340428826,0.5563690599028436,0.8347385401386471,0.6520064030831959,0.615526266574546,0.8679792653939593
2005-08-31,97.1833,0.32590876619220666,3.797594088074363,4.576598886005656,0.003253788346562203,0.07114679249173861,0.5720975046227648,0.21113112662097872,0.5613131867560531,0.5758985298480166,0.841951935072591,0.6845559441784107,0.6234312401108258,0.8739445928521246
2005-09-30,95.3005,-1.9373698979145648,1.6574450087309733,4.55703505723611,-0.0195638287695461,-0.4274752770964563,0.43285599710571293,-2.0654750702023064,0.04640398406641955,0.45847503290451086,0.7989320428279616,0.5699059775367129,0.5602448597552787,0.8380772798877949
2005-10-31,96.4572,1.2137396970635095,2.0209103457029087,4.5690993866433205,0.012064329407210472,0.2647407635816501,0.5183991518459794,1.1041901347792602,0.13385193274995585,0.5308859992833529,0.8253613552134313,0.7295304266502961,0.5709759154792154,0.8601953981585275
2005-11-30,97.5414,1.1240218459586115,2.9120723180627417,4.580276903264815,0.01117751662149491,0.24463281876008214,0.5985806063021015,1.0139439715337413,0.3482610620410359,0.5979742520124501,0.8501341229910111,0.7249856267546982,0.597286839277666,0.8806876796822358
2005-12-31,98.0452,0.5164986354512013,2.6259073757150198,4.585428596829047,0.005151693564231508,0.11247559204465851,0.635838876690401,0.4028433025398949,0.2794112030642968,0.6288950845662025,0.8616453943490121,0.694210575974011,0.5888380227601018,0.8901325285173609
2006-01-31,98.1999,0.15778436884212876,2.4194801632455576,4.587005197029963,0.0015766002009156566,0.03438283178165413,0.6472796357794645,0.04201671268935382,0.2297458445095997,0.638357951526147,0.8651801178088829,0.6760393364563787,0.5827434060398344,0.8930229858757848
2006-02-28,98.2413,0.042158902402134046,1.7242361205308532,4.587426697210301,0.0004215001803382634,0.00918900594686356,0.650341351527927,-0.07428962536016907,0.062473592700497405,0.640887825699585,0.866126061902216,0.6701821452582688,0.5622168198562321,0.8937957425309762
2006-03-31,98.4628,0.22546525748337043,2.091541760329152,4.589678811870047,0.002252114659746063,0.04909320210206847,0.6667222703270708,0.11009614671166319,0.15084549910524825,0.6544051786666469,0.8711870912904598,0.679467819103283,0.5730612577914405,0.8979246531999561
2006-04-30,98.7618,0.30366798425394137,2.1816142662632876,4.592710890313318,0.0030320784432706915,0.06606297668214633,0.6888346618437466,0.18875937771270487,0.17251649514120312,0.6726039299443155,0.8780189097423101,0.6834293021313017,0.5757205845058568,0.9034835091753504
2006-05-31,98.7869,0.025414684625046924,2.1156664964513183,4.592965004869729,0.0002541145564114444,0.005532997013757424,0.6906909194593612,-0.09113244306389166,0.15664979038647697,0.6741291436532255,0.8785924169100074,0.6693339403774341,0.5737735234776515,0.9039493896750717
2006-06-30,99.0997,0.3166411740827879,1.9803386251444621,4.596126414086154,0.0031614092164247154,0.06883155462915624,0.7138238828921917,0.20180896140971424,0.1240905789797289,0.6931041474643344,0.8857395500596354,0.6840864796166471,0.5697780642679945,0.9097453540085123
2006-07-31,99.0489,-0.05126150735067503,2.251836527383766,4.595613667580622,-0.0005127465055316804,-0.011156057500072425,0.7100669949689574,-0.16826015012405302,0.18941162120209523,0.690026606332978,0.8845788263895555,0.6654497863880717,0.5777938468516494,0.908805311054655
2006-08-31,99.4836,0.43887413186818325,2.3669704568583194,4.599992806458956,0.004379138878333855,0.09528953465400836,0.7422150103278172,0.3247616996489071,0.21711227084396753,0.7163105105090188,0.8945112393695533,0.6902783837576877,0.5811930942825059,0.9168337980401873
2006-09-30,99.3183,-0.16615804011917978,4.2159275134967755,4.598329844102016,-0.0016629623569395235,-0.03615141211970041,0.7299903336799688,-0.28383326210649673,0.6619621240762349,0.706329291723194,0.8907343176635638,0.6596295204800049,0.6357822371461769,0.9137850087665296
2006-10-31,99.2044,-0.11468178573332821,2.8481025781383007,4.59718236814589,-0.0011474759561265202,-0.024954189782588898,0.7215669176473629,-0.2320538848770771,0.3328702614193975,0.6994420591158064,0.8881318289623408,0.6622371317042757,0.5953981781759117,0.9116812856291912
2006-11-30,99.1627,-0.04203442589240103,1.6621660136106442,4.596761935517553,-0.0004204326283367976,-0.00914544159157371,0.7184830155528963,-0.15897873411477417,0.04753983431252998,0.6969185924656941,0.8871790302016642,0.665917198818617,0.5603842440686737,0.910910486168687
2006-12-31,100.1735,1.0193348910427114,2.1707334984272686,4.606903682614242,0.010141747096689357,0.2206280690398188,0.7932362106868649,0.9086405574788228,0.1698986366260316,0.7577900825629539,0.9102746893693252,0.7196825431886869,0.5753993375695182,0.9295038413552899
2007-01-31,99.8346,-0.3383130268983403,1.6646656462990128,4.603514816619926,-0.0033888659943164257,-0.07356060008603116,0.7681730351517416,-0.4570019999782633,0.04814123348000279,0.7374498669327187,0.9025312001608563,0.6509087368644255,0.5604580439470658,0.9232908695160784
2007-02-28,100.7753,0.9422584955516511,2.5793632616832207,4.6128932859276,0.009378469307674386,0.20372410389155604,0.8377420207695935,0.8311102902666754,0.26821292118882956,0.793740109249638,0.9240251520593705,0.7157781162561775,0.5874638408767409,0.9404848706365723
2007-03-31,100.9547,0.17801981239451425,2.5308035115800154,4.614671901376903,0.0017786154493029116,0.038557480935641486,0.8510094556795994,0.062371314585011196,0.2565296873198503,0.8044154861523432,0.9281242431304808,0.677064394910317,0.5860301487710802,0.943745692314927
2007-04-30,101.6334,0.672281726358448,2.9076019270608766,4.621372221278656,0.006700319901752572,0.14519601923927983,0.9012023657878541,0.5595437370662337,0.34718550824494826,0.8446312845408817,0.9436317855494474,0.7021020152647647,0.5971548541608775,0.956029712672505
2007-05-31,101.7306,0.09563785133628322,2.9798485426711263,4.622328142753466,0.0009559214748104949,0.02068479726451411,0.9083907418929409,-0.02049576052420543,0.36456768390736116,0.8503687934762681,0.9458526977685773,0.6728912061479286,0.599287884134075,0.9577822497198412
2007-06-30,101.7893,0.0577014192386649,2.7140344521729087,4.622904990537174,0.0005768477837078123,0.012479593959846547,0.9127318702609306,-0.058655584927838504,0.30061413846364854,0.8538310750554507,0.9471939276786896,0.6709694760739991,0.5914399120520378,0.9588398126455218
2007-07-31,101.6672,-0.11995366900057203,2.6434417747193573,4.6217047338271815,-0.0012002567099926864,-0.025963257139172136,0.9037020274375652,-0.23735681213277715,0.2836298920790524,0.8466270485953215,0.9444040780700911,0.6619700761046653,0.5893557134273023,0.9566393240007898
2007-08-31,101.863,0.19258915363067342,2.3917510021752353,4.6236287732120305,0.0019240393848489745,0.04163051288772479,0.9181823159290882,0.0770264487794403,0.22307434654911526,0.8581752703410406,0.9488778909559519,0.6778024279741229,0.5819247222690445,0.9601667584097182
2007-09-30,102.0894,0.22225930907198155,2.7901202497425004,4.625848899996448,0.002220126784417964,0.0480169774286443,0.9349256117129527,0.10687131976665941,0.3189200021722567,0.8715006297967576,0.9540508799107978,0.6793054167070381,0.5936862911437049,0.9642370241606208
2007-10-31,101.8015,-0.2820077304793611,2.6179282370540014,4.623024838781934,-0.002824061214514728,-0.061049577614114,0.913634114998401,-0.40036514444018945,0.27749146206786324,0.8545504127765062,0.9474726841506385,0.6537609708639602,0.5886024443626849,0.959059536225892
2007-11-30,102.3446,0.5334891922024632,3.2087670061424323,4.628345550578648,0.005320711796714228,0.11509156844842217,0.9537987967131397,0.4199339098083844,0.4196443253640909,0.8864857048278915,0.9598819169305715,0.6950712595458791,0.6060465390534524,0.9688142543566727
2007-12-31,102.3803,0.0348821530398391,2.2029778334589523,4.628694311284961,0.00034876070631284506,0.007535321261165073,0.9564389718875392,-0.08160922455652725,0.17765646293947493,0.8885789914853319,0.9606976223443879,0.669813529990128,0.5763513286421442,0.9694536542180359
2008-01-31,102.2448,-0.13234968055378937,2.4141930753466267,4.6273699378839925,-0.0013243734009682484,-0.028612245957559956,0.9464181389426903,-0.24982581878472002,0.22847379751022723,0.8806300077852327,0.9576015975944687,0.6613421364993461,0.582587308527666,0.9670256164441557
2008-02-29,101.8438,-0.3921959845390677,1.0602796518591306,4.623440266985858,-0.003929670898134674,-0.08492234143552269,0.9167623897848737,-0.5112022525646852,-0.09727102472086056,0.8570438425140261,0.9484391922460003,0.6481792102736275,0.5426139770571272,0.9598211608332168
2008-03-31,101.5336,-0.30458407875589844,0.5734255066876637,4.620389778184776,-0.003050488801082274,-0.06597876526845958,0.8938217080174058,-0.4230744357011885,-0.21440570572789347,0.8387345909544505,0.9413514662133451,0.6526173301723188,0.5282399544755241,0.9542285522589218
2008-04-30,100.8785,-0.6452051340639975,-0.7427676334748168,4.61391682239465,-0.006472955790125745,-0.14009544867161772,0.8453741237947474,-0.765701270646831,-0.5310752157764909,0.799883448195501,0.9263831576253605,0.6353626309398026,0.4893802875586829,0.9423613695175703
2008-05-31,100.2674,-0.6057782381776122,-1.4383086308347726,4.607840617210616,-0.006076205184033512,-0.1316929935654909,0.8001805369859142,-0.7260422057159663,-0.6984189133933162,0.7634136308984838,0.9124202002476818,0.6373598628184249,0.4688449340002539,0.9312215688405949
2008-06-30,100.0335,-0.2332762193893445,-1.724935725071297,4.60550512988812,-0.0023354873224965544,-0.05068507173996428,0.7828825825519662,-0.3513466731898191,-0.7673799638112879,0.7493958692575894,0.9070758446092613,0.6562295427678424,0.46038247277666905,0.9269398070389059
2008-07-31,99.676,-0.3573802776070001,-1.9585471027037116,4.601924925823062,-0.003580204065057657,-0.07773748946284798,0.7564438535646355,-0.4761815300149898,-0.8235856970272367,0.7279072288670725,0.8989073660255269,0.6499428550698567,0.4534852629023953,0.9203760458656589
2008-08-31,98.1111,-1.5699867570929893,-3.6832804845724265,4.5861005100174514,-0.01582441580561067,-0.343865144709643,0.6407124773624711,-1.6959285586449722,-1.238547953199916,0.6329279554911279,0.8631511362753563,0.5885163526124392,0.4025637357384553,0.8913643794447665
2008-09-30,93.7895,-4.4048023108496315,-8.130031129578574,4.541052909447889,-0.04504760056956236,-0.98226370030845,0.3211107677354854,-4.547437194714959,-2.3084139972430786,0.3625490409083971,0.764407368310416,0.44491427928938493,0.2712765836827501,0.8087764357986948
2008-10-31,94.7219,0.9941411352017093,-6.954317961916079,4.5509452300561355,0.009892320608246408,0.21784200284618027,0.3900659311139107,0.8832984457987684,-2.0255432684719152,0.4219234554153767,0.7857116744124408,0.7184063135698785,0.3059886792643065,0.8269125053471971
2008-11-30,93.4715,-1.3200748718089517,-8.669827230747885,4.537656576995542,-0.013288653060593347,-0.29199764859463295,0.29759324097193,-1.4445450433402083,-2.438286249017865,0.34216401106402977,0.7571414209268428,0.6011760351188736,0.255339487481307,0.8025497753410615
2008-12-31,90.8357,-2.819896973943936,-11.276192783181926,4.509052380141634,-0.028604196853907915,-0.630373770437409,0.10266400498645892,-2.9531989912625267,-3.0653648116632697,0.17047957948309328,0.6969163136512988,0.525200170235209,0.17838839714314242,0.7501083185721544
2009-01-31,88.57,-2.4942836351786957,-13.374567704176643,4.483793199821491,-0.02525918032014296,-0.560188221174529,-0.06489467547954124,-2.6256682472329023,-3.570223360042903,0.018872175939733463,0.6451475809878946,0.5416946298082019,0.11643536911988323,0.7037994423068241
2009-02-28,88.031,-0.6085582025516345,-13.562730377303279,4.47768902517201,-0.006104174649481209,-0.13613863033924423,-0.10475614379890019,-0.728838540175888,-3.6154943614561836,-0.01776551608565079,0.6328320286616493,0.6372190393185169,0.11087999994132874,0.6926083638568485
2009-03-31,86.6528,-1.5655848507912018,-14.656035046526473,4.461909329546052,-0.015779695625957935,-0.3524071354051195,-0.20668021733831035,-1.6915007312972337,-3.878538016199752,-0.11247637575073016,0.6013416868879353,0.5887393381504834,0.07860095670045919,0.6636786851030081
2009-04-30,85.9344,-0.8290557258392117,-14.81395936696125,4.453584214482981,-0.008325115063071209,-0.1865818968562083,-0.2598091205676763,-0.9506344842024267,-3.916533820653394,-0.1624443106922072,0.5849270434905793,0.6260493879227729,0.07393835339179405,0.6484158492364394
2009-05-31,85.0665,-1.009956431882919,-15.160361194166793,4.443433303552957,-0.010150910930024182,-0.22792677630331104,-0.32399421955537966,-1.132600441342463,-3.999876373926067,-0.2233708027713519,0.5650964908672984,0.616885576041236,0.06371108566501438,0.6298056935512193
2009-06-30,84.7459,-0.37688161614736204,-15.282480369076357,4.439657367509206,-0.003775936043751038,-0.08497789402469591,-0.34770402798429756,-0.49579770405110146,-4.029257638807433,-0.24603424047136202,0.5577711363667524,0.6489549838684096,0.060105603827782406,0.6228830874800941
2009-07-31,85.7027,1.129022170984073,-14.018720654921957,4.450884330358329,0.011226962849123723,0.2528790381727708,-0.27694437513093384,1.0189737414509994,-3.725203349745399,-0.17864920795405284,0.5796329554126736,0.7252389261413176,0.09741721111126966,0.643466021163059
2009-08-31,86.6426,1.0966982370450573,-11.689299172061052,4.461791611476078,0.010907281117748191,0.24505874132365602,-0.2074345531024242,0.9864594649377656,-3.164756150040971,-0.11318292801065206,0.6011086281982736,0.7236015060539863,0.16619172464636872,0.6634628668750384
2009-09-30,87.4063,0.881437075988023,-6.805879122929537,4.470567362443543,0.008775750967465079,0.19668670640944352,-0.15095551162655194,0.7699307179612067,-1.9898296235821933,-0.06051024419994563,0.6185583263644217,0.7126971108834596,0.31037123047546655,0.679551875328082
2009-10-31,87.6419,0.26954578788944694,-7.474512230012276,4.473259194090623,0.0026918316470805337,0.060212304811568806,-0.13353183456525064,0.15443624953383905,-2.1506994168984113,-0.04435367848335013,0.6239415251177862,0.6817007882116626,0.29063031325141814,0.6844869404050886
2009-11-30,88.0221,0.4338107685935455,-5.83001235670767,4.477587919312385,0.004328725221761864,0.09676893365535566,-0.10541433873033387,0.31966852027571796,-1.7550409430287912,-0.018372360673103137,0.6326286735304734,0.6900218910686794,0.33918300310475963,0.6924230015971187
2009-12-31,88.3793,0.4058071779700745,-2.704223119324234,4.481637779327259,0.00404986001487373,0.09044735888728006,-0.07899779608900624,0.2915000278325404,-1.002991630421678,0.005935188257115031,0.6407902974468651,0.6886033248170969,0.4314697085361316,0.699847805725506
2010-01-31,89.3426,1.089961110803106,0.87230439200634,4.492478417806307,0.010840638479048259,0.24189010832276203,-0.007757439072235305,0.9796826664840673,-0.14249693543446043,0.07100147432539716,0.6628006342852182,0.7232602262499789,0.5370641411222701,0.7197224722665698
2010-02-28,89.6779,0.3752968908449006,1.8708182344855606,4.496224361897403,0.0037459440910962982,0.08338257288558193,0.01703950031084624,0.2608100779657432,0.09774051880086795,0.09348489818443735,0.6704618674855707,0.6870577778826409,0.5665445525805822,0.7265900926411355
2010-03-31,90.2928,0.6856761810881018,4.200672107537207,4.503057723024729,0.006833361127325688,0.1519799853680448,0.0625141141690552,0.5730170663226793,0.6582917494302974,0.13449921950672603,0.6845116506495941,0.7027805325911075,0.6353318321287211,0.7391180239085369
2010-04-30,90.5991,0.3392297060230698,5.4282103558062955,4.506444279224759,0.003386556200029922,0.07520570262100623,0.08516637343848048,0.22453050807912622,0.9536313343162199,0.15482557158675653,0.6915102660067911,0.6852307374910791,0.6715740263780627,0.7453267610902294
2010-05-31,91.823,1.3508964217083586,7.942609605426321,4.519862810907681,0.013418531682922286,0.297763177607302,0.1756792696834972,1.242154519905332,1.558583262834432,0.23536455670140274,0.7194750238770913,0.7364783178466383,0.7458098769950381,0.7699276038527856
2010-06-30,91.9928,0.18492098929463463,8.551328146848402,4.521710313116934,0.0018475022092525606,0.040875183308530794,0.18823674152139644,0.0693131297248576,1.7050379102472208,0.24645339685517603,0.723354765593226,0.6774139849603339,0.7637818592550636,0.7733147189580212
2010-07-31,92.3421,0.37970362897965515,7.747013804699288,4.525500158860533,0.003789845743598974,0.08381443040712533,0.2140690437179686,0.26524276559915894,1.5115238879647634,0.2692003215666919,0.7313358832695849,0.6872810081848395,0.7400350500075284,0.7802628263542477
2010-08-31,92.6805,0.3664634007673584,6.968742858593813,4.529158094456831,0.00365793559629779,0.08082942145379857,0.2390952420097517,0.25192457103765736,1.32427577697867,0.2911555121569937,0.739067948032482,0.686610303447088,0.7170571535166075,0.7869690965011227
2010-09-30,92.9537,0.2947761395331261,6.346682104150392,4.5321015197227,0.00294342526586977,0.06498835334258768,0.2592996077701399,0.17981517251445206,1.1746110596061563,0.3088221607349201,0.7453102650928349,0.6829788716488374,0.6986912519007351,0.7923654203210493
2010-10-31,92.6903,-0.2833668805007239,5.760258506490601,4.529263828477605,-0.002837691245095364,-0.06261314387479011,0.2398199959791945,-0.40173229794634785,1.0335204645518945,0.291790135298071,0.7392918671656863,0.6536921209662072,0.6813775120081066,0.7871629437924046
2010-11-30,92.7709,0.08695624029699811,5.39500875348351,4.530133013030216,0.0008691845526112019,0.01919041560676238,0.24578072760542932,-0.029228494059802226,0.9456431942632434,0.29700704303423764,0.7411334877918374,0.672451425385694,0.6705937726690899,0.7887564618475622
2010-12-31,93.6787,0.9785396067085728,5.996200467756596,4.539870842164994,0.009737829134778053,0.21495680384591154,0.3129166106115801,0.8676050462140524,1.0902869245752194,0.35545418868825884,0.7618757111717371,0.7176159934251854,0.6883435307075894,0.8066092947099079
2011-01-31,93.4814,-0.21061351192962485,4.632504538708293,4.537762486024065,-0.0021083561409289686,-0.046440883765841434,0.2983253903900398,-0.32855051421133413,0.7621884802589974,0.34279968461410887,0.757367624949161,0.6573775581207344,0.6480813777137457,0.8027439434825094
2011-02-28,93.1102,-0.3970843397723911,3.827364378514675,4.533783737895124,-0.0039787481289410565,-0.08768083700271267,0.2708734849352237,-0.5161193933449831,0.5684757702706383,0.3189189542999614,0.7488861165567637,0.6479315828942325,0.6243101867754357,0.7954495122120253
2011-03-31,94.0788,1.040272709112422,4.193025357503588,4.544132728966929,0.010348991071804647,0.22826388884198412,0.34250580073138653,0.9297016698912769,0.6564519794811006,0.38103433753108423,0.7710175525181764,0.720743181536634,0.6351060672692674,0.8144228177960162
2011-04-30,93.7749,-0.3230270794270296,3.505332834432129,4.5408972295850845,-0.00323549938184442,-0.07120169182601721,0.32003103222998874,-0.4416260397443804,0.49099658566386833,0.361614639257803,0.7640737744997235,0.6516830707524552,0.6148024343355324,0.8084910203809237
2011-05-31,93.888,0.1206079665240889,2.248891889831528,4.542102582520517,0.0012053529354325576,0.0265443782250685,0.3283952846732535,0.004621393573292756,0.1887031560821336,0.36884925362684373,0.7666579840880325,0.6741561068951157,0.5777069085209598,0.8107008521820962
2011-06-30,94.172,0.30248807089297003,2.3688810428642126,4.545122897482703,0.0030203149621863545,0.06649596541059566,0.3493983588897617,0.18757251631914243,0.21757194831525206,0.386977399651245,0.7731470691727329,0.6833695317505611,0.5812495029762905,0.8162381415989941
2011-07-31,94.636,0.492715456823678,2.484132372991299,4.550037953350042,0.004915055867338758,0.10813911918774455,0.3837132407082829,0.37892007439205055,0.24530084396903745,0.41647791585459776,0.7837489546632301,0.693005801378853,0.5846522165779651,0.8252491511057531
2011-08-31,95.2749,0.6751130647956405,2.7992943499441703,4.556766397166091,0.006728443816048646,0.14787665256934535,0.4309627622467602,0.5623917481104064,0.32112724496007494,0.45686251598451744,0.7983471112146929,0.702245441199239,0.593957149931234,0.8375847323948715
2011-09-30,95.1961,-0.08270803747891797,2.4123837996766095,4.55593897457162,-0.0008274225944706615,-0.018158108675159212,0.42513514869654573,-0.19989185615032015,0.22803849480085703,0.4518962665025114,0.7965466185925998,0.6638568125809232,0.582533890949537,0.8360677785562736
2011-10-31,95.8568,0.6940410373954542,3.4162150732061747,4.562855411158854,0.006916436587234287,0.15181144053590945,0.4739968780446001,0.581431179885832,0.4695552964465677,0.4934092126659581,0.8116428809709866,0.7032042676405337,0.6121712957799952,0.848748016080048
2011-11-30,95.8485,-0.008658749301049262,3.3174195787687877,4.56276881991693,-8.659124192433865e-05,-0.001897742402978686,0.4733830558051736,-0.1254065216620805,0.44578559284924146,0.4928894858501487,0.8114532351744972,0.6676078965963707,0.6092544290302964,0.8485892641705597
2011-12-31,96.3571,0.5306290656609036,2.859134467066693,4.568061081818492,0.0052922619015616235,0.1159879474598835,0.510996307729527,0.41705694113834085,0.3355244789162561,0.5246540195997799,0.823074181209986,0.6949263753043664,0.5957238868550863,0.858291823733337
2012-01-31,96.9318,0.596427248225595,3.6910016324102957,4.57400763843423,0.005946556615738174,0.13017681920686197,0.5534979512232855,0.4832425825894368,0.5356675731450825,0.560345676934231,0.8362054389500477,0.6982594864920263,0.620284173622968,0.8691939334230732
2012-02-29,97.2435,0.32156629712849494,4.439148449901298,4.577218142218522,0.003210503784291774,0.07019017102889435,0.5765495647207708,0.20676308651317293,0.7156679689153008,0.5796153498465566,0.8433274383194183,0.6843359695278328,0.6423726766286941,0.8750799052009288
2012-03-31,96.74,-0.5177723960984593,2.8286925428470555,4.572026967394837,-0.0051911748236843636,-0.11341331486482975,0.5393134806784743,-0.6375181328249584,0.3282003036615673,0.5484575479549871,0.8318230216287603,0.6418179381843373,0.5948251106805372,0.865562673464396
2012-04-30,97.4359,0.7193508372958624,3.9040297563633697,4.57919472590062,0.007167758505782551,0.15677419571011875,0.5907784079575892,0.6068900189618267,0.5869210781059608,0.5914789462155217,0.8477235649753918,0.70448637565503,0.6265736775628792,0.8787036716099035
2012-05-31,97.6609,0.23092104655471068,4.0185114178595605,4.581501274237169,0.002306548336549419,0.050370173679303853,0.6074181674601045,0.11558406271836312,0.6144647953229285,0.6053230139967969,0.8528645654826372,0.679744190742778,0.6299536672453048,0.8829323781697944
2012-06-30,97.6663,0.005529336715115463,3.7105509068513065,4.581556566075699,5.529183852992503e-05,0.0012068497905026732,0.6078175216881655,-0.11113488774544557,0.540371031148424,0.6056548795589575,0.8529879494948112,0.6683266165729516,0.6208613520552684,0.8830337473700833
2012-07-31,97.8713,0.2098983989359704,3.418677881567289,4.583653350275842,0.0020967842001429204,0.04576576038957114,0.6229781914571241,0.09443762122997264,0.47014783586442355,0.6182399280183847,0.8576719721791901,0.6786792552196218,0.6122440084462997,0.8868778831990696
2012-08-31,97.4525,-0.42790889668371523,2.285596731143258,4.579365079806139,-0.00428827046970337,-0.09355573255654948,0.5920060524364412,-0.5471254636056012,0.19753415797685717,0.5925014225180719,0.848102856568371,0.6463701161258338,0.5787905928709886,0.8790159896595
2012-09-30,97.381,-0.07336907724275754,2.2951570495009843,4.578631119750915,-0.000733960055224081,-0.016027550597808027,0.5867183066389751,-0.19049790255427898,0.19983432292823816,0.5880961418689478,0.8464691608516242,0.6643298924082217,0.5790728544750525,0.8776703852119176
2012-10-31,97.7193,0.3473983631303801,1.9430024786973865,4.5820990830401005,0.0034679632891858603,0.07574236051088867,0.6117371094820911,0.23274726710449645,0.11510768821565869,0.6089111051097732,0.8541989407254069,0.6856445337591716,0.5686757410825746,0.884028369945236
2012-11-30,98.0777,0.3667648049054728,2.3257536633332743,4.585760021668242,0.0036609386281414302,0.07989654003099922,0.638242397507431,0.2522277500228445,0.20719571573280884,0.630884320111588,0.8623879833111696,0.6866255715512453,0.5799761977504622,0.8907401456955526
2012-12-31,98.3101,0.2369549856899411,2.0268355938483085,4.588126768568835,0.0023667469005932418,0.05161078838427091,0.6554294202113637,0.1216535332808586,0.13527751792424758,0.6450897039718512,0.8676980656128761,0.6800498494897733,0.5711508542190583,0.8950792171927979
2013-01-31,98.3342,0.024514266591113554,1.4467904237824847,4.5883718811921925,0.0002451126233573575,0.005342324563395451,0.6572117233402991,-0.09203816329547135,-0.004278459238894754,0.6465608874359194,0.8682487238894294,0.6692883282753137,0.5540254328673729,0.8955285940135127
2013-02-28,98.7941,0.46769079323369933,1.5945538776370727,4.593037886371524,0.004666005179331911,0.10169195741212,0.6912233917634416,0.3537480506788999,0.031272691353976846,0.6745665836300379,0.8787569289262394,0.691738137395928,0.5583880438125739,0.9040830068552772
2013-03-31,99.1921,0.40285806541078273,2.534732272069462,4.597058374022851,0.004020487651326121,0.08753438902073807,0.7206572774612247,0.2885335491420948,0.2574749275139588,0.6986978375373398,0.8878507876012776,0.6884539328478676,0.586146142631979,0.9114539612097641
2013-04-30,99.1065,-0.08629719503872035,1.7145631127746475,4.596195029497807,-0.0008633445250438854,-0.0187803689838395,0.7143267734016009,-0.2035021488074314,0.06014631524144925,0.6935159820635539,0.8858949225194099,0.6636749981181136,0.5619312311777773,0.9098711499594447
2013-05-31,99.1839,0.07809780387764143,1.5594777439077445,4.596975702731922,0.0007806732341153477,0.016985206874498004,0.7200508506704661,-0.03813909422862046,0.022833548386635264,0.6982016385472539,0.8876634266939025,0.6720026872536718,0.5573524458962347,0.9113023959359214
2013-06-30,99.3897,0.20749335325593865,1.7645800035426706,4.599048486563044,0.0020727838311218605,0.04509016286273759,0.7352706840287679,0.09201841320860235,0.07218012989247292,0.7106426350784218,0.8923657284911963,0.6785574238201745,0.5634079443258351,0.9151025307282463
2013-07-31,99.0814,-0.31019310854143445,1.2364196654177428,4.595941734517294,-0.00310675204574995,-0.06755206114540391,0.7124705157859873,-0.42871649479467505,-0.05489261528265809,0.6919956875076977,0.885321415351713,0.6523331958816535,0.5478143857576091,0.909406772027836
2013-08-31,99.6543,0.5782114503832148,2.2593571227008002,4.601707196756425,0.00576546223913077,0.12544680877544234,0.7548390412037266,0.4649195192805668,0.19122103895519568,0.7266004034653593,0.8984115450877173,0.6973367363914306,0.5780158870827664,0.9199768726431525
2013-09-30,100.161,0.5084577384016464,2.854766330187619,4.606778891327507,0.005071694571082475,0.11021332636411696,0.7923117796033916,0.39475505589959026,0.33447352695251104,0.7570410763510745,0.9099890782300337,0.6938032515940658,0.5955949207185912,0.9292750554571256
2013-10-31,100.082,-0.07887301444674533,2.4178437626957816,4.605989849971768,-0.0007890413557394282,-0.017127832143726263,0.786469375155841,-0.19603425021850707,0.2293521346926067,0.7523051938039836,0.9081840158297119,0.6640510817487821,0.5826950924767513,0.9278284677987756
2013-11-30,100.3158,0.23360844107831458,2.281966236973343,4.6083232099794955,0.0023333600077277694,0.05065925205505195,0.803759934141122,0.11828728222145518,0.19666067917276664,0.7663101871497661,0.9135260865790185,0.6798803249702465,0.5786834051111671,0.932106329491468
2013-12-31,100.5175,0.20106503661436737,2.245344069429267,4.6103318416936085,0.0020086317141130294,0.043587040721515535,0.818676554104044,0.08555224281012903,0.18784956817452172,0.7783661380948045,0.9181347079226245,0.6782317872557485,0.577602161645364,0.9357888511066808
2014-01-31,100.1599,-0.35575894744697134,1.8566277042981971,4.606767908948734,-0.003563932744874876,-0.07730317181605662,0.7922304296680454,-0.4745506524973622,0.0943263479587319,0.75697515932964,0.9099639444497758,0.6500249861179289,0.56612558726339,0.9292549209312515
2014-02-28,100.9168,0.7556916490531584,2.148610089064018,4.61429641498635,0.007528506037616012,0.1634227333873639,0.8482065806345084,0.6434448270622691,0.16457585458904253,0.8021617900301334,0.9272582701561494,0.706327277052539,0.5747461596333266,0.9430572949647722
2014-03-31,101.8942,0.9685206031106786,2.724108069090181,4.623935020061161,0.009638605074811402,0.20888569367818466,0.920489695913437,0.8575270447559498,0.30303780049034473,0.8600133857925939,0.9495907763596232,0.7171084649239459,0.5917373284312212,0.9607282155616641
2014-04-30,101.9928,0.0967670387519659,2.9123215934373725,4.62490222255751,0.0009672024963487402,0.02091730294981886,0.9277816082998731,-0.019359923780508367,0.3483210364538655,0.8658186042246091,0.9518436770263541,0.6729484069255409,0.5972941989559177,0.9625014346510898
2014-05-31,102.3836,0.3831643017938591,3.226027611336124,4.628726543529026,0.00382432097151586,0.08268976915584147,0.9566830216935759,0.2687238169159679,0.4237971409525037,0.8887724517152809,0.9607730236851608,0.6874563140492912,0.6065561461530056,0.96951274714913
2014-06-30,102.735,0.3432190311729588,3.365841732090935,4.632152857317978,0.0034263137889523065,0.07402281722048709,0.9826706283121713,0.2285433247514226,0.45743572161843526,0.9093374316823319,0.9688021240329208,0.6854328230771853,0.6106840586887997,0.9757943738404062
2014-07-31,102.9632,0.22212488441135658,3.9177888079901857,4.634371642835977,0.0022187855179991445,0.047899661050565534,0.9995470421720563,0.1067361035335733,0.5902314373567766,0.9226547407612496,0.9740162409918247,0.6792986072128734,0.6269799037822649,0.9798621805827494
2014-08-31,102.7688,-0.1888053207359519,3.1253041765382905,4.632481805009503,-0.0018898378264742277,-0.04077872842579433,0.9851702899618826,-0.3066139033995951,0.39956358451267576,0.911311799210557,0.9695744165535649,0.6584822865982846,0.6035823583345393,0.9763974495440326
2014-09-30,103.0641,0.28734401880725624,2.89843352202952,4.635351124759652,0.0028693197501494794,0.06193914775978193,1.0070090498778508,0.17233928703539564,0.34497963568672446,0.9285336611927112,0.9763216941081849,0.6826023857981062,0.5968841635192037,0.981657912139859
2014-10-31,103.0764,0.011934320486006733,2.9919466037849007,4.6354704608436785,0.00011933608402614482,0.002574477764771821,1.0079186900639892,-0.1046921876154912,0.3674784171185706,0.9292499248884816,0.9766027354692481,0.6686510711738449,0.5996450707891906,0.9818766967512005
2014-11-30,103.7126,0.6172120873449094,3.3861066751199598,4.641623612193868,0.006153151350189567,0.13274060102779206,1.054968534488435,0.504149815220325,0.4623113659173957,0.9661815785679815,0.9911392000146233,0.6993123754488632,0.611282366727466,0.9931575665540322
2014-12-31,103.7044,-0.00790646459541966,3.170492700276073,4.64154454442214,-7.906777172816959e-05,-0.001703450739098944,1.0543621076976775,-0.12464980705606549,0.41043571811921964,0.9657070081573926,0.9909518391072483,0.6676460047700451,0.6049165173780192,0.9930126077861257
2015-01-31,102.8905,-0.7848268733052777,2.7262407410550527,4.633665315934663,-0.007879228487476908,-0.16975445160696268,0.9941705509905769,-0.9061451858433682,0.303550910736556,0.9184153162746338,0.972355126605706,0.6282898705235389,0.5918002940550867,0.9785672373319692
2015-02-28,102.2335,-0.6385429169845525,1.30473816054415,4.627259412708348,-0.006405903226315068,-0.138246998640279,0.9455824532432313,-0.7589998224654015,-0.03845552583219483,0.8799666277905823,0.9573434051245495,0.6357001161014981,0.5498314407656183,0.9668229852970533
2015-03-31,101.8914,-0.33462612548724735,-0.0027479483621140055,4.623907540199973,-0.0033518725083752088,-0.07243753179624335,0.9202826233507394,-0.4532933878958517,-0.3530301675535316,0.8598484497039445,0.9495267994644221,0.6510955026968865,0.5112288427576831,0.9606778354038195
2015-04-30,101.3355,-0.5455808831756226,-0.6444572558062966,4.618436794088477,-0.005470746111496005,-0.1183143491502281,0.8791713242065233,-0.6654903728359496,-0.5074222288560912,0.8270126409842359,0.9368251008778545,0.6404092552120126,0.4922828315806005,0.9506480521113563
2015-05-31,100.8883,-0.44130635364704185,-1.460487812501221,4.614013964243633,-0.0044228298448434344,-0.09576465029259573,0.8460988777641902,-0.5606018127746596,-0.7037551139685038,0.8004665005080908,0.9266070767585648,0.6456914467165875,0.4681901094264532,0.9425394643649767
2015-06-30,100.571,-0.3145062410606636,-2.106390227283794,4.610863945730013,-0.0031500185136206227,-0.068270675772375,0.8226331191413089,-0.4330550256069524,-0.8591560159996098,0.7815598645083984,0.9193571235987916,0.6521147073202169,0.4491202997356538,0.9367643831575947
2015-07-31,101.2228,0.6480993526961187,-1.6903126553953207,4.6173240279206205,0.0064600821906077854,0.14010567795197382,0.8708366535579306,0.5352189631854697,-0.7590498257972601,0.8203337390039903,0.9342500308460033,0.7008770188126388,0.46140469429886977,0.948607964106662
2015-08-31,101.0367,-0.1838518594625027,-1.6854337113987983,4.615483817176334,-0.00184021074428653,-0.03985448569688854,0.8570737235871825,-0.3016312731960319,-0.757875976186752,0.8092886627434833,0.9299978522042325,0.6587332120272953,0.46154874165242715,0.9452342167966066
2015-09-30,100.7547,-0.27910650288459626,-2.2407414414912674,4.612688849862779,-0.002794967313555219,-0.060556323546279156,0.8362185583440297,-0.39744683268946074,-0.8914802485755845,0.7925130693938149,0.9235544649018184,0.6539079371444431,0.44515367563265085,0.940110068116855
2015-10-31,100.2675,-0.4835506432950498,-2.72506606749946,4.607841614543251,-0.0048472353195281315,-0.10508481012484472,0.8001879324345822,-0.6030948619595723,-1.0080063398782266,0.7634196169601546,0.9124224851367961,0.6435514952931256,0.4308543353063682,0.9312233972987212
2015-11-30,99.5298,-0.7357319171217069,-4.033068306068888,4.600457096811565,-0.007384517731686024,-0.16025979947702496,0.7456317076123337,-0.8567611293182756,-1.3227051598242998,0.7190972143512293,0.8955668581403742,0.6307768533144731,0.3922364989369916,0.9176850039866054
2015-12-31,99.0417,-0.490405888487655,-4.496144811599123,4.595540973570879,-0.004916123240685799,-0.10686162564352841,0.709534522664877,-0.6099904749186541,-1.4341190592336022,0.6895902916968475,0.8844143143733236,0.6432042319865265,0.37856449426471506,0.9086720376126927
2016-01-31,99.5607,0.5240216999506275,-3.236256019749162,4.600767508410793,0.005226534839914088,0.1137305677388678,0.7479169012506793,0.4104106673236098,-1.13099609478661,0.7209603269301919,0.8962728888767029,0.694591668725682,0.41576181531860473,0.9182540965762218
2016-02-29,99.0445,-0.5184776724149187,-3.1193297695960798,4.595569244091493,-0.005198264319299817,-0.11298689424746877,0.7097415952275745,-0.638227562228411,-1.1028642217218214,0.6897599733798169,0.8844782912685247,0.6417822112950957,0.41921397974351815,0.9087238673246816
2016-03-31,98.3096,-0.7419897116952456,-3.515311400177057,4.5881216826084765,-0.007447561483016507,-0.1620596075794456,0.6553924429680246,-0.8630557735132218,-1.1981354285971613,0.6450591776746901,0.8676866411673043,0.6304598548155763,0.4075229035632663,0.895069892855826
2016-04-30,98.6421,0.33821722395370735,-2.6579036961380753,4.591498148167183,0.0033764655587065207,0.07359145620537966,0.6799823097884087,0.22351206391233483,-0.9918474080438865,0.6653249650051232,0.8752838974724557,0.6851794486076912,0.4328372565819846,0.9012601303770182
2016-05-31,98.4184,-0.22677943798843359,-2.448153056399993,4.589227778447326,-0.002270369719856724,-0.04944725330583433,0.6634386911185746,-0.3448116348707276,-0.94138244945123,0.6516980438640417,0.8701726005236969,0.6565586475231275,0.4390299951300749,0.8970977518239192
2016-06-30,98.8833,0.4723710200531528,-1.678117946525337,4.593940366938896,0.004712588491569747,0.10268804947319854,0.697820131975106,0.35845583746127185,-0.7561158396175676,0.6799833364238109,0.8807950500162229,0.6919752217007623,0.4617647344102906,0.9057375681037652
2016-07-31,98.9992,0.11720887146766668,-2.196738284260069,4.595111769293859,0.001171402354962936,0.025498858526606938,0.7063914569810682,0.0012022826207772096,-0.8808933082430473,0.687014176985129,0.8834432364997327,0.6739839203495475,0.44645283757257914,0.9078851566646513
2016-08-31,98.85,-0.15070828855183738,-2.164263084601936,4.593603549616626,-0.0015082196772331358,-0.03282226315607373,0.6953574475687329,-0.2682925332005079,-0.8730799370510337,0.6779617348100369,0.8800341819411501,0.6604121521240484,0.44741164475920314,0.9051200646256898
2016-09-30,98.7457,-0.10551340414769461,-1.9939516469206886,4.592547858529353,-0.0010556910872727698,-0.02298176313801914,0.6876439946082337,-0.22283151440024868,-0.8321038539212166,0.6716254015380637,0.8776510425949031,0.662701570599769,0.4524399688998415,0.9031846151251397
2016-10-31,98.7611,0.015595615809083085,-1.5023811304759715,4.592703802527547,0.0001559439981937416,0.003395587874033268,0.6887828937030726,-0.10100933240499269,-0.7138344374906859,0.67256138854812,0.8780029155185101,0.6688365398893474,0.46695323899090363,0.903470514795087
2016-11-30,98.3491,-0.417168298044468,-1.1862778785850958,4.58852339380184,-0.004180408725706464,-0.09102282458115507,0.6583136451917999,-0.5363216179247813,-0.6377815704405696,0.6474702769355649,0.868589172367465,0.6469141981671795,0.4762859628176616,0.8958063694046334
2016-12-31,99.0214,0.6835853098808187,-0.02049641716570516,4.595335988391196,0.0068125945893555695,0.1484703030730561,0.7080332465853163,0.5709138828204663,-0.3573003606951341,0.6883599560144263,0.8839504818831141,0.7026746161973515,0.5107048318318197,0.9082962283741569
2017-01-31,98.7611,-0.2628724699913376,-0.8031281419274894,4.592703802527547,-0.002632185863649106,-0.05727950840370699,0.6887828937030726,-0.3811172041420137,-0.5455976532932464,0.67256138854812,0.8780029155185101,0.6547302978016566,0.48759818645070074,0.903470514795087
2017-02-28,98.3646,-0.4014738596471723,-0.6864591168616152,4.588680983232897,-0.004022819294649871,-0.08759152489729027,0.6594599397353057,-0.520534761327056,-0.5175276673025149,0.648416139951132,0.8689433301801863,0.6477092248102732,0.49104275648774925,0.8960952857261866
2017-03-31,99.0137,0.6598918716692825,0.7162067590550603,4.595258224398814,0.006577241165916625,0.14333620467297248,0.7074637970378969,0.5470809235336253,-0.18005324798318362,0.6878932109805485,0.8837745454213108,0.7014743875451489,0.5324554694631508,0.9081536598879474
2017-04-30,100.0224,1.01874791064267,1.3993011097695573,4.605394160903837,0.010135936505023757,0.2205738178369776,0.7820616877498422,0.9080501205885977,-0.01570415151925509,0.7487298254918111,0.9068222219175703,0.719652808766518,0.5526233446264147,0.9267363622359746
2017-05-31,100.1408,0.11837348433949568,1.7500792534729248,4.606577195685547,0.0011830347817092246,0.025688024528980336,0.7908178989724989,0.0023737534268047436,0.06869132169266973,0.7558304847089035,0.9095275306289385,0.6740429156597686,0.562979819987119,0.9289052770871056
2017-06-30,100.3471,0.20600993800727885,1.4803308546539107,4.608635175970757,0.0020579802852100926,0.04467482466457007,0.8060747095741387,0.0905262627274799,0.0037912012742744275,0.7681826293006785,0.9142412568718041,0.6784822790704484,0.555015690248406,0.9326782718231339
2017-07-31,100.1068,-0.23946880378206137,1.1187969195710634,4.606237616081828,-0.0023975598889283134,-0.05202320855053344,0.7883034464254527,-0.35757572320756154,-0.0831920617402202,0.7537923036846781,0.9087506683300661,0.6559158475939735,0.5443416577924094,0.9282827093849289
2017-08-31,99.6925,-0.41385799965637515,0.8523014668689877,4.602090448461168,-0.0041471676206601416,-0.09003373178537721,0.7576641025948195,-0.5329918265282629,-0.1473095395344956,0.7289007075577053,0.8992843727293913,0.6470818865768252,0.5364735689756138,0.9206795065191731
2017-09-30,99.7954,0.10321739348497783,1.0630336308315114,4.603122090070772,0.001031641609603895,0.022416804301372828,0.7652740192739704,-0.012871585517186776,-0.09660843110503281,0.7350926941478091,0.9016355236280382,0.6732751598644058,0.5426952863287661,0.9225708649498028
2017-10-31,101.0247,1.231820304342679,2.2919955326540453,4.615365041398139,0.012242951327366747,0.26597059751631846,0.8561862697470483,1.1223772114423676,0.19907367773082665,0.8085757620433115,0.9297236655105128,0.7304463284587182,0.5789795129373441,0.94501645942103
2017-11-30,101.2664,0.23924842142566405,2.9662701539719283,4.617754668178707,0.002389626780567866,0.051775466493642064,0.8740610691770847,0.12396047413209638,0.36130079125656556,0.8229184725765851,0.9352462424998518,0.6801660271106583,0.5988869918592123,0.9493974777082066
2017-12-31,101.4644,0.19552388551384858,2.467143465957866,4.619707998042306,0.0019533298635989738,0.04230042529238531,0.888704057539298,0.07997846211178365,0.2412133976039286,0.8346424978668194,0.9397703229462275,0.6779510914674188,0.5841506311734712,0.9529786117676764
2018-01-31,101.4625,-0.0018725779682204902,2.7352874765469437,4.619689272087294,-1.872595501151153e-05,-0.0004053493211975123,0.8885635440146107,-0.11858038931079984,0.3057275102099454,0.8345301033479877,0.9397269100530552,0.667951660857163,0.5920673924900901,0.9529442805691737
2018-02-28,101.7085,0.24245410866083894,3.3994953469032696,4.622110878716347,0.002421606629052775,0.05241925346979315,0.9067563477373608,0.1271850383629251,0.46553261362371545,0.8490647592149205,0.9453477372743102,0.6803284162766082,0.6116776577452372,0.9573839290584285
2018-03-31,102.2067,0.4898312333777355,3.224806264183644,4.626997233350731,0.004886354634384027,0.10571694973577905,0.9436004730002643,0.3760188669206996,0.4235032909144102,0.8783930085690878,0.9567310548419086,0.6928596964704701,0.6065200867464587,0.9663423192074454
2018-04-30,103.3329,1.1018847101021745,3.309758614070435,4.637955815253902,0.01095858190317145,0.23684003578354762,1.026888015896856,0.9916764790371541,0.44394240292255066,0.9441671994889802,0.9824634760475075,0.7238642350640798,0.6090282444929701,0.9864332171291323
2018-05-31,102.4024,-0.9004876472062606,2.2584201444366236,4.628910149830753,-0.009045665423148996,-0.1950356101582229,0.9580733660431193,-1.0224870392652377,0.19099560665442686,0.88987446984597,0.961202582838655,0.6224308907700519,0.5779882234655181,0.9698493614572925
2018-06-30,103.198,0.7769349155879013,2.8410387544831828,4.636649473014709,0.007739323183955982,0.16719536420983783,1.0169115556440145,0.6648131866022338,0.3311707406517541,0.9363264401091069,0.9793811606322744,0.7074033883764311,0.5951896238034408,0.9840382367557297
2018-07-31,103.3646,0.1614372371557593,3.2543243815604805,4.6382625436879525,0.0016130706732431221,0.03478957558968876,1.029232373124544,0.04569109126715602,0.43060520284667103,0.9460082054476009,0.9831877858967506,0.676224378288366,0.6073915881806133,0.986995557193989
2018-08-31,104.0327,0.6463528132455432,4.353587280888749,4.64470527279772,0.006442729109767065,0.13890393329576423,1.0786413656740148,0.5334621390704216,0.6950823780596577,0.9846779255131441,0.998453130069598,0.7007885450895738,0.6398465439302417,0.9988073239011346
2018-09-30,104.1004,0.06507569254665668,4.313826088176409,4.645355818072715,0.0006505452749951957,0.014006169106250965,1.0836480844221041,-0.05123788750670882,0.6855160332497993,0.9885825446963238,0.9999999999999998,0.6713430315721249,0.638672622977556,1.0
2018-10-31,103.9856,-0.11027815455079137,2.930867401734427,4.644252428016228,-0.0011033900564871857,-0.02375254124117321,1.0751581093514881,-0.22762432249146416,0.35278306550391697,0.9819599188058793,0.997376947296748,0.6624602046188871,0.5978417507635788,0.997977101673504
2018-11-30,104.0681,0.0793379083257717,2.7666629800210174,4.645045492540666,0.0007930645244380585,0.017076257949577567,1.0812593545024103,-0.03689168730692983,0.31327629998059897,0.9867199486987148,0.999261980816071,0.6720655067092984,0.5929937319285408,0.9994310652015024
2018-12-31,104.0936,0.02450318589461986,2.5912536810940523,4.645290494384208,0.0002450018435427026,0.0052744767287338234,1.0831451939126948,-0.09204930924170533,0.271073696841129,0.9881904672544268,0.9998446275402253,0.6692877669650767,0.5878148970581683,0.999880238924229
2019-01-31,103.4021,-0.6643059707801324,1.9116422323518512,4.63862527134585,-0.00666522303835837,-0.14348344945092073,1.032005666374964,-0.7849145844654476,0.10756256923409489,0.9481853227455579,0.9840446193146251,0.6343950477928119,0.5677498520999993,0.9876605633428301
2019-02-28,102.8371,-0.5464105661296959,1.1096417703535089,4.633146182855784,-0.005479088490066175,-0.11811879963471439,0.9902213814019801,-0.6663249414573913,-0.08539474501570582,0.9152994424741059,0.9711349958186533,0.6403672263074344,0.544071358519216,0.9776154855644776
2019-03-31,102.8757,0.037535091907470175,0.6545559146318158,4.633521463348325,0.0003752804925412079,0.00809990614865086,0.9930760245877442,-0.07894066360483115,-0.19488613390384799,0.9175519027817459,0.9720169630167848,0.6699479188117521,0.5306352721028048,0.9783035054318532
2019-04-30,102.274,-0.584880588904857,-1.0247462328067725,4.627655486207163,-0.005865977141161771,-0.12659868282821618,0.9485776099536837,-0.7050214986382675,-0.5989178614869957,0.8823438892062997,0.9582687852158538,0.6384184663523194,0.48105506984301805,0.9675491259879294
2019-05-31,102.392,0.1153763419832865,-0.010156011968476264,4.62880858455349,0.0011530983463270417,0.02491754949700553,0.9573042393816693,-0.0006410378886076964,-0.3548125107378655,0.8892648678010555,0.9609649543707646,0.6738910906650787,0.5110101249453364,0.9696631569249998
2019-06-30,102.4375,0.04443706539574155,-0.7369328862962377,4.629252856504048,0.00044427195055796176,0.00959797629223047,0.9606691685255118,-0.07199804718604828,-0.5296714046837889,0.8919314197650369,0.9620045789177853,0.6702975492142039,0.4895525543218082,0.9704776621672835
2019-07-31,101.9408,-0.4848810250152602,-1.3774541767684445,4.624392252634682,-0.0048606038693659315,-0.10499758859654484,0.9239359749926245,-0.6044330777596876,-0.6837776350235777,0.8627577283408645,0.9506555346869014,0.6434841026992476,0.47064161850138403,0.9615664821405208
2019-08-31,102.639,0.6849073187575438,-1.3396749291328724,4.631217977469585,0.0068257248349024024,0.1476026353736115,0.9755709975910977,0.5722436764728073,-0.674688136321826,0.903726216090871,0.9666086304831627,0.7027415846515769,0.4717570239344392,0.9740804134238967
2019-09-30,102.2917,-0.3383704050117342,-1.7374573008364869,4.627828535746203,-0.0033894417233817364,-0.07318683205738141,0.949886604367882,-0.4570597159681616,-0.7703925925369698,0.8833825448936843,0.9586732105890905,0.6509058302851823,0.46001278215250335,0.9678663860727621
2019-10-31,101.4281,-0.8442522707120981,-2.4594751580988228,4.619350173081922,-0.008478362664281036,-0.18320390651452856,0.8860195096728923,-0.9659205153821401,-0.9441064906943306,0.8324948069093452,0.9389409081977254,0.6252795828650147,0.43869571812513564,0.952322593971175
2019-11-30,101.9372,0.5019319103877651,-2.047601522464615,4.624356937397135,0.005006764315212742,0.10838676713422757,0.9236697388405849,0.3881907999237718,-0.8450117466037191,0.8625457637639363,0.9505732786787859,0.6934726754365795,0.4508559944585907,0.9615017370084473
2019-12-31,101.7003,-0.23239798621111918,-2.2991807373363926,4.622030252902671,-0.0023266844944638265,-0.05031368741560405,0.9061499209466023,-0.35046326845159054,-0.9055404519136572,0.8485808373253313,0.9451603763669352,0.6562740310609475,0.443428296961314,0.9572361138569061
2020-01-31,101.0338,-0.6553569655153413,-2.290379015513233,4.615455114322625,-0.006575138580045881,-0.14225650245185406,0.8568592555758169,-0.7759128821278928,-0.9034228015078969,0.8091163861664155,0.929931590419917,0.6348483738331957,0.44368816154190316,0.9451815944674564
2020-02-29,101.3735,0.3362241150981271,-1.4232217750208775,4.618811715778635,0.003356601456009578,0.07272525401869068,0.8819815947002824,0.22150721844477586,-0.6947890910724291,0.829262947734356,0.9376933587413003,0.6850784845207543,0.4692903626944636,0.9513354141689785
2020-03-31,97.4078,-3.9119691043517424,-5.315054964389065,4.57890628957761,-0.039905426201024774,-0.8639760322920575,0.588700286881941,-4.051701892780238,-1.6311447608155143,0.5897477308132439,0.8470815111342647,0.4698795262035132,0.3543867540826714,0.8781748673564245
2020-04-30,84.5619,-13.187752931490081,-17.318282261376304,4.437483810562154,-0.14142247901545613,-3.088564606298194,-0.36131165353302236,-13.382107059476992,-4.519061428326537,-0.2590800844385713,0.5535669403963825,0.0,0.0,0.6188982004631391
2020-05-31,85.9604,1.6538180906531252,-16.047738104539413,4.453886725090612,0.016402914528458545,0.3696444928861675,-0.2578863039140515,1.5468599720480884,-4.21337483616653,-0.16062862042886425,0.5855211146603057,0.7518232949324677,0.03751191313132468,0.6489704565562402
2020-06-30,91.5934,6.553017435935615,-10.586064673581452,4.517359216682439,0.06347249159182677,1.425103409888262,0.15869931954226407,6.4749087208947405,-2.8993234278653204,0.22033780542901696,0.7142289184705868,1.0,0.19876393903793838,0.7653376435403008
2020-07-31,95.0256,3.7472132271539227,-6.783544959427434,4.554146328983239,0.03678711230080012,0.8143499450950609,0.4125259087179724,3.652582265877219,-1.984456135149726,0.44113667970344295,0.792650882652665,0.8578675423218762,0.31103063077780424,0.8327812347457559
2020-08-31,95.9549,0.9779469953359987,-6.512241935326724,4.5638782894144905,0.009731960431251352,0.21369450448518457,0.4812518131876961,0.8670089451927747,-1.9191819796362966,0.4995486009799281,0.8138843571921452,0.7175859737571815,0.31904065972293605,0.8506233082302437
2020-09-30,95.9669,0.0125058751559326,-6.183101854793705,4.564003340346856,0.00012505093236558906,0.0027400146199285658,0.4821392670278303,-0.10411726729126765,-1.8399925165861546,0.5002991656034168,0.8141585438858654,0.6686800241812143,0.3287582866488114,0.8508525701492928
2020-10-31,96.7394,0.8049650452395696,-4.622683457542831,4.5720207651841624,0.008017424837306386,0.1756664980156808,0.5392691079864682,0.6930083743512124,-1.4645636268205902,0.5484203218437388,0.8318093122940746,0.7088232990045351,0.37482853068654787,0.8655513026517614
2020-11-30,97.0816,0.3537338457753503,-4.763324870606622,4.575551861975161,0.0035310967909989444,0.077232737390176,0.564576333327627,0.2391200568445075,-1.4984012498931092,0.5696142168695696,0.839628202843316,0.6859654676704147,0.3706761929333682,0.8720250330857162
2020-12-31,98.363,1.319920561671828,-3.28150457766595,4.588664717086205,0.013112855111043764,0.2865852143435932,0.6593416125566214,1.2109962555565945,-1.141882672317432,0.6483185093774417,0.8689067719543571,0.7349091865787094,0.4144258838086618,0.8960654642131782
2021-01-31,98.8822,0.5278407531287055,-2.1295843569181794,4.593929242652809,0.00526452556660395,0.11472892205441898,0.6977387820397597,0.4142522093613161,-0.8647364079977155,0.6799165676645502,0.880769916235965,0.6947851289152792,0.448435509544522,0.9057171734123539
2021-02-28,95.6149,-3.3042347358776314,-5.680577271180343,4.560328665653386,-0.033600576999423204,-0.731412593112124,0.4561072877172287,-3.4403888223958234,-1.719087606186322,0.4782435057568764,0.8061157342034193,0.5006652735255597,0.34359496778690707,0.8441156114064334
2021-03-31,98.3856,2.8977701174189185,1.0038210492383515,4.588894451885836,0.028565786232450208,0.626397532432188,0.6610129839555405,2.7981371292087447,-0.11085468314028031,0.6496973940456757,0.8694231568941959,0.81483765575085,0.5409470769453678,0.8964866481263183
2021-04-30,98.5587,0.17594038151924618,16.55213518144698,4.590652309763157,0.0017578578773207454,0.03830678381802066,0.6738145055994763,0.06027963878230163,3.6299922093760975,0.6602481825194536,0.8733782999511035,0.6769590580447051,1.0,0.8997094139445725
2021-05-31,99.4333,0.8873899513690775,15.673379835366053,4.59948706761955,0.008834757856392983,0.19245103441190015,0.7384950996479219,0.7759186474178624,3.4185680525371693,0.7132750298900281,0.8933619401450448,0.7129986632175507,0.9740553730238384,0.9159066025793763
2021-06-30,99.7987,0.3674825234604384,8.958396565691418,4.603155157180474,0.003668089560924237,0.07974997009443374,0.7655180690800071,0.2529496949321138,1.8029765431254943,0.735291165300913,0.9017109249688111,0.6866619287217917,0.7758002649782936,0.9226314884804268
2021-07-31,100.2519,0.4541141317472075,5.4998863464161385,4.607686018625534,0.004530861445060097,0.09842947479170583,0.7990342424424083,0.3400914417237151,0.9708762204473427,0.7624857191539728,0.9120660424349609,0.6910503900976314,0.6736902090537218,0.9309381357815383
2021-08-31,100.0437,-0.2076768619846625,4.261168528131454,4.6056070905314,-0.002078928094134014,-0.04511870135530671,0.7836369183160801,-0.3255965715225135,0.6728468867309745,0.7500078443175648,0.907308903298923,0.6575263187764891,0.6371179459460773,0.9271267364148308
2021-09-30,98.8579,-1.1852820317521218,3.0124970172007215,4.593683465492564,-0.01192362503883615,-0.2588936660131047,0.6959416880134883,-1.30895846276247,0.37242274416990345,0.6784413956026403,0.8802146881811825,0.6080041799960995,0.6002518071381155,0.9052665782640403
2021-10-31,100.1861,1.3435446231408799,3.5628709708763973,4.60702945647301,0.01334599098044631,0.2905291816621691,0.7941680372190052,1.234759429569373,0.5048399745411775,0.7585449862423191,0.9105625853977306,0.7361059008421018,0.6165012069161007,0.9297344286502565
2021-11-30,100.8654,0.678038170963835,3.897545981936834,4.613786954775174,0.006757498302163434,0.1466779920989758,0.8444053200192669,0.5653340790458266,0.5853611142919395,0.7991039734721099,0.9260838371513829,0.7023936170866918,0.6263822487315847,0.9421232769332111
2021-12-31,100.5726,-0.2902878489551397,2.2463731281071153,4.610879854762167,-0.002907100013006314,-0.06300897812365758,0.8227514463199932,-0.40869402118494863,0.1880971545639214,0.7816553516551428,0.9193936818246209,0.65334152834365,0.5776325438713754,0.936793549955258
2022-01-31,100.1856,-0.3847966543571557,1.3181341030033655,4.607024465748273,-0.0038553890138945945,-0.08361503954419369,0.7941310599756661,-0.5037593507198386,-0.035232528837486794,0.7585150315561553,0.9105511609521588,0.6485540350674015,0.5502269464449276,0.9297252789133523
2022-02-28,100.8064,0.6196499297304259,5.429593086433182,4.613201845685224,0.006177379936951333,0.13408611095682144,0.8400420053052742,0.5066020130737147,0.9539640124139733,0.7955921069430867,0.9247357525739275,0.6994358682173896,0.6716148505169804,0.9410505681554611
2022-03-31,101.3907,0.5796258967684542,3.0544104015221674,4.618981370974584,0.005779525289359988,0.12528229812371894,0.8832536118711405,0.46634229476852523,0.3825068955550963,0.8302812303321901,0.9380863596689653,0.6974083874141066,0.6014892700182881,0.9516464512405474
2022-04-30,101.44,0.0486237889668395,2.923435475508507,4.6194674906889155,0.0004861197143313234,0.01052439218278689,0.8868995680643585,-0.0677866696930742,0.35099498109224087,0.833198955561866,0.9392128100023307,0.670509634330092,0.5976223284243513,0.9525376780110033
2022-05-31,101.3335,-0.10498817034699792,1.9110298059100916,4.618417057473602,-0.0010504332153136176,-0.022739270650373733,0.879023415233168,-0.22230318771011967,0.10741522248433988,0.826894180412753,0.9367794030955678,0.6627281771501173,0.5677317706446173,0.950611868021273
2022-06-30,101.018,-0.31134817212471466,1.2217594016755706,4.615298718784132,-0.0031183386894699794,-0.06751964256722642,0.855690774686307,-0.42987836008025554,-0.05841980167708329,0.8081776889792467,0.9295705779398526,0.6522746843057736,0.5473815518910965,0.9448948669668518
2022-07-31,101.223,0.2029341305509913,0.968659945597028,4.617326003758104,0.002027284973972421,0.04392532526056314,0.8708514444552656,0.08743234308502922,-0.11931426944498583,0.8203455981216241,0.9342546006242316,0.678326469170478,0.5399089703527733,0.9486115865050309
2022-08-31,101.0963,-0.12516918091738383,1.0521402147261716,4.616073527928434,-0.001252475829669919,-0.02712556637002317,0.8614814109931824,-0.24260303608996076,-0.09922933273076807,0.8128281487772505,0.931359646116374,0.6617058760851251,0.5423736659612661,0.9463153620240146
2022-09-30,101.2918,0.19337997533044327,2.462018715752601,4.61800546029804,0.001931932369605427,0.041852287618837636,0.8759395131387013,0.07782192730836855,0.23998040824461428,0.8244237447809609,0.9358266043348917,0.677842488300293,0.583999326566319,0.9498572670234289
2022-10-31,101.2529,-0.03840389843995373,1.0648183730078253,4.6176213475517836,-0.000384112746256271,-0.008317719620698494,0.8730626836069332,-0.1553268279544514,-0.09617903103198072,0.8221182726559852,0.9349377824694167,0.6661011089388845,0.542747979572932,0.9491530545583817
2022-11-30,100.9552,-0.29401627015126497,0.08902953837490735,4.614676854081055,-0.0029444934707285597,-0.0637664556945472,0.8510464329229385,-0.4124443975456148,-0.33094896163346704,0.8044452126362369,0.9281356675760526,0.6531526592606948,0.513938507818409,0.9437547723468533
2022-12-31,99.7664,-1.1775520230755787,-0.8016099812473643,4.60283145328353,-0.011845400797525052,-0.25668971353973724,0.7631293391603131,-1.3011829351910735,-0.5452323913996227,0.733348271402118,0.9009729057848823,0.6083957558329421,0.48764300906567704,0.9220380264788801
2023-01-31,100.505,0.7403294095005952,0.3188082918103907,4.61020747750536,0.007376024221829702,0.16024971360981688,0.8177521230205708,0.627992125493922,-0.2756653386987589,0.7776196953585309,0.917849096783333,0.7055490784682571,0.5207225621874871,0.9355608482288176
2023-02-28,100.6416,0.13591363613749685,-0.1634816837026265,4.6115656910769465,0.0013582135715868304,0.029461007518949422,0.8278543059007649,0.020017192084991434,-0.391701903232292,0.7857717901785448,0.9209702553135097,0.6749314398395009,0.5064832934708504,0.9380509268232657
2023-03-31,101.0205,0.3764844756045216,-0.36512224493961964,4.6153234665426055,0.00375777546565903,0.08148589258807348,0.8558756609030015,0.26200465593171945,-0.44021561735555526,0.8083262267923566,0.9296277001677111,0.6871179368702344,0.5005299992258834,0.9449402382287246
2023-04-30,101.253,0.23015130592305422,-0.1843454258675048,4.617622335177329,0.0022988686347238385,0.04980948034063459,0.8730700790556012,0.11480978939543256,-0.39672161561912045,0.822124200455018,0.9349400673585311,0.6797051983115137,0.5058673063133229,0.9491548652200361
2023-05-31,100.9286,-0.32038556882264535,-0.39957171123073953,4.614413336154862,-0.003208999022467296,-0.0694946184321088,0.8490792435773076,-0.43896897435235155,-0.4485039872603687,0.8028635592305884,0.9275278870716404,0.6518168806572978,0.49951290322022374,0.9432716521947704
2023-06-30,100.1196,-0.8015567440745164,-0.8893464531073647,4.606365471349839,-0.00804786480502262,-0.1744071070089448,0.789250063854929,-0.9229735720555156,-0.5663413492793675,0.7545597001309136,0.9090431341367007,0.627442392413118,0.4850526520968529,0.9285171126280716
2023-07-31,100.9067,0.786159752935478,-0.31247838929887584,4.614196327533616,0.007830856183776547,0.17000075726691932,0.8474596403190626,0.674092345286155,-0.4275497680480855,0.8015610579935469,0.927027496355602,0.7078706871279935,0.5020842716445688,0.9428737997996244
2023-08-31,100.8393,-0.06679437539827138,-0.25421306219911566,4.61352816060582,-0.0006681669277961433,-0.014480678331973973,0.8424751079169752,-0.1838844849496333,-0.4135314207231446,0.79755067239224,0.9254874810925424,0.6646629443470323,0.5038045140123554,0.9416488170728794
2023-09-30,101.0211,0.18028685244741993,-0.2672476942852109,4.615329405913507,0.001801245307687438,0.0390426858790649,0.8559200335950086,0.06465170431993081,-0.41666748824273214,0.8083618753205227,0.9296414095023968,0.6771792354160678,0.5034196757649939,0.9449511271644973
2023-10-31,100.4689,-0.5466184787138562,-0.7742988102069082,4.609848226872434,-0.005481179041073148,-0.11876029984013714,0.8150823660515012,-0.6665340783546737,-0.538661459757199,0.7754634474126816,0.9170242518130596,0.6403566941660696,0.48844935197794137,0.9349022166779299
2023-11-30,100.8639,0.39315648922202406,-0.09043615385835313,4.613772083360858,0.003923856488423638,0.08511899514500598,0.8442943882892507,0.27877484429476307,-0.3741275127866992,0.7990147141817098,0.926049563814668,0.6879624841349659,0.5086399108189413,0.942096012450488
2023-12-31,100.6031,-0.25856624619908786,0.8386591076755323,4.611183072300207,-0.00258901106065057,-0.056114845160804006,0.8250070581636678,-0.3767856227394149,-0.15059182316740163,0.7834752849652652,0.9200905730044922,0.654948436390582,0.5360707880173784,0.9373494533247495
2024-01-31,99.2223,-1.3725223179007373,-1.2762549126908995,4.597362787414553,-0.013820284885654566,-0.29971234429346794,0.7228907029588962,-1.49730133123074,-0.6594295964304281,0.7005249484465158,0.8885408241138057,0.5985192266399944,0.47362945484111557,0.9120120569955805
2024-02-29,100.285,1.0710293956096573,-0.3543266402759926,4.60801613243801,0.010653345023457383,0.23172730793883378,0.8014821359514444,0.9606394700763864,-0.43761824867523597,0.7644670858233952,0.9128223407318041,0.7223012102216739,0.5008487317800909,0.9315433493910721
2024-03-31,100.4575,0.17200977214937296,-0.557312624665296,4.609734752485671,0.0017186200476606572,0.03729631143352119,0.814239284903373,0.05632588364350319,-0.48645566490379777,0.7747823660423505,0.9167637744540256,0.6767599467994643,0.49485571487287494,0.9346941785995231
2024-04-30,100.2434,-0.2131249533384838,-0.9971062585799939,4.607601228607962,-0.0021335238777089316,-0.04628300742376412,0.7984056293056457,-0.3310767444829491,-0.59226782143659,0.7619768034153135,0.9118718268602424,0.6572503370770713,0.48187112043564617,0.9307826861437238
2024-05-31,100.863,0.6180955554181189,-0.06499644303002983,4.61376316040611,0.006161931798148501,0.13373405146022144,0.8442278292512405,0.5050384856797172,-0.3680068451445714,0.7989611579703022,0.9260289998126392,0.6993571289238677,0.5093910001986712,0.9420796535662301
2024-06-30,100.894,0.030734759029571457,0.7734749239909133,4.614070460774811,0.000307300368700858,0.00666051459550232,0.8465204183382543,-0.08578104089279333,-0.16627481290534987,0.8008055967215273,0.9267373154380818,0.6696034371754569,0.5341462713268281,0.9426430421865284
2024-07-31,99.9757,-0.9101631415148637,-0.9226344732312097,4.604927156458808,-0.009143304316003409,-0.19816135002125312,0.7786080132219866,-1.0322195086467698,-0.5743502810246012,0.7459268314731297,0.9057551787011777,0.6219407632761134,0.4840698469637293,0.9258801804127277
2024-08-31,100.4309,0.45531064048562886,-0.4050008280501727,4.609469928830792,0.004542772371983972,0.09865025477358014,0.8122720955577422,0.3412949962181937,-0.44981020571018854,0.7731928755599119,0.9161559939496138,0.6911110011435101,0.49935261240513124,0.9342086645919245
2024-09-30,99.8084,-0.619829156166074,-1.2004422838397089,4.603252348112136,-0.006217580718655746,-0.13488710881410793,0.7662354276007829,-0.740175863877858,-0.641189455754084,0.7358745122112424,0.9019325592129015,0.6366480913056147,0.4758677688205394,0.9228096733134805
2024-10-31,99.4695,-0.33955057890919793,-0.9947356843759692,4.59985106451049,-0.0034012836016454884,-0.07388870616751309,0.7411722520656596,-0.45824683943241046,-0.5916974730972652,0.7154597652153208,0.8941890700044326,0.6508460467065531,0.4819411099540224,0.9165739356745082
2024-11-30,99.2925,-0.17794399288223461,-1.5579409481489392,4.5980700394977845,-0.001781025012705939,-0.038719188680846894,0.7280823079236811,-0.2956886175787875,-0.7272018527309111,0.704769925941051,0.8901448162720664,0.6590324843692712,0.4653128748658745,0.9133086964270927
2024-12-31,100.3273,1.0421733766397212,-0.2741466217243804,4.6084378413823455,0.01036780188456099,0.22548159979078886,0.8046104107379172,0.9316135296809586,-0.4183273358026069,0.766998213013248,0.9137888488271664,0.720839462861624,0.5032159898360911,0.9323164887833926
2025-01-31,100.0647,-0.261743314132834,0.849002693950851,4.605816976773828,-0.0026208646085175147,-0.05687099834531528,0.7851899625363149,-0.37998139914132323,-0.14810320785859807,0.7512675965284699,0.9077887300129326,0.6547874969806899,0.5363761750499646,0.9275115310086051
2025-02-28,101.0993,1.033931046612846,0.8119858403550007,4.6161032021646715,0.010286225390843562,0.22333117973889482,0.8617032744532159,0.9233226639059956,-0.15700927835391423,0.8130062556616,0.9314281927898038,0.7204219345750645,0.5352832787590246,0.9463697652357084
2025-03-31,101.0404,-0.05825955273676131,0.5802453773984029,4.615520436862586,-0.0005827653020853418,-0.012624615970713293,0.8573473551878912,-0.17529940416920273,-0.21276487882288622,0.8095084567146617,0.9300823931014628,0.665095289311421,0.5284413063107133,0.9453013534375447
2025-04-30,101.2408,0.19833650698135585,0.9949782230052051,4.617501837660717,0.0019814007981304727,0.04292908730954004,0.8721678343181309,0.0828076459696063,-0.11298222306223253,0.8214009657579481,0.9346613108865827,0.6780935692641389,0.5406859987862906,0.9489339512981907
2025-05-31,101.1357,-0.10381190192095824,0.2703667350762995,4.616463179422743,-0.0010386582379737774,-0.02249394314264297,0.8643952177682896,-0.22111999271503655,-0.2873201358321662,0.8151668648634487,0.9322598924274204,0.6627877628909039,0.519292359657038,0.9470297289435994
2025-06-30,101.565,0.424479189840965,0.6650544135429204,4.620698987605718,0.004235808182975198,0.09175440198150309,0.8961438788990894,0.3102819916298282,-0.19236024738690807,0.8405904879735177,0.9420689213952447,0.6895491851621267,0.530945232820851,0.9547954408369748
2025-07-31,101.3472,-0.21444395214886836,1.3718333555053919,4.618552245481348,-0.002146742124369716,-0.04645925064861167,0.8800365917006545,-0.33240351034388615,-0.0223127563049439,0.8277055884863673,0.9370924329042312,0.6571835211025254,0.5518123787057693,0.9508597147306244
2025-08-31,101.2704,-0.07577910391209919,0.8358981150223599,4.617794167173463,-0.0007580783078857678,-0.016413764911449302,0.8743568871237953,-0.19292212089599076,-0.15125610423987398,0.823155548362957,0.9353376380644247,0.6642078086888691,0.5359892716717994,0.9494698931246042
