date,value,pct_change_mom,pct_change_yoy,zscore_value,zscore_pct_change_mom,zscore_pct_change_yoy,minmax_value,minmax_pct_change_mom,minmax_pct_change_yoy
1990-01-05,0.03127,45.78088578088577,-91.43850618771219,0.03126995570827388,0.44538510647554974,-0.04798333042841547,0.18037676359119714,0.5666875595211318,0.13252646731011317
1990-01-12,0.04299,37.48001279181325,-87.25013345987307,0.04298995612624774,0.36654971190352725,-0.046340238151912835,0.18224306506576643,0.5652902924768727,0.13255433443298203
1990-01-19,0.05286,22.958827634333566,-82.15575735070722,0.05285995647824448,0.22863851111171526,-0.04434172212134731,0.18381477117105638,0.5628459744526311,0.13258822960282468
1990-01-26,0.06005,13.601967461218312,-75.62609083898202,0.060049956734663595,0.13977415134210458,-0.041780143840063635,0.18495971209274178,0.5612709554907888,0.13263167440365764
1990-02-02,0.06187,3.030807660283097,-68.04235537190083,0.0618699567995708,0.03937729488041487,-0.038805055904318,0.18524953023981658,0.5594915362382731,0.1326821323981579
1990-02-09,0.059,-4.638758687570721,-58.45655541473032,0.05899995669721713,-0.03346242812526373,-0.03504456110187665,0.18479250931558328,0.5582005356030721,0.13274591102593558
1990-02-16,0.05315,-9.91525423728813,-44.9679022571961,0.05314995648858684,-0.08357458008411099,-0.029752982901050735,0.18386095098570018,0.5573123551248857,0.13283565708706774
1990-02-23,0.04649,-12.530573847601145,-22.876575978765768,0.046489956251069275,-0.10841290175008457,-0.021086589066394205,0.18280040765629477,0.5568721243315095,0.13298264059205664
1990-03-02,0.0418,-10.088191008819102,18.817509948834555,0.041799956083808404,-0.08521700234952856,-0.004730062316010745,0.18205356858498678,0.5572832450720131,0.13326005005175628
1990-03-09,0.04092,-2.1052631578947323,92.83694627709707,0.040919956052424704,-0.009401209505078799,0.024307650429481558,0.18191343673365395,0.5586269931353166,0.133752534570418
1990-03-16,0.04643,13.465298142717508,164.5584045584046,0.046429956248929476,0.13847616983292066,0.052443869868175355,0.1827908532118857,0.5612479502556823,0.134229729610147
1990-03-23,0.05735,23.51927632995907,167.36596736596735,0.05734995663837269,0.23396122766395933,0.053545272504631355,0.18452976209433422,0.562940313505093,0.13424840958511688
1990-03-30,0.0725,26.41673931996513,131.85161496642147,0.07249995717867165,0.2614791331150681,0.03961304585612283,0.18694225930762126,0.5634280368509658,0.13401211666511265
1990-04-06,0.0893,23.172413793103463,107.72272621539894,0.08929995777781506,0.23066699042032698,0.030147319350007747,0.18961750374215738,0.562881926924275,0.13385157634284256
1990-04-13,0.10213,14.367301231802898,93.20847521755582,0.10212995823537517,0.14704271090960508,0.02445340067002424,0.1916605624382942,0.5613997823812741,0.13375500651914507
1990-04-20,0.10902,6.746303730539505,81.548709408826,0.1090199584810953,0.07466425796430504,0.01987929220570008,0.19275773113793432,0.5601169572293999,0.1336774288660736
1990-04-27,0.10637,-2.4307466519904564,71.92500404073057,0.10636995838658757,-0.012492404818812182,0.016103927167972737,0.1923357431765343,0.5585722052400737,0.13361339803659078
1990-05-04,0.09179,-13.706872238413093,55.576271186440685,0.09178995786661667,-0.11958449152096438,0.009690344034614043,0.19001401318513328,0.5566741207025104,0.1335046225820633
1990-05-11,0.06609,-27.998692668046633,24.346190028222004,0.06608995695006992,-0.25531736012476924,-0.002561169495819409,0.1859215261632536,0.5542684111205082,0.13329683484076302
1990-05-18,0.03096,-53.15478892419427,-33.40503334050332,0.030959955697218256,-0.4942308788421259,-0.025216886940691394,0.18032739896175037,0.5500339427330029,0.13291259004164377
1990-05-25,-0.0103,-133.2687338501292,-124.64114832535884,-0.010300045774249414,-1.2550923529631806,-0.06100867664300469,0.17375712602312177,0.5365485448503999,0.13230555523562856
1990-06-01,-0.05364,420.7766990291262,-231.0850439882698,-0.053640047319896744,4.0068108672598575,-0.10276645566827648,0.16685563234497916,0.6298097506782137,0.13159733624180178
1990-06-08,-0.09384,74.94407158836691,-302.110704286022,-0.09384004875356133,0.7223549219559896,-0.13062971461202988,0.16045415459091056,0.5715965321663029,0.13112477065822667
1990-06-15,-0.1269,35.230179028132994,-321.2728857890148,-0.12690004993258996,0.34518249754972596,-0.13814700938840788,0.1551896557215198,0.564911583083633,0.13099727606758754
1990-06-22,-0.14994,18.15602836879431,-306.8137931034483,-0.14994005075427233,0.18302516711194003,-0.1324747292307756,0.15152074906844168,0.562037530191074,0.1310934788982867
1990-06-29,-0.16009,6.76937441643326,-279.2721164613662,-0.16009005111625482,0.07488336583740174,-0.12167017120475546,0.14990445555590942,0.5601208406654108,0.131276726029541
1990-07-06,-0.15687,-2.0113686051596025,-253.59835503769705,-0.15687005100141901,-0.00850947027201476,-0.11159839348936434,0.1504172107391955,0.5586427981915252,0.13144754508280826
1990-07-13,-0.14147,-9.81704596162427,-229.76518070078882,-0.14147005045220423,-0.08264187238307877,-0.10224867529995232,0.1528695181375203,0.5573288863002499,0.13160611788440918
1990-07-20,-0.11457,-19.01463207747226,-207.70894049073988,-0.1145700494928615,-0.16999356798275445,-0.09359604567677278,0.15715309404758113,0.5557806775777062,0.13175286794604382
1990-07-27,-0.07792,-31.989176922405516,-184.88942150561064,-0.07792004818580162,-0.2932159523740377,-0.08464398294635878,0.16298926717411383,0.5535967019946619,0.13190469644381356
1990-08-03,-0.03388,-56.51950718685832,-151.26342865789076,-0.03388004661518998,-0.5261864204110673,-0.07145255688950773,0.17000222937036213,0.5494675673712999,0.13212842526050825
1990-08-10,0.01628,-148.05194805194805,-47.41602067183462,0.01627995517368104,-1.3954921068417585,-0.030713376046655926,0.1779897448963343,0.5340601200739197,0.1328193686569085
1990-08-17,0.06866,321.74447174447175,-766.6019417475728,0.06865995704172459,3.0662778987865895,-0.312848923447815,0.18633077486544156,0.6131398814142723,0.12803430206171706
1990-08-24,0.12321,79.4494611127294,-329.6979865771812,0.12320995898715749,0.7651436938503852,-0.14145216366509863,0.19501735724067645,0.5723549141235054,0.1309412200921281
1990-08-31,0.17709,43.73021670318968,-288.71483375959076,0.17708996090869597,0.4259094072220331,-0.12537453489683673,0.2035972483200102,0.5663423750658682,0.1312138993948872
1990-09-07,0.23064,30.23886159579876,-281.74940898345153,0.23063996281846558,0.2977787510124295,-0.12264200930851854,0.2121245899550941,0.5640714059884265,0.13126024349095594
1990-09-14,0.28178,22.173083593479003,-287.9285047352274,0.2817799646422866,0.2211761102805099,-0.12506605921172553,0.2202681614064142,0.5627137119478375,0.13121913119467227
1990-09-21,0.32967,16.995528426431996,-305.92791554750454,0.32966996635020196,0.17200361901966346,-0.13212720080752346,0.22789420045224368,0.5618421858789201,0.13109937303911476
1990-09-28,0.37308,13.167713167713169,-337.8275004781029,0.37307996789834574,0.13564993348957988,-0.14464135965368408,0.2348068409821969,0.5611978584546167,0.1308871307888444
1990-10-05,0.40637,8.923019191594284,-387.2481798261115,0.40636996908557693,0.09533705014763046,-0.16402901729849936,0.24010796522182237,0.5604833587852923,0.13055831283658792
1990-10-12,0.42994,5.800132883825082,-475.2640307235751,0.42993996992616085,0.06567824503151223,-0.19855750227744765,0.24386126946718048,0.5599576904457624,0.12997270389231544
1990-10-19,0.4443,3.3400009303623746,-670.2002053388089,0.4442999704382858,0.0423137780042745,-0.27503066828588646,0.24614796649574824,0.5595435820372098,0.12867570606461806
1990-10-26,0.44932,1.1298672068422277,-1426.2101534828807,0.44931997061731554,0.021323604515291618,-0.5716122257241988,0.24694735501130607,0.5591715552613098,0.12364563269626631
1990-11-02,0.44963,0.06899314519717148,2661.855036855037,0.4496299706283712,0.011248227461443105,1.0321295557645234,0.24699671964075287,0.55899298074675,0.15084536451525274
1990-11-09,0.4488,-0.184596223561595,553.6556947276434,0.44879997059877064,0.0088398280109654,0.20508614738940756,0.2468645498264276,0.5589502946258796,0.13681856844987766
1990-11-16,0.44873,-0.015597147950074941,264.19933446960476,0.44872997059627423,0.010444853027693175,0.09153285573431616,0.24685340297461703,0.5589787418553666,0.1348926854206817
1990-11-23,0.45299,0.9493459318521191,155.79648766164098,0.45298997074819985,0.019609150389656344,0.04900658314229751,0.2475317685276601,0.5591411685262442,0.1341714326460048
1990-11-30,0.46369,2.3620830481908994,101.04491848768645,0.46368997112979715,0.03302625581214916,0.027527625494099463,0.24923564444727536,0.5593789713474006,0.13380714589203618
1990-12-07,0.47672,2.8100670706722175,69.18163105969197,0.4767199715944899,0.03728086821505771,0.015027706103226162,0.2513105512914424,0.5594543794775806,0.1335951451453355
1990-12-14,0.49197,3.1989427756335065,49.23104923104922,0.49196997213835525,0.04097411465798661,0.007201123073379882,0.25373897257874456,0.5595198380392971,0.13346240497361458
1990-12-21,0.50733,3.1221415939996167,35.984239305242816,0.5073299726861434,0.04024471529653682,0.0020044196060119393,0.25618491034746327,0.5595069102713143,0.1333742680040059
1990-12-28,0.51492,1.496067648276278,26.712109653763825,0.514919972956828,0.024801498506791884,-0.0016330228106605225,0.2573935475652091,0.5592331969475617,0.13331257636549995
1991-01-04,0.50784,-1.3749708692612606,18.11880727543378,0.5078399727043318,-0.002465447350530053,-0.0050041623163774385,0.2562661231249403,0.5587499215729553,0.13325540126939767
1991-01-11,0.48688,-4.12728418399495,9.583614674769292,0.486879971956829,-0.028604831297073904,-0.008352505444341981,0.25292843721137614,0.5582866309413295,0.13319861280371706
1991-01-18,0.44754,-8.080019717384157,-0.39615418855158957,0.4475399705538349,-0.06614491483091554,-0.012267553651874345,0.24666390649383738,0.5576212759717081,0.1331322129240529
1991-01-25,0.38825,-13.247977834383518,-13.651224340012902,0.38824996843935794,-0.11522626059077316,-0.01746749759325396,0.23722252301028693,0.556751365352367,0.133044020995457
1991-02-01,0.31934,-17.74887314874436,-28.845811051693392,0.3193399659818001,-0.1579723498879003,-0.02342831094319006,0.22624924360648427,0.5559937398952982,0.13294292459302318
1991-02-08,0.24398,-23.598672261539434,-45.62877454148374,0.24397996329421398,-0.21352930417829416,-0.030012242097074555,0.21424886142870792,0.5550090565340898,0.13283126000726045
1991-02-15,0.16846,-30.953356832527255,-62.81154109362237,0.16845996060092172,-0.2833785189379787,-0.036753015386688806,0.2022230007325074,0.5537710592312169,0.13271693535235254
1991-02-22,0.09737,-42.19992876647275,-79.00105674049472,0.09736995806561788,-0.39018992746843173,-0.043104137850762926,0.19090257651517564,0.5518779493926641,0.13260921924133873
1991-03-01,0.03325,-65.85190510424155,-93.02525591542205,0.033249955778887216,-0.6148184562329085,-0.048605809942956615,0.18069206025669607,0.5478966660852499,0.13251590995228052
1991-03-08,-0.0241,-172.4812030075188,-104.8986726832937,-0.024100046266402927,-1.6275026382711932,-0.053263733354909484,0.1715596038090385,0.5299479992270935,0.1324369107835235
1991-03-15,-0.07394,206.80497925311207,-114.5743401730629,-0.0739400480438617,1.974669792700291,-0.05705948305425622,0.16362304531991462,0.5937923784283263,0.13237253422673242
1991-03-22,-0.11635,57.357316743305354,-122.59574302804319,-0.11635004955634215,0.5553292658259625,-0.06020626724328757,0.15686964553011243,0.5686361937786638,0.1323191642347413
1991-03-29,-0.15233,30.923936398796737,-129.99566792690612,-0.15233005083950762,0.3042850717905927,-0.06310924657156101,0.15114016369948088,0.5641867230696952,0.1322699292144179
1991-04-05,-0.18183,19.365850456246303,-137.34595793624715,-0.18183005189157492,0.19451513952228558,-0.06599275420786291,0.14644256186502755,0.5622411767875752,0.13222102443728315
1991-04-12,-0.20592,13.24863883847549,-146.01152969566965,-0.20592005275070377,0.1364185041199162,-0.06939224488230732,0.14260645243479092,0.5612114804884605,0.13216336850056482
1991-04-19,-0.22548,9.498834498834508,-158.0759819703799,-0.2254800534482779,0.10080570711981304,-0.07412511123420866,0.13949170355743815,0.5605802844644884,0.13208309828687284
1991-04-26,-0.2392,6.084796877771859,-174.90449051168034,-0.23920005393757832,0.06838176769868044,-0.08072690964280803,0.13730692060256697,0.5600056072875155,0.13197113066944868
1991-05-03,-0.24785,3.6162207357859577,-201.58619558980243,-0.24785005424606582,0.044937104174647406,-0.09119410212698835,0.13592948820026116,0.5595900774879411,0.13179360531483508
1991-05-10,-0.25142,1.4403873310470106,-249.24611183663777,-0.2514200543733838,0.02427268909307802,-0.10989101507445162,0.13536099875792224,0.5592238244065794,0.13147650250945586
1991-05-17,-0.25002,-0.5568371649033343,-356.7731334086475,-0.2500200543234552,0.005304565933691284,-0.15207370275312265,0.13558393579413358,0.5588876361560361,0.13076107699301215
1991-05-24,-0.24567,-1.7398608111351188,-838.8571428571428,-0.24567005416831986,-0.005930895211358257,-0.3411945293895121,0.13627663301379023,0.5586885004801097,0.12755355579148825
1991-05-31,-0.24053,-2.092237554442955,898.0497925311204,-0.2405300539850105,-0.009277502204772992,0.3401914302628186,0.13709513041816618,0.5586291857054787,0.13910997689474203
1991-06-07,-0.23802,-1.043528873737154,221.90965647822557,-0.23802005389549563,0.0006823372896251245,0.07494267911952672,0.1374948246759451,0.5588057124491727,0.1346113132197698
1991-06-14,-0.24095,1.230988992521631,107.09067468844005,-0.2409500539999891,0.022283982524250165,0.029899366493425752,0.13702824930730279,0.5591885768611792,0.1338473710204642
1991-06-21,-0.25218,4.660717991284513,65.54848027309133,-0.25218005440048796,0.054856946747232495,0.013602426553210369,0.13523997579540747,0.5597658953320218,0.13357097216314162
1991-06-28,-0.27192,7.8277420889840466,49.54627949183303,-0.2719200551044814,0.08493493910899048,0.007324787427168428,0.13209656358482755,0.5602989932852028,0.13346450234196738
1991-07-05,-0.30122,10.775228008237715,46.280108780108776,-0.30122005614941605,0.1129279243944823,0.006043473604618067,0.1274308098984044,0.5607951368768241,0.13344277104285704
1991-07-12,-0.33702,11.885000995949802,49.4678020223523,-0.3370200574261621,0.12346770635317846,0.007294000834770338,0.12172999140100003,0.560981942436237,0.13346398019615408
1991-07-19,-0.37731,11.954780131742915,57.738294314381264,-0.37731005886303637,0.12413041565018691,0.010538502432630352,0.11531418198031784,0.5609936881992368,0.13351900749192372
1991-07-26,-0.418,10.784235774296992,68.65039338309462,-0.41800006031417597,0.11301347332318298,0.014819302367426214,0.10883467626357529,0.560796653133569,0.13359161058273367
1991-08-02,-0.4557,9.01913875598086,81.25049717604011,-0.4557000616586823,0.09624992085345647,0.019762303998515876,0.10283130035988408,0.5604995383726444,0.13367544472629614
1991-08-09,-0.4883,7.1538292736449405,95.304375649948,-0.48830006282130584,0.07853462642207908,0.025275619234740865,0.09764005223096278,0.5601855550758944,0.13376895148504606
1991-08-16,-0.5135,5.160761826745852,109.02023039036104,-0.5135000637200209,0.059605983761025765,0.030656328272360756,0.09362718557915858,0.5598500665719498,0.13386020922024294
1991-08-23,-0.53151,3.507302823758529,120.97451461356172,-0.531510064362317,0.04390268447181052,0.03534597586453961,0.09075925984903978,0.55957174358388,0.1339397464364614
1991-08-30,-0.54425,2.3969445541946577,128.6572556927989,-0.5442500648166673,0.03335734395008347,0.0383599035519584,0.08873053281951655,0.5593848395053059,0.13399086315971812
1991-09-06,-0.55146,1.3247588424437184,128.86905997094834,-0.5514600650737996,0.023174537424596024,0.038442994049431176,0.08758240708302814,0.5592043609264472,0.1339922723886065
1991-09-13,-0.55688,0.9828455373009914,120.82639384566578,-0.5568800652670948,0.019927304229264,0.03528786831167026,0.08671932227140992,0.5591468074385311,0.13393876092253829
1991-09-20,-0.56059,0.6662117511851751,106.1598999705796,-0.5605900653994056,0.016920156728496994,0.02953422498156478,0.08612853912544986,0.5590935091944764,0.13384117815867483
1991-09-27,-0.56367,0.5494211455787656,87.12900869796162,-0.5636700655092486,0.01581096815430638,0.022068435163681836,0.0856380776457849,0.559073850097836,0.13371455710084168
1991-10-04,-0.56671,0.5393226533255246,68.15322532787374,-0.566710065617665,0.01571506033564504,0.014624264092482922,0.08515398579572597,0.5590721502416351,0.1335883027006082
1991-10-11,-0.57144,0.8346420567838742,51.45106146139777,-0.5714400657863523,0.018519779999114392,0.008072030508427816,0.08440077709481195,0.5591218606842024,0.13347717571099005
1991-10-18,-0.57736,1.0359792804143897,38.1244019138756,-0.577360065997479,0.020431928213867488,0.002844002155418541,0.08345807191311826,0.5591557513204924,0.13338850746602365
1991-10-25,-0.58455,1.2453235416377995,28.275181040158003,-0.5845500662538983,0.02242012119750451,-0.0010198322735490931,0.08231313099143285,0.5591909897631836,0.13332297618070454
1991-11-01,-0.59339,1.5122743991104137,21.521605570346082,-0.5933900665691617,0.024955417931703156,-0.0036692496999085338,0.08090544284849838,0.5592359249930172,0.13327804161311685
1991-11-08,-0.60288,1.5992854615008767,17.40603700097372,-0.6028800669076064,0.02578178299531913,-0.005283781015329815,0.07939424822446577,0.5592505713669739,0.13325065888897777
1991-11-15,-0.61255,1.603967622080682,15.247126112396758,-0.6125500672524706,0.02582625060459883,-0.006130718486558257,0.07785439026720596,0.5592513595044002,0.13323629468624218
1991-11-22,-0.62209,1.557423883764586,14.302250803858518,-0.6220900675926985,0.02538421348635395,-0.006501391638782271,0.0763352336061658,0.5592435249029369,0.1332300080068968
1991-11-29,-0.6321,1.6090919320355557,14.623000761614623,-0.632100067949688,0.025874917413226506,-0.00637556191623284,0.0747412337972547,0.5592522220678238,0.13323214210027
1991-12-06,-0.64252,1.648473342825496,15.378537566441587,-0.6425200683212996,0.02624893217800063,-0.006079165972201103,0.0730819452848817,0.5592588510510074,0.1332371690256036
1991-12-13,-0.65297,1.6264085164664266,16.479066697586475,-0.6529700686939811,0.026039377195714995,-0.005647430061155944,0.07141787955030415,0.5592551369290408,0.13324449133966473
1991-12-20,-0.66083,1.2037306461246233,17.237035854311934,-0.6608300689742946,0.022025103428470978,-0.005350079909159001,0.0701662473327176,0.5591839885258135,0.1332495344485268
1991-12-27,-0.66772,1.042628209978358,17.823931111150305,-0.6677200692200147,0.020495074702959304,-0.0051198417889416845,0.0690690786330775,0.5591568705196625,0.1332534393259807
1992-01-03,-0.66962,0.2845504103516472,17.181156376872476,-0.669620069287775,0.013295426843205711,-0.005372001343511179,0.06876652122679067,0.5590292650102422,0.13324916265729309
1992-01-10,-0.67035,0.10901705444879006,16.106069003741162,-0.6703500693138091,0.011628344189204136,-0.005793756491427283,0.06865027548648046,0.5589997178802363,0.13324200961866242
1992-01-17,-0.66745,-0.4326098306854598,14.181849285775371,-0.6674500692103856,0.006484382914699075,-0.0065486249719397234,0.06911207363291826,0.5589085470602659,0.13322920692157894
1992-01-24,-0.664,-0.5168926511349148,11.899425335782542,-0.6640000690873472,0.005683928623382648,-0.007444016430061617,0.06966145418643906,0.5588943599250614,0.13321402093103168
1992-01-31,-0.66146,-0.3825301204819276,9.716693205944814,-0.6614600689967625,0.0069600020115272426,-0.008300298938151778,0.0700659256664225,0.5589169768638235,0.13319949823489058
1992-02-07,-0.65947,-0.30084963565446543,7.659782874867349,-0.6594700689257925,0.007735741293249051,-0.0091072217451856,0.07038281473932291,0.5589307259537997,0.1331858126876265
1992-02-14,-0.65862,-0.12889138247380583,5.8721406870388515,-0.6586200688954786,0.009368870333683598,-0.009808511067515485,0.07051816936845123,0.5589596712949071,0.13317391870212644
1992-02-21,-0.65848,-0.021256566760807782,4.1733902863470895,-0.6584800688904858,0.010391104161088446,-0.01047492827640664,0.07054046307207237,0.558977789218288,0.13316261615356742
1992-02-28,-0.65977,0.19590572226946268,2.684741331009155,-0.6597700689364915,0.01245354684204529,-0.011058923006551254,0.07033504251727764,0.5590143436517937,0.1331527115041862
1992-03-06,-0.66268,0.44106279461024744,1.4870514725025652,-0.6626800690402718,0.014781862737921576,-0.011528774923759446,0.06987165196343832,0.5590556103834133,0.13314474273621482
1992-03-13,-0.66727,0.6926419991549526,0.9745320279042957,-0.6672700692039663,0.017171171173613404,-0.0117298355255009,0.06914073696614542,0.5590979581379198,0.1331413327144084
1992-03-20,-0.67538,1.2154000629430284,1.1471874438387264,-0.6753800694931955,0.022135930696942068,-0.011662103067371614,0.06784929456352114,0.5591859528121683,0.13314248146835236
1992-03-27,-0.68727,1.7604903905949376,2.635823302768747,-0.6872700699172322,0.02731278512109737,-0.011078113474927985,0.06595592216312622,0.5592777066255293,0.1331523860305973
1992-04-03,-0.70259,2.229109374772653,4.809427910792885,-0.7025900704635939,0.03176337273642702,-0.010225411679818748,0.06351635402401351,0.5593565881918137,0.1331668479972407
1992-04-10,-0.72151,2.6928934371397206,8.09948310734887,-0.7215100711383434,0.03616804193219176,-0.008934728010049582,0.06050351922035735,0.5594346559067217,0.13318873821054442
1992-04-17,-0.74236,2.8897728375213205,11.80120481927711,-0.7423600718819232,0.03803785312345068,-0.007482548189900345,0.057183349788209825,0.5594677961677772,0.13321336742586878
1992-04-24,-0.76471,3.0106686782692904,15.609409488102077,-0.7647100726789979,0.03918603010676668,-0.00598859526706298,0.05362431924583586,0.5594881462892991,0.13323870512007893
1992-05-01,-0.78752,2.982830092453348,19.417107677377277,-0.7875200734924778,0.038921640337158586,-0.004494841035385763,0.04999203796299247,0.5594834602835536,0.1332640394444534
1992-05-08,-0.80905,2.733898821617231,22.84018098448273,-0.8090500742603086,0.036557479967096955,-0.0031519745623464694,0.04656358482754228,0.5594415582496973,0.13328681468692508
1992-05-15,-0.82908,2.475743155552812,25.908152107884842,-0.8290800749746445,0.034105713288823065,-0.001948414138058285,0.04337399280231855,0.5593981034944016,0.1333072272752522
1992-05-22,-0.84747,2.218121291069597,28.449308092213954,-0.8474700756304925,0.03165901625302327,-0.0009515224947985964,0.04044555559094241,0.5593547385927103,0.13332413472610388
1992-05-29,-0.86347,1.8879724356024363,30.29969215911148,-0.8634700762011052,0.028523512876147315,-0.00022561962835255291,0.037897703748527044,0.5592991653878135,0.1333364461614745
1992-06-05,-0.87812,1.6966426164197967,31.598902992791512,-0.8781200767235726,0.0267064073971798,0.0002840588136302261,0.03556482690531547,0.5592669592751216,0.13334509039404102
1992-06-12,-0.89254,1.6421445816061642,32.15375048121059,-0.8925400772378373,0.026188826404965077,0.0005017246428432374,0.033268575432338625,0.5592577857450456,0.13334878204331344
1992-06-19,-0.90625,1.5360656105048553,31.862295749850844,-0.9062500777267811,0.025181368809411596,0.0003873873932321191,0.031085384884868957,0.5592399297134446,0.1333468428642247
1992-06-26,-0.91887,1.3925517241379248,30.783244851193437,-0.918870078176852,0.023818382786954032,-3.59226397438453e-05,0.029075766744163845,0.5592157723478183,0.1333396634544805
1992-07-03,-0.92963,1.17100351518713,28.845061052514854,-0.929630078560589,0.02171428596576989,-0.0007962692079668523,0.027362336380139515,0.5591784796424019,0.13332676784810304
1992-07-10,-0.93731,0.8261351290298258,26.260843795463117,-0.9373100788344831,0.018438987652698663,-0.0018100537232855712,0.02613936749578014,0.559120428732429,0.13330957389128456
1992-07-17,-0.94236,0.5387758585740032,23.231028755999006,-0.9423600790145829,0.015709867293895955,-0.0029986455736444573,0.02533520175801779,0.55907205820092,0.13328941517250256
1992-07-24,-0.94396,0.1697864934844473,19.86489232019504,-0.9439600790716441,0.012205486221205254,-0.00431917579832126,0.025080416573776246,0.5590099470615012,0.1332670187565803
1992-07-31,-0.94236,-0.16949870757235752,16.477349978369695,-0.9423600790145829,0.008983212764790183,-0.005648103527504168,0.02533520175801779,0.5589528359563601,0.13324447991756158
1992-08-07,-0.93727,-0.5401332823973815,13.04940415882665,-0.9372700788330567,0.005463206738095236,-0.006992881479791752,0.026145737125386165,0.5588904478825337,0.13322167225607862
1992-08-14,-0.92924,-0.8567435210771857,9.648719128700733,-0.9292400785466803,0.0024562828730122863,-0.008326965065686172,0.02742444026879839,0.5588371536021653,0.13319904597285817
1992-08-21,-0.91764,-1.248331970212213,6.273524268359076,-0.9176400781329861,-0.0012627271561793034,-0.009651048896587236,0.02927163285454952,0.5587712384104007,0.13317658928717344
1992-08-28,-0.90249,-1.6509742382633696,2.7752471188448036,-0.9024900775926872,-0.0050867179719613995,-0.011023417723083262,0.03168413006783657,0.5587034625544739,0.13315331367979802
1992-09-04,-0.88382,-2.068720983057981,-0.9769870257915536,-0.8838200769268534,-0.009054159649531377,-0.012495413494066677,0.034657154686454986,0.5586331441963788,0.1331283483825965
1992-09-11,-0.8622,-2.4461994523771957,-4.860689655172412,-0.8622000761558128,-0.012639163794324155,-0.014018984152464338,0.03809993948851876,0.5585696041053797,0.13310250836658266
1992-09-18,-0.83634,-2.999304105775924,-8.981684024943682,-0.8363400752335599,-0.017892132204720534,-0.015635644001163,0.04221790502882259,0.5584765012588191,0.13307508954215924
1992-09-25,-0.80704,-3.5033598775617514,-13.186966857782123,-0.8070400741886253,-0.02267927154625153,-0.01728537008624111,0.046883658715245725,0.5583916546987872,0.1330471099087751
1992-10-02,-0.7758,-3.8709357652656595,-17.231225528373738,-0.7758000730745039,-0.026170228483003412,-0.018871926636392325,0.05185833943756171,0.5583297814867975,0.13302020164138575
1992-10-09,-0.74546,-3.910801753029136,-20.894350354429303,-0.7454600719924794,-0.026548845392269996,-0.020308964956681025,0.05668970349374185,0.5583230709358756,0.13299582922845954
1992-10-16,-0.71828,-3.64607088240817,-23.90779270308063,-0.7182800710231511,-0.024034632409096666,-0.02149113382523573,0.061017866811044943,0.5583676324803786,0.1329757794445351
1992-10-23,-0.69736,-2.912513226039992,-25.998556814805383,-0.6973600702770748,-0.017067858268925783,-0.022311337419135116,0.06434918309500304,0.558491110569931,0.1329618686528799
1992-10-30,-0.68538,-1.7179075369966768,-26.874859965644916,-0.6853800698498285,-0.005722399667440143,-0.02265510981776837,0.06625688716201154,0.5586921958247447,0.13295603821486454
1992-11-06,-0.6841,-0.18675771105080008,-26.38069820498471,-0.6841000698041796,0.008819299842506697,-0.02246125090762724,0.06646071530940476,0.5589499307876136,0.13295932609476355
1992-11-13,-0.69263,1.2468937289869864,-24.52050913212154,-0.6926300701083874,0.022435033645796167,-0.021731501552193687,0.06510239179591708,0.5591912540692439,0.13297170276723788
1992-11-20,-0.71131,2.6969666344224263,-21.183614222872283,-0.7113100707745779,0.036206726070037804,-0.020422442734088664,0.06212777476989714,0.5594353415387432,0.13299390462616476
1992-11-27,-0.73929,3.933587324795096,-16.352877282704625,-0.7392900717724369,0.04795121128138773,-0.018527351950155375,0.05767221886047327,0.5596434990830378,0.13302604568633453
1992-12-04,-0.7744,4.749151212649982,-10.18325214567386,-0.7744000730245753,0.05569681839793713,-0.016107017354766637,0.052081276473773065,0.5597807810947596,0.1330670949703693
1992-12-11,-0.81345,5.0426136363636465,-2.7369251739723044,-0.813450074417227,0.058483901876504325,-0.01318583456360937,0.045862925570878066,0.559830178956156,0.13311663872450158
1992-12-18,-0.85138,4.662855737906457,5.494151467089625,-0.851380075769936,0.05487724944294388,-0.009956795665916127,0.03982292429695214,0.5597662551740418,0.13317140377026151
1992-12-25,-0.88591,4.055768282083205,14.193091002835768,-0.8859100770013897,0.04911159332670702,-0.006544214863366101,0.03432434153953949,0.5596640655252999,0.13322928171776613
1993-01-01,-0.91402,3.173008544886069,22.61154186676684,-0.9140200780038851,0.04072781100816717,-0.00324166934187942,0.029848084333895988,0.5595154725893029,0.1332852934482961
1993-01-08,-0.93442,2.2318986455438505,30.091329286629165,-0.9344200787314163,0.03178986311425897,-0.000307360067595224,0.026599573234816404,0.5593570577034098,0.13333505982980198
1993-01-15,-0.94879,1.5378523576122127,36.05454858322818,-0.9487900792438979,0.025198337978003183,0.0020320018292597332,0.024311283798847106,0.5592402304725157,0.13337473580317658
1993-01-22,-0.95741,0.9085255957588023,39.69039073214859,-0.9574100795513154,0.019221469803925712,0.0034583371966366463,0.02293862861874584,0.5591342973320417,0.13339892669221146
1993-01-29,-0.96098,0.37288100186962936,40.47361496857182,-0.9609800796786334,0.014134323793474351,0.0037655948781421377,0.022370139176406914,0.5590441334975316,0.13340413783444938
1993-02-05,-0.96166,0.07076109804575736,38.84180587037813,-0.9616600797028845,0.011265018136422288,0.003125438640816985,0.02226185547310426,0.5589932783422263,0.13339328067640907
1993-02-12,-0.96091,-0.07799014204603605,35.09018571368321,-0.9609100796761371,0.009852291701365189,0.0016536837363729155,0.022381286028217467,0.5589682393847761,0.13336831946434471
1993-02-19,-0.95965,-0.13112570375998223,29.806976964384745,-0.9596500796312013,0.009347650445073295,-0.000418911052869269,0.022581929360807683,0.5589592951966939,0.13333316790622762
1993-02-26,-0.96051,0.08961600583545781,24.032799586776864,-0.9605100796618716,0.011444087747194182,-0.0026841120912683876,0.02244498232427786,0.5589964521459109,0.13329474971355365
1993-03-05,-0.96268,0.22592164579233742,18.34531931895014,-0.9626800797392611,0.012738615313456016,-0.00491530198483083,0.02209942991815028,0.5590193961638363,0.13325690835564763
1993-03-12,-0.96672,0.4196617775377165,13.547417134534513,-0.9667200798833407,0.014578612112670884,-0.006797511743821321,0.02145609732794039,0.5590520079989523,0.13322498575983918
1993-03-19,-0.97244,0.5916914928831396,9.767357858021697,-0.9724400800873348,0.016212419846534848,-0.008280423271889818,0.020545240294276908,0.559080965369123,0.1331998353295515
1993-03-26,-0.97939,0.714697050717783,7.15192227741186,-0.9793900803351947,0.01738063332229956,-0.009306454688250256,0.019438517150227732,0.5591016706145171,0.13318243366322033
1993-04-02,-0.98617,0.6922676359774949,5.538194816035613,-0.986170080576992,0.017167615756147437,-0.00993951752684234,0.01835886493200422,0.5590978951222189,0.13317169681042207
1993-04-09,-0.99239,0.6307228976748513,4.595326679244094,-0.9923900807988176,0.016583110519853863,-0.01030940326863062,0.017368387528265247,0.5590875354365941,0.13316542348569085
1993-04-16,-0.99682,0.44639708179243787,4.116313804952942,-0.9968200809568061,0.01483252375096467,-0.010497319293596999,0.016662951049396486,0.5590565082918254,0.13316223639812938
1993-04-23,-0.99845,0.16351999357957503,3.8991446231971594,-0.9984500810149372,0.012145971758902736,-0.010582514434627682,0.016403388642950434,0.5590088922358447,0.13316079147413035
1993-04-30,-0.99814,-0.03104812459311379,3.79344050911965,-0.9981400810038816,0.01029811137271537,-0.010623981998457637,0.01645275327239722,0.5589761410276592,0.1331600881772353
1993-05-07,-0.99494,-0.3205963091349906,3.5414346817079556,-0.994940080889759,0.007548202368443019,-0.010722843502807904,0.01696232364088029,0.5589274020412276,0.1331584114694033
1993-05-14,-0.99063,-0.43319195127344834,3.228260303235553,-0.9906300807360502,0.006478854374953558,-0.010845701337079974,0.017648651230930935,0.5589084490732332,0.13315632777975786
1993-05-21,-0.98711,-0.3553294368230264,2.7693621097125476,-0.9871100806105154,0.007218333470363096,-0.011025726403251121,0.01820917863626231,0.5589215554929517,0.13315327452419198
1993-05-28,-0.98582,-0.13068452350801785,2.4037063198570685,-0.9858200805645098,0.009351840440425203,-0.011169172615708906,0.01841459919105705,0.5589593694595608,0.13315084165217084
1993-06-04,-0.98815,0.236351463756046,2.2167742469380913,-0.9881500806476052,0.012837669812370257,-0.011242505784746672,0.01804356826650532,0.5590211517913393,0.1331495979092228
1993-06-11,-0.99582,0.7761979456560208,2.40426144543624,-0.9958200809211428,0.017964722167577777,-0.011168954840785112,0.016822191789547445,0.5591120229200881,0.1331508453456704
1993-06-18,-1.00842,1.2652889076339102,2.9640898926883263,-1.0084200813705004,0.022609737097922487,-0.010949334988967163,0.01481575846364534,0.5591943504877688,0.1331545701354966
1993-06-25,-1.02427,1.5717657325320822,3.863431254246219,-1.0242700819357635,0.025520421486159062,-0.010596524735167829,0.012291792732252633,0.5592459390336751,0.13316055385706393
1993-07-02,-1.04166,1.6977945268337402,4.964781990951139,-1.0416600825559483,0.02671734736844721,-0.010164466509506054,0.009522596261027432,0.5592671531735779,0.1331678816376355
1993-07-09,-1.05935,1.6982508688055509,6.272947974559084,-1.059350083186832,0.02672168135831247,-0.00965127497577199,0.006705627567756949,0.5592672299885827,0.1331765854528322
1993-07-16,-1.07495,1.4726011233303415,7.661875907656879,-1.0749500837431796,0.024578631254662805,-0.009106400651592834,0.0042214720214019605,0.5592292468808646,0.1331858266135127
1993-07-23,-1.08766,1.1823805758407469,8.968681748051388,-1.08766008419646,0.021822336657170472,-0.00859374269998103,0.0021975222140832563,0.5591803947171093,0.13319452137906637
1993-07-30,-1.09604,0.7704613574094799,10.161416768850362,-1.0960400844953184,0.01791024040421281,-0.008125834558099853,0.0008630848116182366,0.5591110572932543,0.1332024571802795
1993-08-06,-1.10056,0.41239370825882915,11.096978690328374,-1.1005600846565164,0.014509585504248834,-0.007758815033511466,0.00014331666613588375,0.5590507845814042,0.13320868189348234
1993-08-13,-1.10146,0.08177655011996077,11.58432190941232,-1.1014600846886136,0.011369634543853438,-0.007567631026901842,0.0,0.5589951325481853,0.1332119244065651
1993-08-20,-1.09922,-0.20336644090570566,11.503114158771389,-1.0992200846087279,0.00866156272579918,-0.007599488704463196,0.000356699257938154,0.558947135077945,0.13321138409496627
1993-08-27,-1.09431,-0.4466803733556679,10.743308202196022,-1.0943100844336209,0.006350751574392026,-0.007897559430258837,0.0011385712920793992,0.5589061785978652,0.13320632876505076
1993-09-03,-1.08757,-0.6159132238579557,9.213512482175478,-1.0875700841932503,0.004743506341094384,-0.00849769597385852,0.002211853880696866,0.5588776920175833,0.13319615034778365
1993-09-10,-1.07893,-0.7944316227920911,6.992126296582768,-1.0789300838851195,0.003048074012848295,-0.009369142409467441,0.003587693875601159,0.5588476424220826,0.13318137046886752
1993-09-17,-1.06792,-1.0204554512340924,4.261571655911034,-1.0679200834924665,0.0009014711529609956,-0.010440334858705564,0.005340934424663225,0.5588095963458307,0.13316320286378164
1993-09-24,-1.05511,-1.1995280545359144,1.2912082637328792,-1.0551100830356197,-0.0007992245879475473,-0.011605603917892683,0.007380808305997024,0.558779453462371,0.13314343970348197
1993-10-01,-1.04054,-1.3808986740718954,-1.7756171237079288,-1.0405400825160054,-0.0025217451437630684,-0.012808714871698832,0.00970094588999651,0.5587489237590726,0.13312303473825018
1993-10-08,-1.02479,-1.5136371499413714,-4.666263547141725,-1.0247900819543085,-0.0037823944915888644,-0.013942711084804356,0.012208987547374121,0.5587265801937534,0.13310380197070854
1993-10-15,-1.00766,-1.6715619785517166,-7.355239688873372,-1.0076600813433962,-0.005282244711271202,-0.014997592351892205,0.014936781426160084,0.5586999970670415,0.13308591100603026
1993-10-22,-0.98969,-1.7833396185221284,-9.703113025072074,-0.9896900807025267,-0.0063438239407085486,-0.015918659505078658,0.017798337526672845,0.5586811817914892,0.13307028955135275
1993-10-29,-0.97196,-1.7914700562802421,-11.684960383804599,-0.9719600800702165,-0.006421040670749828,-0.016696135221768413,0.020621675849549357,0.5586798132134191,0.13305710343172064
1993-11-05,-0.95646,-1.5947158319272514,-13.16434550505694,-0.9564600795174353,-0.004552418306451566,-0.017276495763834283,0.02308990732188925,0.5587129324038789,0.1330472604187838
1993-11-12,-0.94553,-1.1427555778600218,-13.98173250122815,-0.9455300791276354,-0.0002600426723265231,-0.017597155444238493,0.024830408611739244,0.5587890098440654,0.1330418219763782
1993-11-19,-0.9404,-0.5425528539549251,-14.064570368542729,-0.9404000789446828,0.005440227482939145,-0.017629652614101585,0.025647313608713664,0.5588900406015642,0.13304127081888178
1993-11-26,-0.94229,0.20097830710334996,-13.358220620281912,-0.9422900790120864,0.012501722404712735,-0.017352552677851237,0.02534634860982836,0.5590151975084455,0.1330459704806603
1993-12-03,-0.95053,0.8744653981258343,-11.900679376789968,-0.950530079305952,0.01889799188502117,-0.016780761455941234,0.024034204910984444,0.5591285640565493,0.13305566815647812
1993-12-10,-0.96353,1.3676580434073715,-9.77507678477788,-0.9635300797695748,0.023581961491829215,-0.015946890778999138,0.02196407528902196,0.5592115820512386,0.13306981074417296
1993-12-17,-0.97936,1.6429171899162487,-7.179346229303107,-0.9793600803341249,0.026196164052590253,-0.01492858961414963,0.019443294372432255,0.5592579157964427,0.13308708130413127
1993-12-24,-0.99529,1.6265724554811234,-4.3487035577680855,-0.9952900809022412,0.02604093416411174,-0.013818132782019139,0.01690658938182746,0.5592551645245218,0.13310591483979092
1993-12-31,-1.0091,1.3875352912216643,-1.5310453849081251,-1.0091000813947515,0.023770740512603118,-0.012712769749049705,0.014707474760342685,0.5592149279430909,0.13312466198375536
1994-01-07,-1.01939,1.0197205430581668,1.1640831232757165,-1.0193900817617267,0.020277515060406634,-0.011655474917922386,0.013068887544189318,0.559153014524264,0.13314259388288788
1994-01-14,-1.02536,0.5856443559383528,3.604158878032515,-1.0253600819746367,0.016154988727217528,-0.010698236895605616,0.01211822032548808,0.559079947468334,0.1331588288016226
1994-01-21,-1.02459,-0.07509557618788909,5.414831886085825,-1.0245900819471756,0.009879782092055677,-0.009987912617389072,0.012240835695404345,0.5589687266204544,0.1331708760215024
1994-01-28,-1.01771,-0.6714881074381007,6.403822428538564,-1.0177100817018123,0.004215698256197462,-0.009599933125727014,0.013336411987642951,0.5588683372240072,0.13317745621929128
1994-02-04,-1.0035,-1.396272022481826,6.1309530104809,-1.003500081195037,-0.0026677495446719257,-0.009706979385083123,0.01559922290518807,0.558746335998349,0.13317564069663027
1994-02-11,-0.98208,-2.1345291479820783,4.432156529136533,-0.9820800804311289,-0.009679155677621624,-0.010373414671344491,0.019010159559221654,0.5586220668578612,0.133164337841476
1994-02-18,-0.95558,-2.6983545128706377,1.4103938278024808,-0.9555800794860516,-0.015033941272970267,-0.011558847601652794,0.023230039173222094,0.5585271594183528,0.13314423269851222
1994-02-25,-0.92504,-3.1959647543900016,-2.6816618097272094,-0.9250400783968945,-0.01975986585763756,-0.013164154829530041,0.028093251377432422,0.5584433978197504,0.1331170064164578
1994-03-04,-0.8915,-3.6257891550635635,-7.475636461760404,-0.8915000772007474,-0.02384201194858377,-0.015044823823516407,0.033434185802095624,0.5583710464573491,0.13308510995228431
1994-03-11,-0.85767,-3.7947279865395256,-12.425461525894455,-0.8576700759942582,-0.025446464812213476,-0.016986632698084696,0.0388213000414026,0.5583426093686203,0.133052176545397
1994-03-18,-0.82546,-3.7555236862662933,-17.063368465472383,-0.8254600748455433,-0.02507413210877024,-0.018806076564889276,0.04395044428166504,0.5583492085391939,0.1330213184697342
1994-03-25,-0.79587,-3.584667942722841,-21.13071053413934,-0.7958700737902663,-0.023451473868501306,-0.02040168869713827,0.04866237778273195,0.5583779682973652,0.13299425661814107
1994-04-01,-0.77058,-3.1776546420897778,-24.407734037022134,-0.7705800728883415,-0.0195859703011405,-0.021687260053220102,0.05268957610114972,0.558446479919251,0.13297245311054207
1994-04-08,-0.7516,-2.4630797581042807,-26.698915502847775,-0.7516000722114522,-0.012799480132647,-0.022586087071537152,0.055711965349214944,0.558566762681963,0.13295720885231288
1994-04-15,-0.73866,-1.721660457690266,-27.906772465083584,-0.7386600717499691,-0.005758042061205968,-0.02305992752813699,0.05777254052676838,0.5586915641041521,0.13294917243803894
1994-04-22,-0.73041,-1.116887336528305,-28.230045887335287,-0.7304100714557469,-1.4365739917747749e-05,-0.02318674720198545,0.0590862766330138,0.5587933641862116,0.1329470215549243
1994-04-29,-0.72734,-0.42031187962925376,-27.519681116093675,-0.7273400713462606,0.006601179524552005,-0.022908072178301767,0.05957514570527725,0.5589106171463575,0.13295174793045203
1994-05-06,-0.72553,-0.24885198119173335,-26.123126425545774,-0.72553007128171,0.00822957556969028,-0.022360205888728096,0.059863371444950485,0.558939478600546,0.13296103983537155
1994-05-13,-0.72533,-0.027566055159677916,-24.095313840808718,-0.7253300712745773,0.010331181426681196,-0.021564698083505786,0.05989521959298067,0.5589767271564763,0.13297453178227456
1994-05-20,-0.72666,0.18336481325740284,-21.44555911095737,-0.7266600713220095,0.012334442801836619,-0.020525203316885218,0.0596834294085799,0.5590122326691427,0.13299216178930293
1994-05-27,-0.72746,0.1100927531445306,-18.40044868199663,-0.7274600713505401,0.011638560359386593,-0.01933061110839656,0.059556036816459136,0.5589998989501477,0.13301242227517351
1994-06-03,-0.72617,-0.17732933769554204,-15.332237340702138,-0.7261700713045345,0.008908843380230092,-0.01812695644699308,0.05976145737125387,0.5589515178442265,0.13303283646177808
1994-06-10,-0.72512,-0.14459424101794793,-12.155646548591093,-0.725120071267088,0.009219736495487813,-0.016880784691209575,0.05992866014841238,0.5589570280684931,0.1330539717454933
1994-06-17,-0.72264,-0.3420123565754718,-9.201251460665693,-0.7226400711786429,0.007344808996159638,-0.015721779973591712,0.06032357718398677,0.5589237971267389,0.1330736286615006
1994-06-24,-0.72113,-0.2089560500387333,-6.417244153754309,-0.7211300711247914,0.008608476858555373,-0.014629618124358918,0.0605640307016147,0.5589461941917705,0.13309215191115648
1994-07-01,-0.72221,0.14976495222775998,-3.9103246407663717,-0.7222100711633078,0.012015336810777119,-0.013646157396944296,0.06039205070225167,0.5590065768810623,0.13310883157140413
1994-07-08,-0.72897,0.9360158402680563,-1.311834944358703,-0.7289700714043917,0.019482551292056102,-0.012626773825286415,0.05931558329883118,0.5591389247022884,0.13312612048916497
1994-07-15,-0.74111,1.6653634580298338,1.4649306553853325,-0.7411100718373441,0.02640934167929691,-0.011537452886805492,0.05738240071339852,0.5592616941256309,0.13314459555649405
1994-07-22,-0.75772,2.2412327454763625,4.176863640113293,-0.7577200724297114,0.03187851131452935,-0.010473565684985664,0.05473741201949109,0.5593586288911921,0.13316263926334834
1994-07-29,-0.77581,2.3874254341973433,6.930106267142633,-0.7758100730748606,0.03326693856959462,-0.009393472773067657,0.05185674703016021,0.5593832371735175,0.1331809578217864
1994-08-05,-0.79258,2.1616117348319808,9.271641873354186,-0.792580073672934,0.031122331356272407,-0.008474891901754647,0.04918627981782861,0.5593452264678145,0.13319653710870288
1994-08-12,-0.80606,1.7007746852052863,10.926705749594046,-0.8060600741536753,0.02674565065189911,-0.007825612850228774,0.04703971464059366,0.559267654816849,0.13320754899121479
1994-08-19,-0.8133,0.8981961640572633,11.799961509911206,-0.8133000744118776,0.019123368697576106,-0.0074830359382812,0.0458868116819007,0.5591325586023297,0.13321335915357377
1994-08-26,-0.81209,-0.14877658920448011,11.83194017929685,-0.8120900743687249,0.009180015725159573,-0.007470490754723123,0.04607949297748337,0.5589563240633485,0.13321357192200842
1994-09-02,-0.80186,-1.259712593431761,10.583075904677841,-0.8018600740038895,-0.0013708116821285225,-0.007960418317852212,0.04770852574922769,0.5587693227360145,0.13320526266768726
1994-09-09,-0.78297,-2.355772828174485,8.348555297243454,-0.7829700733302098,-0.011780360315675432,-0.008837017367253347,0.05071658333067933,0.558584825413077,0.13319039539956987
1994-09-16,-0.75659,-3.3692223201399862,4.917282598144568,-0.756590072389412,-0.021405334783191416,-0.010183100449351066,0.054917354055861664,0.5584142337683176,0.13316756560286458
1994-09-23,-0.72659,-3.965159465496504,0.6064718018304882,-0.726590071319513,-0.027065093709289036,-0.01187422499464485,0.05969457626039047,0.5583139210259406,0.13313888384459438
1994-09-30,-0.69565,-4.2582474297746975,-4.570832818908876,-0.6956500702160906,-0.029848620856204686,-0.013905273754678937,0.06462148476066118,0.5582645861964481,0.13310443691415838
1994-10-07,-0.6674,-4.060950190469348,-9.94589197285154,-0.6674000692086024,-0.027974841347822414,-0.016013901318526258,0.0691200356699258,0.558297796791378,0.13306867423409058
1994-10-14,-0.64331,-3.6095295175307074,-15.09924510373224,-0.6433100683494737,-0.02368759024592813,-0.018035553945370972,0.07295614510016242,0.5583737834051022,0.13303438666366246
1994-10-21,-0.62277,-3.1928619172716166,-19.726479421507836,-0.6227700676169495,-0.01973039746451281,-0.019850810958809594,0.07622694990286315,0.5584439201132555,0.13300359959774075
1994-10-28,-0.6037,-3.062125664370474,-23.831032829493548,-0.6037000669368504,-0.018488763711545234,-0.021461021043104867,0.07926367081754196,0.5584659266489428,0.13297629016241233
1994-11-04,-0.58447,-3.1853569653801483,-27.49050939136044,-0.5844700662510451,-0.019659121124736643,-0.022896628154878817,0.08232587025064493,0.5584451834047143,0.13295194202302454
1994-11-11,-0.5626,-3.741851592040657,-30.825033812861193,-0.5626000654710888,-0.024944284929525017,-0.024204757034230966,0.08580846523774643,0.5583515099316755,0.13292975593601622
1994-11-18,-0.537,-4.550302168503373,-33.87432427440308,-0.5370000645581084,-0.032622335210660394,-0.02540098906316922,0.089885028185611,0.558215425287459,0.13290946763851347
1994-11-25,-0.5077,-5.456238361266297,-36.68470805377497,-0.5077000635131738,-0.04122622992240455,-0.02650349836259267,0.09455078187203414,0.5580629311114831,0.13289076889435256
1994-12-02,-0.47708,-6.031120740594842,-39.06790809354126,-0.47708006242116363,-0.04668602665300515,-0.027438424128075116,0.09942673333545655,0.5579661624699176,0.13287491239526691
1994-12-09,-0.44692,-6.32179089460887,-40.92969772267675,-0.44692006134555856,-0.0494465912721931,-0.028168801379309737,0.10422943405840951,0.55791723462492,0.1328625250735736
1994-12-16,-0.42332,-5.280587129687642,-41.73880730535791,-0.4233200605039047,-0.039558027774655245,-0.028486213842940592,0.10798751552597219,0.5580924980832331,0.13285714170451357
1994-12-23,-0.4086,-3.4772748747991966,-41.26356644864515,-0.408600059978941,-0.022431535978208815,-0.02829977757475629,0.1103315392209943,0.5583960455278912,0.13286030369514976
1994-12-30,-0.4061,-0.6118453255017142,-39.15193287383878,-0.40610005988978276,0.00478214015375666,-0.027471386922103453,0.1107296410713717,0.5588783767576486,0.1328743533407059
1995-01-06,-0.41696,2.674218172863818,-35.1852139714912,-0.41696006027708615,0.03599067843923557,-0.02591524910557562,0.10900028663333228,0.5594315123420207,0.13290074570122898
1995-01-13,-0.4399,5.501726784343819,-29.363970647269454,-0.43990006109520224,0.06284421027079821,-0.023631584167616293,0.10534730405426926,0.5599074604266837,0.1329394770447619
1995-01-20,-0.4714,7.1607183450784095,-21.914858373364254,-0.4714000622185961,0.07860005359647476,-0.02070930870662377,0.10033122073951399,0.5601867146975983,0.1329890393307593
1995-01-27,-0.50743,7.643190496393726,-13.181172686365429,-0.5074300635035447,0.08318220808420478,-0.017283097041571462,0.0945937768718749,0.5602679281359552,0.13304714845999707
1995-02-03,-0.5443,7.266026841140638,-3.2527550657660775,-0.5443000648184505,0.07960019380459277,-0.01338819384877089,0.088722570782509,0.5602044410368908,0.13311320667680474
1995-02-10,-0.57808,6.206136321881317,7.649906890130365,-0.5780800660231568,0.06953415769020445,-0.009111096079037585,0.08334341858020956,0.5600260320797807,0.1331857469782692
1995-02-17,-0.60572,4.781345142540827,19.306677171558007,-0.6057200670088903,0.056002571921585774,-0.004538162755536379,0.07894200452243702,0.5597862002256536,0.1332633047007536
1995-02-24,-0.62618,3.3777983226573216,31.25262010564265,-0.6261800677385613,0.04267274896302648,0.0001482125615577949,0.07568393897894839,0.5595499443861678,0.13334278641863323
1995-03-03,-0.63832,1.9387396595228257,42.8264566365345,-0.6383200681715138,0.02900566145670731,0.004688611100353472,0.07375075639351572,0.5593077109189891,0.13341979234566717
1995-03-10,-0.64326,0.7739065045745175,51.95596711707458,-0.6432600683476905,0.01794295979848278,0.008270104232308898,0.07296410713716997,0.5591116372070298,0.13348053507484287
1995-03-17,-0.64431,0.16323104188042947,57.68722466960352,-0.6443100683851369,0.012143227514864262,0.010518467888345337,0.07279690436001146,0.5590088435972633,0.13351866770266463
1995-03-24,-0.64303,-0.19866213468673344,58.34277271607977,-0.6430300683394878,0.008706240657559913,0.010775638393941009,0.0730007325074047,0.5589479269430964,0.13352302935792904
1995-03-31,-0.64272,-0.04820925928806785,54.14428242517266,-0.6427200683284322,0.010135127933893774,0.009128577012773089,0.07305009713685151,0.5589732523329421,0.1334950949183738
1995-04-07,-0.64504,0.36096589494647446,46.63332575585359,-0.645040068411171,0.014021163146769926,0.006182040089142797,0.07268065861970129,0.5590421278547208,0.13344512115386722
1995-04-14,-0.65159,1.0154409028897415,38.224437844717876,-0.6515900686447657,0.020236870284640492,0.002883246099551587,0.07163763177171248,0.5591522941421817,0.1333891730499526
1995-04-21,-0.66242,1.6620881228993634,30.544114459137205,-0.6624200690309993,0.026378235030911114,-0.0001297331303081257,0.06991305455587758,0.5592611427959282,0.13333807241269646
1995-04-28,-0.67625,2.0877992814226642,24.24214587543634,-0.6762500695242226,0.03042131666823745,-0.0026019858593491142,0.06771075511958981,0.5593328017856467,0.13329614258833516
1995-05-05,-0.69097,2.1767097966728155,19.5284389703847,-0.6909700700491863,0.03126572129418158,-0.004451165937785765,0.06536673142456767,0.5593477678901769,0.13326478018149446
1995-05-12,-0.70472,1.9899561486026895,16.3441854322129,-0.7047200705395568,0.0294920768169375,-0.005700343777241228,0.06317717124749196,0.5593163320739457,0.13324359391409182
1995-05-19,-0.71414,1.3367011011465424,14.04707911463159,-0.714140070875505,0.02328795593830629,-0.006601495105926946,0.06167712347526992,0.559206371139655,0.13322831023516576
1995-05-26,-0.71816,0.5629148346262713,12.5078330617872,-0.7181600710188715,0.015939120976508653,-0.007205339000777874,0.06103697569986306,0.5590761214597801,0.13321806894059451
1995-06-02,-0.71544,-0.37874568341317305,11.220968193265545,-0.7154400709218672,0.006995943723915928,-0.00771017413933093,0.06147011051307368,0.5589176138894958,0.13320950685127317
1995-06-09,-0.70839,-0.9854075813485408,9.94552311775385,-0.708390070670441,0.0012343292336681297,-0.008210529310385104,0.06259275773113795,0.5588154958739439,0.13320102074295823
1995-06-16,-0.69768,-1.5118790496760237,8.498825871265714,-0.6976800702884871,-0.0037656973889710647,-0.008778066448697209,0.06429822605815473,0.5587268761307669,0.13319139521711762
1995-06-23,-0.68726,-1.4935213851622553,6.929922827981083,-0.6872600699168755,-0.0035913502176230724,-0.009393544735972856,0.06595751457052773,0.5587299662346232,0.13318095660128335
1995-06-30,-0.67871,-1.2440706573931148,5.219831328289737,-0.6787100696119543,-0.0012222564396738621,-0.01006441104082183,0.06731902289881844,0.558771955707482,0.1331695785953045
1995-07-07,-0.67386,-0.7145909151183849,3.4177933976887287,-0.6738600694389874,0.0038063404868266437,-0.010771347791234419,0.0680913404885506,0.5588610818265609,0.13315758882846915
1995-07-14,-0.67461,0.11129908289555512,1.8402222155128323,-0.6746100694657349,0.011650017164234852,-0.011390226576266444,0.06797190993343737,0.5590001020088872,0.13314709253961787
1995-07-21,-0.67899,0.6492640192110821,0.4051756007393603,-0.6789900696219401,0.01675920002682991,-0.011953193189405489,0.06727443549157618,0.5590906564213531,0.1331375445306571
1995-07-28,-0.68609,1.0456707757109829,-0.7062535276495363,-0.6860900698751494,0.02052397068418424,-0.012389205152857945,0.06614382623650436,0.5591573826678224,0.133130149694024
1995-08-04,-0.69557,1.3817429200250864,-1.2983880122601876,-0.6955700702132376,0.02371572896509589,-0.012621498614193843,0.06463422401987325,0.55921395292644,0.13312620995763716
1995-08-11,-0.70509,1.368661673160143,-1.2672585207382348,-0.7050900705527521,0.023591493205863165,-0.01260928656182534,0.06311825217363612,0.559211750989949,0.1331264170761105
1995-08-18,-0.71279,1.0920591697513915,-0.7477442352678998,-0.7127900708273596,0.020964532460343483,-0.012405481894605695,0.06189209847447372,0.5591651911205375,0.13312987363773146
1995-08-25,-0.71784,0.7084835645842391,0.33545790003355336,-0.7178400710074592,0.017321622344580644,-0.011980543337782645,0.06108793273671136,0.559100624712548,0.1331370806675155
1995-09-01,-0.71907,0.17134737545969614,1.5076440943547986,-0.719070071051325,0.012220310294114344,-0.01152069646940092,0.060892066626325694,0.5590102098012091,0.13314487974816688
1995-09-08,-0.71713,-0.2697929269751098,2.7878110308450887,-0.7171300709821383,0.008030694352531906,-0.01101848891943761,0.061200993662218546,0.5589359536588373,0.13315339727314138
1995-09-15,-0.71329,-0.5354677673504171,3.7875040013968464,-0.7132900708451911,0.005507516260731389,-0.010626310881444554,0.061812478104398244,0.5588912332180554,0.133160048678986
1995-09-22,-0.70784,-0.7640651067588156,4.2919656407007345,-0.7078400706508262,0.003336472145961811,-0.010428411344513965,0.06268034013822096,0.558852753948564,0.13316340508859867
1995-09-29,-0.70322,-0.6526898734177333,4.356988098418069,-0.7032200704860617,0.004394229622501197,-0.01040290313284874,0.06341603235771842,0.5588715014879251,0.13316383771218215
1995-10-06,-0.70208,-0.1621114302778559,4.07198233053172,-0.7020800704454057,0.009053371520512821,-0.010514710463858263,0.0635975668014905,0.5589540794399219,0.1331619414409408
1995-10-13,-0.70412,0.290565177757518,3.701085435720697,-0.7041200705181587,0.013352550541198077,-0.010660212753850781,0.06327271569158255,0.5590302774623405,0.13315947369749695
1995-10-20,-0.71006,0.8436062034880454,3.49371073765834,-0.7100600707299988,0.018604914664270108,-0.010741565533765408,0.06232682569508584,0.5591233695986005,0.13315809394059222
1995-10-27,-0.71912,1.2759485113933877,3.3857124372816516,-0.7191200710531082,0.02271097392800844,-0.010783933103405252,0.060884104589318144,0.5591961447945915,0.13315737537944644
1995-11-03,-0.73104,1.6575814884859374,3.680381227928353,-0.7310400714782147,0.026335434436004772,-0.010668334983204578,0.05898595496671869,0.5592603842044217,0.13315933594311358
1995-11-10,-0.74322,1.6661195009848973,4.269139578276904,-0.7432200719125936,0.026416522001746646,-0.01043736597422547,0.05704640275168,0.5592618213886195,0.1331632532165645
1995-11-17,-0.7525,1.248620865961625,4.828374010921643,-0.7525000722435491,0.0224514366825677,-0.010217979153438158,0.0555686486830791,0.5591915447942771,0.13316697405414502
1995-11-24,-0.75827,0.7667774086378865,5.4514859471261445,-0.7582700724493263,0.017875253053439705,-0.00997353328476724,0.05464982961240805,0.559110437182548,0.13317111989741534
1995-12-01,-0.75962,0.1780368470333693,5.925006623624718,-0.7596200724974718,0.012283841820458993,-0.009787771840675202,0.054434854613204256,0.5590113358247232,0.1331742704429208
1995-12-08,-0.75737,-0.2962007319449178,6.179814661638328,-0.7573700724172293,0.007779893054003853,-0.009687811033350644,0.05479314627854392,0.5589315084931729,0.13317596579511715
1995-12-15,-0.75268,-0.6192481878078082,6.334764918625679,-0.7526800722499685,0.004711833383416776,-0.009627024282256176,0.05553998534985191,0.5588771306506973,0.1331769967486952
1995-12-22,-0.74878,-0.5181484827549543,6.4787690907539774,-0.7487800721108816,0.005672001687334817,-0.009570531663670572,0.05616102423644066,0.5588941485337852,0.13317795487305978
1995-12-29,-0.74822,-0.07478832233767108,6.571900638103911,-0.7482200720909101,0.009882700156040947,-0.009533996298722676,0.0562501990509252,0.5589687783397952,0.1331785745190277
1996-01-05,-0.75392,0.7618080243778635,7.072658069647231,-0.753920072294191,0.01782805761153442,-0.009337549916885351,0.05534252683206472,0.5591096006974138,0.13318190628288423
1996-01-12,-0.76432,1.3794567062818341,7.641607751457613,-0.7643200726650893,0.023694016241294122,-0.009114351818567209,0.05368642313449474,0.5592135680932877,0.1331856917603762
1996-01-19,-0.77922,1.949445258530469,8.357436867282232,-0.7792200731964725,0.029107335114768148,-0.00883353314078111,0.05131373610624543,0.5593095129680871,0.13319045449264003
1996-01-26,-0.79705,2.2881856215189567,9.02960166338367,-0.797050073832349,0.03232443411252686,-0.008569843909478852,0.04847447370935381,0.5593665323618771,0.13319492670659477
1996-02-02,-0.81371,2.090207640674979,9.484405694141707,-0.8137100744264996,0.03044418943742418,-0.008391424977158486,0.045821522978438806,0.5593332071792744,0.13319795272185891
1996-02-09,-0.82516,1.4071352201644238,9.65581395348838,-0.8251600748348443,0.023956885769110495,-0.008324181776669357,0.04399821650371032,0.5592182271544892,0.13319909317791057
1996-02-16,-0.82958,0.5356536914052912,9.404301897740908,-0.8295800749924761,0.01568021531861706,-0.008422849575143726,0.04329437243224308,0.5590715326536315,0.13319741975536298
1996-02-23,-0.82552,-0.4894042768629814,8.675390326742338,-0.8255200748476831,0.0059449923494177374,-0.008708800480277008,0.04394088983725597,0.5588989869804954,0.13319256997965542
1996-03-01,-0.81214,-1.620796588816753,7.23160410367456,-0.8121400743705082,-0.00480011355041296,-0.009275195628510981,0.04607153094047583,0.558708542289473,0.13318296382215966
1996-03-08,-0.79294,-2.364124412047186,5.3488866450549954,-0.7929400736857728,-0.011859677323750662,-0.01001378283555033,0.04912895315137426,0.5585834196099851,0.13317043725822753
1996-03-15,-0.76929,-2.982571190758432,2.7391223056171476,-0.7692900728423359,-0.01773321567154617,-0.0110375894325899,0.052894996655944465,0.5584793178722933,0.13315307332520826
1996-03-22,-0.74589,-3.0417657840346224,-0.3114057362807676,-0.7458900720078148,-0.018295401013208687,-0.012234306962427109,0.05662122997547693,0.5584693537812282,0.1331327767935282
1996-03-29,-0.72431,-2.893188003593028,-3.927472410865873,-0.7243100712382007,-0.016884321966321933,-0.013652884441178556,0.06005764514793466,0.5584943635406105,0.13310871747959632
1996-04-05,-0.707,-2.389860695006285,-7.499476658991,-0.707000070620869,-0.012104101015640507,-0.015054176296776375,0.06281410235994779,0.5585790874800913,0.13308495133275625
1996-04-12,-0.69446,-1.773691654879772,-10.877544210877554,-0.6944600701736512,-0.006252194901020438,-0.01637938708021889,0.06481098124144083,0.5586828058112349,0.13306247553376585
1996-04-19,-0.68877,-0.8193416467471071,-13.585095037952454,-0.6887700699707271,0.0028114975021755737,-0.0174415551682296,0.06571706105289979,0.5588434493744852,0.13304446098337247
1996-04-26,-0.68998,0.1756754794779214,-15.205662951174247,-0.6899800700138797,0.012261415342761,-0.01807730150571864,0.06552437975731712,0.5590109383411008,0.13303367861797913
1996-05-03,-0.69555,0.8072697759355263,-15.707256774443746,-0.6955500702125242,0.018259818840347542,-0.018274076002763165,0.06463740883467627,0.5591172531705101,0.1330303412892332
1996-05-10,-0.70393,1.2048019552871825,-15.146218568432223,-0.7039300705113827,0.022035277910197198,-0.018053981564416458,0.06330297143221124,0.5591841688568449,0.13303407412812718
1996-05-17,-0.71272,1.248703706334453,-13.66411473980037,-0.7127200708248631,0.022452223437585753,-0.01747255447756395,0.06190324532628428,0.5591915587386084,0.13304393522984395
1996-05-24,-0.71884,0.8586822314513354,-11.488167064791776,-0.7188400710431225,0.018748095341125353,-0.016618933500826036,0.060928691996560404,0.5591259073120506,0.13305841278596323
1996-05-31,-0.72121,0.3296978465305189,-9.04608167074431,-0.7212100711276445,0.013724202942992083,-0.015660907100059775,0.06055129144240263,0.5590368645753468,0.13307466107572977
1996-06-07,-0.7191,-0.2925638856921098,-6.524197636781981,-0.7191000710523949,0.00781443306078571,-0.014671575813735453,0.060887289404121164,0.5589321206752194,0.13309144030164927
1996-06-14,-0.71488,-0.5868446669447969,-4.157449489871167,-0.7148800709018958,0.00501957744312244,-0.01374310410089857,0.06155928532755822,0.5588825850615623,0.13310718733891064
1996-06-21,-0.70952,-0.7497761862130581,-2.041943366790455,-0.7095200707107406,0.0034721774736684256,-0.01291319425342392,0.06241281569476735,0.5588551591700152,0.13312126275026787
1996-06-28,-0.70538,-0.583493065734586,-0.22913719943422617,-0.7053800705630945,0.005051408408877833,-0.012202033140044194,0.06307207235899233,0.5588831492289604,0.13313332416301357
1996-07-05,-0.70301,-0.3359891122515446,1.2311724217377584,-0.7030100704785724,0.007402013201489077,-0.011629155887763904,0.0634494729131501,0.5589248110057375,0.13314304025809012
1996-07-12,-0.70365,0.09103711184761387,2.1603728385382714,-0.7036500705013969,0.011457584334040467,-0.01126463197182397,0.06334755883945349,0.5589966913574491,0.13314922264534823
1996-07-19,-0.70862,0.7063170610388747,2.7015275805095884,-0.7086200706786436,0.017301046537425743,-0.011052337786300374,0.06255613236090322,0.5591002600299406,0.1331528231906353
1996-07-26,-0.7171,1.1966921622307947,3.098267558047585,-0.7171000709810683,0.02195825724787175,-0.01089669729410167,0.06120577088442309,0.5591828037538504,0.13315546287970298
1996-08-02,-0.72703,1.3847441082136314,3.2815762930973325,-0.7270300713352048,0.023744231973796336,-0.0108247855550213,0.05962451033472405,0.5592144581096123,0.1331566825149586
1996-08-09,-0.73815,1.5295104741207322,3.568021102256136,-0.7381500717317807,0.025119113096790033,-0.01071241369030048,0.05785375330424537,0.559238826302267,0.13315858836078717
1996-08-16,-0.74632,1.1068211068210987,3.822825663569085,-0.7463200720231499,0.02110473014016219,-0.010612454246880329,0.05655275645721203,0.5591676759637828,0.1331602836898515
1996-08-23,-0.7505,0.5600814663951015,4.0612304321903325,-0.7505000721722225,0.01591221179445441,-0.010518928417290404,0.05588713016338102,0.559075644525359,0.13316186990373727
1996-08-30,-0.75015,-0.04663557628247217,4.317897371714641,-0.7501500721597403,0.010150073581278181,-0.0104182383657191,0.05594286442243385,0.5589735172274183,0.13316357762403938
1996-09-06,-0.74581,-0.5785509564753766,4.3266002685765415,-0.7458100720049616,0.005098344813516323,-0.010414824232463494,0.05663396923468902,0.5588839811229559,0.13316363552831675
1996-09-13,-0.74073,-0.6811386278006482,4.398748449656109,-0.740730071823792,0.004124044934720516,-0.010386520610317451,0.057442912194655894,0.5588667127738945,0.1331641155625347
1996-09-20,-0.73641,-0.5832084565226214,4.399047322010841,-0.7364100716697266,0.005054111411267292,-0.010386403363145428,0.05813083219210804,0.5588831971365809,0.13316411755106655
1996-09-27,-0.73492,-0.2023329395309692,4.5390534985277675,-0.7349200716165883,0.00867137813783781,-0.010331479152181923,0.05836810089493297,0.5589473090448774,0.1331650490749726
1996-10-04,-0.73797,0.41501115767703656,4.8774248561074485,-0.7379700717253613,0.014534444053214506,-0.010198736581174943,0.05788241663747254,0.5590512251707033,0.13316730041142466
1996-10-11,-0.74568,1.0447579169885035,5.229883435409666,-0.7456800720003254,0.02051530104453671,-0.01006046761442581,0.056654670530908634,0.5591572290083928,0.13316964547648308
1996-10-18,-0.75626,1.4188391803454659,5.460884116580678,-0.7562600723776431,0.024068041104235164,-0.009969846397126756,0.054969903500111474,0.5592201972554497,0.1331711824276532
1996-10-25,-0.76835,1.5986565466902913,5.683396833693255,-0.7683500728088123,0.025775810039545686,-0.009882554995270094,0.05304468295168637,0.5592504655031761,0.13317266290459032
1996-11-01,-0.77967,1.473286913515981,5.624872993294039,-0.7796700732125209,0.024585144369602602,-0.009905513809205652,0.051242077773177505,0.5592293623183646,0.13317227351922345
1996-11-08,-0.78766,1.024792540433772,5.539178904491382,-0.7876600734974707,0.020325685043840965,-0.009939131470431859,0.049969744259371326,0.5591538682820303,0.13317170335800407
1996-11-15,-0.79,0.2970824975243147,5.2631578947368585,-0.7900000735809228,0.01341444710027612,-0.010047414094436553,0.049597120927418074,0.559031374507933,0.1331698668663895
1996-11-22,-0.78609,-0.49493670886077146,4.79104179164167,-0.7860900734414792,0.0058924495072295935,-0.010232624526510118,0.05021975222140834,0.5588980557188179,0.13316672566614107
1996-11-29,-0.77561,-1.3331806790571,3.9956557300116824,-0.7756100730677279,-0.002068555826190155,-0.01054465327362125,0.051888595178190396,0.5587569560204915,0.1331614336058236
1996-12-06,-0.76006,-2.00487358337309,2.6095878390236527,-0.7600600725131635,-0.008447785482238113,-0.011088405607613193,0.054364788687537836,0.5586438914837495,0.13315221147428646
1996-12-13,-0.74207,-2.3669184011788524,0.7685935823793733,-0.7420700718715809,-0.011886212512990978,-0.011810624865720756,0.0572295296028536,0.5585829493041582,0.1331399625135362
1996-12-20,-0.72496,-2.305712399099813,-1.3552495509715268,-0.724960071261382,-0.01130492433638243,-0.012643805309695335,0.05995413866683653,0.5585932519710859,0.13312583163230923
1996-12-27,-0.71091,-1.9380379607150777,-3.6668157242164323,-0.7109100707603125,-0.007813031440025025,-0.01355062921785381,0.062191471065957515,0.5586551417718872,0.13311045174547603
1997-01-03,-0.70112,-1.3771082134166224,-5.975753674498452,-0.7011200704111689,-0.0024857462239191493,-0.014456422078125227,0.06375043791203543,0.5587495617986816,0.13309508934538938
1997-01-10,-0.69642,-0.6703560018256449,-7.912622643006372,-0.6964200702435513,0.004226450136484349,-0.015216252840464014,0.06449886939074494,0.5588685277887665,0.13308220248716696
1997-01-17,-0.69806,0.23549007782659448,-9.148174659985674,-0.6980600703020392,0.012829489022263421,-0.015700958025086715,0.06423771457689736,0.5590210067962076,0.13307398180526842
1997-01-24,-0.70454,0.9282869667363913,-9.636128105480513,-0.7045400705331374,0.01940914831440927,-0.015892381422592947,0.06320583458071913,0.5591376237186101,0.13307073523207555
1997-01-31,-0.7142,1.3711073892184844,-9.326359088947022,-0.7142000708776447,0.0236147207616545,-0.015770859506651004,0.061667569030860875,0.5592121626717628,0.1330727962643202
1997-02-07,-0.72488,1.4953794455334624,-8.243037974683553,-0.7248800712585287,0.024794962479214203,-0.015345874274561386,0.059966877926048615,0.5592330811039614,0.13308000408572468
1997-02-14,-0.73483,1.3726409888533242,-6.520881832869008,-0.7348300716133785,0.023629285727590887,-0.014670275028883236,0.05838243256154656,0.5592124208190964,0.13309146236318037
1997-02-21,-0.74034,0.7498332947756703,-4.547388507110539,-0.7403400718098834,0.01771433071385451,-0.01389607658667435,0.057505016083314764,0.5591075850184534,0.13310459289968304
1997-02-28,-0.7407,0.04862630683200031,-2.5471673288950836,-0.7407000718227222,0.011054798681022472,-0.013111392848434461,0.05744768941686042,0.5589895524432353,0.13311790126857959
1997-03-07,-0.73508,-0.7587417307951982,-0.9419596534019803,-0.7350800716222944,0.0033870295325281945,-0.012481672308938395,0.05834262237650882,0.5588536500203155,0.13312858143541997
1997-03-14,-0.72459,-1.4270555585786604,-0.05103729860959083,-0.7245900712481864,-0.002960108217995899,-0.01213216481873989,0.0600130577406924,0.5587411542758302,0.13313450914155814
1997-03-21,-0.71064,-1.925226679915526,-0.03797949107481324,-0.7106400707506835,-0.007691359613683964,-0.01212704226062422,0.06223446606579828,0.5586572982656054,0.13313459602101005
1997-03-28,-0.69498,-2.203647416413379,-0.8757416704700982,-0.6949800701921962,-0.010335588557764439,-0.012455695094542509,0.06472817605656231,0.5586104323371592,0.1331290220133691
1997-04-04,-0.67861,-2.355463466574581,-2.5573648085925105,-0.6786100696083881,-0.011777422233882593,-0.01311539330427242,0.06733494697283353,0.5585848774872104,0.13311783342017208
1997-04-11,-0.66398,-2.1558774553867455,-4.882101825058016,-0.663980069086634,-0.009881905706432728,-0.014027384114274887,0.06966463900124209,0.5586184733458984,0.13310236590180988
1997-04-18,-0.65158,-1.8675261303051194,-7.516961421636815,-0.6515800686444091,-0.007143363565371072,-0.015061035542676068,0.07163922417911399,0.5586670108677031,0.13308483499878587
1997-04-25,-0.64196,-1.476411185119264,-10.11481377765332,-0.6419600683013281,-0.003428850517486573,-0.016080169086663952,0.07317112009936623,0.5587328463556265,0.13306755032153658
1997-05-02,-0.63614,-0.90659854196522,-12.242026266416506,-0.6361400680937678,0.001982797704852429,-0.016914671323662804,0.0740979012070448,0.5588287616200486,0.1330533970224764
1997-05-09,-0.63245,-0.5800609928632183,-13.932474177700971,-0.6324500679621702,0.005084003633424744,-0.01757783147853625,0.07468549953820187,0.55888372694197,0.1330421497141043
1997-05-16,-0.63082,-0.2577278836271457,-14.793203122889476,-0.630820067904039,0.00814527898165675,-0.017915494139884715,0.07494506194464792,0.5589379845401048,0.13303642289826653
1997-05-23,-0.63065,-0.02694905044228202,-14.85756716619414,-0.6306500678979763,0.010337041269424571,-0.017940744056573227,0.07497213287047358,0.558976831015475,0.13303599465540955
1997-05-30,-0.63102,0.058669626575746925,-14.156282309408496,-0.6310200679111717,0.011150182513042737,-0.017665631069576193,0.07491321379661774,0.5589912430123732,0.1330406606181927
1997-06-06,-0.63232,0.20601565718993964,-12.73409790364205,-0.6323200679575339,0.01254956333447958,-0.017107710281546677,0.07470620083442149,0.5590160454341125,0.13305012304910635
1997-06-13,-0.63513,0.44439524291497445,-10.625633232016218,-0.6351300680577477,0.01481351180391016,-0.01628056278481125,0.07425873435459729,0.5590561713268465,0.1330641516105279
1997-06-20,-0.63891,0.5951537480515912,-8.06785806785808,-0.638910068192555,0.01624530171964304,-0.015277151462479691,0.07365680435682666,0.55908154816265,0.13308116963623914
1997-06-27,-0.6433,0.6871077303532536,-5.203283181798102,-0.6433000683491169,0.017118610886855137,-0.014153383073992241,0.07295773750756394,0.5590970265670573,0.13310022893814566
1997-07-04,-0.64892,0.8736203948391141,-2.268140606644775,-0.6489200685495448,0.018889966684827054,-0.013001931087970783,0.07206280454791554,0.5591284218190706,0.1331197577585479
1997-07-11,-0.65353,0.7104111446711414,0.2992725375241756,-0.6535300687139526,0.017339929037975443,-0.011994738800680783,0.0713287047358196,0.5591009491777138,0.1331368399100642
1997-07-18,-0.65762,0.6258320199531653,2.439404324256955,-0.6576200688598154,0.016536660673494304,-0.011155168342658863,0.07067741010860219,0.5590867121662866,0.13315107916701
1997-07-25,-0.66071,0.4698762203096063,3.8623573427232882,-0.6607100689700149,0.015055510797224602,-0.010596946029031492,0.07018535622153572,0.5590604604817361,0.13316054671184877
1997-08-01,-0.66203,0.19978507968700931,4.677049569135905,-0.6620300690170905,0.012490390035899815,-0.010277343502721489,0.06997515844453646,0.5590149966551922,0.1331659672247422
1997-08-08,-0.66164,-0.05890971708231163,4.885704321359485,-0.6616400690031818,0.010033503103177657,-0.010195488559498466,0.07003726233319534,0.5589714511492528,0.13316735549842157
1997-08-15,-0.65948,-0.32646151985975536,4.571473876159504,-0.6594800689261491,0.007492499046353453,-0.010318760687148012,0.07038122233192141,0.5589264147636649,0.13316526478229038
1997-08-22,-0.65598,-0.5307211742584972,3.95550061804697,-0.6559800688013275,0.005552595801132374,-0.010560406063217261,0.07093856492244976,0.5588920322012598,0.13316116643584816
1997-08-29,-0.65109,-0.7454495563889219,2.9684337044534326,-0.651090068626934,0.0035132685215379547,-0.010947630918191804,0.07171725214178797,0.5588558874617592,0.1331545990368251
1997-09-05,-0.64513,-0.9153880415917914,1.5744808149512624,-0.6451300684143808,0.001899321705151725,-0.011494476525156495,0.0726663269530877,0.5588272821035952,0.13314532444285523
1997-09-12,-0.63768,-1.1548060080913802,-0.1925153777527333,-0.6376800681486893,-0.00037448851715541953,-0.012187666454873992,0.07385267046721233,0.5587869814225905,0.13313356782442357
1997-09-19,-0.62836,-1.4615481119056528,-2.32240012435877,-0.6283600678163073,-0.003287692323295383,-0.013023217014576607,0.07533679416541929,0.5587353482228885,0.13311939674563303
1997-09-26,-0.61636,-1.9097332739194117,-5.017567650866061,-0.6163600673883477,-0.007544214996897738,-0.01408052715253311,0.07724768304723081,0.5586599062353491,0.1331014645868941
1997-10-03,-0.60142,-2.42390810565255,-7.973620185760422,-0.601420066855538,-0.012427457493445608,-0.015240182084086163,0.07962673970508616,0.5585733563570033,0.1330817966431485
1997-10-10,-0.58258,-3.1325862126301063,-11.41084516894255,-0.5825800661836414,-0.01915794454723825,-0.0165886002382131,0.08262683524953025,0.5584540661853344,0.13305892724322674
1997-10-17,-0.56068,-3.7591403755707464,-15.13977387961436,-0.5606800654026153,-0.02510848068014777,-0.018051453322755748,0.08611420745883629,0.5583485997501206,0.1330341170075333
1997-10-24,-0.53722,-4.184204894057208,-18.852619971904595,-0.5372200645659544,-0.029145421020948137,-0.01950799722046957,0.0898499952227778,0.5582770496078469,0.1330094137767154
1997-10-31,-0.51435,-4.257101373738892,-22.26135058339883,-0.5143500637503347,-0.029837736485379678,-0.02084523707574718,0.09349183095003026,0.5582647791094504,0.13298673396263247
1997-11-07,-0.49642,-3.4859531447458014,-24.725541335597747,-0.49642006311089176,-0.022513955602788512,-0.021811935375030626,0.09634701742093699,0.5583945847344767,0.1329703385960006
1997-11-14,-0.48284,-2.735586801498724,-26.394097381017712,-0.48284006262658424,-0.01538754530578448,-0.02246650738408765,0.09850950667218702,0.558520892192008,0.1329592369440339
1997-11-21,-0.47638,-1.3379173225084862,-26.833463883641272,-0.47638006239619934,-0.002113540872453192,-0.022638870197505934,0.09953820185356221,0.5587561587120874,0.13295631364157043
1997-11-28,-0.47607,-0.06507410050800022,-26.20557097019205,-0.4760700623851437,0.009974958465728422,-0.022392548758704226,0.09958756648300902,0.5589704135126308,0.13296049129482734
1997-12-05,-0.48078,0.9893503056273234,-24.604817463304485,-0.48078006255311784,0.019989081584282087,-0.021764575582804854,0.098837542596898,0.5591479023713682,0.13297114182608566
1997-12-12,-0.48883,1.6743624942801238,-22.205423642497934,-0.48883006284020736,0.026494807698894306,-0.020823297021550977,0.09755565463868276,0.5592632089129068,0.13298710606966185
1997-12-19,-0.50086,2.460978254198798,-18.7390486079564,-0.5008600632692368,0.03396548745648073,-0.019463443346432806,0.09563998853466672,0.5593956181521851,0.1330101694179535
1997-12-26,-0.51611,3.044763007626883,-14.184762728209899,-0.5161100638131021,0.039509832182899225,-0.01767680389472929,0.09321156724736458,0.5594938853101069,0.1330404711251887
1998-01-02,-0.53258,3.1911801747689594,-8.582512272992538,-0.5325800644004767,0.040900391363717765,-0.015479049527545717,0.09058887225707825,0.5595185313783735,0.13307774541091313
1998-01-09,-0.54941,3.160088625183044,-2.010059213811799,-0.5494100650006899,0.04060510741193486,-0.01290068614850913,0.08790885060033761,0.5595132978086456,0.13312147488984244
1998-01-16,-0.5678,3.3472270253544822,5.692267599865963,-0.567800065656538,0.0423824059727626,-0.00987907500713815,0.08498041338896144,0.5595447983893218,0.13317272192577753
1998-01-23,-0.58527,3.0767876012680606,13.788276465441808,-0.5852700662795758,0.039813977479307754,-0.0067030229931648,0.08219847765852417,0.5594992759370156,0.1332265883050291
1998-01-30,-0.60219,2.890973396893748,21.30655493332261,-0.6021900668829988,0.03804925512562045,-0.0037536137390499456,0.07950412433516992,0.559467998255202,0.13327661078474642
1998-02-06,-0.61771,2.577259668875276,27.932648496396318,-0.6177100674364931,0.035069840121493306,-0.0011542072715918276,0.07703270804802702,0.5594151915378761,0.13332069715801392
1998-02-13,-0.62986,1.9669424163442306,32.21797724505646,-0.6298600678698022,0.029273509846263583,0.0005269207050080196,0.07509793305519286,0.5593124582248106,0.1333492093727886
1998-02-20,-0.63855,1.379671673070204,34.129434746990974,-0.6385500681797163,0.023696057832775324,0.0012767825875038435,0.07371413102328102,0.5592136042781576,0.13336192715712306
1998-02-27,-0.64298,0.6937592984104679,33.7368442946878,-0.6429800683377047,0.017181782434354233,0.0011227699477689786,0.07300869454441225,0.5590981462103588,0.13335931507670842
1998-03-06,-0.64234,-0.0995365330181297,31.403555428267495,-0.6423400683148802,0.00964766042509772,0.0002074242599837531,0.07311060861810886,0.5589646125298576,0.1333437906590517
1998-03-13,-0.63929,-0.47482641591680697,27.638461845625528,-0.6392900682061071,0.006083441813856073,-0.001269616249049535,0.07359629287556929,0.5589014408386261,0.13331873980223968
1998-03-20,-0.63519,-0.6413364826604484,23.072600802154586,-0.6351900680598876,0.004502055515182506,-0.00306079661994787,0.07424917991018823,0.5588734125783329,0.13328836108024703
1998-03-27,-0.62972,-0.8611596530172183,18.239513312553957,-0.6297200678648093,0.0024143418019426655,-0.004956809520863052,0.075120226758814,0.558836410244734,0.1332562043808173
1998-04-03,-0.62417,-0.8813440894365643,13.607324220527484,-0.6241700676668781,0.0022226453368325736,-0.006774010284734701,0.07600401286665182,0.5588330126445235,0.13322538434855957
1998-04-10,-0.61897,-0.8331063652530557,9.011976047904202,-0.6189700674814289,0.0026807706477811268,-0.00857675841173182,0.0768320647154368,0.5588411323907694,0.13319480943546727
1998-04-17,-0.61356,-0.874032667172886,4.833666512891499,-0.6135600672884904,0.0022920836790164064,-0.010215902912932569,0.0776935571196535,0.5588342433595807,0.1331670092675351
1998-04-24,-0.6076,-0.9713801421213808,0.8983875521014983,-0.6076000670759373,0.0013675512101715655,-0.011759706888013203,0.07864263193095322,0.5588178570808403,0.13314082609104871
1998-05-01,-0.60132,-1.0335747202106726,-2.6533486587557276,-0.6013200668519717,0.0007768742885556824,-0.013153047623293241,0.07964266377910126,0.5588073880091643,0.13311719479655387
1998-05-08,-0.59503,-1.046032062795188,-5.529800273076557,-0.5950300666276496,0.0006585638988819743,-0.014281475234286323,0.0806442880346508,0.5588052910930598,0.13309805647344572
1998-05-15,-0.5887,-1.063811908643253,-7.806749667214774,-0.5887000664019009,0.0004897044108850922,-0.015174719032439419,0.08165228191980638,0.5588022982521034,0.1330829069075747
1998-05-22,-0.58219,-1.105826397146259,-9.454415378394355,-0.5821900661697328,9.068267145642144e-05,-0.015821095795019027,0.08268893913818913,0.5587952260489455,0.13307194424837415
1998-05-29,-0.57456,-1.310568714680782,-10.552044088800338,-0.5745600658976218,-0.0018538045420779627,-0.01625169387540193,0.08390394598554095,0.5587607622409541,0.13306464123211345
1998-06-05,-0.56842,-1.0686438318017077,-11.085735738084434,-0.5684200656786492,0.00044381447024391613,-0.016461060300969565,0.08488168413006784,0.5588014849054832,0.13306109034213034
1998-06-12,-0.56339,-0.8849090461278797,-11.303704403406867,-0.5633900654992627,0.0021887880825700408,-0.016546569078192373,0.08568266505302718,0.558832412563483,0.13305964009880847
1998-06-19,-0.5605,-0.5129661513338823,-10.992187003747688,-0.5605000653961959,0.005721219539833105,-0.016424361274198707,0.08614287079206345,0.55889502086383,0.13306171276383047
1998-06-26,-0.559,-0.2676181980374559,-10.441065735296462,-0.559000065342701,0.008051348278222955,-0.01620815723543453,0.08638173190228988,0.5589363197260062,0.13306537962088966
1998-07-03,-0.55839,-0.10912343470482755,-9.787227167714097,-0.5583900653209464,0.00955661130554259,-0.01595165735581938,0.08647886875378197,0.5589629987885317,0.13306972990222402
1998-07-10,-0.55617,-0.3975715897491017,-9.353608449051432,-0.5561700652417738,0.006817149546951331,-0.0157815493893421,0.08683238319691709,0.55891444496756,0.13307261496210201
1998-07-17,-0.54983,-1.1399392272147035,-9.507899934167208,-0.5498300650156686,-0.0002332951103930832,-0.01584207770522927,0.08784196948947419,0.5587894839139551,0.13307158839162878
1998-07-24,-0.53616,-2.4862230143862796,-10.836160447016564,-0.5361600645281512,-0.01301927722423901,-0.016363152292345154,0.09001879040733783,0.558562867030344,0.13306275087851363
1998-07-31,-0.51335,-4.254327066547303,-13.7270389728249,-0.5133500637146714,-0.02981138822027541,-0.017497239558860622,0.09365107169018122,0.5582652461022611,0.13304351656669072
1998-08-07,-0.47917,-6.658225382292782,-18.605401732631222,-0.47917006249569993,-0.052641790815555936,-0.019411013879693635,0.09909392018854105,0.5578606033738683,0.1330110586305756
1998-08-14,-0.43373,-9.483064465638492,-25.50026623610848,-0.4337300608751597,-0.07946996949401468,-0.022115858779932603,0.10632981942100068,0.5573851046447961,0.1329651840036577
1998-08-21,-0.37852,-12.729117192723582,-34.12002227791701,-0.378520058906189,-0.11029851582621626,-0.025497376017759605,0.11512150068473519,0.5568387039824255,0.13290783289946387
1998-08-28,-0.31562,-16.617351791186728,-44.47415643362302,-0.31562005666296755,-0.14722601841081867,-0.029559287162398813,0.12513774324023058,0.5561842063082734,0.1328389421995507
1998-09-04,-0.24986,-20.83518154743046,-55.65061502689078,-0.24986005431774908,-0.1872837657717074,-0.033943794938220404,0.13560941431255774,0.5554742286318949,0.13276458020621915
1998-09-11,-0.18529,-25.84247178419915,-66.94201605709188,-0.18529005201496995,-0.23483920988848372,-0.0383733944579339,0.14589158890410522,0.5546313628708975,0.13268945344928582
1998-09-18,-0.12435,-32.888984834583624,-77.75491949910554,-0.12435004984164855,-0.30176164532572747,-0.04261528009863894,0.15559571960890475,0.5534452393781992,0.13261751035148434
1998-09-25,-0.07045,-43.345396059509454,-87.38337004602518,-0.07045004791939678,-0.4010687068612465,-0.04639250666283092,0.1641787955030415,0.5516851354921329,0.13255344795019788
1998-10-02,-0.02728,-61.27750177430802,-95.09502490245788,-0.02728004637981221,-0.5713742435673708,-0.04941777718124437,0.17105321825535846,0.548666664979159,0.13250213885060932
1998-10-09,0.00256,-109.38416422287389,-100.46559845770511,0.002559954684380596,-1.0282548295814375,-0.051524645051518346,0.17580496194146308,0.540568980056481,0.1324664060152421
1998-10-16,0.01538,500.7812499999999,-102.86854670247688,0.015379955141584077,4.766633400582469,-0.05246731800790946,0.1778464282301984,0.6432767345255158,0.1324504181224885
1998-10-23,0.01009,-34.39531859557867,-101.96552059998052,0.01008995495292523,-0.31606766067634556,-0.05211306223582169,0.17700404471479983,0.5531916816470227,0.13245642636029048
1998-10-30,-0.00835,-182.75520317145688,-98.25740342675877,-0.008350045704705983,-1.7250772979272715,-0.05065837348589498,0.17406764546641612,0.5282186001794655,0.13248109812748815
1998-11-06,-0.03515,320.9580838323354,-91.89587992529916,-0.03515004666048237,3.058809382954393,-0.048162757452832175,0.16979999363037038,0.6130075105280922,0.13252342419743657
1998-11-13,-0.06315,79.65860597439544,-83.31660150058121,-0.0631500476590547,0.7671299930882918,-0.04479711952287353,0.1653412529061435,0.5723901190017232,0.13258050598588364
1998-11-20,-0.09222,46.0332541567696,-70.78131930802864,-0.09222004869578677,0.4477819098619518,-0.03987954730742498,0.1607121245899551,0.5667300401150525,0.13266390884225654
1998-11-27,-0.11779,27.72717414877468,-52.857600256143435,-0.11779004960769732,0.27392464901756647,-0.03284809947456944,0.15664033886429504,0.5636486193610651,0.1327831633865731
1998-12-04,-0.13886,17.887766363867907,-25.058017162286138,-0.13886005035912302,0.18047741809386744,-0.021942365138199617,0.1532851364693143,0.5619923742587758,0.13296812648516057
1998-12-11,-0.15797,13.762062509001872,27.036590269400882,-0.15797005104064862,0.14129461265715645,-0.0015057295566756669,0.15024204592502946,0.5612979039255511,0.1333147352806138
1998-12-18,-0.17594,11.375577641324309,149.73740241305893,-0.1759400516815181,0.11862958978170789,0.046629613177699224,0.1473804898245167,0.5608961923632109,0.1341311188334415
1998-12-25,-0.19381,10.156871660793442,610.4472140762464,-0.19381005231882123,0.10705524489425895,0.22736537440096388,0.14453485779801903,0.5606910503612216,0.13719642790758046
1999-01-01,-0.21046,8.590887983076211,-8321.09375,-0.21046005291261516,0.09218271988529855,-3.2764646161337843,0.14188349947450557,0.5604274518954214,0.07777087874380001
1999-01-08,-0.22533,7.0654756248218265,-1565.0845253576074,-0.2253300534429284,0.07769551049101767,-0.6260924314410483,0.13951558966846078,0.5601706827074214,0.12272163919429123
1999-01-15,-0.24097,6.9409310788621115,-2488.2061446977204,-0.24097005400070234,0.07651268087352407,-0.9882316443455503,0.13702506449249977,0.5601497184076616,0.11657969690293456
1999-01-22,-0.25765,6.922023488401052,2985.62874251497,-0.25765005459556617,0.07633311092270494,1.1591454900361942,0.13436892894678176,0.560146535736023,0.1529995762398612
1999-01-29,-0.27627,7.226858140888814,685.9743954480797,-0.2762700552596168,0.07922819920314653,0.25699457324308744,0.13140386636517087,0.5601978478587877,0.13769894413046585
1999-02-05,-0.29625,7.23205559778477,369.12114014251785,-0.29625005597216947,0.07927756070593102,0.13269352116220337,0.12822223637695468,0.5601987227348694,0.13559077726692037
1999-02-12,-0.31698,6.997468354430381,243.72153545868574,-0.3169800567114696,0.07704962902744947,0.08349944620250176,0.12492117583362528,0.5601592351984892,0.13475643743651144
1999-02-19,-0.33789,6.596630702252515,186.85796756940317,-0.3378900574571892,0.07324277708424248,0.06119195465757734,0.12159145195706869,0.5600917631094423,0.13437809860754296
1999-02-26,-0.35719,5.711918079848477,157.23030390321188,-0.3571900581454909,0.06484044774347467,0.04956906708189298,0.11851810567215516,0.5599428414487263,0.13418097246874064
1999-03-05,-0.37369,4.6193902404882525,136.55757422295375,-0.3736900587339353,0.05446444712158031,0.041459186543781626,0.11589063345966431,0.559758938725858,0.13404342752337176
1999-03-12,-0.38796,3.8186732318231664,120.5069910196658,-0.38796005924285054,0.046859844400668794,0.03516256706686809,0.11361826809771011,0.5596241558554951,0.13393663579223705
1999-03-19,-0.39918,2.8920507268790363,105.96460450957119,-0.3991800596429927,0.03805948678855353,0.029457610868048552,0.11183158699321635,0.5594681795997046,0.13383987877035358
1999-03-26,-0.4075,2.084272759156258,93.62349139979091,-0.40750005993971133,0.030387824434986183,0.024616210889640465,0.11050670403516036,0.5593322081741855,0.1337577678080022
1999-04-02,-0.4138,1.546012269938668,83.6417698486664,-0.41380006016439014,0.025275834635135035,0.02070039664564071,0.10950348737220932,0.5592416040119726,0.13369135493623
1999-04-09,-0.41874,1.1938134364427366,73.77266879694568,-0.4187400603405668,0.021930917294150618,0.016828763252957332,0.10871683811586356,0.5591823191844951,0.1336256913791674
1999-04-16,-0.42302,1.0221139609304153,64.18397050261984,-0.42302006049320573,0.020300245927700092,0.013067131437240405,0.10803528774801746,0.5591534174028432,0.13356189346745231
1999-04-23,-0.42652,0.827384048035551,54.38520288123936,-0.4265200606180273,0.01845084893797968,0.00922308974273705,0.1074779451574891,0.5591206389601207,0.1334966978702568
1999-04-30,-0.42906,0.595517209040608,44.83037974683543,-0.4290600607086121,0.01624875359639364,0.005474747100942735,0.10707347367750567,0.5590816093432105,0.13343312534517873
1999-05-07,-0.42923,0.039621498158770585,35.41232885355543,-0.42923006071467484,0.010969277839330983,0.0017800600021560782,0.10704640275168,0.5589880366843006,0.1333704628271836
1999-05-14,-0.42522,-0.9342310649302243,25.845689425552678,-0.425220060571665,0.001720364963882375,-0.001972918153717504,0.10768495811968536,0.5588241103003934,0.13330681168300285
1999-05-21,-0.41677,-1.9872066224542628,16.680198213835773,-0.4167700602703101,-0.008279998089664134,-0.0055685264720092865,0.10903054237396097,0.5586468653230428,0.13324582955787986
1999-05-28,-0.40437,-2.9752621349905195,8.210013647675884,-0.40437005982808527,-0.01766379980454389,-0.008891367046513112,0.11100512755183287,0.5584805481890037,0.13318947361981867
1999-06-04,-0.38925,-3.7391497885599922,0.332508506031548,-0.38925005928885614,-0.024918625249665483,-0.011981700380581833,0.11341284754291539,0.5583519647201017,0.133137061043874
1999-06-11,-0.37223,-4.372511239563259,-6.751340247507387,-0.37223005868186687,-0.030933811840555634,-0.014760683515842973,0.11612312494028472,0.5582453524295926,0.13308992901995276
1999-06-18,-0.35396,-4.908255648389437,-13.138650306748456,-0.3539600580302984,-0.03602190581755862,-0.01726641557646145,0.11903245326284276,0.5581551717934614,0.13304743138046632
1999-06-25,-0.33417,-5.591027234715784,-19.24359594006766,-0.33417005732452176,-0.042506352391004816,-0.01966137650052192,0.12218382751043026,0.5580402424074092,0.13300681243818813
1999-07-02,-0.3128,-6.394948678816171,-25.29970864975879,-0.31280005656239707,-0.0501413884087822,-0.02203718034261616,0.1255868021274563,0.557904920141728,0.13296651840325968
1999-07-09,-0.28911,-7.573529411764723,-31.655713677840303,-0.2891100557175335,-0.06133465413388086,-0.02453063148693222,0.12935921526163255,0.5577065323312752,0.13292422905019055
1999-07-16,-0.26306,-9.010411262149344,-38.324111413298326,-0.26306005478850464,-0.07498106792404127,-0.027146633817133517,0.13350743654256503,0.5574646652820289,0.13287986120828443
1999-07-23,-0.23707,-9.87987531361667,-44.74665547942013,-0.2370700538616155,-0.08323857790568415,-0.029666188125278152,0.1376461033790885,0.5573183103785286,0.13283712914114248
1999-07-30,-0.21314,-10.094065044079814,-50.34363860867135,-0.21314005300819278,-0.08527278948036622,-0.03186187612846425,0.141456734290901,0.5572822563090363,0.1327998899013009
1999-08-06,-0.19168,-10.06849957774233,-54.922157941771324,-0.1916800522428584,-0.08502998807516624,-0.03365802232720903,0.1448740405745406,0.5572865596857572,0.1327694269580282
1999-08-13,-0.17486,-8.775041736227053,-58.04400508673848,-0.17486005164300172,-0.07274570671917276,-0.03488271823314474,0.14755246982387973,0.5575042844982518,0.13274865590835813
1999-08-20,-0.16229,-7.188608029280563,-59.865964339589986,-0.16229005119471407,-0.057678962846073586,-0.035597470088098986,0.1495541259275773,0.5577713252708955,0.13273653359602813
1999-08-27,-0.15161,-6.580812126440316,-61.05073859987154,-0.15161005081383006,-0.05190657843750026,-0.0360622552356883,0.15125481703238955,0.5578736341709102,0.1327286507613263
1999-09-03,-0.14029,-7.466525954752323,-62.31093678639551,-0.14029005041012152,-0.060318416472462846,-0.03655662907528887,0.15305742221089844,0.5577245439794841,0.13272026609740434
1999-09-10,-0.12756,-9.074060873904056,-63.962029607865304,-0.12756004995612774,-0.07558556365161649,-0.03720435028804388,0.15508455683302017,0.5574539512878499,0.1327092806361014
1999-09-17,-0.11456,-10.191282533709634,-65.71804770027232,-0.11456004949250485,-0.0861960874472617,-0.037893233525644714,0.15715468645498265,0.5572658919104286,0.13269759705989628
1999-09-24,-0.10219,-10.797835195530725,-67.33056265984655,-0.10219004905134986,-0.0919566644957631,-0.038525820701616593,0.15912449441065002,0.5571637922823429,0.13268686827441653
1999-10-01,-0.0915,-10.4609061552011,-68.35114662239286,-0.0915000486701092,-0.08875676806654105,-0.038926194244123025,0.1608267779228638,0.5572205067803152,0.13268007787142938
1999-10-08,-0.08509,-7.005464480874313,-67.65376720139894,-0.08509004844150746,-0.05593960435679975,-0.038652613353671046,0.16184751106723147,0.5578021534072727,0.13268471784959607
1999-10-15,-0.08704,2.291691150546482,-63.28510566499346,-0.0870400485110509,0.0323577269679208,-0.03693879405067284,0.16153699162393706,0.559367122439594,0.13271378451479482
1999-10-22,-0.09665,11.040900735294112,-54.65421788495824,-0.09665004885377519,0.11545108241558298,-0.033552909848802076,0.16000668811108634,0.5608398569618759,0.1327712096834373
1999-10-29,-0.11206,15.944128297982418,-41.53797996661102,-0.11206004940334661,0.16201821819633888,-0.02840742958216735,0.15755278830536004,0.5616652060899574,0.1328584778988993
1999-11-05,-0.13008,16.080671069070142,-25.609058675511832,-0.13008005004599926,0.16331499785419273,-0.022158537889109632,0.15468327016783975,0.561688190023626,0.1329644601587487
1999-11-12,-0.14797,13.753075030750296,-8.823710641444327,-0.14797005068401564,0.14120925640666288,-0.015573671282117365,0.15183445332653908,0.5612963910838068,0.13307614060995432
1999-11-19,-0.16278,10.008785564641487,7.367587889980887,-0.1627800512121891,0.10564883549176136,-0.0092218493951339,0.14947609796490333,0.5606661233659358,0.13318386858329898
1999-11-26,-0.17035,4.650448458041523,21.427043980326467,-0.17035005148216026,0.054759414511002955,-0.003706346068429489,0.14827064556196057,0.5597641666848808,0.13327741245243346
1999-12-03,-0.17248,1.2503668916935773,35.21480087801818,-0.17248005155812307,0.022468019110427104,0.0017025700765720437,0.14793146278543903,0.5591918386988118,0.13336914858494156
1999-12-10,-0.17082,-0.9624304267161432,49.10963687150838,-0.17082005149892202,0.0014525488177976578,0.00715349318864982,0.1481958024140896,0.5588193635660506,0.13346159716271497
1999-12-17,-0.16946,-0.7961597002692944,65.82835893923085,-0.16946005145041992,0.003031662043896874,0.013712222529971244,0.14841236982069494,0.5588473515387368,0.13357283432147482
1999-12-24,-0.16984,0.22424170895785078,85.6174863387978,-0.16984005146397196,0.012722660547809418,0.021475467231865407,0.14835185833943756,0.5590191133838951,0.1337045002644427
1999-12-31,-0.17335,2.0666509656147136,103.72546715242686,-0.17335005158915015,0.030220466007897465,0.028579200674729747,0.1477929233415077,0.559329241937814,0.13382498078492905
2000-01-07,-0.18325,5.710989327949223,110.53538602941173,-0.1832500519422168,0.06483162716249076,0.03125072153437305,0.14621644001401318,0.5599426851140343,0.1338702902304831
2000-01-14,-0.19458,6.182810368349245,101.32436627004657,-0.19458005234628198,0.06931262547872616,0.027637252435806385,0.1444122424281028,0.5600221056751497,0.1338090051835063
2000-01-21,-0.20498,5.344845307842538,82.91986435837941,-0.20498005271718026,0.06135426901795635,0.020417194215357634,0.14275613873053283,0.5598810529250561,0.1336865517751207
2000-01-28,-0.21233,3.585715679578483,63.23031980319802,-0.2123300529793055,0.04464739029205653,0.012693015712465894,0.14158571929042327,0.5595849426413078,0.1335555484014943
2000-02-04,-0.21421,0.8854142137239229,44.7658309116713,-0.21421005304635252,0.0190019754297529,0.00544942469068768,0.14128634669893947,0.559130407045742,0.13343269587281859
2000-02-11,-0.21195,-1.0550394472713776,30.206413564319945,-0.21195005296575345,0.0005730185941679873,-0.00026221267978903827,0.14164623077168062,0.558803774900546,0.13333582553713397
2000-02-18,-0.20422,-3.6470865770228733,19.882594658056952,-0.20422005269007618,-0.024044278706036787,-0.004312231197993879,0.14287716169304754,0.5583674615108175,0.13326713653817626
2000-02-25,-0.19145,-6.253060425031832,10.998376623376638,-0.19145005223465586,-0.04879384141138217,-0.0077974964750123,0.1449106659447753,0.5579288038683241,0.13320802584969316
2000-03-03,-0.17547,-8.34682684774094,2.7221636810677907,-0.17547005166475632,-0.06867884655400003,-0.011044242275311358,0.14745533297238766,0.5575763649351325,0.13315296049187067
2000-03-10,-0.15548,-11.392260785319419,-8.249734450607804,-0.15548005095184703,-0.09760206781375012,-0.015348501291922518,0.15063855536800533,0.5570637339766721,0.133079959531066
2000-03-17,-0.13332,-14.252636995111923,-21.502590673575128,-0.13332005016154833,-0.12476775116058254,-0.02054757671250764,0.15416733016975062,0.5565822533640441,0.13299178233272965
2000-03-24,-0.11111,-16.659165916591657,-35.904239976925304,-0.11111004936946647,-0.14762313725353812,-0.026197321918312807,0.15770406700850345,0.5561771678317794,0.1328959616986243
2000-03-31,-0.09024,-18.783187831878323,-50.755798090040926,-0.09024004862517344,-0.16779548611270997,-0.03202356566865832,0.16102742125545397,0.5558196360604318,0.13279714761935626
2000-04-07,-0.07443,-17.519946808510646,-61.748381128584654,-0.0744300480613367,-0.15579818117287333,-0.03633593934289994,0.16354501735724067,0.5560322745447492,0.13272400903258594
2000-04-14,-0.0601,-19.252989386000262,-70.68006634793637,-0.06010004755028165,-0.1722573048802672,-0.03983982592456074,0.16582693716360392,0.5557405554348422,0.1326645825236271
2000-04-21,-0.04712,-21.597337770382698,-77.80812885602599,-0.047120047087372045,-0.19452214740229729,-0.04263615404875625,0.16789388197076338,0.5553459366107653,0.1326171563257604
2000-04-28,-0.03313,-29.690152801358238,-84.53386863358386,-0.033130046588442506,-0.2713815653219825,-0.04527465157521049,0.17012165992547532,0.5539836914887218,0.1325724069615217
2000-05-05,-0.01718,-48.14367642619981,-91.89431469686247,-0.017180046019612906,-0.44663913378781117,-0.0481621434160875,0.17266154973088316,0.5508774518865268,0.1325234346116036
2000-05-12,-0.00176,-89.75552968568103,-99.13818431103711,-0.001760045469684851,-0.841836949114322,-0.051003902492573305,0.17511704194401095,0.5438730234021304,0.13247523789710333
2000-05-19,0.01263,-817.6136363636364,-106.59702272133715,0.012629955043510008,-7.754481090030545,-0.053929993502140186,0.17740851619478326,0.42135432606791895,0.13242561089875682
2000-05-26,0.02485,96.75376088677751,-114.16196500826352,0.024849955479315507,0.9294868059875664,-0.05689770890177936,0.17935443803942802,0.5752677074923578,0.13237527794371567
2000-06-02,0.03234,30.14084507042254,-120.80010290712633,0.03233995574643361,0.2968478644101667,-0.05950184034392255,0.1805471511831587,0.5640549070899515,0.13233111143407847
2000-06-09,0.03362,3.9579468150896524,-125.21752175217522,0.03361995579208263,0.04818255924099064,-0.06123478706524304,0.18075097933055193,0.5596475994605581,0.1323017203646304
2000-06-16,0.02896,-13.860797144556802,-126.06426064260643,0.02895995562589166,-0.12104635351141711,-0.06156696144930263,0.18000891748144845,0.5566482108736373,0.13229608663090353
2000-06-23,0.01714,-40.81491712707182,-118.99379432624113,0.01713995520435148,-0.3770361375932278,-0.058793228223872736,0.1781266919328641,0.5521110852474347,0.13234312961546624
2000-06-30,-0.00095,-105.54259043173862,-98.7236329437055,-0.0009500454407975795,-0.9917704759477448,-0.05084127461913961,0.17524602694353322,0.54121562342321,0.13247799609333838
2000-07-07,-0.02584,2620.0,-57.00499168053245,-0.025840046328457066,24.893365439563535,-0.034475114847807874,0.17128252492117582,1.0,0.13275556893070228
2000-07-14,-0.05512,113.31269349845203,16.977928692699496,-0.05512004737267843,1.0867509862552798,-0.005451727256158981,0.1666199560495557,0.5780550349044093,0.13324781049233234
2000-07-21,-0.08579,55.642235123367215,158.94959251433747,-0.08579004846647177,0.5390407216681324,0.05024354139962565,0.16173604254912577,0.5683474979958337,0.13419241166722815
2000-07-28,-0.11635,35.62186735050703,577.2409778812572,-0.11635004955634215,0.34890245609917736,0.21433861824312356,0.15686964553011243,0.5649775150868325,0.1369754919202199
2000-08-04,-0.1445,24.194241512677262,8110.227272727272,-0.144500050560264,0.24037153493790683,3.169517730596728,0.1523870186948629,0.5630539288570054,0.18709582940901012
2000-08-11,-0.16869,16.74048442906575,-1435.6294536817104,-0.1686900514229592,0.16958140461015944,-0.5753074029236601,0.14853498519061117,0.5617992549037294,0.12358296186608086
2000-08-18,-0.18691,10.80087734898334,-852.15291750503,-0.18691005207274447,0.11317152237518331,-0.34641044164317963,0.14563361890506066,0.5607994543719331,0.12746509303761558
2000-08-25,-0.19927,6.612808303461559,-716.1719233147804,-0.19927005251354285,0.07339641966812767,-0.29306530360900557,0.14366540335679479,0.5600944862482078,0.1283698355997439
2000-09-01,-0.20663,3.6934812064033817,-714.6044021415825,-0.20663005277602473,0.045670865514444194,-0.2924503674272716,0.14249339150928375,0.5596030825669923,0.1283802650213765
2000-09-08,-0.20863,0.9679136621013384,-820.4074585635359,-0.2086300528473513,0.01978549260600287,-0.33395674618907156,0.1421749100289818,0.5591442939899874,0.12767630981853192
2000-09-15,-0.20719,-0.6902171308057259,-1308.8098016336057,-0.20719005279599617,0.004037824200169973,-0.5255562455340698,0.1424042166947992,0.5588651846101608,0.12442674990870758
2000-09-22,-0.20283,-2.10434866547613,21250.526315789473,-0.2028300526405042,-0.009392524349824825,8.324437140008882,0.14309850632185736,0.5586271470697426,0.27452413432873485
2000-09-29,-0.19682,-2.9630725237884015,661.687306501548,-0.19682005242616776,-0.017548032124438007,0.24746678503991887,0.14405554317016467,0.5584826000384944,0.13753735123131863
2000-10-06,-0.19003,-3.449852657250274,244.7568940493469,-0.19003005218401398,-0.022171100558542108,0.08390561580923675,0.14513678779578967,0.5584006614473147,0.13476332614172806
2000-10-13,-0.18201,-4.220386254801878,112.15759412518942,-0.18201005189799432,-0.0294890441379641,0.03188711131299419,0.14641389853180037,0.558270959281799,0.13388108350874686
2000-10-20,-0.17538,-3.6426569968682987,50.734851740438344,-0.17538005166154666,-0.024002209914027323,0.00779106251982388,0.14746966463900124,0.5583682071319561,0.13347241044638952
2000-10-27,-0.16852,-3.911506443152013,16.622837370242216,-0.16852005141689644,-0.0265555380044761,-0.005591029044059715,0.14856205611643683,0.5583229523169922,0.13324544791045254
2000-11-03,-0.15904,-5.625445051032529,-5.7205524927381735,-0.15904005107880834,-0.04283322670087679,-0.014356307041104395,0.15007165833306793,0.5580344489347785,0.13309678731334745
2000-11-10,-0.14589,-8.268360160965793,-21.94639131132631,-0.14589005060983598,-0.067933629488178,-0.020721679030419573,0.15216567406605305,0.5575895730538024,0.13298882952797583
2000-11-17,-0.12826,-12.084447186236192,-35.635067998193406,-0.12826004998109206,-0.10417592915405707,-0.02609172615880324,0.1549730883149145,0.5569472198163231,0.1328977526205626
2000-11-24,-0.10763,-16.084515827225953,-47.91172627401635,-0.1076300492453582,-0.1421655466367884,-0.030907840603487308,0.1582582247842288,0.5562738973725045,0.1328160705051392
2000-12-01,-0.08709,-19.083898541298893,-58.256243109811635,-0.08709004851283406,-0.17065140831034045,-0.034965978888094044,0.1615290295869295,0.5557690181116111,0.1327472437935702
2000-12-08,-0.07139,-18.02732805144105,-65.54370384671076,-0.07139004795292028,-0.1606169033166187,-0.03782483869599198,0.16402910920729957,0.5559468682157336,0.1326987570477733
2000-12-15,-0.0656,-8.110379604986683,-67.6576443326924,-0.06560004774642979,-0.06643325001222215,-0.03865413434640432,0.16495111309277363,0.5576161655609753,0.1326846920533021
2000-12-22,-0.07066,7.713414634146343,-64.09917691291535,-0.07066004792688607,0.08384914367224419,-0.0372581529680616,0.1641453549476098,0.5602797488051212,0.13270836813354986
2000-12-29,-0.0909,28.6442117180866,-52.16544756091144,-0.09090004864871122,0.2826339761822207,-0.032576569020716324,0.16092232236695436,0.5638029822064711,0.1327877685889883
2001-01-05,-0.12064,32.717271727172715,-33.71792758639636,-0.1206400497093377,0.32131681030756337,-0.025339634879376925,0.15618650275486481,0.5644885911210368,0.13291050821584605
2001-01-12,-0.15639,29.63362068965518,-10.827916524119063,-0.15639005098430062,0.2920306320242496,-0.016359918213880522,0.15049364629446796,0.5639695271651866,0.13306280572903129
2001-01-19,-0.1933,23.601253277063748,14.704486114407779,-0.19330005230063294,0.23473978251949257,-0.006343595335767686,0.14461607057549603,0.5629541124978892,0.1332326842588805
2001-01-26,-0.2267,17.278841179513726,42.54275653923543,-0.2267000534917871,0.17469430862615262,0.004577315981937483,0.13929742985445395,0.5618898752693758,0.13341790476163795
2001-02-02,-0.25369,11.90560211733569,73.89128795667972,-0.2536900544543395,0.12366336017600174,0.01687529736963438,0.13499952227777956,0.560985410176079,0.13362648060565555
2001-02-09,-0.27233,7.3475501596436565,112.32652424762199,-0.2723300551191034,0.08037444043979206,0.03195338234412584,0.13203127488136565,0.5602181636714176,0.1338822074766418
2001-02-16,-0.28142,3.337862152535531,161.46985041345349,-0.28142005544328275,0.04229346551496126,0.05123223475571306,0.13058377655339343,0.5595432220216094,0.13420918007374294
2001-02-23,-0.28067,-0.26650557885012915,222.27580663681246,-0.2806700554165353,0.008061915091226453,0.07508631927208895,0.13070320710850664,0.5589365070106599,0.13461374938104786
2001-03-02,-0.27454,-2.1840595717390388,284.56366437876454,-0.2745400551979193,-0.01014955806847133,0.09952175150939561,0.13167935284563204,0.5586137295144402,0.1350281784440101
2001-03-09,-0.2657,-3.21993152181832,305.030487804878,-0.2657000548826557,-0.019987484033378192,0.10755085533591682,0.1330870409885665,0.5584393635483758,0.13516435340269045
2001-03-16,-0.25668,-3.3948061723748535,263.26068497028024,-0.2566800545609728,-0.021648310803697113,0.09116462495761571,0.13452339246472816,0.5584099272967403,0.13488644016443824
2001-03-23,-0.25256,-1.6051114227832342,177.84378437843787,-0.25256005441404,-0.004651147742261459,0.05765570424662208,0.13517946431415012,0.558711182537747,0.13431812320256634
2001-03-30,-0.25602,1.369971491922728,112.21816976127323,-0.25602005453743504,0.023603932870836012,0.03191087504326871,0.1346284913532278,0.559211971468758,0.13388148654563095
2001-04-06,-0.26572,3.7887665026169692,69.90856192851207,-0.265720054883369,0.046575812974042605,0.015312879981895238,0.1330838561737635,0.5596191217238831,0.13359998174254278
2001-04-13,-0.28489,7.214360981484247,47.382307294361084,-0.2848900555670344,0.07910951066352118,0.006475864412127452,0.1300312111850696,0.5601957442404085,0.13345010446407296
2001-04-20,-0.30937,8.592790199726208,36.46669607410673,-0.3093700564400719,0.09220078569601044,0.0021936866656023335,0.1261329978661741,0.5604277720912175,0.13337747800534305
2001-04-27,-0.33623,8.68216051976598,32.53577200520317,-0.3362300573979881,0.09304955719903647,0.0006515911080118765,0.12185579158571928,0.5604428155936408,0.13335132380390624
2001-05-04,-0.36425,8.333581179549721,33.75316711342855,-0.36425005839727376,0.08973901505945912,0.0011291733648348522,0.11739386604668939,0.5603841400272234,0.13335942367974474
2001-05-11,-0.38959,6.956760466712408,38.43721128562292,-0.3895900593009817,0.07666301639108405,0.0029667167981052805,0.11335870569126406,0.5601523829324655,0.1333905887271156
2001-05-18,-0.40944,5.095099976898809,45.87950261873377,-0.4094400600088982,0.058982377322542134,0.005886316414356674,0.1101977769992675,0.5598390138623159,0.1334401056303337
2001-05-25,-0.42536,3.8882375928096957,54.935528520434175,-0.4253600605766579,0.04752051392949343,0.00943898165734917,0.10766266441606422,0.5596358654659408,0.13350035943363758
2001-06-01,-0.43658,2.6377656573255637,64.31313511479114,-0.4365800609768001,0.03564448009968934,0.013117802518934131,0.10587598331157044,0.5594253763731041,0.13356275285756666
2001-06-08,-0.44429,1.7659993586513378,73.09100825931121,-0.4442900612517641,0.02736510512057004,0.016561348856636,0.10464823720500652,0.559278633937575,0.133621155985784
2001-06-15,-0.45012,1.3122059915820827,78.22299651567945,-0.45012006145968114,0.02305531996975922,0.01857462007557341,0.10371986368992642,0.5592022479336519,0.13365530140611664
2001-06-22,-0.45575,1.2507775704256652,78.0134364502773,-0.4557500616604655,0.02247191942548181,0.018492409979361815,0.10282333832287653,0.5591919078274274,0.13365390710898256
2001-06-29,-0.46249,1.4788809654415758,74.05163329820863,-0.46249006190083614,0.024638272431119893,0.016938200604221923,0.10175005573425905,0.5592303039523843,0.13362754745515154
2001-07-06,-0.47161,1.9719345283141232,65.54108603320581,-0.47161006222608537,0.029320921138715872,0.01359952580410422,0.10029778018408231,0.5593132985356484,0.13357092296594622
2001-07-13,-0.48205,2.2136935179491557,55.81665966318647,-0.4820500625984102,0.031616964622853176,0.009784648069896264,0.09863530685690627,0.5593539932757456,0.13350622199444923
2001-07-20,-0.49258,2.184420703246559,46.500907117151954,-0.49258006297394474,0.03133895363529188,0.0061300924577704806,0.09695850186311666,0.5593490658495182,0.1334442401132544
2001-07-27,-0.50223,1.9590726379471235,37.88057652711048,-0.5022300633180955,0.029198768661095824,0.0027483498255420316,0.09542182872065991,0.559311133522937,0.1333868851863334
2001-08-03,-0.50722,0.9935686836708424,30.193280114992692,-0.5072200634960554,0.020029144538859584,-0.0002673649120653144,0.0946272174273066,0.5591486124413365,0.13333573815440328
2001-08-10,-0.5031,-0.8122708095106734,22.87514654161782,-0.5031000633491226,0.0028786509502794796,-0.0031382576272488806,0.09528328927672856,0.5588446395924127,0.13328704732846394
2001-08-17,-0.48946,-2.7111906181673584,15.069588113597888,-0.48946006286267524,-0.01515584886355347,-0.006200366374549032,0.09745533297238766,0.5585249987459837,0.13323511344628386
2001-08-24,-0.4654,-4.915621296939488,6.601310183700582,-0.4654000620046163,-0.036091859159874125,-0.009522458978535256,0.10128666518041976,0.5581539319506168,0.13317877019392912
2001-08-31,-0.43446,-6.64804469273742,-2.2125188503004822,-0.4344600609011939,-0.05254510234927428,-0.012980110757213836,0.10621357368069047,0.5578623170661536,0.1331201278350475
2001-09-07,-0.40049,-7.818901625005759,-11.025948635919313,-0.40049005968971163,-0.06366501327482091,-0.016437605911356856,0.11162298162361858,0.5576652293854779,0.13306148813254448
2001-09-14,-0.3683,-8.037653874004347,-19.188151398793195,-0.3683000585417101,-0.0657425561894063,-0.019639625690968422,0.11674894104907799,0.5576284073176321,0.13300718133559639
2001-09-21,-0.34609,-6.0304099918544685,-25.1681117429566,-0.34609005774962825,-0.04667927650064616,-0.021985555075423224,0.12028567788783083,0.5579662821086343,0.13296739397652152
2001-09-28,-0.33973,-1.8376722817764257,-27.963783634782978,-0.33973005752280966,-0.0068598343593042855,-0.02308229292364843,0.12129844899519093,0.5586720360980311,0.1329487931171489
2001-10-05,-0.34214,0.7093868660406955,-29.023960170106832,-0.3421400576087582,0.01733020121656567,-0.023498198572479895,0.12091467881142712,0.5591007767632248,0.13294173928701192
2001-10-12,-0.35372,3.384579411936639,-28.190344715579208,-0.35372005802173917,0.042737150604837744,-0.02317117249244565,0.119070671040479,0.5595510858314816,0.1329472857046319
2001-10-19,-0.36962,4.495080854913502,-26.404237102522742,-0.36962005858878566,0.05328385087902942,-0.02247048518147423,0.11653874327207872,0.5597380140101101,0.1329591694799175
2001-10-26,-0.38636,4.528975704777882,-23.827924766373563,-0.38636005918578925,0.05360575845026144,-0.021459801754651054,0.11387305328195166,0.5597437194529893,0.1329763108417507
2001-11-02,-0.39814,3.0489698726576364,-20.862651560325986,-0.3981400596059029,0.03954978579561531,-0.020296529567772247,0.11199719736297335,0.559494593442116,0.13299604013475835
2001-11-09,-0.40356,1.3613301853619308,-17.54995300943898,-0.40356005979919796,0.023521864296454132,-0.018996962944399617,0.11113411255135515,0.559210516897306,0.13301808100445736
2001-11-16,-0.40188,-0.41629497472494004,-13.648474430597323,-0.40188005973928365,0.0066393290400917244,-0.017466418807955842,0.11140163699480875,0.5589112933028112,0.1330440392918381
2001-11-23,-0.39174,-2.5231412361899186,-9.832896008838565,-0.39174005937765777,-0.013369898488607077,-0.015969573173012456,0.1130163380999395,0.5585566526701524,0.1330694260469347
2001-11-30,-0.37782,-3.553377240006128,-5.660565806886575,-0.37782005888122466,-0.023154298511360517,-0.014332774355113815,0.11523296920284085,0.5583832353900859,0.13309718643168142
2001-12-07,-0.36506,-3.377269599280075,-0.8797176215042168,-0.365060058426161,-0.02148176173576318,-0.012457254854110344,0.11726488104716712,0.5584128791881483,0.13312899555958305
2001-12-14,-0.35867,-1.7503971949816455,3.6348926579791385,-0.3586700581982725,-0.0060309617921861635,-0.010686180080288684,0.11828242937673174,0.5586867269146143,0.1331590332872493
2001-12-21,-0.36094,0.6328937463406348,6.243193123951385,-0.3609400582792282,0.016603727593666278,-0.009662947758592163,0.11792095289658906,0.5590879008506057,0.13317638748046162
2001-12-28,-0.37435,3.7152989416523674,9.414274858245175,-0.37435005875747307,0.045878073812810644,-0.008418937197845137,0.1157855345711647,0.5596067550966749,0.13319748610994356
2002-01-04,-0.39468,5.430746627487637,11.579780617437518,-0.39468005948250784,0.062170094586832494,-0.0075694125688643196,0.11254817032389568,0.5598955124985439,0.13321189419131216
2002-01-11,-0.42032,6.496402148576075,13.716790216979602,-0.4203200603969149,0.0722908823152384,-0.006731066940147759,0.10846523774642504,0.5600748918652815,0.1332261126749458
2002-01-18,-0.44582,6.066806242862577,15.3897919039238,-0.44582006130632895,0.06821090629608562,-0.00607475091265512,0.10440459887257557,0.5600025789649165,0.1332372439057601
2002-01-25,-0.46702,4.755282400969008,17.30044707891696,-0.46702006206239083,0.05575504777344522,-0.005325203781803008,0.10102869518137521,0.559781813143725,0.1332499563518535
2002-02-01,-0.48211,3.231125005353097,19.46426801466945,-0.48211006260055,0.041279757062284476,-0.004476340106505442,0.09862575241249721,0.5595252552007278,0.13326435322333582
2002-02-08,-0.49107,1.8584970235008713,22.19319199761123,-0.4910700629200932,0.028243577772181883,-0.0034057873618246284,0.09719895538074462,0.5592942038588274,0.13328250997892424
2002-02-15,-0.49534,0.8695298022685094,26.446112217286988,-0.49534006307237544,0.018851117339732684,-0.0017373732020522837,0.09651899742030001,0.5591277332589399,0.13331080656521552
2002-02-22,-0.49551,0.034319861105513993,31.149753851040174,-0.4955100630784382,0.010918926912443973,0.00010785828570105177,0.09649192649447436,0.5589871442718104,0.1333421020032905
2002-03-01,-0.49487,-0.12915985550241427,35.558538322467534,-0.49487006305561365,0.009366320580522676,0.0018374177553293432,0.09659384056817098,0.5589596261034536,0.13337143562437706
2002-03-08,-0.49388,-0.20005253905065468,37.69760504084534,-0.493880063020307,0.00869303565167816,0.002676570388648992,0.09675148890092042,0.5589476928994965,0.13338566779494523
2002-03-15,-0.49445,0.11541265084635821,36.98952734526515,-0.4944500630406351,0.01168908471206112,0.0023987925812827813,0.09666072167903436,0.5590007944364113,0.13338095663635796
2002-03-22,-0.49859,0.8372939629891718,33.188192867637234,-0.49859006318828114,0.018544965792504777,0.0009075348240449189,0.0960014650148094,0.559122307073534,0.1333556646526122
2002-03-29,-0.50683,1.6526605026173868,28.415425154555596,-0.5068300634821467,0.026288698645306464,-0.0009648147199154359,0.09468932131596548,0.5592595558660785,0.13332390928771806
2002-04-05,-0.52017,2.6320462482489315,23.755709935287395,-0.5201700639578951,0.035590161491047975,-0.0027928139418069006,0.09256504984235167,0.5594244136380007,0.1332929061117862
2002-04-12,-0.53878,3.577676528827123,20.851464716701827,-0.5387800646215891,0.044571040536754675,-0.003932144941650746,0.08960157966814229,0.5595835894293716,0.1332735828653593
2002-04-19,-0.56064,4.057314673892876,20.04625069590169,-0.5606400654011888,0.049126279783015744,-0.004248029182256745,0.08612057708844231,0.5596643258259112,0.1332682254152202
2002-04-26,-0.58348,4.073915525114158,21.0263217937815,-0.5834800662157384,0.04928394207443788,-0.0038635487751893004,0.08248351858339438,0.5596671202093872,0.13327474626794264
2002-05-03,-0.6058,3.8253239185576104,23.36326796587045,-0.6058000670117433,0.0469230075780328,-0.002946768331930423,0.07892926526322495,0.5596252753504455,0.13329029501929485
2002-05-10,-0.62225,2.7154176295807186,25.62078572293778,-0.6222500675984045,0.03638195962504645,-0.0020611475355648157,0.07630975508774165,0.5594384473527344,0.13330531529776643
2002-05-17,-0.63283,1.7002812374447673,27.712861496236197,-0.6328300679757223,0.02674096425940131,-0.0012404293788170107,0.0746249880569445,0.5592675717559114,0.13331923481649455
2002-05-24,-0.63477,0.3065594235418523,28.270050720391215,-0.634770068044909,0.013504451754353585,-0.0010218448902220957,0.07431606102105165,0.559032969737305,0.13332294204638542
2002-05-31,-0.62864,-0.9657041133008804,27.2859804000972,-0.628640067826293,0.001421457826048641,-0.0014078941861845337,0.07529220675817702,0.5588188125138439,0.13331639458504205
2002-06-07,-0.6145,-2.2493000763552984,24.27950247750026,-0.614500067322014,-0.010769162889587302,-0.0025873309209479478,0.07754387082391159,0.5586027477288893,0.13329639113856873
2002-06-14,-0.59418,-3.3067534580960123,19.17206522393151,-0.5941800665973358,-0.020812052920646956,-0.004590970818677451,0.0807796426637791,0.5584247490095869,0.13326240906707248
2002-06-21,-0.56948,-4.1569894644720495,12.36114673559181,-0.5694800657164523,-0.02888694951649101,-0.0072628838243410185,0.08471288894550782,0.5582816307191233,0.1332170929706556
2002-06-28,-0.54214,-4.800870970007731,4.223619201414919,-0.5421400647414177,-0.035002047604771123,-0.010455223549113272,0.08906653078123508,0.5581732476117951,0.13316295034907452
2002-07-05,-0.5143,-5.135204928616222,-4.543598500315538,-0.5143000637485515,-0.038177297916446064,-0.013894589772749847,0.09349979298703781,0.5581169699380184,0.13310461811629865
2002-07-12,-0.48708,-5.292630760256656,-13.120719178082197,-0.48708006277779664,-0.039672409041449454,-0.017259381221848103,0.09783432593394695,0.55809047080633,0.13304755068431012
2002-07-19,-0.46333,-4.87599572965427,-20.591965448687187,-0.4633300619307933,-0.035715525581926026,-0.020190339816216943,0.10161629351253225,0.5581606020321072,0.13299784113090224
2002-07-26,-0.4429,-4.4093842401743855,-26.890062726972598,-0.4429000612021921,-0.0312840036283422,-0.022661073838007778,0.10486958183381635,0.5582391456813813,0.13295593706407272
2002-08-02,-0.42868,-3.210657033190334,-31.108075532342305,-0.42868006069506004,-0.01989940197605681,-0.024315793872026294,0.10713398515876303,0.558440924701923,0.13292787273247003
2002-08-09,-0.41751,-2.6056732294485463,-34.02493560671903,-0.41751006029670096,-0.014153724751450112,-0.025460073660687782,0.10891270422624924,0.5585427602477012,0.1329084655537479
2002-08-16,-0.41018,-1.7556465713396086,-35.38131921798446,-0.410180060035289,-0.006080816386634465,-0.025992180896710872,0.11007993885155579,0.5586858432990479,0.13289944092504158
2002-08-23,-0.40225,-1.9332975766736538,-36.01266225502672,-0.402250059752479,-0.007768010868475437,-0.02623985581377181,0.1113427179209529,0.5586559397099363,0.1328952403165645
2002-08-30,-0.39391,-2.073337476693604,-35.89747762408463,-0.39391005945504715,-0.009098003603990466,-0.026194669057537152,0.1126707856938119,0.5586323671125195,0.13289600669159168
2002-09-06,-0.3833,-2.693508669493039,-35.49092867481235,-0.38330005907665954,-0.0149879191286476,-0.026035180520585916,0.1143603299468136,0.5585279751081318,0.1328987116441491
2002-09-13,-0.37259,-2.7941560135663956,-34.573646133314604,-0.37259005869470563,-0.015943791251145374,-0.02567533196907382,0.11606579827383039,0.5585110333699373,0.13290481473643587
2002-09-20,-0.36297,-2.581926514399191,-33.04865901796583,-0.3629700583516247,-0.013928196466272184,-0.02507708183380271,0.11759769419408261,0.5585467574781603,0.1329149611598987
2002-09-27,-0.35707,-1.6254786896988782,-30.57165078747812,-0.35707005814121123,-0.004844580592729384,-0.024105355257202733,0.11853721456097328,0.5587077541620953,0.1329314418069642
2002-10-04,-0.35636,-0.1988405634749446,-26.837480496017086,-0.35636005811589033,0.008704546076286335,-0.02264044590845652,0.11865027548648047,0.5589478969085848,0.13295628691724623
2002-10-11,-0.36219,1.6359860814906257,-21.828934021108072,-0.36219005832380735,0.026130337642732544,-0.02067560071339355,0.11772190197140037,0.5592567490987477,0.1329896110240248
2002-10-18,-0.37484,3.4926419834893307,-15.366899977421545,-0.3748400587749481,0.043763446932710566,-0.01814055454687047,0.1157075066084907,0.5595692757580288,0.13303260583570464
2002-10-25,-0.3905,4.177782520542106,-8.906410376038066,-0.3905000593334353,0.050270392003060105,-0.015606114262723318,0.11321379661772667,0.5596846039041612,0.1330755903715169
2002-11-01,-0.40901,4.740076824583861,-2.0358793801346087,-0.40901005999356294,0.05561063674395519,-0.012910815360644678,0.11026625051753242,0.5597792536236842,0.1331213030966917
2002-11-08,-0.42684,4.3593066184201,4.061631478862937,-0.4268400606294395,0.05199437017973872,-0.010518771087288254,0.10742698812064079,0.5597151594421194,0.1331618725720807
2002-11-15,-0.44223,3.6055664886140093,9.93909260410193,-0.4422300611782977,0.04483591821736628,-0.008213051991149684,0.10497627312971751,0.5595882840827806,0.13320097795786587
2002-11-22,-0.45292,2.417294168193007,14.980579320149268,-0.45292006155953835,0.03355060914653451,-0.00623528438938667,0.10327398961750375,0.5593882649094822,0.1332345212308473
2002-11-29,-0.45915,1.375518855427016,19.788677276284904,-0.4591500617817207,0.023656617521145767,-0.004349074844595173,0.10228191980636327,0.5592129052438221,0.13326651166369935
2002-12-06,-0.46146,0.5031035609277978,23.851955232292866,-0.4614600618641029,0.015371078872011735,-0.0027550570575859065,0.10191407369661455,0.559066053564304,0.13329354647492758
2002-12-13,-0.46461,0.6826160447276131,28.00231424084636,-0.46461006197644233,0.017075952264194966,-0.0011268775055751038,0.10141246536513902,0.5590962704918462,0.13332116067546723
2002-12-20,-0.46832,0.798519188136293,31.156355896602903,-0.46832006210875315,0.018176712395664214,0.00011044825817440327,0.10082168221917895,0.5591157802039962,0.13334214592966162
2002-12-27,-0.47498,1.4221045439016144,33.28656414861375,-0.4749800623462707,0.024099053050172535,0.0009461257285572716,0.09976113888977357,0.5592207469066599,0.13335631916087873
2003-01-03,-0.48567,2.2506210787822667,34.092603329744044,-0.48567006272751134,0.03196767458223854,0.0012623336783108218,0.09805885537755979,0.5593602092079548,0.1333616821011797
2003-01-10,-0.49885,2.713776844359339,33.08344893821364,-0.49885006319755365,0.03636637669172056,0.0008664439392001901,0.09596006242237014,0.5594381711630951,0.13335496774425645
2003-01-17,-0.51128,2.491730981256879,30.92957746478873,-0.5112800636408483,0.034257553528926496,2.148342290209174e-05,0.09398070002229372,0.5594007946886886,0.13334063707101076
2003-01-24,-0.52092,1.885463933656717,27.3611892129777,-0.5209200639846426,0.02849968902762731,-0.0013783898828192893,0.09244561928723845,0.5592987431373944,0.13331689498301652
2003-01-31,-0.52803,1.3648928818244643,23.706775372504918,-0.5280300642382086,0.02355570008477831,-0.0028120108966594366,0.09131341762476512,0.5592111165978872,0.13329258052818557
2003-02-07,-0.53189,0.7310190708861297,20.274517784863065,-0.5318900643758689,0.017535647487903355,-0.004158480349040634,0.09069874836778243,0.5591044180629972,0.13326974417857496
2003-02-14,-0.53446,0.48318261294630904,18.003179369425084,-0.5344600644675237,0.01518188482020094,-0.005049522968749245,0.09028949966559445,0.5590627003165021,0.1332546319450626
2003-02-21,-0.5371,0.49395651685812947,16.977022759446815,-0.5371000645616747,0.015284207186425258,-0.005452082652401683,0.08986910411159592,0.559064513863209,0.13324780446475193
2003-02-28,-0.54133,0.7875628374604204,17.308109045204347,-0.5413300647125304,0.018072657288479836,-0.005322198004034963,0.08919551578075736,0.559113935946441,0.13325000733035272
2003-03-07,-0.54795,1.2229139341991102,17.937625104926713,-0.5479500649486215,0.02220729174607707,-0.005075239807409078,0.08814134208095799,0.5591872176050033,0.13325419578313
2003-03-14,-0.55798,1.8304589834838847,19.145029039972663,-0.5579800653063244,0.027977293737879095,-0.0046015770726895696,0.08654415745724386,0.5592894842794105,0.13326222918321085
2003-03-21,-0.57266,2.6309186709200905,20.56507642427048,-0.5726600658298615,0.035579452616963686,-0.004044494634944996,0.08420650339182778,0.5594242238354771,0.13327167739556187
2003-03-28,-0.59223,3.417385534173878,21.94082401630737,-0.5922300665277923,0.04304871826698068,-0.0035047909385981946,0.08109016210707348,0.5595566080113189,0.1332808308615199
2003-04-04,-0.61554,3.9359708221467837,23.391801142628044,-0.6155400673591038,0.04797384793110266,-0.002935574809911031,0.07737826045415461,0.5596439002917184,0.1332904848633212
2003-04-11,-0.64112,4.155700685576891,25.395086840869997,-0.641120068271371,0.050060675485936096,-0.0021496888651069404,0.07330488232109303,0.5596808869191748,0.13330381362184437
2003-04-18,-0.66575,3.841714499625648,27.802733625124752,-0.665750069149758,0.04707867288305125,-0.0012051726787940835,0.06938278289117489,0.5596280343396257,0.13331983277608914
2003-04-25,-0.68713,3.211415696582809,30.13086377667935,-0.6871300699122393,0.04109257299915124,-0.0002918507470361519,0.06597821586674736,0.5595219375776722,0.13333532287050143
2003-05-02,-0.70341,2.3692751007815094,32.24726917219727,-0.7034100704928378,0.03309456047173254,0.0005384118836533775,0.06338577661708973,0.5593801819692327,0.13334940426512165
2003-05-09,-0.71304,1.3690450803940823,33.41316468959323,-0.7130400708362754,0.023595134516916732,0.000995790929006555,0.06185228828943598,0.5592118155280155,0.13335716149107713
2003-05-16,-0.71747,0.6212835184561838,33.58220070750326,-0.7174700709942639,0.016493462456788902,0.0010621035027736049,0.06114685181056722,0.5590859465273892,0.13335828616354217
2003-05-23,-0.71792,0.06272039249026751,32.62150629006337,-0.7179200710103123,0.011188653614770293,0.0006852245380905677,0.06107519347749929,0.5589919248685736,0.13335189423256805
2003-05-30,-0.71651,-0.1964007131713852,30.76193083310519,-0.716510070960027,0.008727717923588538,-4.428409675297475e-05,0.06129972292111215,0.5589483076030294,0.13333952164275564
2003-06-06,-0.71463,-0.26238293952631775,28.074482956378354,-0.71463007089298,0.008101068792071973,-0.0010985658277944798,0.06159909551259595,0.5589372009651477,0.1333216408463101
2003-06-13,-0.71394,-0.0965534612316854,24.67083435197153,-0.7139400708683723,0.009675991377954196,-0.002433812019390021,0.061708971623300114,0.5589651146635373,0.13329899484510035
2003-06-20,-0.7154,0.2044989775051187,20.797663070091012,-0.7154000709204408,0.012535159061392924,-0.0039532512461163865,0.06147648014267971,0.5590157901348756,0.13327322489886634
2003-06-27,-0.71807,0.3732177802627801,16.6569191279202,-0.7180700710156618,0.01413752225917095,-0.005577658822150352,0.061051307366476654,0.5590441901866714,0.1332456746716771
2003-07-04,-0.72103,0.4122160792123353,12.464125280758665,-0.7210300711212251,0.0145078985183154,-0.007222485497065969,0.060579954775629816,0.5590507546815113,0.13321777813311786
2003-07-11,-0.7226,0.21774406058001627,8.5392414570034,-0.7226000711772165,0.012660950812660937,-0.008762211475634631,0.0603299468135928,0.5590180196495427,0.13319166412014197
2003-07-18,-0.72088,-0.23802933849986774,4.911734315195071,-0.7208800711158756,0.008332360819874018,-0.010185277032347506,0.06060384088665246,0.5589413003513408,0.1331675286876489
2003-07-25,-0.71584,-0.6991454888469528,1.767105955275028,-0.7158400709361327,0.003953029428585465,-0.011418909974399798,0.06140641421701329,0.5588636817199868,0.13314660606433495
2003-08-01,-0.70594,-1.3829906124273594,-0.9957365645686056,-0.705940070583066,-0.0025416127873097724,-0.012502768909726748,0.0629828975445078,0.5587485716278539,0.13312822363350302
2003-08-08,-0.6957,-1.4505482052299068,-3.034273210029692,-0.6957000702178737,-0.0031832235542659758,-0.013302483747726081,0.06461352272365363,0.5587371998121259,0.1331146603346127
2003-08-15,-0.68561,-1.4503377892769787,-4.500501448629368,-0.6856100698580312,-0.003181225183167517,-0.013877682864657619,0.06622026179177681,0.5587372352309641,0.13310490486031898
2003-08-22,-0.67747,-1.1872638963842497,-5.448632956971988,-0.6774700695677318,-0.0006827489174665077,-0.014249633419132334,0.06751648141660563,0.55878151786018,0.1330985965160154
2003-08-29,-0.67231,-0.7616573427605688,-5.921945622210101,-0.6723100693837092,0.003359339261876965,-0.014435313260721996,0.0683381636357846,0.558853159241994,0.1330954473545022
2003-09-05,-0.67084,-0.21864913507161354,-6.036921870185175,-0.6708400693312842,0.008516419290129348,-0.014480418268634354,0.0685722475238065,0.5589445625768438,0.1330946823659404
2003-09-12,-0.67315,0.34434440403077193,-5.905786972323179,-0.6731500694136664,0.013863304835187554,-0.014428974246848792,0.06820440141405777,0.559039329997012,0.13309555486524946
2003-09-19,-0.67846,0.7888286414617696,-5.51617530324342,-0.6784600696030385,0.018084678934640254,-0.014276130179260155,0.06735883308385619,0.5591141490163456,0.13309814712648285
2003-09-26,-0.68538,1.019956961353663,-4.944315770494978,-0.6853800698498285,0.020279760382029315,-0.014051790550826908,0.06625688716201154,0.5591530543200173,0.13310195196451863
2003-10-03,-0.69319,1.1395138463334176,-4.070024910047055,-0.6931900701283589,0.021415220979196455,-0.013708807570666027,0.06501321698143255,0.5591731790581642,0.13310776901386318
2003-10-10,-0.70176,1.2363132763023144,-2.652313838641651,-0.7017600704339934,0.02233454853257437,-0.013152641664930057,0.0636485238383388,0.5591894730857414,0.13311720168167637
2003-10-17,-0.70971,1.1328659370724914,-0.8563366115333149,-0.7097100707175166,0.021352084180168925,-0.01244808251931677,0.06238255995413868,0.5591720600307395,0.13312915112393225
2003-10-24,-0.71536,0.7960998154175725,1.3343910247329838,-0.7153600709190142,0.018153735028928426,-0.01158866338616643,0.061482849772285755,0.5591153729564968,0.1331437270177648
2003-10-31,-0.71982,0.6234623126817329,3.467011642949558,-0.7198200710780726,0.016514154991500433,-0.010752039548175354,0.060772636071212464,0.5590863132788588,0.13315791629953658
2003-11-07,-0.72193,0.29312883776499987,5.297472323915908,-0.7219300711533221,0.01337689823914556,-0.010033952595849776,0.06043663810949395,0.5590307089973906,0.133170095175682
2003-11-14,-0.72209,0.02216281356919314,6.586269502708597,-0.7220900711590282,0.010803468497332892,-0.009528359414904496,0.06041115959106979,0.5589850979036874,0.1331786701215305
2003-11-21,-0.72089,-0.16618427065877572,7.225833320938269,-0.7208900711162323,0.00901469077224919,-0.009277459497836735,0.060602248479250935,0.5589533938679768,0.13318292542655305
2003-11-28,-0.71957,-0.18310699274507458,7.264027189791911,-0.7195700710691567,0.008853971595523766,-0.009262476100942267,0.0608124462562502,0.5589505453047111,0.13318317954749817
2003-12-05,-0.71772,-0.25709798907681547,6.621109708088846,-0.7177200710031796,0.008151261242255053,-0.009514691655110446,0.06110704162552948,0.5589380905688198,0.1331789019290479
2003-12-12,-0.71847,0.10449757565624829,5.8971789051676105,-0.7184700710299271,0.011585421608128754,-0.009798688612471953,0.06098761107041625,0.5589989571266646,0.13317408529262503
2003-12-19,-0.72179,0.46209305886117935,5.312381452624826,-0.7217900711483293,0.014981592234127416,-0.010028103767241907,0.06045893181311507,0.5590591503598964,0.13317019437280428
2003-12-26,-0.72808,0.8714446030008594,5.033252066532978,-0.7280800713726513,0.01886930266451242,-0.010137605802575105,0.05945730755756554,0.5591280555729861,0.1331683371997674
2004-01-02,-0.73802,1.3652345896055351,5.167008663930672,-0.7380200717271446,0.02355894536606192,-0.01008513329203309,0.05787445460046499,0.5592111741167798,0.1331692271424197
2004-01-09,-0.75123,1.7899243922928854,5.850276873652627,-0.7512300721982567,0.027592326940463353,-0.009817088208387172,0.055770884423070814,0.5592826611839966,0.1331737732323668
2004-01-16,-0.76509,1.844974242242725,6.951744576157459,-0.76509007269255,0.02811514865423242,-0.009384984097219273,0.053563807764578496,0.5592919275998576,0.13318110179116427
2004-01-23,-0.77842,1.742278686167631,8.140924119918868,-0.7784200731679418,0.027139824167924636,-0.008918470763594026,0.0514411286983662,0.5592746410908019,0.1331890139361935
2004-01-30,-0.79067,1.573700572955472,9.52169877966007,-0.7906700736048171,0.025538797132722096,-0.008376794956201925,0.04949042963151694,0.5592462647209568,0.13319820084948839
2004-02-06,-0.80059,1.2546321474192768,10.871221038928658,-0.8005900739585972,0.022508527273668335,-0.007847379418173482,0.04791076148921941,0.5591925566595937,0.13320717982654154
2004-02-13,-0.80926,1.0829513233989951,12.258458294608054,-0.8092600742677979,0.020878033044940097,-0.007303168344184494,0.04653014427211059,0.5591636580175049,0.13321640973838664
2004-02-20,-0.81536,0.7537750537528032,13.312116958739239,-0.815360074485344,0.017751766550383893,-0.006889819646348515,0.04555877575718974,0.5591082485257642,0.13322342020220235
2004-02-27,-0.81884,0.42680533751962013,14.089059800479298,-0.8188400746094523,0.014646456226243474,-0.006585026146462052,0.045004617981464386,0.5590532104581338,0.13322858955150332
2004-03-05,-0.8195,0.0806018269747355,14.061825824321117,-0.81950007463299,0.011358477914570153,-0.0065957099940543475,0.04489951909296475,0.5589949348097137,0.13322840835164143
2004-03-12,-0.81803,-0.1793776693105542,13.333518059269323,-0.818030074580565,0.008889389880423936,-0.006881424027029366,0.04513360298098666,0.5589511730532309,0.13322356259332577
2004-03-19,-0.81387,-0.5085388066452423,11.783045819140758,-0.8138700744322057,0.005763267101082959,-0.007489671938146227,0.045796044460014666,0.5588957661086777,0.13321324660589387
2004-03-26,-0.80729,-0.8084829272488325,9.385924500691022,-0.8072900741975412,0.002914625382498561,-0.008430059000167958,0.04684384853020799,0.5588452771980066,0.13319729748229536
2004-04-02,-0.79886,-1.0442344139033,6.340268626119849,-0.7988600738968996,0.0006756366043528946,-0.009624865186143337,0.04818624796968057,0.5588055936872034,0.13317703336733042
2004-04-09,-0.78786,-1.3769621710938096,2.9761204564168864,-0.7878600735046033,-0.0024843592247254117,-0.010944615417040582,0.04993789611134113,0.5587495863816532,0.1331546501802346
2004-04-16,-0.7744,-1.7084253547584582,-0.5164307186351857,-0.7744000730245753,-0.005632345093766042,-0.012314737952428906,0.052081276473773065,0.5586937919388844,0.13313141267033626
2004-04-23,-0.75914,-1.9705578512396627,-3.987757218561472,-0.7591400724803534,-0.008121880690497785,-0.013676534079916935,0.05451129016847671,0.5586496677727822,0.13310831637772397
2004-04-30,-0.74367,-2.0378322839001983,-7.109756554541025,-0.7436700719286422,-0.008760802217231672,-0.01490128969015626,0.05697474441861206,0.5586383436207562,0.13308754431545883
2004-05-07,-0.72872,-2.0103002675918136,-9.952302103155963,-0.7287200713954759,-0.008499324012241405,-0.01601641600293449,0.059355393483868917,0.5586429780223546,0.13306863158461776
2004-05-14,-0.71603,-1.7414095949061292,-12.182348901098894,-0.7160300709429087,-0.00594560438470124,-0.016891259983649144,0.0613761584763846,0.558688239776865,0.13305379408276205
2004-05-21,-0.70597,-1.404969065541961,-13.784133652484009,-0.7059700705841359,-0.00275034746204257,-0.017519637715202756,0.06297812032230327,0.558744872044899,0.13304313669017148
2004-05-28,-0.69885,-1.0085414394379377,-14.722391702257475,-0.6988500703302132,0.0010146213989799425,-0.0178877149268373,0.06411191439217812,0.5588116018043011,0.13303689403841748
2004-06-04,-0.69407,-0.6839808256421276,-15.153478478784411,-0.6940700701597425,0.004097051895725732,-0.01805682961625017,0.0648730851300997,0.5588662343532051,0.13303402582468646
2004-06-11,-0.69141,-0.3832466465918394,-15.046629068524464,-0.6914100700648782,0.006953196990095109,-0.018014912754462757,0.06529666549890126,0.5589168562526153,0.13303473674175084
2004-06-18,-0.69001,-0.20248477748369131,-14.527617089273981,-0.6900100700149496,0.008669936096147784,-0.017811305141212257,0.06551960253511259,0.5589472834863407,0.13303818996130315
2004-06-25,-0.69041,0.05797017434530094,-13.57559522319306,-0.6904100700292148,0.011143539646365452,-0.017437828405289995,0.06545590623905222,0.5589911252751724,0.13304452418990217
2004-07-02,-0.69174,0.192639156443275,-12.200137080191908,-0.6917400700766472,0.012422523477859139,-0.01689823825936145,0.06524411605465143,0.559013793798208,0.1330536757300259
2004-07-09,-0.69372,0.2862347124642284,-10.418388429752067,-0.6937200701472604,0.013311423066952132,-0.01619926096282149,0.06492881938915253,0.5590295485249807,0.1330655305031776
2004-07-16,-0.69551,0.25802917603643394,-8.381853149616681,-0.6955100702110977,0.013043548278802991,-0.01540033125740772,0.06464377846428232,0.5590248007512745,0.1330790804860865
2004-07-23,-0.69754,0.29187215137094213,-6.203020156789973,-0.6975400702834943,0.013364963185102538,-0.014545578374860495,0.06432051976177586,0.5590304974622321,0.13309357723951973
2004-07-30,-0.69962,0.2981907847578569,-3.993303326380504,-0.6996200703576739,0.01342497277166881,-0.01367870980961299,0.06398929902226186,0.5590315610633988,0.1331082794769804
2004-08-06,-0.70083,0.17295103055943173,-2.122816083125023,-0.7008300704008265,0.01223554059371193,-0.012944920497534405,0.06379661772667922,0.5590104797408195,0.13312072466780261
2004-08-13,-0.70265,0.25969207939158245,-0.4702749408615037,-0.7026500704657337,0.013059341273384508,-0.012296631110725962,0.06350679957960445,0.5590250806640088,0.13313171976543356
2004-08-20,-0.70395,0.18501387604070718,0.7297703369821829,-0.7039500705120959,0.012350104349166276,-0.011825855166079865,0.06329978661740822,0.5590125102521252,0.13313970420506652
2004-08-27,-0.705,0.14915832090347525,1.5747691155070909,-0.7050000705495424,0.012009575486652211,-0.011494363425285165,0.06313258384024971,0.5590064747681932,0.1331453263610482
2004-09-03,-0.70471,-0.041134751773053146,1.9236053860950841,-0.7047100705392,0.010202316239519353,-0.01135751548475748,0.06317876365489349,0.5589744431686793,0.13314764732526158
2004-09-10,-0.70458,-0.01844730456499466,2.111563600527533,-0.7045800705345638,0.010417784402305815,-0.011283779761958396,0.0631994649511131,0.5589782620949951,0.1331488978955895
2004-09-17,-0.70424,-0.048255698430266225,2.0031575440680127,-0.7042400705224383,0.010134686890150109,-0.011326307293691858,0.06325360680276443,0.5589732445159471,0.13314817662145959
2004-09-24,-0.70362,-0.08803816880608162,1.7174082747853259,-0.7036200705003272,0.00975686316567488,-0.011438406299172893,0.06335233606165802,0.5589665480233169,0.13314627540336982
2004-10-01,-0.70283,-0.11227651289048568,1.3132099406100384,-0.7028300704721531,0.009526665760873972,-0.011596972693382343,0.06347813624637728,0.5589624680380623,0.13314358609050925
2004-10-08,-0.70273,-0.014228191739107388,1.038087159063128,-0.7027300704685867,0.010457854335288836,-0.011704902943821843,0.06349406032039238,0.5589789722886477,0.13314175557521
2004-10-15,-0.70344,0.1010345367353116,0.8458296298420098,-0.7034400704939077,0.011552532291534016,-0.011780325281299835,0.0633809993948852,0.5589983742012105,0.13314047639961185
2004-10-22,-0.706,0.3639258501080489,0.9119236156770683,-0.7060000705852056,0.014049274555459759,-0.0117543967107772,0.06297334310009875,0.5590426260972317,0.13314091615255264
2004-10-29,-0.70912,0.4419263456090672,1.1828831528330808,-0.7091200706964752,0.01479006409021484,-0.011648099694805684,0.062476511990827745,0.559055755742986,0.13314271896791915
2004-11-05,-0.71267,0.5006204873646336,1.4260300291752737,-0.71267007082308,0.015347496522979157,-0.011552713543540271,0.06191120736329183,0.5590656355941866,0.13314433673317513
2004-11-12,-0.71686,0.5879298974279967,1.8339370693941426,-0.7168600709725093,0.0161766950664645,-0.011392692229567944,0.0612439886620593,0.5590803321883274,0.13314705072172092
2004-11-19,-0.71904,0.3041040091510183,1.9914893617021256,-0.7190400710502551,0.013481132091157432,-0.011330884703958806,0.06089684384853022,0.5590325564229931,0.13314809898780738
2004-11-26,-0.71967,0.08761682242990343,2.122859048402903,-0.7196700710727231,0.011425101019797414,-0.011279348574867454,0.06079652218223511,0.5589961156279215,0.13314897304927192
2004-12-03,-0.71804,-0.22649269804215777,1.9103579437395268,-0.7180400710145919,0.008441927079195947,-0.01136271243632608,0.06105608458868118,0.5589432422877534,0.13314755918408414
2004-12-10,-0.71501,-0.42198206228064583,1.5293081903896555,-0.7150100709065321,0.006585317396736873,-0.01151219767734364,0.061538584031338585,0.5589103360083159,0.1331450238891174
2004-12-17,-0.71022,-0.6699207004097985,0.9380063102242708,-0.7102200707357048,0.004230584299110519,-0.011744164509216906,0.06230134717666169,0.5588686010620623,0.13314108969242144
2004-12-24,-0.70497,-0.7392075694855116,0.3044833032169958,-0.7049700705484725,0.0035725501779482554,-0.011992694625192857,0.06313736106245423,0.558856938161198,0.13313687457962617
2004-12-31,-0.70082,-0.5886775323772575,-0.27179713403440164,-0.7008200704004699,0.005002170277664581,-0.01221876856776574,0.06379821013408071,0.5588822765394985,0.13313304032732928
2005-01-07,-0.69848,-0.3338945806341198,-0.7051063345843267,-0.6984800703170178,0.007421905473870624,-0.012388755110756253,0.06417083346603396,0.5589251635734742,0.13313015732681419
2005-01-14,-0.69897,0.07015233077538596,-0.9957507082152928,-0.6989700703344928,0.011259236526701789,-0.012502774458257919,0.06409280550336,0.5589931758698182,0.13312822353939902
2005-01-21,-0.70149,0.3605304948710142,-1.0759814981949445,-0.7014900704243642,0.014017028047149585,-0.012534248875631772,0.06369151883817958,0.5590420545648178,0.13312768972795777
2005-01-28,-0.7061,0.6571725897732028,-0.9218853045589226,-0.706100070588772,0.016834309630553063,-0.012473797172296278,0.06295741902608365,0.5590919876530235,0.13312871499906917
2005-02-04,-0.71162,0.7817589576547324,-0.7309655999776843,-0.7116200707856335,0.01801753644093376,-0.012398899661397948,0.06207841014045034,0.5591129589925722,0.13312998527351977
2005-02-11,-0.7156,0.5592872600545196,-0.4784156653315552,-0.7156000709275734,0.01590466902511993,-0.012299824704603834,0.06144463199464952,0.5590755108384147,0.1331316656015413
2005-02-18,-0.71638,0.10899944102851222,-0.4571539733489005,-0.7163800709553908,0.011628176910299954,-0.012291483775046666,0.06132042421733177,0.5589997149154093,0.13313180706511712
2005-02-25,-0.71356,-0.3936458304252044,-0.6239206729430125,-0.7135600708548202,0.006854433430911688,-0.012356906098675988,0.06176948310455748,0.5589151057816858,0.13313069749144496
2005-03-04,-0.70654,-0.9837995403329858,-1.1845988167997756,-0.7065400706044639,0.0012496011873669947,-0.012576859285184816,0.06288735310041722,0.5588157665518255,0.133126967048206
2005-03-11,-0.6962,-1.4634698672403412,-1.9740362141308254,-0.6962000702357054,-0.0033059436976123364,-0.012886554380302628,0.06453390235357814,0.55873502473819,0.13312171456702102
2005-03-18,-0.68281,-1.9232979029014663,-3.143396172886781,-0.6828100697581739,-0.007673041552783018,-0.013345292520753328,0.0666661358641995,0.5586576229322472,0.13311393429058285
2005-03-25,-0.66832,-2.122113032908135,-4.637424731029361,-0.6683200692414127,-0.009561236835567963,-0.013931397660929077,0.06897353418898691,0.5586241568342327,0.13310399384829064
2005-04-01,-0.65393,-2.1531601627962638,-6.378135379681593,-0.6539300687282178,-0.009856098922758256,-0.014614275811532924,0.07126500843975923,0.5586189307415713,0.13309241211937653
2005-04-08,-0.64064,-2.0323276191641315,-8.345136415010657,-0.6406400682542526,-0.00870852308743101,-0.015385927338041002,0.0733813178763655,0.5586392702084337,0.13307932477899478
2005-04-15,-0.62896,-1.8231768231768308,-10.339420376626896,-0.6289600678377052,-0.006722167489842985,-0.016168281915202833,0.07524124972132872,0.5586744760855624,0.13306605591306403
2005-04-22,-0.61949,-1.5056601373696243,-12.265967993202088,-0.6194900674999738,-0.003706634877578684,-0.016924063626813392,0.0767492595305583,0.5587279229461113,0.13305323772742667
2005-04-29,-0.61243,-1.139647129090049,-13.938618925831204,-0.6124300672481909,-0.00023052098399201597,-0.017580242053919556,0.07787349915602408,0.5587895330821672,0.13304210883033815
2005-05-06,-0.60726,-0.8441781101513612,-15.139742873113471,-0.6072600670638117,0.002575619613810636,-0.01805144115895242,0.07869677378260455,0.5588392687091676,0.13303411721383346
2005-05-13,-0.60363,-0.5977670190692619,-15.738853681007292,-0.603630066934354,0.004915845228387881,-0.018286471421344434,0.07927481766935253,0.5588807465269059,0.1330301310608379
2005-05-20,-0.602,-0.270032967215017,-15.634284432983915,-0.6020000668762228,0.008028414632428833,-0.0182454490637484,0.0795343800757986,0.5589359132534104,0.1330308268069599
2005-05-27,-0.60238,0.06312292358805482,-14.742265122993736,-0.6023800668897749,0.011192476549775243,-0.01789551123968749,0.07947386859454122,0.5589919926257165,0.13303676181163313
2005-06-03,-0.60309,0.11786579899730754,-13.374030451019825,-0.6030900669150958,0.01171238285223003,-0.01735875485050068,0.07936080766903406,0.5590012073692523,0.13304586529076332
2005-06-10,-0.60452,0.2371122054751318,-11.465854337224124,-0.6045200669660942,0.012844894760116172,-0.016610180251601003,0.0791330934106182,0.5590212798452602,0.13305856124255033
2005-06-17,-0.6057,0.1951961887117104,-9.369762987790287,-0.605700067008177,0.012446808230568988,-0.015787886790418145,0.07894518933724004,0.5590142242176259,0.13307250747870808
2005-06-24,-0.60722,0.2509493148423303,-7.142966372547521,-0.6072200670623852,0.012976309127994749,-0.014914317851453328,0.07870314341221059,0.5590236090143647,0.13308732335564008
2005-07-01,-0.60911,0.3112545700075797,-4.921640859140853,-0.6091100671297889,0.013549042693726627,-0.014042895217451083,0.07840217841332527,0.559033760060616,0.13310210283087692
2005-07-08,-0.6106,0.24461919850273794,-2.9191045535487015,-0.6106000671829271,0.012916190485054962,-0.013257303258248315,0.07816490971050034,0.5590225434802987,0.1331154266033546
2005-07-15,-0.61353,0.4798558794628205,-0.9620817123763059,-0.6135300672874205,0.01515029002924919,-0.012489566162192735,0.07769833434185802,0.5590621403350318,0.1331284475543339
2005-07-22,-0.61549,0.3194627809560924,0.4996489394706316,-0.6154900673573206,0.013626998054531238,-0.011916131441731268,0.07738622249116214,0.55903514173007,0.13313817310416506
2005-07-29,-0.61658,0.1770946725373257,1.534762704607573,-0.6165800673961936,0.012274893761833224,-0.011510057879678555,0.0772126500843976,0.5590111772306361,0.13314506018044764
2005-08-05,-0.61553,-0.17029420350967994,1.9714063250666936,-0.6155300673587472,0.008975657747844158,-0.01133876324880871,0.0773798528615561,0.5589527020523408,0.1331479653663544
2005-08-12,-0.61301,-0.4094032784754509,1.82890365448507,-0.6130100672688757,0.0067047811429987595,-0.011394666830612058,0.07778113952673651,0.5589124533663444,0.1331470172321533
2005-08-19,-0.60794,-0.8270664426355268,0.9230054118662734,-0.6079400670880628,0.0027381332508909693,-0.011750049338919094,0.0785884900793019,0.5588421490771872,0.13314098988471454
2005-08-26,-0.60129,-1.0938579465078813,-0.29846291598268904,-0.6012900668509018,0.00020434993630126102,-0.012229229513630209,0.07964744100130579,0.5587972406709822,0.1331328629079184
2005-09-02,-0.5934,-1.312178815546572,-1.839475947859448,-0.5934000665695184,-0.0018690960586717467,-0.01283376659167888,0.08090385044109685,0.5587604912163424,0.1331226098568429
2005-09-09,-0.58555,-1.3228850690933602,-3.3267294039953765,-0.5855500662895615,-0.001970775933048849,-0.013417213869600477,0.08215389025128189,0.5587586890570674,0.13311271449234396
2005-09-16,-0.5781,-1.2723080864144976,-4.795625967524131,-0.5781000660238699,-0.001490434119483045,-0.013993459766359658,0.08334023376540656,0.5587672025653682,0.13310294126448738
2005-09-23,-0.57219,-1.022314478463926,-6.0613025561885525,-0.5721900658130998,0.0008838155225981418,-0.01448998277482114,0.08428134653969872,0.5588092834200112,0.13309452015029805
2005-09-30,-0.56905,-0.5487687656198226,-6.804782181460867,-0.569050065701117,0.00538119346936345,-0.01478164870557804,0.08478136246377274,0.558888994291311,0.13308957344678946
2005-10-07,-0.56979,0.1300412968983533,-7.129235734193928,-0.5697900657275079,0.011828016494908741,-0.014908931342826653,0.08466352431606103,0.5590032568430832,0.13308741471173727
2005-10-14,-0.57392,0.724828445567649,-6.7539683829144215,-0.5739200658747974,0.017476853624863592,-0.014761714529382002,0.08400586005923756,0.559103376009137,0.1330899115337888
2005-10-21,-0.57982,1.0280178422079844,-5.961918972396118,-0.5798200660852108,0.020356316513364545,-0.01445099474544756,0.08306633969234689,0.5591544111897321,0.1330951813938694
2005-10-28,-0.58609,1.0813700803697701,-4.782870046951415,-0.5860900663088197,0.020863015598186326,-0.0139884556380419,0.08206790025160038,0.5591633918504673,0.13310302613534988
2005-11-04,-0.59015,0.6927263730826194,-3.7291398182737856,-0.5901500664536127,0.017171972493171955,-0.013575078865542756,0.08142138284658748,0.5590979723403909,0.1331100370753166
2005-11-11,-0.59167,0.25756163687200573,-2.676250945817027,-0.591670066507821,0.013039107946496487,-0.013162032155814558,0.08117933692155802,0.5590247220514718,0.13311704241736294
2005-11-18,-0.58911,-0.43267361874017585,-2.0256448635433744,-0.5891100664165229,0.006483777104145276,-0.012906800375289382,0.08158699321634447,0.558908536322968,0.1331213711915223
2005-11-25,-0.58412,-0.8470404508495899,-1.5638692281766176,-0.5841200662385629,0.0025484352732429065,-0.012725646493041738,0.08238160450969777,0.5588387868978771,0.1331244435919997
2005-12-02,-0.57744,-1.1436006300075352,-1.3850226282981937,-0.5774400660003322,-0.00026806833656338767,-0.012655485242829747,0.08344533265390619,0.5587888675983622,0.1331256335386681
2005-12-09,-0.57088,-1.1360487669714425,-1.248918872167426,-0.570880065766381,-0.00019634647032257447,-0.012602091945472271,0.08448995190929648,0.558790138786267,0.1331265390980205
2005-12-16,-0.56593,-0.8670823991031362,-1.0940421887834395,-0.5659300655898476,0.0023580920526394406,-0.012541334057190951,0.08527819357304373,0.558835413282375,0.13312756956208038
2005-12-23,-0.56443,-0.26505044793526666,-0.8118794482031344,-0.5644300655363527,0.008075734820787205,-0.012430642041486918,0.08551705468327017,0.5589367519495326,0.13312944691738557
2005-12-30,-0.56615,0.3047322077139869,-0.6388318503308232,-0.5661500655976935,0.013487098244554357,-0.012362755730977485,0.08524316061021052,0.5590326621662264,0.1331305982806919
2006-01-06,-0.57232,1.0898171862580686,-0.27878449958180784,-0.5723200658177361,0.020943239801902287,-0.012221509700685392,0.0842606452434791,0.5591648137325624,0.13313299383725144
2006-01-13,-0.58217,1.7210651383841036,0.40529819599184336,-0.5821700661690196,0.026938353983765886,-0.01195314509547365,0.08269212395299215,0.5592710702626192,0.13313754534633832
2006-01-20,-0.59282,1.8293625573286176,1.148287805627124,-0.5928200665488337,0.027966880714009996,-0.011661671397108874,0.0809962100703844,0.559289299720493,0.133142488789553
2006-01-27,-0.60501,2.0562734050808107,2.5180038973142693,-0.6050100669835693,0.030121907810408806,-0.011124333849212645,0.0790550654479442,0.5593274951066851,0.13315160212523322
2006-02-03,-0.61579,1.781788730764755,4.076596751567574,-0.6157900673680196,0.027515060599017233,-0.01051290023347591,0.07733845026911687,0.5592812917266212,0.1331619721427542
2006-02-10,-0.62434,1.3884603517432925,5.980207431549278,-0.6243400676729408,0.023779526035682626,-0.009766116647345656,0.07597694194082615,0.5592150836564216,0.13317463771866173
2006-02-17,-0.63089,1.0491078578979351,8.006916387043761,-0.6308900679065353,0.020556613483410483,-0.008971041794203405,0.07493391509283737,0.5591579612240387,0.13318812232262423
2006-02-24,-0.63496,0.6451203854871634,9.9612080908839,-0.634960068051685,0.016719846937098614,-0.008204376119186087,0.07428580528042296,0.5590899589329259,0.13320112510212154
2006-03-03,-0.6361,0.17953886859014556,11.424467488789226,-0.6361000680923412,0.012298106881765199,-0.00763034167396169,0.07410427083665086,0.5590115886565908,0.13321086082338612
2006-03-10,-0.63561,-0.07703191322119274,12.312476808085805,-0.6356100680748662,0.009861392231827016,-0.007281976963175469,0.07418229879932482,0.5589684006812518,0.13321676914779218
2006-03-17,-0.63424,-0.215540976384887,12.368229895646943,-0.6342400680260075,0.00854593822347324,-0.0072601051113811,0.07440045861333164,0.5589450857661163,0.13321714009809732
2006-03-24,-0.63267,-0.2475403632694384,11.749536341958834,-0.632670067970016,0.008242032321717203,-0.007502817655283888,0.07465046657536865,0.5589396993822037,0.13321302365230817
2006-03-31,-0.63012,-0.403053724690583,10.099245177523052,-0.6301200678790747,0.006765084388048443,-0.00815022437919882,0.0750565304627536,0.5589135221722714,0.13320204352478918
2006-04-07,-0.62796,-0.34279184917159755,7.86540014085233,-0.6279600678020419,0.007337405966808094,-0.009026558403212735,0.07540049046147967,0.5589236659165256,0.13318718075154717
2006-04-14,-0.62562,-0.37263519969424896,5.532876758543903,-0.6256200677185898,0.0070539764628388645,-0.009941603792740441,0.07577311379343293,0.558918642453303,0.13317166142699963
2006-04-21,-0.62385,-0.2829193440107347,3.1139981157336294,-0.6238500676554658,0.007906029601284335,-0.01089052622015039,0.07605496990350012,0.5589337441189542,0.13315556754216074
2006-04-28,-0.62111,-0.43920814298308297,0.863930885529185,-0.6211100675577484,0.0064217171500045266,-0.01177322418611389,0.07649128953151374,0.5589074363813852,0.13314059683538707
2006-05-05,-0.61587,-0.8436508830963918,-1.3566326040298504,-0.6158700673708727,0.0025806268164220094,-0.012644347879315038,0.07732571100990478,0.5588393574560969,0.1331258224302367
2006-05-12,-0.60857,-1.1853150827284886,-3.5378592147600862,-0.6085700671105306,-0.0006642405637425658,-0.013500039774539918,0.07848816841300678,0.5587818458995442,0.1331113097509897
2006-05-19,-0.59717,-1.8732438339057245,-5.951556003527781,-0.597170066703969,-0.007197665976694912,-0.014446929368458537,0.08030351285072775,0.5586660484196786,0.1330952503433506
2006-05-26,-0.58375,-2.2472662725856907,-8.229838075774254,-0.5837500662253675,-0.010749847364235914,-0.015340695974214733,0.08244052358355362,0.5586030900744456,0.13308009191057424
2006-06-02,-0.56944,-2.4513918629550435,-10.410471830210355,-0.5694400657150257,-0.012688477371007409,-0.016196155292813496,0.08471925857511388,0.5585687300787333,0.13306558317586611
2006-06-09,-0.55566,-2.419921326215213,-12.389631685166492,-0.5556600652235856,-0.012389594086737921,-0.01697257670584286,0.08691359597439409,0.5585740274425057,0.13305241493740239
2006-06-16,-0.54314,-2.2531764028362877,-14.15113724374476,-0.543140064777081,-0.010805977297905688,-0.017663612668110156,0.08890729004108412,0.5586020952356814,0.1330406948506229
2006-06-23,-0.53418,-1.6496667525868092,-15.225671300704635,-0.5341800644575379,-0.005074300464869723,-0.018085150750930375,0.09033408707283672,0.5587036826405599,0.13303354549345298
2006-06-30,-0.53006,-0.7712755999850218,-15.590164978661058,-0.530060064310605,0.0032679923512106833,-0.01822814106865055,0.09099015892225869,0.5588515402226618,0.1330311203534837
2006-07-07,-0.53068,0.11696789042752176,-15.175346056711724,-0.5306800643327164,0.011703855197791534,-0.018065408233945618,0.09089142966336508,0.5590010562263478,0.13303388032987964
2006-07-14,-0.53649,1.094821738147278,-14.003366193796584,-0.5364900645399201,0.020990769239271265,-0.01760564230906195,0.089966240963088,0.5591656561373836,0.13304167803771558
2006-07-21,-0.5467,1.9031109619936926,-11.98016454412263,-0.5467000649040423,0.028667287115659804,-0.016811943366680158,0.08834039300614671,0.5593017136214816,0.1330551393059989
2006-07-28,-0.56033,2.493140662154758,-9.018136944485045,-0.5603300653901331,0.03427094160870452,-0.015649944426279483,0.08616994171788911,0.5594010319770636,0.13307484700453098
2006-08-04,-0.57457,2.5413595559759417,-5.58686757480652,-0.5745700658979785,0.0347288880831565,-0.014303862650308327,0.08390235357813944,0.5594091485536375,0.1330976767790841
2006-08-11,-0.58779,2.3008510712358765,-1.570741999765557,-0.5877900663694473,0.032444720945873175,-0.01272834267092507,0.08179719099334373,0.5593686643081811,0.13312439786436686
2006-08-18,-0.59835,1.796559995916902,2.5010706638115776,-0.5983500667460517,0.027655346869886625,-0.011130976731064958,0.08011560877734959,0.5592837781400414,0.13315148946083363
2006-08-25,-0.6052,1.1448149076627168,6.279853891542575,-0.6052000669903452,0.021465566438294063,-0.009648565795000584,0.07902480970731553,0.5591740713737442,0.13317663140099623
2006-09-01,-0.60807,0.4742233972240717,9.432026778965552,-0.608070067092699,0.015096796985770966,-0.00841197314623749,0.07856778878308227,0.559061192232125,0.1331976042214365
2006-09-08,-0.60808,0.0016445475027548895,11.95640166439591,-0.6080800670930555,0.010608601571479335,-0.007421664702655446,0.07856619637568077,0.5589816441106926,0.13321440002010834
2006-09-15,-0.6069,-0.1940534140244643,13.613388745366727,-0.6069000670509729,0.008750010790214698,-0.006771631180826926,0.0787541004490589,0.5589487027185487,0.13322542469856416
2006-09-22,-0.60628,-0.10215851046300184,14.379504207070903,-0.6062800670288617,0.009622758872369767,-0.006471085245727015,0.07885282970795249,0.5589641711783662,0.13323052200844807
2006-09-29,-0.60729,0.16658969453058337,14.436195070475598,-0.6072900670648816,0.012175125449846981,-0.006448845505889777,0.07869199656040002,0.5590094089516143,0.1332308991981966
2006-10-06,-0.61083,0.582917551746287,13.856735447072621,-0.6108300671911296,0.016129091609566753,-0.006676166638374031,0.07812828434026563,0.5590794884715949,0.13322704379334793
2006-10-13,-0.61696,1.0035525432608106,12.851655386866657,-0.6169600674097456,0.02012396366344599,-0.007070458023477963,0.07715213860314024,0.5591502930016823,0.1332203565447789
2006-10-20,-0.62359,1.0746239626556076,11.289775667909986,-0.6235900676461933,0.020798946089771314,-0.00768318107125882,0.07609637249593937,0.5591622562918374,0.1332099646582724
2006-10-27,-0.62995,1.0199008964223433,9.63851227874759,-0.6299500678730119,0.02027922791984274,-0.008330969197461256,0.07508360138857927,0.5591530448827351,0.13319897806210612
2006-11-03,-0.63367,0.5905230573854947,7.805508770138991,-0.6336700680056794,0.016201322932558444,-0.009050053697218962,0.0744912258352177,0.5590807686890369,0.1331867822673876
2006-11-10,-0.63491,0.19568545141792626,6.110136207905059,-0.6349100680499019,0.01245145487659582,-0.009715145785199927,0.07429376731743051,0.5590143065741029,0.13317550219310328
2006-11-17,-0.63343,-0.23310390449038376,4.664573694646412,-0.6334300679971202,0.008379138855640532,-0.010282237769385019,0.07452944361285391,0.5589421294384296,0.13316588421715192
2006-11-24,-0.62984,-0.5667556004609997,3.580179913496795,-0.629840067869089,0.005210368156932734,-0.010707643807069175,0.07510111786999588,0.5588859666083689,0.13315866925881342
2006-12-01,-0.62552,-0.685888479613872,2.868043678463361,-0.6255200677150234,0.004078934445456666,-0.01098701377331494,0.07578903786744802,0.558865913242157,0.1331539310969423
2006-12-08,-0.62269,-0.4524235835784651,2.6017465809853313,-0.6226900676140964,0.006296206920520039,-0.011091481721263537,0.07623968916207524,0.5589052118563691,0.13315215930287877
2006-12-15,-0.62324,0.08832645457612642,2.797387345780833,-0.6232400676337112,0.01143184056759222,-0.011014732145594706,0.0761521067549922,0.5589962350786843,0.13315346098866104
2006-12-22,-0.62775,0.7236377639432634,3.369065849923425,-0.6277500677945527,0.017465545434051412,-0.01079046353440931,0.07543393101691137,0.559103175584411,0.13315726462223226
2006-12-29,-0.63619,1.3444842692154513,4.151727976687458,-0.6361900680955509,0.02336187456427979,-0.010483426367671626,0.07408993917003727,0.5592076812626092,0.1331624720245025
2007-01-05,-0.64802,1.859507379870795,5.034362033195028,-0.6480200685174478,0.028253173370522702,-0.010137170364334981,0.0722061212140514,0.559294373929814,0.1331683445848736
2007-01-12,-0.66115,2.0261720317274134,6.023188312833749,-0.6611500689857068,0.02983602780133039,-0.009749255312726034,0.0701152902958693,0.5593224282110671,0.13317492368974826
2007-01-19,-0.67351,1.8694698631173123,6.914834510675449,-0.6735100694265053,0.0283477894788152,-0.00939946385999578,0.06814707474760343,0.5592960508919285,0.13318085621193898
2007-01-26,-0.68297,1.4045819661177905,7.7800748023419075,-0.68297006976388,0.023932636899085143,-0.009060031404257887,0.06664065734577536,0.5592177973710508,0.13318661304378887
2007-02-02,-0.68671,0.5476082404791027,8.15863665716401,-0.6867100698972608,0.01579375055694744,-0.008911522162064055,0.06604509697761075,0.5590735449356494,0.13318913178565053
2007-02-09,-0.68519,-0.22134525491110946,8.171384367649125,-0.6851900698430524,0.008490813589182,-0.008906521254551224,0.06628714290264022,0.5589441087451318,0.13318921660188762
2007-02-16,-0.67737,-1.1412892774266936,7.546360980566513,-0.6773700695641656,-0.0002461168631526291,-0.009151716982506122,0.06753240549062073,0.5587892566630778,0.13318505804087707
2007-02-23,-0.66474,-1.8645644182647692,6.269983373832977,-0.6647400691137381,-0.007115235471179401,-0.009652437984146006,0.06954361603872736,0.5586675094059452,0.13317656572801354
2007-03-02,-0.64892,-2.3798778469777626,4.212368915511755,-0.6489200685495448,-0.012009291498097336,-0.01045963701923093,0.07206280454791554,0.5585807678701631,0.133162875495875
2007-03-09,-0.63436,-2.2437280404364213,1.7842243758423804,-0.6343600680302871,-0.01071624391940038,-0.011412194443942543,0.07438134972451352,0.5586036856570047,0.13314671996086716
2007-03-16,-0.62216,-1.9231981839964662,-0.890481879729188,-0.6221600675951949,-0.007672094498270521,-0.012461477656306091,0.07632408675435523,0.5586576397177033,0.1331289239401437
2007-03-23,-0.61386,-1.334061977626344,-3.509957717034229,-0.6138600672991894,-0.0020769257314439253,-0.013489094059247796,0.07764578489760822,0.5587568076735105,0.13311149539217207
2007-03-30,-0.60801,-0.9529860228716491,-6.17419215456313,-0.6080100670905593,0.0015422446009470164,-0.014534269193256124,0.07857734322749133,0.5588209533210393,0.13309376904515222
2007-04-06,-0.60427,-0.61512146181808,-8.603191408908728,-0.6042700669571784,0.004751025896315012,-0.01548716192124048,0.07917290359565593,0.5588778252930843,0.13307760782334419
2007-04-13,-0.60064,-0.6007248415443422,-10.819438464165355,-0.6006400668277206,0.004887754074336503,-0.01635659228380341,0.07975094748240391,0.5588802486433853,0.13306286213736784
2007-04-20,-0.5962,-0.7392115077250905,-12.704804017746019,-0.5962000666693755,0.003572512775536301,-0.017096218334484613,0.08045797636867418,0.558856937498283,0.13305031795447186
2007-04-27,-0.58961,-1.105333780610529,-14.139884376228695,-0.5896100664343544,9.536116961174782e-05,-0.017659198185229662,0.08150737284626901,0.5587953089699649,0.13304076972099907
2007-05-04,-0.58077,-1.4992961449093345,-15.239568586815333,-0.580770066119091,-0.0036461945049430845,-0.01809060263521972,0.08291506098920348,0.5587289941824676,0.13303345302857347
2007-05-11,-0.57215,-1.484236444719933,-15.533607924767844,-0.5721500658116734,-0.0035031688968979137,-0.018205953822081972,0.08428771616930475,0.5587315291475006,0.1330314966529375
2007-05-18,-0.56309,-1.5835008302018783,-15.29169299274905,-0.5630900654885638,-0.004445906727812837,-0.018111050960708454,0.08573043727507247,0.5587148201995761,0.1330331062215152
2007-05-25,-0.55446,-1.5326146797137286,-14.556493866732435,-0.5544600651807895,-0.003962628672930463,-0.0178226334572661,0.08710468486257525,0.55872338574939,0.13303799783114717
2007-06-01,-0.54791,-1.181329581935564,-13.627908443155313,-0.547910064947195,-0.0006263893006295248,-0.0174583508022361,0.08814771171056404,0.5587825167698152,0.13304417612657946
2007-06-08,-0.54479,-0.5694365863006756,-12.435707856499945,-0.5447900648359255,0.005184906187234958,-0.01699065231805989,0.08864454281983504,0.5588855153241287,0.13305210837196246
2007-06-15,-0.54105,-0.6865030562234975,-11.86101065389501,-0.5410500647025448,0.00407309766303892,-0.016765199476040497,0.08924010318799962,0.5588658097918761,0.1330559320902889
2007-06-22,-0.53576,-0.9777284908973338,-11.883028239667116,-0.5357600645138859,0.0013072594093824304,-0.01677383694158623,0.0900824867033982,0.5588167884777497,0.1330557855974126
2007-06-29,-0.52388,-2.2174107809466936,-13.30365565061975,-0.5238800640902059,-0.010466302553153936,-0.017331146922908852,0.09197426669639161,0.5586081155813546,0.133046333525884
2007-07-06,-0.49949,-4.655646331220897,-16.84037027171017,-0.49949006322037814,-0.033622814153613505,-0.01871859471127837,0.09585814834867354,0.5581976929444797,0.13302280217676526
2007-07-13,-0.45521,-8.865042343190055,-23.6481046628648,-0.4552100616412073,-0.07360046420925725,-0.021389258600439567,0.10290932832255804,0.5574891349010663,0.1329775072655755
2007-07-20,-0.3871,-14.962325080731976,-34.34643238751038,-0.3871000592121801,-0.13150783022534746,-0.02558619636078264,0.11375521513423995,0.5564627931849706,0.132906326491426
2007-07-27,-0.29326,-24.241797985016788,-49.50496754308934,-0.2932600558655362,-0.21963722442192382,-0.03153286673987171,0.12869836619000605,0.554900800645834,0.13280546995616943
2007-08-03,-0.18089,-38.31753392893679,-68.38416499169799,-0.1808900518580514,-0.3533178865030478,-0.03893914730038456,0.14659224816076946,0.5525314640731599,0.13267985818540473
2007-08-10,-0.05988,-66.89700923213002,-89.36582073913584,-0.05988004754243573,-0.624744062419077,-0.04717021906668328,0.16586197012643716,0.5477207460877219,0.13254025781631146
2007-08-17,0.05925,-198.94789579158316,-110.68607293582946,0.05924995670613296,-1.878863208586503,-0.05553412170711255,0.18483231950062104,0.5254929211110465,0.13239840461313018
2007-08-24,0.15485,161.35021097046413,-128.26194082969832,0.15484996011554422,1.5429748857357173,-0.06242910805760999,0.20005573425905282,0.5861410808106678,0.1322814644786311
2007-08-31,0.20721,33.8133677752664,-138.0348391123185,0.2072099619828745,0.3317266990691496,-0.06626300124970506,0.20839357941335712,0.5646730944723541,0.13221644100175264
2007-09-07,0.22332,7.774721297234688,-141.27529803160522,0.2233199625574102,0.08443138785075725,-0.0675342283750309,0.21095894773718907,0.5602900684160873,0.13219488077473296
2007-09-14,0.19934,-10.73795450474655,-137.20695833955503,0.19933996170220433,-0.0913879631204463,-0.06593822487663989,0.20714035478836906,0.557173871862639,0.132221949263962
2007-09-21,0.142,-28.764924250025082,-127.10544399480797,0.14199995965727083,-0.26259444642380503,-0.061975416101166456,0.19800949074811297,0.5541394331034757,0.13228915917093514
2007-09-28,0.07613,-46.38732394366196,-115.24154637730486,0.07612995730812944,-0.42995863028526404,-0.057321227037483366,0.18752030319436924,0.5511730946996602,0.132368095004514
2007-10-05,0.01494,-80.37567319059504,-103.28200171349486,0.014939955125892225,-0.7527541877237428,-0.0526295157824221,0.17777636230453198,0.5454519132824738,0.1324476672208039
2007-10-12,-0.02578,-272.55689424364124,-93.34022216481529,-0.02578004632631727,-2.5779456357792334,-0.048729370725476576,0.1712920793655849,0.5131024860527853,0.1325138143405139
2007-10-19,-0.03276,27.075252133436756,-88.82902543817772,-0.03276004657524708,0.26773318826675024,-0.0469596350832654,0.1701805789993312,0.5635388828130348,0.13254382935628156
2007-10-26,-0.00202,-93.83394383394383,-98.88329924263365,-0.0020200454789573085,-0.8805706327918918,-0.05090391146634351,0.17507563935157172,0.5431865132375115,0.13247693376181743
2007-11-02,0.06506,-3320.792079207921,-208.65063460253845,0.06505995691333673,-31.52777101816127,-0.09396547085033476,0.18575750820089812,0.0,0.1317466024326276
2007-11-09,0.16351,151.32185674761755,175.96624472573842,0.16350996042438837,1.4477331848800516,0.05691914828500175,0.20143475906876016,0.5844530307848228,0.13430563108890003
2007-11-16,0.27489,68.11815791083117,77.52018082014855,0.27488996439656654,0.6575275720144238,0.018298906542855552,0.2191709927067741,0.5704475416636011,0.1336506252579765
2007-11-23,0.38798,41.14009240059659,87.23999806959122,0.38797996842972887,0.4013103714755138,0.022111976126043265,0.23717952801044617,0.5659063853412558,0.13371529556292644
2007-11-30,0.48183,24.189391205732246,115.7576571735626,0.48182997177672937,0.2403254704020069,0.03329941059342531,0.25212427147361377,0.5630531124158844,0.13390503634337353
2007-12-07,0.54499,13.10835771952763,173.39721079562557,0.5449899740292233,0.13508622047001362,0.055911320165841154,0.26218191662154844,0.5611878672872109,0.13428853815356767
2007-12-14,0.57137,4.840455788179621,302.3732394366198,0.5713699749700212,0.056563959992271325,0.10650842082630076,0.2663826873467308,0.559796150186004,0.13514667353712376
2007-12-21,0.56032,-1.9339482296935495,636.0042033363983,0.5603199745759417,-0.00777419027727021,0.23739134257349595,0.2646230771680627,0.5586558301869954,0.1373664700232541
2007-12-28,0.51992,-7.210165619645914,3380.053547523428,0.5199199731351445,-0.0578837004856823,1.3138777435586289,0.2581897512659639,0.5577676965308086,0.15562386142600307
2008-01-04,0.47148,-9.316817971995695,-1928.8595810705974,0.4714799714076143,-0.07789108641270524,-0.7688008347437085,0.25047612981305134,0.5574130885384295,0.1203012805412013
2008-01-11,0.42613,-9.618647662679225,-1400.7631257631258,0.42612996979028367,-0.08075763584550727,-0.5616293952973925,0.2432545622472053,0.5573622822340412,0.12381494318847754
2008-01-18,0.40218,-5.620350597235591,-20009.900990099006,0.40217996893614766,-0.04278484344338817,-7.861965989991556,0.2394407465205898,0.5580353064725829,0.0
2008-01-25,0.4096,1.8449450494803399,529.5727021211189,0.4095999692007694,0.028114871403521043,0.19563842587125466,0.24062231281250993,0.5592919226859063,0.1366583334952482
2008-02-01,0.43933,7.258300781250004,168.68693046296866,0.4393299702610392,0.079526817548774,0.05406348432656432,0.24535654001719798,0.5602031405268262,0.13425719854525042
2008-02-08,0.50079,13.989483986980167,82.17832587580484,0.5007899724529056,0.14345448933207647,0.02012628979194058,0.255143475906876,0.5613361852649662,0.1336816179869054
2008-02-15,0.58568,16.95121707701832,50.956234857466875,0.5856799754803629,0.17158278343771388,0.00787791078127871,0.268661422338291,0.5618347270503964,0.13347388340759048
2008-02-22,0.68509,16.973432591176074,42.185003009360145,0.6850899790256514,0.171793769538399,0.004436969814099431,0.284491544316698,0.5618384665372967,0.1334155244668978
2008-02-29,0.78559,14.669605453298118,44.147599038514485,0.7855899826098128,0.14991376707607543,0.005206893263357955,0.30049523870186945,0.5614506685623532,0.13342858249879716
2008-03-07,0.87757,11.708397510151602,53.59049302553509,0.8775699858901229,0.12179046041723608,0.008911326270186247,0.3151422019809548,0.5609522151737032,0.13349141030904077
2008-03-14,0.93901,7.0011509053408805,67.58459451741861,0.939009988081276,0.07708460310239834,0.01440119108691441,0.3249259530558298,0.5601598550738967,0.1335845193447104
2008-03-21,0.96352,2.610195844559704,85.32081858747497,0.9635199889553835,0.03538264293261853,0.02135908492241955,0.3288289435969298,0.5594207356093139,0.13370252640079336
2008-03-28,0.94274,-2.15667552308203,99.95333842368711,0.9427399882143,-0.009889485147984932,0.02709940028853928,0.32551992101659283,0.558618339008981,0.13379988312013374
2008-04-04,0.88948,-5.649489785094508,108.73442376739493,0.8894799863148729,-0.04306158534455809,0.030544206767116597,0.3170387591961527,0.5580304015394578,0.1338583076205534
2008-04-11,0.81538,-8.330710077798265,102.74006663682931,0.8153799836722224,-0.06852578169933596,0.02819262954516474,0.30523902035096656,0.5575790778343095,0.1338184244731995
2008-04-18,0.7329,-10.115528955824281,78.9306640625,0.7328999807307136,-0.08547663743149879,0.018852236982202515,0.2921048441033154,0.5572786433376584,0.1336600098358002
2008-04-25,0.64724,-11.68781552735707,47.324334782509744,0.6472399776757956,-0.10040902254451682,0.006453121883546063,0.2784642823019841,0.5570139839200976,0.13344971874694228
2008-05-02,0.57207,-11.613929917804844,14.233511052536985,0.5720699749949854,-0.09970731307493308,-0.006528358139097394,0.26649415586483644,0.5570264209164724,0.13322955065049122
2008-05-09,0.51737,-9.561766916636072,-11.663365660428903,0.5173699730442031,-0.08021742566956963,-0.016687663644500233,0.25778368737857893,0.5573718568404716,0.13305724711110373
2008-05-16,0.48472,-6.310764056671248,-29.247252185844197,0.4847199718797963,-0.04934186673046856,-0.023585795692006566,0.2525844772126501,0.5579190907474354,0.1329402536250514
2008-05-23,0.47962,-1.0521538207625025,-38.94779719701117,0.4796199716979135,0.0006004240857005193,-0.027391304805312686,0.2517723494378802,0.5588042606314839,0.1328757115469492
2008-05-30,0.5008,4.415995996830824,-42.933327255945386,0.5007999724532622,0.052532762891075876,-0.028954822210073953,0.2551450683142775,0.559724701836072,0.13284919402736176
2008-06-06,0.54661,9.147364217252395,-41.78869234619439,0.546609974086998,0.09746770901222343,-0.02850578366889391,0.26243988662059303,0.5605211222724951,0.132856809796956
2008-06-13,0.60079,9.912003073489316,-37.646338425772164,0.6007899760192354,0.10472966881041486,-0.02688074450083074,0.2710675499219721,0.560649832189631,0.13288437073605283
2008-06-20,0.65763,9.460876512591753,-30.24269681990792,0.6576299780463373,0.10044521096157205,-0.023976307114030825,0.2801187935921526,0.5605738950831168,0.1329336304852954
2008-06-27,0.71021,7.995377339841547,-20.15447227593651,0.7102099799215135,0.08652701155280794,-0.02001871190727004,0.2884916717092901,0.5603272109451752,0.13300075196926156
2008-07-04,0.74286,4.597231804677482,-8.89401260761854,0.7428599810859201,0.05425400310773494,-0.015601250636952719,0.29369088187521897,0.5597552088468258,0.13307567285943242
2008-07-11,0.75195,1.2236491398110116,2.5992632009824046,0.7519499814100995,0.022214274171248747,-0.011092455947476812,0.29513838020319116,0.5591873413604895,0.13315214277983745
2008-07-18,0.74216,-1.3019482678369498,14.66534824794512,0.7421599810609558,-0.0017719340774635423,-0.006358949061494185,0.29357941335711324,0.5587622133011375,0.13323242385709574
2008-07-25,0.71365,-3.841489705723833,24.748719562291342,0.7136499800441952,-0.025890572147383398,-0.002403257769363593,0.2890394598554094,0.5583347380749341,0.13329951305034776
2008-08-01,0.68267,-4.341063546556434,31.950055086301866,0.6826699789393462,-0.030635145508732878,0.00042181524798230133,0.28410618172553265,0.5582506459481315,0.1333474267664633
2008-08-08,0.66671,-2.3378792095741674,37.54538702756231,0.66670997837016,-0.011610420300386157,0.002616855492620875,0.2815646995127233,0.5585878374051415,0.13338465502021038
2008-08-15,0.67399,1.0919290246133917,40.52583295108627,0.6739899786297887,0.020963296440551425,0.0037860799135817384,0.28272397210102235,0.5591651692135028,0.1334044852641146
2008-08-22,0.72949,8.23454353922164,45.66493610223641,0.7294899806091018,0.08879843068200574,0.005802142294964303,0.2915618331794006,0.5603674692467941,0.13343867802303433
2008-08-29,0.83725,14.771963974831737,53.17136532445437,0.8372499844521788,0.15088589066398414,0.008746903107955093,0.3087216153380681,0.561467898339152,0.13348862166440414
2008-09-05,1.0048,20.01194386383993,67.2464588292082,1.0047999904275642,0.2006512445783536,0.014268540968643998,0.3354024013503614,0.5623499322193392,0.1335822695762724
2008-09-12,1.22623,22.037221337579616,86.46199230570379,1.2262299983244884,0.2198857936396731,0.021806765643408523,0.37066307844198854,0.5626908425637405,0.13371011914152756
2008-09-19,1.51108,23.229736672565515,112.7652384505991,1.5110800084831788,0.231211399644073,0.03212548926138094,0.4160228032739896,0.5628915759540168,0.13388512643906303
2008-09-26,1.79326,18.67406093654871,141.39945615593788,1.7932600185466483,0.1879450474587226,0.04335864949151417,0.4609573553297876,0.562124729433338,0.13407564273617895
2008-10-03,2.07422,15.667555178836313,175.84546844870005,2.074220028566608,0.15939153652025476,0.05687176793447385,0.5056976336826012,0.5616186511667319,0.1343048275101427
2008-10-10,2.32521,12.100452218183232,213.30306133448315,2.3252100375177394,0.1255138986197216,0.07156632488207466,0.5456654670530909,0.5610182088497659,0.1345540496809354
2008-10-17,2.51901,8.334731056549739,252.9755482379318,2.5190100444292867,0.08974993571890362,0.08712978139764103,0.5765263224943469,0.5603843335833998,0.13481800853533832
2008-10-24,2.65818,5.524789500637151,289.3799346682878,2.658180049392548,0.06306324245467584,0.10141116704819544,0.5986878563011561,0.5599113425211899,0.13506022325106268
2008-10-31,2.77657,4.453799216004928,316.4584302020368,2.7765700536147255,0.05289178918910579,0.1120340198270523,0.6175403675276282,0.5597310651658554,0.13524038863059734
2008-11-07,2.86708,3.2597773511922945,325.38910072849745,2.8670800568426107,0.04155187530727158,0.115537508346229,0.6319532469186916,0.5595300781848446,0.13529980838834915
2008-11-14,2.94661,2.773902367565606,303.9274013351794,2.9466100596789127,0.03693740329965147,0.10711811618483094,0.6446176629828975,0.5594482919554751,0.13515701407350855
2008-11-21,3.02352,2.610118067881384,261.12511197372345,3.023520062421777,0.03538190426872957,0.09032684290607408,0.6568648683079078,0.5594207225173429,0.13487223123916878
2008-11-28,3.05094,0.9068899825369181,203.6365445859873,3.050940063399665,0.01920593599032753,0.06777416500466775,0.6612312494028472,0.5591340220129933,0.1344897340081315
2008-12-05,3.04478,-0.20190498665986212,148.30415174967175,3.0447800631799784,0.008675442509560684,0.046067351113568474,0.6602503264435172,0.5589473810812096,0.13412158277375105
2008-12-12,2.98032,-2.1170659292297,97.23111946422425,2.9803200608811222,-0.009513303273584888,0.02603147791441235,0.6499856683333863,0.5586250064016997,0.13378177097607477
2008-12-19,2.85561,-4.1844499919471705,59.24127008911144,2.8556100564335525,-0.02914774877477468,0.011128117552319997,0.6301267556291601,0.5582770083510773,0.13352900746406204
2008-12-26,2.69555,-5.605107139980603,29.9548746034654,2.695550050725285,-0.04264007265013297,-0.00036089103309615533,0.6046386827605974,0.5580378723690244,0.13333415193557463
2009-01-02,2.54255,-5.676021591140956,9.347112733903584,2.5425500452688006,-0.043313564311244335,-0.008445284797485847,0.5802748495175004,0.5580259355009747,0.13319703925019807
2009-01-09,2.39012,-5.995162337023851,-5.116692668945344,2.390120039832644,-0.04634452101408851,-0.0141194137469691,0.5560017834962896,0.5579722152660922,0.13310080506367647
2009-01-16,2.26673,-5.162502301139693,-14.72624126281893,2.2667300354321496,-0.03843654765276901,-0.01788922510361417,0.5363530685690627,0.5581123750334738,0.13303686842556398
2009-01-23,2.17698,-3.959448191888759,-21.594629344839134,2.1769800322313686,-0.02701085236515956,-0.02058368334382254,0.5220612121405139,0.558314882391619,0.13299116995815663
2009-01-30,2.11752,-2.731306672546374,-26.143672307713782,2.117520030110829,-0.015346895887919416,-0.022368266007179304,0.5125927577311379,0.5585216126563661,0.13296090313439962
2009-02-06,2.08742,-1.4214741773395323,-29.15859241637001,2.0874200290373635,-0.0029071004930466327,-0.02355101459874539,0.507799611452594,0.558742093777022,0.13294084351827487
2009-02-13,2.08843,0.0483850878117531,-30.9271974387469,2.0884300290733835,0.011052507765757957,-0.024244835669906477,0.5079604446001464,0.558989511839387,0.13292907619557753
2009-02-20,2.10587,0.8350770674621755,-30.976354828347997,2.1058700296953514,0.018523911400535914,-0.024264120039382418,0.5107376031083791,0.5591219339085591,0.1329287491294101
2009-02-27,2.12303,0.8148651151305586,-30.273123181313586,2.123030030307334,0.01833195361016476,-0.023988243329519824,0.5134701742093697,0.5591185316766578,0.13293342804506222
2009-03-06,2.12803,0.23551245154331824,-28.597264723251193,2.1280300304856503,0.012829701510852066,-0.02333080659504501,0.5142663779101245,0.5590210105623244,0.13294457828325645
2009-03-13,2.09112,-1.7344680291161207,-26.771512916679796,2.091120029169318,-0.005879678658729601,-0.022614566927011477,0.5083888021911526,0.5586894082348243,0.1329567258291479
2009-03-20,2.01879,-3.4589119706186167,-25.106564523010142,2.018790026589792,-0.02225713904448028,-0.021961410194271155,0.4968709194560336,0.5583991365137287,0.13296780347778894
2009-03-27,1.91369,-5.206088795763808,-24.7334369038957,1.9136900228415792,-0.03885049911380532,-0.02181503279451355,0.48013471766616767,0.5581050382181059,0.13297028606324238
2009-04-03,1.78937,-6.496349983539651,-25.13472126922498,1.789370018407918,-0.05110442107757704,-0.021972456043158846,0.46033790885060033,0.5578878514910545,0.1329676161383239
2009-04-10,1.64958,-7.812246768415687,-27.226445143444522,1.6495800134225456,-0.06360181049533142,-0.022793036150431073,0.4380776457848976,0.5576663495823306,0.13295369896093817
2009-04-17,1.50831,-8.56399810860946,-30.715486591516683,1.5083100083843914,-0.0707413744426705,-0.024161781825241785,0.41558170642377146,0.5575398089914178,0.1329304848028281
2009-04-24,1.3698,-9.183125484814136,-35.31111866712002,1.369800003444668,-0.0766213765891544,-0.025964641326947917,0.3935252715054619,0.5574355926903,0.1328999080008019
2009-05-01,1.23509,-9.834282376989334,-40.8317444500867,1.2350899986404653,-0.08280557078059683,-0.028130374458854187,0.37207395139972604,0.557325984933709,0.13286317680064283
2009-05-08,1.11131,-10.02194172084625,-46.78729955037995,1.1113099942260622,-0.0845878168693591,-0.030466729703108267,0.3523631325838402,0.5572943966637688,0.13282355182060482
2009-05-15,1.00994,-9.121667221567332,-52.041673987473104,1.0099399906108737,-0.07603769262734084,-0.03252801283535109,0.3362208987547374,0.5574459378197756,0.1327885921101033
2009-05-22,0.92587,-8.32425688654772,-56.38921729791855,0.9258699876126603,-0.06846449418425711,-0.03423354749029548,0.32283352973024615,0.557580164085295,0.1327596659539366
2009-05-29,0.86673,-6.387505805350635,-59.27078095703537,0.8667299855035328,-0.05007070164280257,-0.0353639805487182,0.31341603235771837,0.5579061729836666,0.1327404936181009
2009-06-05,0.81979,-5.415758079217281,-60.79660660316003,0.8197899838294976,-0.040841778912020225,-0.035962559638342474,0.3059412720150323,0.558069745065163,0.1327303416155166
2009-06-12,0.78439,-4.31817904585321,-61.14553767355693,0.7843899825670169,-0.030417805881334966,-0.03609944476869159,0.3003041498136883,0.5582544980440133,0.13272802002055756
2009-06-19,0.75456,-3.802955162610444,-60.570416316122255,0.7545599815031807,-0.025524600289363673,-0.03587382553137501,0.29555399853498515,0.5583412245068103,0.1327318465609764
2009-06-26,0.718,-4.845207803223072,-59.87414564902731,0.7179999801993304,-0.0354231252125368,-0.03560067960339804,0.28973215707506605,0.558165784493641,0.1327364791621059
2009-07-03,0.67272,-6.306406685236765,-59.21871021714619,0.6727199785844964,-0.04930048372210468,-0.035343553276337446,0.28252173636103056,0.5579198242138448,0.1327408400680949
2009-07-10,0.61767,-8.183196575098094,-59.04886926427591,0.6176699766212319,-0.06712481035507155,-0.03527692492780483,0.27375553361572025,0.5576039084462436,0.13274197009615335
2009-07-17,0.55095,-10.801884501432802,-59.77879982479193,0.5509499742417766,-0.09199512173140004,-0.03556327558098221,0.2631309914328482,0.5571631106719032,0.1327371135406514
2009-07-24,0.47939,-12.98847445321718,-61.185824514812694,0.4793899716897109,-0.11276169433684376,-0.03611524923548893,0.25173572406764544,0.5567950469654763,0.132727751974128
2009-07-31,0.41075,-14.318196040801844,-63.03911599823632,0.41074996924178214,-0.1253903812431695,-0.036842292677033955,0.24080543966368353,0.5565712179591997,0.13271542119441085
2009-08-07,0.35103,-14.5392574558734,-65.24248965285067,0.35102996711197004,-0.1274898548653726,-0.037706672824025796,0.2312955826618682,0.5565340071946883,0.1327007611609446
2009-08-14,0.30236,-13.864911830897642,-67.34314752611057,0.3023599653762373,-0.12108543168086354,-0.03853075772558816,0.22354533583872097,0.556647518257857,0.13268678454165508
2009-08-21,0.26214,-13.302024077258912,-69.75528711363401,0.26213996394185946,-0.11573955080588981,-0.03947703643181754,0.21714067326984934,0.556742267871399,0.1326707354947745
2009-08-28,0.22576,-13.87808041504539,-72.4612400736774,0.22575996264442866,-0.1212104969033539,-0.04053857767901227,0.2113474951431574,0.5566453016200801,0.13265273157570737
2009-09-04,0.19373,-14.187632884479084,-75.30182689733424,0.19372996150213326,-0.1241503914301916,-0.04165293558695655,0.20624701423612216,0.5565931953579342,0.13263383187714223
2009-09-11,0.16074,-17.02885459144171,-78.69751908396947,0.16073996032560103,-0.1511341598398346,-0.042985060487912834,0.20099366221854198,0.5561149389791413,0.13261123881354955
2009-09-18,0.1279,-20.43050889635435,-82.1866295264624,0.12789995915441835,-0.18344049191821168,-0.044353833229130286,0.19576419631198447,0.5555423462575718,0.13258802419638863
2009-09-25,0.09901,-22.587959343236907,-85.28213818527767,0.09900995812410568,-0.20393031961145247,-0.04556819658684666,0.19116373132902323,0.5551791875376373,0.13256742838848368
2009-10-02,0.07693,-22.30077769922231,-87.5451292761507,0.07692995733666007,-0.20120288621384033,-0.046455964563773135,0.18764769578649002,0.555227528169692,0.13255237169346668
2009-10-09,0.0563,-26.816586507214346,-89.78128686813686,0.05629995660092623,-0.2440906125600357,-0.04733320579973419,0.1843625593171757,0.5544673923582071,0.1325374935337566
2009-10-16,0.03944,-29.946714031971577,-91.77287803249963,0.03943995599964303,-0.27381818926188767,-0.04811450399661259,0.1816777604382305,0.5539405051211141,0.13252424258421408
2009-10-23,0.0263,-33.31643002028398,-93.59707851491174,0.026299955531027288,-0.3058211954377409,-0.04883013508252841,0.1795853371126469,0.5533732885036354,0.1325121053599783
2009-10-30,0.01848,-29.733840304182515,-94.73549269293223,0.018479955252140298,-0.2717964760822787,-0.04927673324007385,0.1783400745246664,0.5539763376708736,0.13250453097970316
2009-11-06,0.00962,-47.943722943722946,-96.81836221722449,0.00961995493616348,-0.4447401272968234,-0.05009383979928235,0.17692920156692887,0.55091110960082,0.13249067271428006
2009-11-13,-0.00219,-122.76507276507276,-100.83543144884413,-0.002190045485020069,-1.1553365481000895,-0.051669729973711956,0.17504856842574607,0.5383166021978062,0.13246394535042672
2009-11-20,-0.01606,633.3333333333334,-107.11374911410347,-0.016060045979670014,6.025512533498167,-0.0541327044832752,0.17283989935985222,0.6655889248136174,0.1324221728862368
2009-11-27,-0.0345,114.81942714819428,-117.80828988798844,-0.034500046637301225,1.1010607994458614,-0.05832815662857143,0.16990350011146851,0.5783086599479478,0.13235101730836968
2009-12-04,-0.05896,70.89855072463766,-136.68035336568371,-0.05896004750962549,0.6839336337419315,-0.06573163854310164,0.16600847160737606,0.5709155588533522,0.13222545300311414
2009-12-11,-0.08978,52.27272727272727,-170.1954652071931,-0.08978004860876833,0.5070396922259981,-0.07887956614918103,0.16110067199592343,0.5677803164136954,0.13200246192750043
2009-12-18,-0.12239,36.32212073958565,-223.6137763862236,-0.12239004977174847,0.3555529315733934,-0.09983548870561558,0.15590783145960063,0.5650953871449255,0.13164704593713733
2009-12-25,-0.15324,25.20630770487784,-299.19407253347197,-0.15324005087196121,0.2499833718736328,-0.12948552439367514,0.1509952546259435,0.5632242876540661,0.13114417631782121
2010-01-01,-0.1784,16.41868963717046,-416.87388987566607,-0.1784000517692498,0.16652524179166034,-0.17565113847333652,0.14698875760374533,0.5617450879193264,0.13036119969607354
2010-01-08,-0.19877,11.41816143497758,-603.9807302231237,-0.1987700524957112,0.11903401834957643,-0.24905286850855496,0.14374502372687029,0.5609033603962081,0.1291162939418852
2010-01-15,-0.20825,4.769331388036413,-891.8250950570343,-0.20825005283379924,0.05588847439498903,-0.361973776800643,0.14223542151023919,0.5597841779777203,0.12720113624146662
2010-01-22,-0.20679,-0.7010804321728625,-1218.9935064935066,-0.20679005278173085,0.003934652804732359,-0.49032144900608365,0.1424679129908596,0.5588633560153837,0.12502433801629442
2010-01-29,-0.20236,-2.1422699356835384,-2203.5343035343035,-0.20236005262374243,-0.009752671807015029,-0.8765553122835962,0.14317334946972834,0.5586207638686976,0.11847374638002277
2010-02-05,-0.19839,-1.9618501680173983,8958.90410958904,-0.19839005248215913,-0.00803918172093891,3.502452368105383,0.14380553520812764,0.5586511335172665,0.19274245716293736
2010-02-12,-0.20143,1.5323352991582162,1154.2341220423411,-0.20143005259057556,0.025145941142071554,0.44069215465705414,0.14332144335806873,0.5592393017986317,0.14081448617590545
2010-02-19,-0.21845,8.449585463932884,533.1884057971014,-0.2184500531975649,0.09084073575117803,0.19705686094620417,0.1406111659606994,0.5604036667642033,0.1366823903939875
2010-02-26,-0.2472,13.160906385900661,319.2672998643148,-0.2472000542228847,0.13558528783957885,0.11313593514063343,0.1360329946813593,0.5611967126845372,0.13525907730065792
2010-03-05,-0.28706,16.124595469255667,219.73713521942523,-0.2870600556444237,0.16373215848591471,0.07409040232067689,0.129685658778942,0.5616955837178675,0.13459685846113478
2010-03-12,-0.33335,16.12554866578415,172.36702344962822,-0.3333500572952778,0.16374121122344323,0.05550717923055427,0.12231440491735406,0.5616957441672682,0.1342816838549619
2010-03-19,-0.37906,13.712314384280798,147.36361263377708,-0.3790600589254472,0.1408221427076985,0.04569837904314999,0.11503551068505367,0.5612895299370227,0.13411532494504078
2010-03-26,-0.41987,10.766105629715605,135.35313901345293,-0.4198700603808664,0.11284128696355515,0.04098668843559639,0.10853689607949299,0.5607936013276246,0.13403541387555393
2010-04-02,-0.44833,6.778288517874587,125.55214569603059,-0.4483300613958438,0.07496802521061549,0.03714177360390735,0.10400490461479665,0.5601223411558037,0.13397020346980412
2010-04-09,-0.46017,2.640911828340742,120.96998799519811,-0.4601700618180973,0.03567436004529255,0.03534420007901258,0.10211949425140929,0.5594259059609054,0.13393971631883855
2010-04-16,-0.44902,-2.423017580459408,117.13815948546835,-0.4490200614204515,-0.012418999960717408,0.03384097955917411,0.10389502850409249,0.5585735062570808,0.13391422144461607
2010-04-23,-0.41338,-7.937285644292002,104.27950187784147,-0.4133800601494116,-0.06478933488337206,0.028796547658247303,0.1095703684830727,0.5576453020731418,0.13382866702652454
2010-04-30,-0.3541,-14.340316415888532,78.48681889208126,-0.35410005803529127,-0.12560046378513057,0.01867811719419256,0.11901015955922162,0.5565674944868426,0.1336570567347506
2010-05-07,-0.27682,-21.82434340581757,37.427394131956525,-0.2768200552792316,-0.19667807472019982,0.002570567058412663,0.13131628395808784,0.5553077252691784,0.13338386996053847
2010-05-14,-0.20003,-27.74004768441586,-8.432135500114434,-0.20003005254064696,-0.2528609462794485,-0.015420056947339304,0.14354438039428008,0.5543119482415153,0.1330787459350495
2010-05-21,-0.12658,-36.71949207618857,-48.79449838187703,-0.12658004992117772,-0.3381408972671135,-0.03125415076416065,0.1552406127583681,0.5528004588185477,0.13281019702625046
2010-05-28,-0.07184,-43.2453784168115,-74.9738730578973,-0.07184004796896877,-0.40011881516471814,-0.041524279792536305,0.16395745087423166,0.551701971234129,0.13263601390117227
2010-06-04,-0.04083,-43.165367483296215,-87.75161241937903,-0.0408300468630499,-0.3993589320148305,-0.04653696758807692,0.16889550622631294,0.5517154392923355,0.13255099786847624
2010-06-11,-0.03189,-21.89566495224099,-91.58708383897009,-0.031890046544220015,-0.19735543266329555,-0.04804161721593561,0.17031911844326253,0.5552957198757102,0.13252547875634005
2010-06-18,-0.04666,46.31545939165882,-88.88703646366733,-0.04666004707096692,0.4504620811008166,-0.04698239272068874,0.16796713271123284,0.5667775430794932,0.1325434433829024
2010-06-25,-0.07418,58.97985426489498,-83.45415207548011,-0.07418004805242089,0.5707388963420321,-0.04485108040504207,0.16358482754227843,0.5689093118241966,0.13257959080019688
2010-07-02,-0.10874,46.58937719061742,-76.36960253819241,-0.10874004928494446,0.4530635445600972,-0.04207182235337785,0.15808146756266123,0.5668236510387193,0.13262672748674678
2010-07-09,-0.15056,38.4587088467905,-66.4691995902187,-0.1505600507763836,0.37584462459063656,-0.03818790927421115,0.15142201980954806,0.565455034154738,0.13269259930936872
2010-07-16,-0.19109,26.919500531349637,-53.7737674778654,-0.19109005222181707,0.26625397770396647,-0.033207510487823,0.14496799261122967,0.5635126655005939,0.13277706771500916
2010-07-23,-0.22448,17.473441833690927,-36.60547867833945,-0.2244800534126146,0.1765424780146289,-0.02647241679862752,0.1396509442975891,0.5619226319542729,0.1328912960429335
2010-07-30,-0.2491,10.967569493941532,-10.013727331840194,-0.24910005429064497,0.11475463791461336,-0.01604051302709918,0.13573043727507245,0.5608275132810375,0.13306822289501294
2010-08-06,-0.26345,5.760738659173037,31.705244213368,-0.2634500548024133,0.06530410857039648,0.00032577631337462877,0.13344533265390618,0.5599510593056507,0.13334579792989143
2010-08-13,-0.26828,1.8333649648889727,111.94501501027018,-0.26828005497466706,0.028004892544774545,0.031803716848230364,0.13267619987897702,0.5592899734366418,0.13387966912452184
2010-08-20,-0.26955,0.4733860146115987,275.2087973273942,-0.26955005501995943,0.015088844160959772,0.095851851336078,0.13247396413898532,0.5590610512774171,0.13496593631646261
2010-08-27,-0.27164,0.7753663513262676,565.2951261327455,-0.2716400550944957,0.01795682431548484,0.2096522786979915,0.13214115099206983,0.5591118829397086,0.13689601080903882
2010-09-03,-0.2789,2.6726549845383474,774.5688303543429,-0.2789000553534112,0.03597583246236168,0.29175003585223747,0.13098506321857387,0.5594312492140903,0.1382884026537302
2010-09-10,-0.2937,5.306561491574047,529.4470638662666,-0.29370005588122805,0.060990678373306975,0.19558913817419538,0.1286283002643396,0.5598746086974584,0.13665749756757115
2010-09-17,-0.31297,6.561116785835885,321.9061741709356,-0.31297005656845983,0.07290549284712809,0.11417116153370253,0.12555973120163064,0.560085785132778,0.13527663491534905
2010-09-24,-0.33485,6.991085407547026,207.93636196431856,-0.33485005734877277,0.07698900864008251,0.06946097684873992,0.12207554380712762,0.5601581607715781,0.13451834262225967
2010-10-01,-0.35882,7.15842914737943,138.32359192348562,-0.358820058203622,0.07857831253332513,0.04215199261250224,0.11825854326570912,0.5601863293621635,0.13405517763145605
2010-10-08,-0.38247,6.591048436541991,100.1517609503375,-0.382470059047059,0.07318976095925486,0.02717724114516992,0.1144924997611389,0.5600908234593692,0.1338012033142257
2010-10-15,-0.40412,5.660574685596265,80.02494654312187,-0.4041200598191694,0.06435282713418833,0.01928152234171004,0.1110449377368706,0.559934198932111,0.13366729058809287
2010-10-22,-0.42155,4.313075324161142,69.22922521075874,-0.4215500604407807,0.05155530041812713,0.01504637721659311,0.10826937163603938,0.5597073774336527,0.13359546181057563
2010-10-29,-0.43522,3.2427944490570626,65.2002277472006,-0.43522006092829796,0.04139058458609422,0.01346580761484315,0.10609255071817575,0.5595272194916082,0.13356865508284363
2010-11-05,-0.44431,2.0885988695372504,65.61428358431488,-0.44431006125247735,0.030428910549578782,0.013628241092523228,0.10464505239020351,0.5593329363784929,0.13357140998209382
2010-11-12,-0.44762,0.744975355044919,66.06195511036914,-0.4476200613705229,0.017668193687545946,0.013803861954052761,0.10411796554030384,0.5591067672925228,0.13357438854160417
2010-11-19,-0.44969,0.46244582458334627,65.54631129436017,-0.44969006144434587,0.014984942535346952,0.013601575666139743,0.10378833720819136,0.5590592097401469,0.13357095773195302
2010-11-26,-0.45215,0.5470435188685618,62.119039082108294,-0.4521500615320776,0.015788387259490777,0.012257061968972093,0.10339660498741998,0.559073449877347,0.13354815455228153
2010-12-03,-0.45801,1.2960300785137546,55.94484167517872,-0.4580100617410645,0.022901693418553925,0.009834933679028214,0.10246345425013535,0.5591995250790472,0.1335070748468838
2010-12-10,-0.46987,2.5894631121591294,50.1326005687446,-0.46987006216403127,0.03518573916821843,0.007554800297470239,0.10057485907194497,0.5594172457156896,0.13346840339914465
2010-12-17,-0.48522,3.266861046672487,44.90667463043154,-0.48522006271146284,0.041619150873220385,0.00550467746820451,0.09813051371062774,0.559531270567171,0.13343363296926894
2010-12-24,-0.50462,3.998186389678904,40.633186555933335,-0.5046200634033308,0.04856472419452384,0.0038281945701419077,0.09504124335169911,0.5596543728964994,0.13340519953581179
2010-12-31,-0.52572,4.181364194839676,37.45391795434936,-0.5257200641558264,0.05030440802846479,0.0025809723137585677,0.09168126373451385,0.559685206799238,0.13338404643542875
2011-01-07,-0.54729,4.1029445332116055,35.42759576363459,-0.5472900649250838,0.04955963757181621,0.0017860491878535208,0.08824644096945762,0.5596720065962041,0.13337056440478584
2011-01-14,-0.56749,3.690913409709662,34.6198552959317,-0.5674900656454824,0.04564647852938893,0.0014691738259546827,0.08502977801840823,0.5596026503356233,0.133365190145062
2011-01-21,-0.58484,3.057322595992873,34.37801571618952,-0.5848400662642406,0.03962911362544129,0.0013743005251651366,0.08226695117678907,0.5594959994370109,0.13336358107783683
2011-01-28,-0.59685,2.053553108542494,34.331885395332094,-0.5968500666925568,0.030096072497516606,0.0013562036701718764,0.08035446988757605,0.5593270372053645,0.13336327415211582
2011-02-04,-0.60179,0.8276786462260377,34.442160761360086,-0.6017900668687335,0.01845364680810946,0.0013994645292173832,0.07956782063123029,0.5591206885491631,0.13336400786360095
2011-02-11,-0.60012,-0.2775054420977474,33.451933554226244,-0.6001200668091757,0.007957446734644458,0.001010999895874254,0.0798337526672824,0.5589346554287327,0.13335741943772714
2011-02-18,-0.59058,-1.5896820635872833,30.615946035607642,-0.5905800664689479,-0.0045046113933970055,-0.00010155371167064555,0.08135290932832256,0.5587137797266386,0.1333385503404019
2011-02-25,-0.57543,-2.565274814589047,25.636994825440507,-0.5754300659286489,-0.013770051253527005,-0.0020547887292068604,0.08376540654160962,0.5585495604208636,0.13330542314419758
2011-03-04,-0.56164,-2.3964687277340357,19.53093408815205,-0.5616400654368521,-0.012166859097606446,-0.004450187106865285,0.08596133634829135,0.5585779751649926,0.1332647967826324
2011-03-11,-0.551,-1.8944519621109546,13.556737150158703,-0.5510000650573946,-0.007399084689810311,-0.006793855515810093,0.08765565782349756,0.5586624785037613,0.13322504777008456
2011-03-18,-0.54545,-1.0072595281306773,8.091236970393577,-0.5454500648594632,0.001026796020112834,-0.008937962957085736,0.08853944393133541,0.5588118175855118,0.13318868334529563
2011-03-25,-0.55045,0.9166743056192139,4.7040249562504854,-0.5504500650377797,0.019298860068533322,-0.010266761099219281,0.0877432402305806,0.5591356689858131,0.13316614670409516
2011-04-01,-0.5613,1.9711145426469345,2.559885983664967,-0.5613000654247265,0.02931313353689359,-0.011107903570181066,0.08601547819994268,0.5593131605093286,0.13315188078554405
2011-04-08,-0.57574,2.57259932300018,1.4537701104865297,-0.5757400659397046,0.0350255796917302,-0.01154183115166308,0.08371604191216281,0.5594144070724694,0.13314452130038165
2011-04-15,-0.58921,2.339597735088761,0.7472129129334482,-0.5892100664200892,0.03281270736576092,-0.011819012469956537,0.08157106914232938,0.5593751864458585,0.13313982025834994
2011-04-22,-0.59877,1.6225114984470768,0.32168886654939666,-0.5987700667610303,0.02600236627486195,-0.011985944908760881,0.0800487276664862,0.5592544809528736,0.13313698905595828
2011-04-29,-0.60246,0.6162633398466788,0.1113345186859016,-0.6024600668926279,0.016445784608685052,-0.012068466600778862,0.07946112933532916,0.5590851014921578,0.1331355894741066
2011-05-06,-0.59924,-0.5344753178634254,-0.1466373391988296,-0.5992400667777921,0.0055169417930823585,-0.012169668569846243,0.07997388451861526,0.5588914002748172,0.1331338730715972
2011-05-13,-0.58981,-1.5736599692944497,-0.13038030410783552,-0.5898100664414871,-0.004352445696233771,-0.01216329095960652,0.08147552469823881,0.5587164766892792,0.13313398123694536
2011-05-20,-0.57739,-2.1057628727895406,0.34061484455103486,-0.5773900659985489,-0.009405955418063806,-0.011978520276260278,0.08345329469091374,0.5586269090194464,0.13313711497898104
2011-05-27,-0.56353,-2.4004572299485605,0.33651449326970173,-0.5635300655042557,-0.012204738865944953,-0.011980128837856652,0.08566037134940604,0.558577303789499,0.13313708769750435
2011-06-03,-0.55009,-2.3849661952336176,-0.16515426497278884,-0.550090065024941,-0.01205761676978843,-0.012176932731777567,0.08780056689703494,0.5585799113600904,0.13313374987018242
2011-06-10,-0.53769,-2.254176589285384,-1.4226785223210192,-0.5376900645827161,-0.010815476310053432,-0.01267025759301302,0.08977515207490686,0.5586019268765745,0.13312538299711088
2011-06-17,-0.5288,-1.653369041641084,-3.9331456081387883,-0.5288000642656694,-0.0051094619977347195,-0.01365511002787485,0.09119080225484888,0.5587030594426757,0.1331086797332696
2011-06-24,-0.52172,-1.3388804841149904,-7.051487618029584,-0.5217200640131732,-0.0021226882507332043,-0.014878430874629743,0.09231822669511769,0.5587559965852879,0.13308793200483574
2011-07-01,-0.51479,-1.328298704285824,-10.586375794629532,-0.5147900637660265,-0.002022190533299775,-0.016265162151592384,0.09342176502436385,0.5587577777921855,0.13306441280787168
2011-07-08,-0.50284,-2.3213349132656047,-14.65861068209977,-0.5028400633398501,-0.011453295124622237,-0.017862693729246166,0.09532469186916782,0.558590622268858,0.1330373184021599
2011-07-15,-0.48049,-4.444753798424939,-19.75382868213171,-0.48049006254277543,-0.03161991686110594,-0.019861540032323145,0.09888372241154178,0.5582331920041983,0.1330034176308396
2011-07-22,-0.44621,-7.134383650023935,-25.935331806260997,-0.4462100613202376,-0.05716398082674299,-0.02228653434405763,0.10434249498391669,0.5577804527371547,0.1329622893172276
2011-07-29,-0.39714,-10.997064162614013,-33.72605300046726,-0.39714005957023957,-0.09384879008916318,-0.025342822467008412,0.1121564381031243,0.5571302565240759,0.13291045415382077
2011-08-05,-0.33298,-16.155511910157628,-43.544531289737364,-0.3329800572820824,-0.14283981357453757,-0.02919459662666676,0.12237332399120991,0.5562619467635647,0.13284512741270865
2011-08-12,-0.26109,-21.589885278395105,-54.780997246228715,-0.2610900547182479,-0.1944513692868918,-0.03360264520018064,0.13382114080066243,0.5553471910717678,0.13277036616346732
2011-08-19,-0.19759,-24.3211153242177,-64.93709296754388,-0.19759005245362848,-0.22039052033917716,-0.03758686616700079,0.14393292780024844,0.5548874493387788,0.13270279310210797
2011-08-26,-0.13916,-29.571334581709596,-74.7023214383101,-0.139160050369822,-0.27025312000777557,-0.041417750503523934,0.15323736424726903,0.554003691889016,0.13263782065592883
2011-09-02,-0.0966,-30.58350100603622,-82.03425765775818,-0.09660004885199203,-0.27986590887219814,-0.0442940579758535,0.16001465014809388,0.5538333162201099,0.13258903799479266
2011-09-09,-0.06475,-32.971014492753625,-87.7552950075643,-0.06475004771611599,-0.3025407007909723,-0.04653841226184354,0.16508646772190197,0.5534314315126695,0.13255097336656485
2011-09-16,-0.04681,-27.706563706563713,-91.02775435099288,-0.04681004707631642,-0.2525429408588994,-0.04782219310508536,0.1679432466002102,0.5543175845232443,0.13252920022636636
2011-09-23,-0.03769,-19.483016449476597,-92.67856795975058,-0.037690046751067144,-0.17444192742963915,-0.04846980478311638,0.16939552215038695,0.5557018355031548,0.1325182166227909
2011-09-30,-0.03985,5.730963120191013,-92.07501392092912,-0.03985004682809986,0.065021323088998,-0.04823303144796214,0.1690515621516609,0.5599460472569903,0.13252223233859528
2011-10-07,-0.05155,29.360100376411545,-89.27136881100543,-0.05155004724536045,0.2894329435827554,-0.047133165718355345,0.16718844549189465,0.5639234861138255,0.1325408862473651
2011-10-14,-0.07319,41.97866149369545,-83.59740929158916,-0.07319004801711422,0.40927446457962213,-0.04490727999391283,0.16374247587502785,0.5660475397667799,0.13257863764566585
2011-10-21,-0.09147,24.976089629730815,-76.96781991237347,-0.0914700486690393,0.24779693524031488,-0.042306502123077745,0.16083155514506833,0.5631855355698191,0.13262274727816653
2011-10-28,-0.10567,15.524215589810876,-68.26536128295993,-0.10567004917545814,0.15803020584172398,-0.038892540785412794,0.15857033663492467,0.5615945231401802,0.13268064863978019
2011-11-04,-0.10714,1.3911233084129782,-58.96434179784749,-0.10714004922788319,0.02380481677800084,-0.035243764930768806,0.15833625274690277,0.5592155319058527,0.1327425324953107
2011-11-11,-0.09966,-6.981519507186862,-49.56222480894782,-0.09966004896112171,-0.055712193161477054,-0.03155532867853356,0.15952737348323193,0.5578061840101566,0.13280508899789123
2011-11-18,-0.08695,-12.753361428858112,-37.517964932451854,-0.0869500485078412,-0.11052876918923954,-0.02683038377386385,0.16155132329055064,0.5568346230053755,0.13288522486249857
2011-11-25,-0.07391,-14.997124784358817,-23.488612836438925,-0.07391004804279179,-0.13183833141118936,-0.02132669019853402,0.1636278225421192,0.5564569354301186,0.13297856843625264
2011-12-02,-0.07227,-2.2189148964957384,11.613899613899603,-0.07227004798430399,-0.010480587501610196,-0.007556027738236363,0.16388897735596675,0.55860786239701,0.13321212120030307
2011-12-09,-0.07852,8.648125086481251,67.741935483871,-0.0785200482071996,0.09272631447312517,0.014462915709710523,0.16289372273002325,0.5604370864866748,0.13358556620475112
2011-12-16,-0.09236,17.626082526744757,145.05173786150172,-0.09236004870077964,0.17799214352336357,0.044791434072059336,0.16068983088633396,0.5619483256144816,0.13409994300495978
2011-12-23,-0.11679,26.450844521437865,193.07402760351323,-0.11679004957203401,0.2618030384463026,0.0636305055927498,0.15679957960444602,0.563433777701852,0.13441945684378104
2011-12-30,-0.15092,29.22339241373404,192.7643064985451,-0.15092005078922238,0.2881345950604968,0.06350900247244237,0.15136469314309373,0.5639004743738328,0.1344173961303135
2012-01-06,-0.19235,27.451630002650408,162.80912692990844,-0.1923500522667528,0.2713077397466604,0.051757630904356165,0.14476734927863943,0.5636022376425247,0.1342180908812724
2012-01-13,-0.23882,24.15908500129973,161.09106810976277,-0.23882005392402628,0.24003764506272476,0.05108363903176202,0.13736743208382432,0.5630480110415175,0.13420665986513608
2012-01-20,-0.28509,19.37442425257516,169.79275101731807,-0.28509005557416706,0.19459656693569805,0.05449729605491706,0.12999936303703938,0.5622426199951837,0.13426455606552415
2012-01-27,-0.32699,14.69711319232523,205.1988053014747,-0.32699005706845924,0.15017501471386502,0.06838703751681047,0.12332717602471417,0.5614552988774122,0.13450012842957884
2012-02-03,-0.35975,10.018655004740218,260.97732289785273,-0.3597500582367889,0.10574256794681912,0.09026886547548377,0.11811044937736871,0.5606677846663091,0.13487124793214153
2012-02-10,-0.38362,6.635163307852676,341.19608970672806,-0.38362005908807184,0.07360873054123138,0.12173856617765381,0.11430937290996528,0.5600982492151814,0.13540497937781618
2012-02-17,-0.39917,4.053490433241236,440.075767825734,-0.39917005964263613,0.04908996004639198,0.16052891411887588,0.11183317940061785,0.5596636821001924,0.13606287023864228
2012-02-24,-0.41117,3.0062379437332254,468.9359346893593,-0.41117006007059564,0.03914395035131754,0.17185071386153272,0.10992229051880632,0.559487400473846,0.1362548898768802
2012-03-02,-0.42218,2.677724542160176,437.6719307182883,-0.4221800604632486,0.03602397927486545,0.15958589246300425,0.10816904996974426,0.5594321025611784,0.13604687643188654
2012-03-09,-0.43047,1.9636174143730312,366.0783889129494,-0.4304700607588973,0.02924193149990202,0.13149985446406254,0.1068489442338928,0.5593118985348017,0.13557053247786177
2012-03-16,-0.43809,1.7701581991776294,275.1091703056768,-0.4380900610306516,0.02740460263297433,0.09581276780637521,0.10563552979394249,0.5592793339857288,0.1349652734531895
2012-03-23,-0.44184,0.8559884955146257,192.7643784786642,-0.441840061164389,0.018722512280678227,0.06350903071013407,0.10503837701837639,0.5591254538816156,0.13441739660922952
2012-03-30,-0.43976,-0.4707586456635937,128.6249025214453,-0.4397600610902093,0.006122074409892967,0.0383472114518456,0.1053695977578904,0.5589021255571281,0.13399064789955387
2012-04-06,-0.43213,-1.7350372930689417,80.94380705133572,-0.4321300608180984,-0.005885085095907396,0.019641989927174527,0.1065846046052422,0.5586893124119197,0.13367340417930015
2012-04-13,-0.41935,-2.957443361951273,47.09390017187553,-0.4193500603623214,-0.0174945706156155,0.006362722734861101,0.10861970126437148,0.5584835475824855,0.13344818556209342
2012-04-20,-0.40375,-3.7200429235721977,23.47472399767576,-0.403750059805974,-0.024737162740561914,-0.0029030442994889692,0.11110385681072645,0.5583551809351676,0.13329103658627914
2012-04-27,-0.38279,-5.191331269349842,6.404447533009039,-0.3827900590584713,-0.0387103433230489,-0.009599687898190167,0.11444154272429059,0.5581075223189155,0.13317746037839176
2012-05-04,-0.35673,-6.807910342485446,-7.0095406913091125,-0.3567300581290857,-0.05406338501580699,-0.014861975158819325,0.11859135641262461,0.5578354072454402,0.1330882110965587
2012-05-11,-0.32509,-8.869453087769463,-18.55850890597992,-0.325090057000699,-0.07364235411526253,-0.019392617894832497,0.12362973343100099,0.5574883924504771,0.13301137062958976
2012-05-18,-0.29153,-10.323295087514218,-29.09745360799668,-0.29153005580383873,-0.08744984253800278,-0.023527029936834788,0.1289738526704672,0.5572436705379172,0.13294125030219686
2012-05-25,-0.26466,-9.21689019997942,-37.31109953100573,-0.2646600548455659,-0.07694204823973516,-0.02674923079024028,0.1332526513583235,0.5574299091526984,0.1328866012308244
2012-06-01,-0.24548,-7.247033930325697,-42.97395869630869,-0.24548005416154384,-0.05823384773205877,-0.028970761862579176,0.13630688875441893,0.5577614905720428,0.13284892368815973
2012-06-08,-0.23808,-3.0145021997718735,-45.655002396767784,-0.23808005389763545,-0.018036472172154157,-0.030022531244972013,0.13748527023153603,0.5584739429982718,0.13283108550157216
2012-06-15,-0.24358,2.3101478494623517,-44.871446677530336,-0.24358005409378355,0.03253301469289202,-0.029715143523260643,0.13660944616070575,0.5593702292136857,0.13283629884931397
2012-06-22,-0.25903,6.342885294359135,-41.09741677278515,-0.2590300546447815,0.07083289569243618,-0.02823459730860318,0.13414917672537344,0.5600490507228598,0.1328614091634862
2012-06-29,-0.2784,7.477898312936726,-35.574942725568704,-0.2784000553355796,0.08161238831709619,-0.026068139105431504,0.13106468358864934,0.5602401048791817,0.13289815266097657
2012-07-06,-0.30144,8.275862068965512,-28.117324430666514,-0.301440056157262,0.08919084273309749,-0.02314252674528695,0.12739577693557122,0.5603744243007992,0.13294777154134793
2012-07-13,-0.3251,7.8489915074310135,-19.479876160990717,-0.3251000570010556,0.08513674996549894,-0.019754068873268152,0.1236281410235995,0.5603025701514126,0.13300524035987138
2012-07-20,-0.34893,7.330052291602596,-8.845581128033652,-0.348930057850912,0.08020825896309651,-0.015582251040876516,0.1198334341858021,0.5602152182951433,0.13307599509579487
2012-07-27,-0.37028,6.118705757601806,3.7983909399265547,-0.37028005861232344,0.06870380851588224,-0.010622039951951096,0.1164336443835791,0.5600113150920266,0.1331601211146725
2012-08-03,-0.39171,5.787512152965335,20.492786612937962,-0.39171005937658787,0.06555838290394742,-0.004072853818424727,0.11302111532214403,0.5599555660268817,0.13327119641901428
2012-08-10,-0.41088,4.893926629394207,40.93918293143073,-0.41088006006025335,0.057071785478915824,0.00394823648472026,0.10996847033345011,0.5598051508109211,0.13340723546698302
2012-08-17,-0.42908,4.429517133956384,62.124990553918245,-0.42908006070932536,0.0526611763943013,0.01225939672234773,0.10707028886270263,0.5597269778182887,0.13354819415009364
2012-08-24,-0.44715,4.211335881420708,82.15333224702623,-0.4471500613537611,0.05058905637096022,0.020116484829231566,0.10419280868817479,0.559690251864977,0.13368145169307977
2012-08-31,-0.46451,3.8823660963882345,95.10668682795698,-0.464510061972876,0.04746475091062499,0.025198066209336668,0.10142838943915412,0.559634877130321,0.1337676361726204
2012-09-07,-0.48296,3.9719274073755084,98.27572050250433,-0.48296006263086383,0.04831533630078386,0.0264412733193476,0.09849039778336889,0.5596499527818155,0.133788721175442
2012-09-14,-0.50223,3.9899784661255433,93.88873875612862,-0.5022300633180955,0.04848677156318036,0.024720267025729884,0.09542182872065991,0.559652991275422,0.133759532617667
2012-09-21,-0.51846,3.231587121438406,86.22844827586209,-0.5184600638969109,0.04128414589029948,0.021715146674278672,0.09283735150800981,0.5595253329876759,0.13370856526831765
2012-09-28,-0.53158,2.5305713073332514,76.3468683651805,-0.5315800643648133,0.03462642948156036,0.017838617844128164,0.09074811299722921,0.5594073325923147,0.13364281868380776
2012-10-05,-0.54264,2.0805899394258587,66.91479544755461,-0.5426400647592494,0.03035284780698984,0.014138429926431452,0.0889869104111596,0.5593315882535282,0.1335800628709937
2012-10-12,-0.54963,1.2881468376824357,57.51870002579311,-0.5496300650085358,0.022826824377398684,0.010452355925862928,0.08787381763750439,0.5591981981110729,0.1335175464326009
2012-10-19,-0.55377,0.7532339937776467,49.55439127147023,-0.5537700651561819,0.017746627973190297,0.007327969666032219,0.08721456097327941,0.5591081574503709,0.1334645563132767
2012-10-26,-0.55359,-0.03250446936452489,41.32649153710655,-0.5535900651497625,0.010284280114865955,0.004100177064024259,0.08724322430650658,0.5589758958844608,0.13340981240490235
2012-11-02,-0.55232,-0.22941165844758693,34.42367601246106,-0.5523200651044702,0.008414205007601183,0.001392212990225353,0.0874454600464983,0.5589427509457965,0.13336388487627338
2012-11-09,-0.55047,-0.3349507531865581,28.290761629532945,-0.550470065038493,0.007411874748184636,-0.001013720031939084,0.08774005541577758,0.558924985790354,0.1333230798453559
2012-11-16,-0.54996,-0.09264810071393237,22.99228446829924,-0.5499600650203047,0.009713081529528418,-0.0030923045960545748,0.08782126819325457,0.5589657720439783,0.133287826699644
2012-11-23,-0.55371,0.6818677722016275,19.20303115110549,-0.5537100651540421,0.017068845739385934,-0.004578822932354891,0.08722411541768846,0.5590961445368361,0.1332626150972788
2012-11-30,-0.5594,1.0276137328204316,15.827397714096403,-0.5594000653569663,0.020352478588960696,-0.00590307881621822,0.0863180356062295,0.5591543431669193,0.13324015549354673
2012-12-07,-0.56791,1.5212727922774505,13.077673575851723,-0.567910065660461,0.025040877843783657,-0.00698179143031588,0.08496289690754483,0.5592374396720444,0.13322186034519312
2012-12-14,-0.57934,2.0126428483386416,11.74246807854027,-0.5793400660680924,0.029707537880800928,-0.007505590524315847,0.08314277524761936,0.5593201508744412,0.1332129766239805
2012-12-21,-0.59176,2.143818828321886,11.320967681252103,-0.5917600665110305,0.030953347828015444,-0.007670944491674977,0.08116500525494444,0.5593422314283866,0.13321017219273146
2012-12-28,-0.60385,2.043057996485076,11.280038331121922,-0.6038500669421999,0.029996397884832694,-0.00768700101373047,0.07923978470651932,0.5593252705870555,0.1332098998714021
2013-01-04,-0.61843,2.414506913968717,12.517511780652457,-0.6184300674621708,0.033524137920335324,-0.0072015420540285455,0.07691805471511833,0.5593877957373269,0.13321813333745347
2013-01-11,-0.63117,2.060055301327557,13.976921826751187,-0.6311700679165212,0.030157825391997534,-0.006629017703686801,0.07488932768559509,0.5593281317046667,0.13322784344725347
2013-01-18,-0.64074,1.5162317600646347,15.742697664336402,-0.6407400682578189,0.024993001943975194,-0.005936306517433781,0.07336539380235041,0.5592365911265734,0.13323959194611507
2013-01-25,-0.64749,1.0534694259762167,17.230953070683654,-0.6474900684985462,0.020598036348313576,-0.005352466175962056,0.07229051880633142,0.5591586953968595,0.13324949397703828
2013-02-01,-0.65101,0.5436377395789949,18.264392246625594,-0.651010068624081,0.015756041751437386,-0.004947049552713843,0.07172999140100005,0.5590728765902762,0.13325636991152762
2013-02-08,-0.65225,0.19047326461958392,18.599534511600837,-0.6522500686683035,0.012401953480372634,-0.004815573749844091,0.07153253288321285,0.5590134292185703,0.13325859976337784
2013-02-15,-0.6536,0.20697585281717057,18.040129309566353,-0.6536000687164489,0.012558682544138458,-0.005035027563204314,0.07131755788400906,0.5590162070616556,0.13325487778959194
2013-02-22,-0.65458,0.14993880048961294,17.0146585627458,-0.654580068751399,0.012016987889686154,-0.005437318183778939,0.07116150195866111,0.5590066061445443,0.13324805487263658
2013-03-01,-0.65501,0.06569097742061825,15.336937190752042,-0.6550100687667342,0.011216865976940174,-0.006095485736567051,0.07109302844039621,0.5589924249003692,0.13323689223964016
2013-03-08,-0.65726,0.3435062060121119,13.449787689439695,-0.6572600688469765,0.013855344266266967,-0.0068358116272410315,0.07073473677505655,0.5590391889050486,0.13322433618733956
2013-03-15,-0.66012,0.4351398229011538,11.551980532648386,-0.6601200689489737,0.014725610845820587,-0.007580318500014986,0.07027930825822479,0.5590546133830756,0.13321170922487555
2013-03-22,-0.66307,0.4468884445252286,9.807071292539549,-0.6630700690541804,0.014837190341450819,-0.008264843751687151,0.06980954807477946,0.5590565910017951,0.13320009956084877
2013-03-29,-0.66771,0.699775287677018,7.968565561179108,-0.667710069219658,0.017238917736652423,-0.00898608676509553,0.069070671040479,0.55909915886813,0.13318786715737368
2013-04-05,-0.67489,1.075317128693598,6.926818448278582,-0.6748900694757205,0.020805529254961392,-0.009394762579427571,0.06792732252619511,0.5591623729708978,0.13318093594645242
2013-04-12,-0.68534,1.548400480078227,6.960701688672466,-0.6853400698484019,0.025298516043334017,-0.009381470235548044,0.06626325679161758,0.5592420060139461,0.13318116138685246
2013-04-19,-0.69608,1.5671053783523625,7.504363001745196,-0.6960800702314258,0.02547616097752494,-0.009168192725978366,0.06455301124239626,0.5592451545668704,0.1331847786094816
2013-04-26,-0.70838,1.7670382714630506,8.81246063808545,-0.7083800706700843,0.02737497192633193,-0.008655028004773885,0.06259435013853945,0.5592788088154025,0.13319348196993328
2013-05-03,-0.71827,1.3961433129111356,10.121885779992335,-0.7182700710227944,0.023852492972527194,-0.008141342505146545,0.06101945921844646,0.5592163769117764,0.1332021941628751
2013-05-10,-0.72334,0.7058626978712734,10.670134638922901,-0.7233400712036073,0.017296731340741733,-0.007926265308286141,0.060212108665881094,0.5591001835480235,0.13320584190850504
2013-05-17,-0.72118,-0.2986147593109667,10.174463014452018,-0.7211800711265747,0.007756966453372732,-0.008120716535713031,0.06055606866460716,0.5589311021454445,0.1332025439828047
2013-05-24,-0.7117,-1.3145123270196124,8.654829697256528,-0.7117000707884865,-0.001891257980430779,-0.00871686638407865,0.062065670881238266,0.558760098421671,0.13319243318056295
2013-05-31,-0.69556,-2.2678094702824336,5.827222103885821,-0.6955600702128809,-0.010944951071800864,-0.009826132559642875,0.06463581642727477,0.5585996320847664,0.13317361983864
2013-06-07,-0.67603,-2.8078095347633503,2.4101678482700173,-0.6760300695163767,-0.01607346203785376,-0.011166637767900556,0.06774578808242301,0.5585087351038114,0.13315088464361832
2013-06-14,-0.6571,-2.8001715900181967,-0.9003574283258264,-0.6571000688412705,-0.01600092263284224,-0.012465351819060881,0.07076021529348069,0.5585100207816542,0.13312885823368822
2013-06-21,-0.64147,-2.378633389134077,-3.929849785086348,-0.6414700682838531,-0.01199747258154912,-0.013653817081483954,0.0732491480620402,0.5585809773469176,0.133108701661859
2013-06-28,-0.63406,-1.155159243612336,-6.049874794410948,-0.634060068019588,-0.00037784328016746095,-0.014485499681186783,0.07442912194655882,0.5587869219632599,0.1330945961843242
2013-07-05,-0.63425,0.029965618395744187,-7.4546940204861745,-0.6342500680263641,0.010877573618333952,-0.015036608135528545,0.07439886620593014,0.5589864113320523,0.13308524929174192
2013-07-12,-0.64163,1.1635790303508253,-7.822376738305936,-0.6416300682895593,0.02164377384104101,-0.015180849508756289,0.07322366954361605,0.5591772298957792,0.13308280293365968
2013-07-19,-0.65374,1.8873805775914354,-7.713374177701238,-0.6537400687214417,0.02851789185774488,-0.01513808796935027,0.07129526418038792,0.5592990657617025,0.13308352817659932
2013-07-26,-0.66541,1.7851133478141046,-7.359349548220029,-0.6654100691376325,0.027546635289683066,-0.014999204643488202,0.06943692474282623,0.5592818513518371,0.13308588366129215
2013-08-02,-0.67354,1.221803098841323,-6.884729173003013,-0.6735400694275752,0.022196741874533316,-0.014813011789254765,0.06814229752539891,0.5591870306206177,0.13308904152358658
2013-08-09,-0.67736,0.5671526561154439,-6.076152971518911,-0.6773600695638089,0.015979368590183087,-0.014495808570259542,0.06753399789802224,0.5590768348026194,0.1330944213438222
2013-08-16,-0.67651,-0.12548718554388216,-4.944499086693844,-0.676510069533495,0.009401200813685484,-0.014051862465494034,0.06766935252715056,0.558960244315623,0.1331019507448337
2013-08-23,-0.67253,-0.5883135504279324,-3.3110012076600137,-0.6725300693915551,0.005005627102100988,-0.013411043722003493,0.06830313067295138,0.5588823378077511,0.13311281913909062
2013-08-30,-0.66861,-0.5828736264553158,-1.0975844267266166,-0.668610069251755,0.005057291373243023,-0.012542723671770208,0.06892735437434314,0.5588832534977635,0.1331275459939821
2013-09-06,-0.66699,-0.24229371382421538,1.5050981585755574,-0.6669900691939804,0.008291861018016947,-0.011521695236150483,0.0691853243733877,0.558940582538755,0.1331448628089139
2013-09-13,-0.66904,0.307350934796613,4.297940667529265,-0.6690400692670903,0.013511968927807438,-0.010426067350540219,0.06885888085607823,0.5590331029705917,0.13316344484313286
2013-09-20,-0.67397,0.7368767188807857,6.294357000914741,-0.6739700694429103,0.017591278984919467,-0.009642876247163477,0.068073824007134,0.5591054040675427,0.13317672789668972
2013-09-27,-0.68153,1.1217116488864587,7.454473787938509,-0.6815300697125248,0.021246149212669298,-0.009187764188981576,0.06686996401159274,0.5591701824548141,0.13318444667415938
2013-10-04,-0.69128,1.4306046689067209,7.738104515063204,-0.691280070060242,0.024179780789239404,-0.009076496284379912,0.06531736679512087,0.5592221777133423,0.13318633379663766
2013-10-11,-0.70362,1.7850943177873058,7.629944626304042,-0.7036200705003272,0.027546454556924792,-0.009118927244897424,0.06335233606165802,0.559281848148556,0.1331856141603719
2013-10-18,-0.7176,1.9868679116568533,7.843284591454913,-0.7176000709989,0.029462747085175864,-0.009035234299740276,0.061126150514347596,0.5593158122380543,0.13318703360687487
2013-10-25,-0.73144,1.9286510590858397,8.596371410755111,-0.73144007149248,0.028909847583012786,-0.008739799481319402,0.05892225867065831,0.5593060127278553,0.13319204423135558
2013-11-01,-0.74337,1.63102920266871,9.745187197354443,-0.7433700719179431,0.026083260967991725,-0.008289120788485033,0.05702251664065736,0.5592559147186253,0.13319968781819924
2013-11-08,-0.75397,1.4259386308298705,11.449941612097403,-0.7539700722959741,0.024135466299262165,-0.00762034821397659,0.055334564795057176,0.5592213922897801,0.13321103031415743
2013-11-15,-0.76283,1.175113068159206,13.426910323703044,-0.762830072611951,0.02175331538237399,-0.0068447863831644406,0.05392369183731967,0.5591791713940937,0.1332241839739614
2013-11-22,-0.76951,0.8756865880995779,15.091009706704961,-0.7695100728501818,0.018909589820991786,-0.006191962716022974,0.05285996369311125,0.5591287696166762,0.1332352559737536
2013-11-29,-0.77479,0.6861509272134247,16.1621613517444,-0.774790073038484,0.017109523896468047,-0.005771751548275396,0.05201917258511419,0.5590968655105639,0.1332423828262195
2013-12-06,-0.77854,0.4840021167025865,16.36673442544543,-0.7785400731722214,0.015189667845198967,-0.005691497841353761,0.05142201980954809,0.5590628382617029,0.1332437439426604
2013-12-13,-0.78161,0.39432784442674507,15.971037286526112,-0.7816100732817077,0.01433800963441422,-0.0058467292295420695,0.05093315073728463,0.559047743595692,0.13324111119206591
2013-12-20,-0.78352,0.24436739550415254,14.964858480184295,-0.7835200733498245,0.012913799051193244,-0.006241451651090694,0.050629000923596304,0.5590225010948734,0.1332344166330459
2013-12-27,-0.78441,0.11358995303247799,13.472109709524371,-0.784410073381565,0.01167177411093134,-0.006827054732575645,0.05048727666486194,0.5590004876258396,0.13322448470575396
2014-01-03,-0.78204,-0.3021379125712431,11.145220431482894,-0.7820400732970428,0.007723506216385944,-0.007739889871534077,0.05086467721901973,0.5589305091010806,0.13320900286742987
2014-01-10,-0.77923,-0.3593166589944241,8.588350055741344,-0.779230073196829,0.0071804658589031635,-0.008742946246740399,0.051312143698843925,0.5589208843329249,0.1331919908616819
2014-01-17,-0.77497,-0.5466935307932075,5.95127419884065,-0.7749700730449034,0.005400902475464516,-0.009777467110708626,0.05199050925188701,0.5588893436108628,0.13317444521288363
2014-01-24,-0.77059,-0.5651831683807229,3.6617027859612294,-0.7705900728886982,0.00522530192397742,-0.010675662507693815,0.05268798369374822,0.5588862312922795,0.1331592116670591
2014-01-31,-0.76784,-0.35686941174943865,1.8395957398835483,-0.767840072790624,0.007203707956743679,-0.011390472341706814,0.05312589572916337,0.5589212962724798,0.13314708837139444
2014-02-07,-0.76835,0.06642008751822637,0.7236212524415642,-0.7683500728088123,0.01122379051154118,-0.011828267442630396,0.05304468295168637,0.5589925476298112,0.1331396632924483
2014-02-14,-0.7721,0.4880588273573183,0.3365778222505167,-0.7721000729425498,0.015228195405559343,-0.01198010399399341,0.05244753017612027,0.5590635211185679,0.13313708811886046
2014-02-21,-0.77642,0.5595130164486539,0.21037958672673884,-0.7764200730966152,0.01590681308809164,-0.012029611370621843,0.05175961017866812,0.5590755488394743,0.13313624846538077
2014-02-28,-0.78062,0.5409443342520692,0.26716674801550155,-0.780620073246401,0.01573046183087119,-0.012007333853270559,0.05109079907003409,0.5590724232154919,0.13313662629584236
2014-03-07,-0.7836,0.3817478414593456,0.2546026790854583,-0.7836000733526776,0.014218534309474574,-0.012012262718479518,0.05061626166438423,0.5590456260324447,0.1331365427014549
2014-03-14,-0.78405,0.057427258805531345,0.06764345517664694,-0.7840500733687261,0.011138383446426798,-0.012085606538809468,0.050544603331316294,0.5589910338874361,0.1331352987778591
2014-03-21,-0.78314,-0.11606402652892811,-0.16190512614577823,-0.7831400733362724,0.009490694829560291,-0.01217565809953759,0.05068951240485368,0.5589618304945179,0.13313377148816077
2014-03-28,-0.78037,-0.3537043185126487,-0.2135440642422326,-0.7803700732374852,0.0072337676112532775,-0.01219591597672916,0.051130609255071825,0.5589218290454157,0.13313342791113783
2014-04-04,-0.7785,-0.2396299191409268,-0.0936822247603386,-0.7785000731707948,0.008317159719152643,-0.012148894358669464,0.05142838943915413,0.558941030929247,0.13313422540573183
2014-04-11,-0.77597,-0.32498394348103865,0.12903725305495328,-0.7759700730805668,0.0075065319459026655,-0.01206152184490233,0.05183126851173605,0.5589266634807314,0.1331357072583407
2014-04-18,-0.77412,-0.23841127878655444,0.45809055399110843,-0.7741200730145896,0.008328733440772623,-0.011932434733401432,0.052125863881015325,0.5589412360602023,0.13313789659758135
2014-04-25,-0.77349,-0.0813827313594806,0.7358303813294498,-0.7734900729921217,0.009820071461699035,-0.011823477819862305,0.052226185547310434,0.5589676683179439,0.13313974452526042
2014-05-02,-0.77479,0.1680693997336613,0.8381596928483059,-0.774790073038484,0.012189178567355042,-0.011783334185963893,0.05201917258511419,0.559009658027021,0.13314042536807993
2014-05-09,-0.77774,0.3807483318060356,0.7304753270301667,-0.7777400731436908,0.014209041725019788,-0.011825578599551974,0.051549412401668854,0.5590454577872611,0.1331397088956816
2014-05-16,-0.78197,0.5438835600586334,0.7148192988331026,-0.7819700732945465,0.01575837636787251,-0.011831720435697624,0.050875824070830286,0.5590729179686776,0.13313960472910194
2014-05-23,-0.78823,0.8005422202897794,0.9748661320488905,-0.7882300735177987,0.018195925620377078,-0.011729704456951083,0.049878977037485284,0.5591161207363909,0.13314133493735317
2014-05-30,-0.7941,0.7447064942973647,1.3399693721286354,-0.7941000737271423,0.017665640252124602,-0.011586475008933306,0.048944233892799144,0.5591067220358056,0.13314376413301277
2014-06-06,-0.79752,0.4306762372497053,1.7180026784006097,-0.7975200738491107,0.014683219095398528,-0.011438173115535032,0.04839963056148286,0.5590538620378692,0.13314627935820378
2014-06-13,-0.79777,0.031347176246354636,1.8681206425415597,-0.7977700738580266,0.010890694606743282,-0.011379282065604155,0.04835982037644512,0.5589866438865386,0.13314727816036953
2014-06-20,-0.79449,-0.4111460696691993,1.8093981060266273,-0.794490073741051,0.0066882294343294825,-0.01140231882772492,0.04888213000414027,0.5589121600062722,0.13314688745298825
2014-06-27,-0.78758,-0.8697403365681255,1.1663455362877384,-0.7875800734946176,0.0023328489789198404,-0.011654587376724918,0.049982483518583413,0.5588349658778151,0.13314260893573668
2014-07-04,-0.77768,-1.2570151603646496,0.220369344175686,-0.777680073141551,-0.001345193509141501,-0.0120256924039073,0.05155896684607791,0.558769776788779,0.13313631493171899
2014-07-11,-0.76625,-1.4697561979220342,-1.0166382473001612,-0.7662500727339194,-0.003365646497589384,-0.01251096860820006,0.05337908850600339,0.5587339665744641,0.1331280845652303
2014-07-18,-0.75418,-1.575203915171297,-2.49647700681328,-0.7541800723034634,-0.004367108922928041,-0.013091507111868456,0.05530112423962548,0.5587162168003862,0.1331182385340346
2014-07-25,-0.74363,-1.3988702962157484,-4.0217349217207214,-0.7436300719272156,-0.002692425977535018,-0.013689863481396223,0.0569811140482181,0.5587458986368492,0.1331080903088208
2014-08-01,-0.73512,-1.1443863211543448,-5.479980456193589,-0.735120071623721,-0.0002755302350470796,-0.014261930995591166,0.05833625274690278,0.5587887353447609,0.13309838794703907
2014-08-08,-0.73017,-0.6733594515181185,-6.624295049682216,-0.7301700714471876,0.0041979256497351744,-0.014710843877186701,0.059124494410650034,0.5588680222249204,0.13309077430865263
2014-08-15,-0.72969,-0.06573811578126643,-7.426766299176646,-0.7296900714300693,0.009968652152387802,-0.015025652132764274,0.0592009299659225,0.5589703017404521,0.13308543510740156
2014-08-22,-0.72947,-0.030149789636690905,-8.138773454224923,-0.7294700714222233,0.010306643076650687,-0.015304971461127395,0.05923596292875571,0.5589762922423365,0.1330806978043575
2014-08-29,-0.72707,-0.32900599065074365,-8.8336342662253,-0.7270700713366314,0.007468333593027204,-0.015577564305086437,0.059618140705118006,0.5589259864586918,0.1330760745836264
2014-09-05,-0.72118,-0.8101008156023437,-9.600511425598846,-0.7211800711265747,0.0028992599062540214,-0.01587840905302821,0.06055606866460716,0.558845004862545,0.1330709722058262
2014-09-12,-0.71039,-1.496159072630976,-10.585406990648094,-0.7103900707417676,-0.003616400972239847,-0.01626478209125803,0.06227427625083603,0.5587295222386992,0.1330644192537592
2014-09-19,-0.69509,-2.153746533594225,-11.743568907285606,-0.6950900701961191,-0.009861667827773868,-0.016719127256748678,0.06471065957514571,0.5586188320391104,0.13305671348291925
2014-09-26,-0.67751,-2.529168884604882,-12.880619277852078,-0.6775100695691583,-0.013427144520652214,-0.017165190394695835,0.0675101117869996,0.5585556380498232,0.133049148176667
2014-10-03,-0.66098,-2.439816386473992,-13.738336052202282,-0.6609800689796441,-0.012578542276596955,-0.01750167138598733,0.07014236122169497,0.5585706785523252,0.13304344140215318
2014-10-10,-0.64897,-1.8169990014826443,-13.950250603304237,-0.6489700685513279,-0.006663495225913885,-0.017584805143372333,0.07205484251090799,0.5586755159842177,0.13304203143956939
2014-10-17,-0.64085,-1.2512134613310355,-13.821389669593742,-0.640850068261742,-0.0012900933729142403,-0.017534253194278763,0.07334787732093379,0.5587707533755635,0.13304288880917475
2014-10-24,-0.6421,0.19505344464383345,-12.653716400043525,-0.642100068306321,0.012445452555698561,-0.017076176739448445,0.07314882639574509,0.559014200189842,0.13305065786331288
2014-10-31,-0.6473,0.8098427036287159,-11.349411780818164,-0.6473000684917701,0.01828425455574337,-0.0165645000131124,0.0723207745469601,0.5591176862655687,0.13305933598711997
2014-11-07,-0.65451,1.1138575621813862,-10.303005385848774,-0.6545100687489026,0.021171557055288698,-0.016153996369482712,0.07117264881047168,0.5591688603942874,0.1330662981983352
2014-11-14,-0.65954,0.7685138500557631,-9.586412052586113,-0.659540068928289,0.01789174445675472,-0.01587287789035332,0.07037166788751235,0.5591107294737769,0.13307106601528051
2014-11-21,-0.6588,-0.11219941171118908,-9.389742390691403,-0.6588000689018981,0.009527398009385643,-0.015795724679911062,0.07048950603522405,0.5589624810163282,0.1330723745467768
2014-11-28,-0.65211,-1.0154826958105767,-9.577359327768386,-0.6521100686633106,0.0009486986116197541,-0.01586932652012057,0.07155482658683399,0.5588104333984253,0.13307112624712022
2014-12-05,-0.63886,-2.0318657895140313,-10.069116963921221,-0.6388600681907719,-0.00870413697976033,-0.016062242295859275,0.07366476639383421,0.558639347947167,0.1330678543629402
2014-12-12,-0.61862,-3.1681432551732835,-11.001453049245423,-0.6186200674689467,-0.01949563836358693,-0.01642799632981108,0.07688779897448965,0.5584480809493476,0.13306165111267257
2014-12-19,-0.59536,-3.7599818951860486,-12.125282283656325,-0.5953600666394184,-0.025116472795073487,-0.016868872836072045,0.08059173859040097,0.5583484580990404,0.1330541737725708
2014-12-26,-0.57326,-3.712039774254239,-13.2712033647009,-0.5732600658512595,-0.02466115489956366,-0.017318415940302243,0.0841109589477372,0.5583565280870644,0.13304654944550193
2015-01-02,-0.55068,-3.9388759027317533,-15.145538314560014,-0.5506800650459822,-0.02681547236897394,-0.018053714701852852,0.08770661486034588,0.5583183452781976,0.13303407865416142
2015-01-09,-0.53231,-3.3358756446575155,-16.93688070531327,-0.5323100643908475,-0.021088633356391304,-0.01875645560818498,0.09063186725691902,0.5584198469382514,0.13302216004955117
2015-01-16,-0.51766,-2.752155698746961,-19.3801588537611,-0.5176600638683803,-0.015544904122611046,-0.019714949924695694,0.09296474410013059,0.5585181031872714,0.13300590382385447
2015-01-23,-0.50927,-1.620754935672064,-21.323961069056075,-0.5092700635691652,-0.00479971796044296,-0.020477500589246425,0.09430077390999714,0.5587085493008519,0.13299297083563058
2015-01-30,-0.5059,-0.6617314980265854,-22.705535438725157,-0.5059000634489799,0.004308359130981894,-0.021019490121631818,0.09483741520430587,0.5588699795318478,0.13298377860150676
2015-02-06,-0.50739,0.29452460960663895,-23.069108772781032,-0.5073900635021181,0.013390154221258884,-0.021162119389833964,0.09460014650148095,0.5590309439444856,0.13298135958499835
2015-02-13,-0.51212,0.9322217623524365,-22.264723740133576,-0.5121200636708055,0.01944651801821748,-0.020846560360024496,0.0938469378005669,0.5591382860537942,0.13298671151950736
2015-02-20,-0.519,1.3434351323908356,-20.41220039563877,-0.519000063916169,0.023351910658599328,-0.020119818258217657,0.0927513615083283,0.559207504663797,0.1329990371884516
2015-02-27,-0.52621,1.389210019267817,-17.63297123000345,-0.5262100641733014,0.02378664580912953,-0.01902953086656944,0.09160323577183987,0.5592152098462486,0.13301752864698987
2015-03-06,-0.53132,0.971095190133231,-14.112055866283002,-0.5313200643555409,0.019815708345728846,-0.017648281102933136,0.09078951558966847,0.5591448295293548,0.13304095487656098
2015-03-13,-0.53511,0.7133177745991093,-10.119927438860522,-0.5351100644907048,0.017367534004049234,-0.016082175168209263,0.09018599318449633,0.5591014384441094,0.13306751629805433
2015-03-20,-0.53837,0.6092205340958001,-6.086243589296303,-0.5383700646069671,0.01637889738236614,-0.014499767104328149,0.08966686837160419,0.5590839159927063,0.133094354206415
2015-03-27,-0.54024,0.3473447628954185,-1.8958378731749659,-0.5402400646736575,0.013891799967598742,-0.012855877289602016,0.0893690881875219,0.5590398350405861,0.13312223485566704
2015-04-03,-0.54193,0.31282393010512166,1.807217598767652,-0.5419300647339285,0.013563947285409717,-0.011403174237419543,0.08909997133666678,0.5590340242274268,0.1331468729450952
2015-04-10,-0.54407,0.3948849482405592,5.101804273075006,-0.544070064810248,0.01434330058381646,-0.010110712875792885,0.08875919615274372,0.5590478373717082,0.13316879330835343
2015-04-17,-0.54551,0.26467182531659805,7.116068097472872,-0.5455100648616031,0.013106635122523486,-0.00932052022872771,0.08852988948692633,0.5590259188932986,0.13318219510927523
2015-04-24,-0.54757,0.37762827445875224,8.236805692824657,-0.5475700649350694,0.014179409787224302,-0.00888085656778636,0.08820185356221537,0.5590449325951141,0.13318965187931528
2015-05-01,-0.54852,0.1734937998794761,8.10619050434578,-0.5485200649689496,0.012240695404966556,-0.008932096708368191,0.08805057485907195,0.5590105711039429,0.1331887828378659
2015-05-08,-0.54839,-0.023700138554649808,7.082324455205824,-0.5483900649643134,0.010367896969894678,-0.009333757808473545,0.08807127615529158,0.5589773778974134,0.13318197059768416
2015-05-15,-0.54876,0.06747023103994554,5.734104046242772,-0.5487600649775088,0.011233763978067047,-0.009862662632599193,0.08801235708143572,0.5589927243980785,0.13317300028242515
2015-05-22,-0.54932,0.10204825424593444,4.391782748332429,-0.5493200649974802,0.01156215981143942,-0.010389253244394952,0.08792318226695117,0.5589985448379702,0.13316406921659862
2015-05-29,-0.54909,-0.04186994829973312,3.3445004893472685,-0.5490900649892776,0.010195333900632216,-0.010800100488151249,0.08795980763718592,0.5589743194147224,0.13315710117786714
2015-06-05,-0.5484,-0.12566245970605516,2.4836015024948255,-0.54840006496467,0.009399536192656903,-0.011137829856586894,0.08806968374789007,0.5589602148121224,0.13315137323066586
2015-06-12,-0.54726,-0.20787746170678467,1.6512807177220035,-0.5472600649240138,0.008618720472310442,-0.011464348039637522,0.08825121819166216,0.5589463757480878,0.1331458354270646
2015-06-19,-0.54452,-0.5006760954573641,0.7922404857100496,-0.5445200648262963,0.0058379411672586775,-0.011801348221364923,0.0886875378196758,0.558897089620944,0.1331401198469932
2015-06-26,-0.5418,-0.49952251524278957,-0.0239883379772432,-0.5418000647292922,0.0058488969970257616,-0.012121553552458114,0.08912067263288641,0.5588972838004741,0.13313468911042872
2015-07-03,-0.53663,-0.9542266519010467,-1.3674710974690751,-0.536630064544913,0.0015304620475723512,-0.012648599803872887,0.08994394725946686,0.5588207444887804,0.13312575031687718
2015-07-10,-0.53167,-0.9242867525110499,-2.5370753973346205,-0.531670064368023,0.001814808499441239,-0.013107433798970744,0.09073378133061563,0.5588257842038539,0.13311796841472803
2015-07-17,-0.52632,-1.0062632836157714,-3.880782365724933,-0.5263200641772243,0.0010362575947600078,-0.013634568007196755,0.09158571929042326,0.558811985281082,0.13310902812941408
2015-07-24,-0.51668,-1.8315853473172217,-5.804710858309625,-0.5166800638334302,-0.0068020252733855995,-0.014389322240433345,0.09312080002547853,0.5586730606978451,0.13309622736998372
2015-07-31,-0.502,-2.8412170008515925,-8.459308156603884,-0.502000063309893,-0.016390740807711468,-0.015430716739318444,0.09545845409089462,0.5585031117011333,0.13307856514317487
2015-08-07,-0.48306,-3.772908366533867,-11.972446971353602,-0.48306006263443013,-0.025239238613857934,-0.016808915774573597,0.0984744737093538,0.5583462822155596,0.13305519065447302
2015-08-14,-0.46146,-4.471494224319961,-15.994320250491523,-0.4614600618641029,-0.031873877140854,-0.01838669056956736,0.10191407369661455,0.5582286908492112,0.1330284313271362
2015-08-21,-0.43883,-4.904000346725612,-20.080496822014602,-0.4388300610570425,-0.03598149219044588,-0.019989691448755936,0.10551769164623077,0.5581558880786985,0.13300124416114553
2015-08-28,-0.41842,-4.651003805573906,-23.7016776075857,-0.4184200603291546,-0.03357872296685844,-0.021410275185500233,0.10876779515271187,0.5581984744102481,0.1329771508207388
2015-09-04,-0.40533,-3.128435543234065,-25.93465628768774,-0.405330059862322,-0.019118524638030425,-0.022286269339144626,0.11085225644128795,0.5584547648580603,0.13296229381175573
2015-09-11,-0.39959,-1.4161300668591115,-26.616102255197237,-0.3995900596576147,-0.0028563461857689437,-0.02255359955993097,0.11176629828975446,0.5587429933389674,0.13295775984600364
2015-09-18,-0.39981,0.05505643284366979,-26.207087486157242,-0.39981005966546057,0.011115867139959877,-0.022393143685620124,0.11173126532692125,0.5589906348117016,0.13296048120476625
2015-09-25,-0.40565,1.4606938295690375,-24.40787879917262,-0.40565005987373426,0.024465544811442537,-0.02168731684319245,0.11080129940443963,0.5592272425532258,0.13297245214737452
2015-10-02,-0.41551,2.4306668310119406,-21.8481388831418,-0.41551006022537434,0.033677612553428826,-0.020683134751677483,0.10923118570655116,0.5593905158993571,0.13298948324546142
2015-10-09,-0.43142,3.8290293855743673,-18.030855753153972,-0.43142006079277745,0.04695819929277464,-0.01918562036227816,0.10669766553074939,0.559625899083269,0.13301488134274672
2015-10-16,-0.44605,3.3911269760326324,-13.669969807230785,-0.4460500613145315,0.042799334401611024,-0.017474851411647535,0.10436797350234084,0.5595521879680332,0.13304389627345348
2015-10-23,-0.45912,2.930164779733202,-8.541832669322712,-0.4591200617806508,0.038421465149076885,-0.0154630909806483,0.1022866970285678,0.5594745952514134,0.1330780160705672
2015-10-30,-0.46844,2.029970378114676,-3.0265391462758195,-0.46844006211303274,0.029872101613874595,-0.013299449686231148,0.10080257333036086,0.5593230675780634,0.13311471179280873
2015-11-06,-0.47206,0.7727777303389916,2.2970571663849526,-0.47206006224213387,0.01793223955708678,-0.0112110109170618,0.10022612185101439,0.5591114472030336,0.13315013206750473
2015-11-13,-0.46849,-0.7562597974833607,6.7588815714513695,-0.4684900621148159,0.0034106010523186716,-0.009460643961812832,0.10079461129335328,0.558854067798497,0.13317981858706612
2015-11-20,-0.45909,-2.006446242182336,9.71989866641174,-0.4590900617795809,-0.008462721402582548,-0.008299041440866297,0.10229147425077233,0.5586436267616739,0.1331995195622572
2015-11-27,-0.44517,-3.0320852120499175,9.829028199245048,-0.4451700612831478,-0.018203462284221778,-0.008256230090447333,0.10450810535367368,0.558470983289862,0.13320024565000002
2015-12-04,-0.42656,-4.180425455443992,6.749418153607456,-0.42656006061945384,-0.02910952678009831,-0.00946435644629763,0.10747157552788306,0.5582776857921405,0.13317975562270143
2015-12-11,-0.40437,-5.2020817704426126,1.1405417573347343,-0.40437005982808527,-0.03881244342705137,-0.011664710160120113,0.11100512755183287,0.5581057127115518,0.13314243725161845
2015-12-18,-0.38271,-5.356480451072043,-5.655121410082586,-0.3827100590556182,-0.0402788049681621,-0.014330638526494889,0.11445428198350266,0.5580797231332985,0.13309722265569596
2015-12-25,-0.36251,-5.278147944919132,-12.755409015426821,-0.3625100583352196,-0.03953486224810006,-0.017116070598417354,0.11767094493455206,0.5580929086656499,0.1330499812567184
2016-01-01,-0.34474,-4.901933739758901,-20.09178990311067,-0.34474005770148275,-0.03596186512521305,-0.019994121707362946,0.12050065288703461,0.5581562359459424,0.13300116902321035
2016-01-08,-0.32904,-4.554156755815974,-26.232485147405004,-0.32904005714156903,-0.032658943156848856,-0.022403107149654752,0.1230007325074047,0.5582147764535559,0.13296031222273133
2016-01-15,-0.31525,-4.190979820082674,-31.336034152291337,-0.3152500566497721,-0.029209764128849798,-0.02440522169331614,0.12519666231408644,0.5582759091999795,0.13292635602149802
2016-01-22,-0.30487,-3.2926249008723207,-34.91802578772095,-0.3048700562795871,-0.020677870602121014,-0.02581043158582442,0.1268495811968534,0.5584271272374453,0.1329025234240894
2016-01-29,-0.29805,-2.2370190573031135,-36.86183959666144,-0.29805005603636336,-0.010652527087063874,-0.026572986798544723,0.12793560304468296,0.5586048149648551,0.13288959035872777
2016-02-05,-0.29427,-1.2682435832913952,-37.187560033298475,-0.29427005590155614,-0.0014518325521694854,-0.026700766432429763,0.12853753304245358,0.5587678867339215,0.1328874231945286
2016-02-12,-0.29438,0.03738063683011994,-35.877496787122354,-0.29438005590547905,0.010947995838358563,-0.02618683060546421,0.12852001656103698,0.558987659485217,0.13289613963306438
2016-02-19,-0.3031,2.9621577552822798,-31.913650964799967,-0.303100056216463,0.038725310160832256,-0.024631819893878065,0.1271314373069206,0.5594799805561207,0.132922512877697
2016-02-26,-0.31624,4.335202903332247,-25.862715678919724,-0.3162400566850788,0.051765451379016926,-0.022258047147301972,0.125039013981337,0.559711102118657,0.13296277246490198
2016-03-04,-0.3322,5.046799898811027,-17.847515888913623,-0.33220005725426505,0.05852365982151274,-0.01911369641126347,0.12249753176852765,0.5598308836201792,0.13301610118511883
2016-03-11,-0.34804,4.768211920529808,-9.059078675759713,-0.3480400578191717,0.05587784254184419,-0.0156660058054392,0.11997515844453645,0.5597839895403045,0.1330745746008243
2016-03-18,-0.36227,4.0886105045397025,-0.06620507020496103,-0.36227005832666037,0.04942350384134668,-0.012138115112560318,0.11770916271218829,0.5596695937818048,0.1331344082235687
2016-03-25,-0.37181,2.633394981643522,7.852294482798627,-0.3718100586668882,0.0356029707376748,-0.009031699733014497,0.11619000605114814,0.5594246406672211,0.1331870935537243
2016-04-01,-0.37857,1.818132917350268,15.052881108679795,-0.3785700589079722,0.027860230112349137,-0.0062069205072703025,0.11511353864772762,0.559287409460772,0.13323500228708457
2016-04-08,-0.38207,0.9245317906860118,21.19587628865982,-0.38207005903279373,0.019373484500975577,-0.0037970328036929886,0.11455619605719927,0.5591369916183783,0.13327587439006758
2016-04-15,-0.38467,0.6805035726437536,26.17509102240301,-0.38467005912551827,0.01705588960687294,-0.001843694406257079,0.11414217013280677,0.5590959149042316,0.1333090033396125
2016-04-22,-0.38635,0.43673798320638113,29.625901694346602,-0.38635005918543264,0.014740788960028308,-0.0004899466070088835,0.11387464568935317,0.5590548823977599,0.13333196313121679
2016-04-29,-0.38623,-0.03105991976187772,31.250212389982003,-0.38623005918115305,0.010297999351150316,0.00014726801835137837,0.11389375457817127,0.5589761390422053,0.13334277039902073
2016-05-06,-0.38469,-0.39872614763225567,30.67803519260819,-0.3846900591262315,0.006806184432029743,-7.719622943319665e-05,0.11413898531800376,0.5589142506234611,0.1333389634474197
2016-05-13,-0.38286,-0.47570771270373235,26.314747608050148,-0.3828600590609677,0.006075071925529414,-0.0017889073392622253,0.11443039587248002,0.5589012924919452,0.1333099325375336
2016-05-20,-0.37994,-0.7626808755158532,20.142929420693136,-0.37994005895683086,0.0033496185242236536,-0.004210102264971877,0.11489537883372083,0.5588529869530564,0.1332688686621511
2016-05-27,-0.37549,-1.1712375638258665,13.03130644190247,-0.3754900587981292,-0.0005305429684722495,-0.006999981186726334,0.1156040001273926,0.5587842155362381,0.13322155184384837
2016-06-03,-0.36934,-1.637859863112201,6.119986208481776,-0.3693400585787999,-0.004962167585397369,-0.009711281644894654,0.116583330679321,0.5587056700673739,0.1331755677295763
2016-06-10,-0.3624,-1.8790274543780794,0.03588483727607894,-0.3624000583312966,-0.007252594416461809,-0.012098065396503288,0.11768846141596866,0.5586650748760172,0.13313508747352573
2016-06-17,-0.35451,-2.1771523178807928,-4.652914122804653,-0.3545100580499132,-0.010083958211198391,-0.013937474125858891,0.11894487085575975,0.5586148921967502,0.13310389079041784
2016-06-24,-0.34931,-1.4668133480014611,-7.72908577013498,-0.34931005786446406,-0.0033376975415024723,-0.0151442516032618,0.11977292270454473,0.5587344619376886,0.13308342364032585
2016-07-01,-0.3461,-0.9189545103203467,-9.41450519538305,-0.34610005774998487,0.0018654500907065257,-0.01580543909068042,0.1202840854804293,0.5588266817680372,0.1330722097887274
2016-07-08,-0.34714,0.30049118751804826,-9.756414589128347,-0.3471400577870747,0.013446820251989615,-0.015939569627915682,0.12011847511067232,0.5590319482849561,0.13306993491213337
2016-07-15,-0.35125,1.183960361813674,-9.08502653034814,-0.3512500579336509,0.021837340265908858,-0.015676185109487924,0.11946399566865186,0.559180660638884,0.13307440195810624
2016-07-22,-0.35551,1.2128113879003477,-7.953809906014553,-0.3555100580855765,0.02211134542516678,-0.015232410541350857,0.11878563011560878,0.5591855170663944,0.1330819284498275
2016-07-29,-0.35985,1.220781412618499,-6.457147313421185,-0.3598500582403552,0.022187038673844525,-0.014645272073450146,0.11809452530335361,0.5591868586425027,0.1330918864175327
2016-08-05,-0.36215,0.6391552035570403,-5.409287990388123,-0.36215005832238084,0.016663194164339142,-0.014234198448342008,0.1177282716010064,0.5590889548274379,0.1330988582957302
2016-08-12,-0.36245,0.08283860278888167,-4.603358425014481,-0.3624500583330798,0.011379721114425095,-0.013918033500683744,0.11768049937896112,0.5589953113210921,0.1331042205067084
2016-08-19,-0.36016,-0.6318112843150869,-4.0826653173187015,-0.36016005825141084,0.004592518623210045,-0.013713766383290759,0.11804516067390682,0.5588750159332759,0.1331076849115625
2016-08-26,-0.35506,-1.4160373167481088,-3.8663562029566334,-0.355060058069528,-0.0028554653155752766,-0.013628908645395782,0.11885728844867673,0.5587430089513824,0.13310912411314726
2016-09-02,-0.348,-1.9883963273812921,-3.9735099337748436,-0.3480000578177451,-0.008291297004545749,-0.013670944891677207,0.1199815280741425,0.5586466650627221,0.1331084111713017
2016-09-09,-0.34208,-1.7011494252873516,-3.5062480607035096,-0.3420800576066184,-0.00556324383520107,-0.013487638766688717,0.12092423325583619,0.5586950166795207,0.13311152007417995
2016-09-16,-0.33764,-1.297942001870911,-3.340872004809481,-0.33764005744827336,-0.0017338856024888116,-0.013422761990476364,0.12163126214210646,0.5587628876667629,0.1331126203952757
2016-09-23,-0.33638,-0.37317853334912776,-2.8084368679572425,-0.33638005740333765,0.007048816291960088,-0.013213888492832353,0.12183190547469665,0.5589185509951864,0.13311616292511783
2016-09-30,-0.33952,0.9334681015518154,-2.195079794895438,-0.3395200575153204,0.019458354802454867,-0.01297326944219546,0.12133188955062263,0.559138495847233,0.13312024386490715
2016-10-07,-0.34668,2.1088595664467524,-1.301067615658369,-0.34668005777066957,0.030621331278972836,-0.012622549818547834,0.12019172585114177,0.5593363468154581,0.13312619212903354
2016-10-14,-0.35579,2.627783546786655,0.07876009113667592,-0.35579005809556224,0.03554967758626306,-0.012081245499362046,0.11874104270836651,0.5594236961071722,0.13313537274182563
2016-10-21,-0.367,3.1507349841198407,1.986939002362087,-0.3670000584953478,0.040516273624829166,-0.01133266980303493,0.11695595401127425,0.5595117233315492,0.13314806871222518
2016-10-28,-0.37999,3.5395095367847462,4.926135579179891,-0.37999005895861404,0.044208559399981584,-0.010179627438301576,0.11488741679671327,0.55957716486653,0.13316762450571928
2016-11-04,-0.39205,3.1737677307297707,8.166643674989649,-0.3920500593887134,0.04073502117938898,-0.008908381021100241,0.1129669734704927,0.5595156003813269,0.1331891850599325
2016-11-11,-0.40607,3.5760744802958655,12.747112394491333,-0.4060700598887128,0.044555825495125746,-0.007111470081023041,0.11073441829357625,0.5595833197601912,0.1332196609733475
2016-11-18,-0.41895,3.1718669194966465,17.9941418351828,-0.4189500603480561,0.0407169687162604,-0.00505306837974226,0.10868339756043188,0.5595152804221012,0.13325457181429262
2016-11-25,-0.4303,2.709153836973388,23.64942528735634,-0.43030006075283456,0.03632247087460222,-0.002834509248188197,0.10687601515971847,0.5594373929827912,0.13329219895233899
2016-12-02,-0.44027,2.3169881478038556,28.70381197380729,-0.4402700611083976,0.03259797865745969,-0.0008516810075769716,0.1052883849804134,0.5593713806255262,0.1333258280546111
2016-12-09,-0.44919,2.02602948190882,33.03814713896458,-0.44919006142651424,0.029834673971292296,0.0008486721119788324,0.10386795757826683,0.5593224042159808,0.1333546663310614
2016-12-16,-0.45614,1.5472294574678802,35.60259230632023,-0.45614006167437415,0.025287394558923766,0.0018547000664609233,0.10276123443421765,0.5592418088983772,0.13337172873529643
2016-12-23,-0.46197,1.278116367781812,36.06562205466541,-0.46197006188229117,0.022731562583440452,0.002036345935330248,0.10183286091913756,0.5591965097049199,0.13337480947995015
2016-12-30,-0.46836,1.3832067017338856,35.09865005192108,-0.46836006211017966,0.02372963085333492,0.0016570042834416852,0.10081531258957292,0.5592141993214812,0.13336837578138455
2017-01-06,-0.47405,1.2148774447006572,33.23870822676298,-0.47405006231310387,0.022130967265336487,0.0009273519229082986,0.09990923277811395,0.55918586484103,0.13335600075396015
2017-01-13,-0.47984,1.2213901487184708,30.74659400544959,-0.4798400625195943,0.022192819987532218,-5.030071100974062e-05,0.09898722889263989,0.559186961109664,0.13333941959996037
2017-01-20,-0.48466,1.0045015005001545,27.54546172267691,-0.4846600626914914,0.02013297613942221,-0.001306100056403878,0.09821968852511227,0.559150452737493,0.13331812103069726
2017-01-27,-0.48831,0.753105269673604,24.552990689963018,-0.4883100628216625,0.017745405449300762,-0.002480041909484083,0.09763845982356126,0.5591081357825357,0.13329821077834655
2017-02-03,-0.49067,0.4832995433228904,20.83384638116581,-0.4906700629058278,0.01518299533621382,-0.0039390565879929285,0.097262651676805,0.5590627199991262,0.13327346564266854
2017-02-10,-0.49194,0.25882976338476027,17.42212674543502,-0.49194006295112025,0.013051151650108367,-0.0052774690329507054,0.09706041593681328,0.5590249355123194,0.13325076594126634
2017-02-17,-0.49134,-0.12196609342602915,14.18545201022543,-0.49134006292972227,0.009434641475505125,-0.006547211628595443,0.09715596038090385,0.5589608370130396,0.13322923089212105
2017-02-24,-0.4892,-0.43554361541905395,11.113634814999894,-0.48920006285340284,0.006456520052881198,-0.00775228086103385,0.0974967355648269,0.5589080532229637,0.13320879271415254
2017-03-03,-0.48728,-0.3924775143090864,8.479707918698098,-0.48728006278492925,0.006865529211092913,-0.008785566392529238,0.09780247778591676,0.5589153024416766,0.13319126801680192
2017-03-10,-0.48471,-0.5274175012313309,6.26342789494454,-0.48471006269327455,0.0055839715813637385,-0.009655009688583573,0.09821172648810472,0.5588925883010161,0.13317652211147135
2017-03-17,-0.48235,-0.4868890676899551,4.411541875013536,-0.48235006260910923,0.0059688798980945725,-0.010381501768929463,0.09858753463486097,0.558899410359927,0.13316420068293336
2017-03-24,-0.48082,-0.31719705607961,2.660346741822539,-0.4808200625545444,0.007580485895274939,-0.011068492966935765,0.09883117296729195,0.5589279742297523,0.13315254919603972
2017-03-31,-0.48218,0.28285013102615775,1.7150089652990141,-0.48218006260304647,0.01327927888001147,-0.011439347544649852,0.09861460556068664,0.5590289788060959,0.1331462594396874
2017-04-07,-0.48549,0.6864656352399523,1.1774758252750983,-0.48549006272109196,0.017112512754565136,-0.011650220981215554,0.09808751871078698,0.5590969184846493,0.1331426829905429
2017-04-14,-0.49119,1.1740715565717208,1.347336276977673,-0.4911900629243728,0.021743423895411253,-0.01158358498332056,0.0971798464919265,0.5591789960788203,0.13314381314833587
2017-04-21,-0.49893,1.5757649789287287,2.1748479449529956,-0.49893006320040667,0.025558403294588777,-0.011258953409504646,0.09594732316315807,0.5592466122177124,0.13314931895472545
2017-04-28,-0.50907,2.0323492273465193,3.7499745246295957,-0.5090700635620325,0.029894694119273316,-0.010641033638329963,0.09433262205802732,0.5593234680043365,0.13315979897853952
2017-05-05,-0.5192,1.9899031567367942,5.541326177989192,-0.5192000639233016,0.029491573540395083,-0.0099382890982914,0.0927195133602981,0.5593163231539456,0.13317171764477803
2017-05-12,-0.52919,1.9241140215716657,7.703423291407185,-0.529190064279578,0.028866758242519462,-0.009090101675884376,0.09112869836619,0.559305249018664,0.133186103046897
2017-05-19,-0.53805,1.6742568831610516,9.985690923957492,-0.5380500645955548,0.02649380468460241,-0.008194771540858391,0.0897178254084525,0.5592631911356276,0.13320128799739417
2017-05-26,-0.54715,1.6912926307963927,12.28657034969629,-0.5471500649200909,0.026655597292250966,-0.007292140027558068,0.08826873467307876,0.5592660587242266,0.1332165967805016
2017-06-02,-0.55438,1.3213926711139523,14.373542943203166,-0.5543800651779365,0.02314256808289805,-0.006473423840512089,0.08711742412178733,0.559203794306494,0.133230482345485
2017-06-09,-0.56019,1.0480176052527046,16.1376593759718,-0.5601900653851403,0.020546259090856462,-0.005781363636254915,0.08619223542151025,0.5591577777042941,0.13324221980358186
2017-06-16,-0.56459,0.7854477944983174,17.422320202986576,-0.5645900655420588,0.01805257021490653,-0.005277393139846282,0.08549157616484601,0.5591135799260764,0.13325076722842621
2017-06-23,-0.5676,0.5331302361005319,17.715376000663664,-0.5676000656494053,0.015656249454436576,-0.005162427794344196,0.08501226153699164,0.5590711078861474,0.13325271706012742
2017-06-30,-0.57084,0.5708245243128962,17.580176728665897,-0.5708400657649544,0.016014241208827378,-0.005215466263946427,0.08449632153890252,0.55907745287983,0.1332518175187138
2017-07-07,-0.57393,0.5413075467731732,16.844805472424127,-0.573930065875154,0.01573391134786204,-0.005503951293815359,0.08400426765183605,0.5590724843542284,0.1332469247638222
2017-07-14,-0.5772,0.5697558935758629,15.687571402802014,-0.577200065991773,0.016004092164754936,-0.005957932466327386,0.0834835504315424,0.5590772729996519,0.13323922516636472
2017-07-21,-0.57946,0.39154539154537815,13.827175044689334,-0.579460066072372,0.014311584007727798,-0.006687763139450321,0.08312366635880125,0.5590472752317358,0.13322684711472865
2017-07-28,-0.57912,-0.05867531839989226,11.540832049306626,-0.5791200660602465,0.010035729244047421,-0.007584692033142018,0.08317780821045258,0.5589714906050492,0.13321163504901412
2017-08-04,-0.57603,-0.5335681723994901,8.85126325138419,-0.5760300659500469,0.00552555717253434,-0.008639805798355745,0.08366986209751903,0.558891552972547,0.13319374014112834
2017-08-11,-0.57075,-0.9166189260976121,6.077502090883735,-0.5707500657617447,0.0018876316978697558,-0.009727948099872596,0.08451065320551611,0.5588270749116099,0.13317528506368145
2017-08-18,-0.5653,-0.9548839246605212,3.3171890706387597,-0.5653000655673798,0.0015242197695128237,-0.010810814716338726,0.08537851523933884,0.5588206338515538,0.13315691946274522
2017-08-25,-0.56126,-0.7146647797629635,1.2410260110393478,-0.5612600654233,0.0038056389764664755,-0.0116252903396073,0.08602184782954872,0.5588610693930934,0.13314310581844058
2017-09-01,-0.55913,-0.3795032605209636,-0.18922151412912314,-0.5591300653473372,0.006988748831247407,-0.012186374277164059,0.08636103060607025,0.5589174863682668,0.13313358973997602
2017-09-08,-0.55884,-0.05186629227550421,-1.0184381586638147,-0.5588400653369948,0.01010039620882016,-0.012511674710701482,0.08640721042071405,0.5589726367529085,0.13312807258961246
2017-09-15,-0.56178,0.5260897573545087,-1.0253699788583592,-0.5617800654418449,0.015589384328244506,-0.012514394053263343,0.08593904264467023,0.5590699227783954,0.13312802646910274
2017-09-22,-0.56626,0.7974651999003157,-0.80232639618808,-0.5662600656016165,0.018166702414958942,-0.012426894393652561,0.08522564412879392,0.559115602788557,0.1331295104781266
2017-09-29,-0.57182,0.9818811146822926,-0.36764065304132343,-0.5718200657999044,0.019918144874846774,-0.012256367835086527,0.08434026561355458,0.5591466450994683,0.1331324026373972
2017-10-06,-0.57878,1.217166241124823,0.27373527373526496,-0.5787800660481209,0.022152704517482337,-0.012004757030580827,0.0832319500621039,0.5591862501089191,0.13313666999919094
2017-10-13,-0.58597,1.242268219357956,1.1234597728920104,-0.5859700663045401,0.022391104064271267,-0.01167141139674087,0.0820870091404185,0.559190475467743,0.13314232359751213
2017-10-20,-0.59289,1.1809478300937037,2.3777455449647933,-0.5928900665513301,0.021808729524952185,-0.011179356988373258,0.08098506321857385,0.5591801535462809,0.1331506689234882
2017-10-27,-0.59834,0.9192261633692578,3.87306216690102,-0.5983400667456951,0.0193230956775929,-0.010592746542722443,0.08011720118475112,0.5591360985342161,0.13316061793584674
2017-11-03,-0.60258,0.708627201925327,5.576872536136657,-0.6025800668969075,0.01732298650308239,-0.009924344315836466,0.07944202044651104,0.5591006488906944,0.13317195415064662
2017-11-10,-0.60474,0.358458627900049,6.976826463824515,-0.6047400669739402,0.013997351026386613,-0.00937514451068202,0.07909806044778496,0.5590417058121694,0.1331812686722159
2017-11-17,-0.60584,0.18189635215133393,7.942842889213564,-0.6058400670131698,0.012320496472232129,-0.008996177730342407,0.0789228956336189,0.5590119854864293,0.13318769601289662
2017-11-24,-0.60674,0.14855407368279394,8.515014397367327,-0.6067400670452667,0.012003836804934739,-0.00877171571443024,0.07877957896748305,0.5590063730566347,0.13319150292664472
2017-12-01,-0.60782,0.17800046148268578,8.764583780688584,-0.6078200670837832,0.012283496258100837,-0.00867381002340588,0.07860759896812,0.5590113297000263,0.13319316342372112
2017-12-08,-0.60907,0.20565298937185172,8.417886005197772,-0.6090700671283623,0.012546118990664757,-0.008809819035546375,0.0784085480429313,0.5590159843870647,0.13319085668787506
2017-12-15,-0.61176,0.44165695240283576,8.035178186698676,-0.6117600672242965,0.014787505597904906,-0.008959954733010306,0.07798019045192524,0.5590557103966413,0.13318831036105697
2017-12-22,-0.61558,0.624427880214462,7.6527578608653,-0.6155800673605304,0.016523325219442584,-0.009109977647536975,0.07737189082454855,0.5590864758106425,0.13318576594705658
2017-12-29,-0.61924,0.5945612268104972,6.99056636373061,-0.619240067491058,0.016239674402384306,-0.009369754368762325,0.07678906971559604,0.559081448424899,0.13318136008993436
2018-01-05,-0.62291,0.5926619727407711,6.30407700052904,-0.6229100676219422,0.01622163672801241,-0.009639063106038832,0.07620465619924202,0.5590811287277871,0.133176792568208
2018-01-12,-0.62291,0.0,5.063333839329376,-0.6229100676219422,0.010592982906859024,-0.010125804768675533,0.07620465619924202,0.5589813672877572,0.13316853734729797
2018-01-19,-0.6184,-0.7240211266475116,3.3526088845806656,-0.6184000674611008,0.0037167794915222924,-0.010796919576983942,0.07692283193732286,0.5588594944605324,0.13315715512665843
2018-01-26,-0.60938,-1.4586028460543243,1.1284808656112144,-0.609380067139418,-0.0032597204225308916,-0.011669441629673176,0.07835918341348451,0.5587358439927811,0.13314235700509472
2018-02-02,-0.5955,-2.2777249007187583,-1.527929358071245,-0.5955000666444114,-0.011039120308196617,-0.012711547336441816,0.08056944488677983,0.5585979630429443,0.1331246827160799
2018-02-09,-0.57768,-2.992443324937033,-4.648091905453599,-0.5776800660088913,-0.017826973712930797,-0.01393558237729686,0.08340711487626995,0.5584776561184317,0.1331039228747934
2018-02-16,-0.56191,-2.7298850574712596,-7.388667303952257,-0.5619100654464811,-0.01533339446637933,-0.015010705954650845,0.0859183413484506,0.5585218519535939,0.13308568859710987
2018-02-23,-0.54705,-2.644551618586599,-9.998025731302029,-0.5470500649165245,-0.014522962198169015,-0.01603435331299315,0.08828465874709386,0.5585362159370068,0.1330683273648058
2018-03-02,-0.5327,-2.6231605886116616,-12.538788644983345,-0.5327000644047561,-0.014319806422795008,-0.01703109075523314,0.09056976336826016,0.5585398166403623,0.13305142252922955
2018-03-09,-0.51956,-2.466679181528053,-15.071269778998298,-0.5195600639361405,-0.012833664725787798,-0.018024579267855417,0.09266218669384375,0.5585661567992162,0.13303457279604902
2018-03-16,-0.50901,-2.0305643236584903,-17.312128399233252,-0.5090100635598926,-0.008691776644362034,-0.018903664710077265,0.0943421765024364,0.5586395670199502,0.1330196633582889
2018-03-23,-0.5014,-1.4950590361682448,-19.029778438085398,-0.501400063288495,-0.0036059536604092497,-0.0195774962183892,0.09555399853498521,0.5587297074053316,0.13300823506195789
2018-03-30,-0.49969,-0.3410450737933668,-19.781348830489144,-0.4996900632275108,0.007353995514239165,-0.019872336144835707,0.09582630020064334,0.5589239599472466,0.13300323452694568
2018-04-06,-0.50324,0.7104404730933211,-19.211443065611398,-0.5032400633541154,0.017340207577080637,-0.01964876297657853,0.09526099557310742,0.5591009541145003,0.13300702636568726
2018-04-13,-0.5133,1.9990461807487314,-16.995472186287188,-0.5133000637128882,0.029578407046522863,-0.01877944095741553,0.09365903372718877,0.5593178621783534,0.13302177021414122
2018-04-20,-0.5276,2.78589518799921,-13.420197577866045,-0.5276000642228733,0.03705130201032433,-0.017376866144427586,0.09138189114303004,0.5594503106796239,0.13304555812015556
2018-04-27,-0.54114,2.5663381349507297,-9.128463476070536,-0.5411400647057544,0.034966115677400884,-0.01569322535749569,0.08922577152138604,0.5594133531409454,0.1330741129526184
2018-05-04,-0.55314,2.217540747311242,-4.248026589115083,-0.5531400651337139,0.03165350268880942,-0.013778637359724002,0.08731488263957451,0.5593546408711018,0.13310658468883202
2018-05-11,-0.56229,1.6541924286799015,0.06762648822764561,-0.5622900654600331,0.026303247716922485,-0.01208561319491786,0.08585782986719323,0.5592598137317034,0.1331352986649704
2018-05-18,-0.56713,0.8607657970086668,3.6705968375833953,-0.5671300656326436,0.018767883466187033,-0.01067217338471532,0.08508710468486258,0.5591262580338954,0.13315927084317486
2018-05-25,-0.56669,-0.07758362280253506,6.380702083724432,-0.5666900656169517,0.009856152512752703,-0.009609003201974449,0.085157170610529,0.5589683078132345,0.13317730238926428
2018-06-01,-0.56172,-0.8770227108295559,8.11455847255369,-0.5617200654397051,0.002263686512625419,-0.00892881396711619,0.08594859708907927,0.558833740052342,0.13318883851371266
2018-06-08,-0.55584,-1.0467848750267073,9.20021217657807,-0.555840065230005,0.0006514142593936227,-0.008502913663596819,0.08688493264116692,0.5588051643738914,0.13319606185488334
2018-06-15,-0.54891,-1.2467616580310814,9.475468687674526,-0.5489100649828583,-0.001247813522328534,-0.008394930951257608,0.08798847097041308,0.5587715027374736,0.1331978932599453
2018-06-22,-0.543,-1.0766792370333844,8.667373771738474,-0.5430000647720882,0.00036750028704664924,-0.00871194536266139,0.08892958374470525,0.558800132324022,0.13319251664191836
2018-06-29,-0.53978,-0.5930018416206218,7.260949050154997,-0.5397800646572524,0.0049611012689108214,-0.009263683650459003,0.08944233892799133,0.5588815486383726,0.13318315906725417
2018-07-06,-0.54101,0.2278706139538178,5.3984024936684305,-0.5410100647011182,0.01275712513455807,-0.009994357843146852,0.08924647281760567,0.559019724229208,0.13317076670938363
2018-07-13,-0.54653,1.020313857414834,3.5879454131918065,-0.5465300648979796,0.02028314991007542,-0.010704597413302153,0.08836746393197237,0.5591531143955183,0.13315872092616685
2018-07-20,-0.55464,1.4839075622564257,2.4947333407251415,-0.554640065187209,0.02468601123446923,-0.011133462853311868,0.08707602152934807,0.5592311500679776,0.1331514472957799
2018-07-27,-0.56388,1.665945478148001,1.9416422605488926,-0.5638800655167379,0.02641486926485628,-0.011350439646231858,0.0856046370903532,0.5592617920957518,0.13314776733267955
2018-08-03,-0.57312,1.6386465205362688,1.9260523928933404,-0.5731200658462666,0.026155604474567485,-0.011356555527697296,0.08413325265135833,0.5592571969243929,0.13314766360629565
2018-08-10,-0.58227,1.5965242881071928,2.6695819300689205,-0.5822700661725858,0.02575555946506401,-0.011064870016576352,0.08267619987897705,0.5592501065849452,0.1331526106418905
2018-08-17,-0.58931,1.2090610884984754,3.991600345868096,-0.5893100664236555,0.022075727926441163,-0.010546244194677604,0.08155514506831428,0.5591848857870377,0.13316140662353346
2018-08-24,-0.59514,0.989292562488342,5.949583422345661,-0.5951400666315725,0.01998853318375224,-0.00977813039976639,0.08062677155323418,0.5591478926515971,0.13317443396338904
2018-08-31,-0.59924,0.6889135329502194,7.808002302820949,-0.5992400667777921,0.017135761030031452,-0.009049075488125082,0.07997388451861526,0.5590973305336956,0.1331867988579792
2018-09-07,-0.60149,0.3754756024297423,9.578983804266628,-0.6014900668580344,0.014158965341319087,-0.008354322127825244,0.07961559285327559,0.5590445702407343,0.133198581992458
2018-09-14,-0.6019,0.06816405925285096,10.847145488029453,-0.6019000668726564,0.011240353432092136,-0.007856824220321126,0.07955030414981369,0.5589928411886014,0.13320701964109996
2018-09-21,-0.59936,-0.42199700947000984,11.037830227129565,-0.5993600667820717,0.006585175439671296,-0.0077820188860251134,0.07995477562979714,0.5589103334922895,0.13320828835221976
2018-09-28,-0.59501,-0.725774159103032,9.981331213840793,-0.5950100666269363,0.0037001305191177703,-0.008196481848532998,0.08064747284945381,0.5588591993765718,0.13320125899028676
2018-10-05,-0.58829,-1.1293927833145756,7.640934623899875,-0.5882900663872789,-0.00013313298680767168,-0.009114615885488443,0.08171757062326827,0.5587912591728363,0.1331856872817566
2018-10-12,-0.57826,-1.7049414404460395,4.258618202798203,-0.578260066029576,-0.00559925751853917,-0.01044149349388778,0.0833147552469824,0.5586943783782456,0.133163183213133
2018-10-19,-0.56696,-1.954138276899664,0.5462155068454155,-0.5669600656265809,-0.007965940029376662,-0.011897863447890084,0.08511417561068824,0.5586524316423338,0.13313848293242989
2018-10-26,-0.55336,-2.3987582898264526,-3.447794528196535,-0.5533600651415599,-0.012188603621488504,-0.01346470753443278,0.08727984967674131,0.5585775897682203,0.13311190899175687
2018-11-02,-0.53803,-2.7703484169437576,-7.597849794768741,-0.5380300645948416,-0.01571768475896943,-0.015092767928924439,0.08972101022325553,0.5585150408484529,0.1330842968121489
2018-11-09,-0.52188,-3.001691355500624,-11.44219510953488,-0.5218800640188793,-0.01791480449162776,-0.01660089877241797,0.09229274817669353,0.5584760994185102,0.13305871865800684
2018-11-16,-0.50236,-3.7403234460029133,-15.589609167590812,-0.5023600633227318,-0.02492977175771673,-0.01822792302480965,0.09540112742444028,0.5583517671610175,0.1330311240515441
2018-11-23,-0.48098,-4.255912094912018,-19.734997663707354,-0.4809800625602505,-0.029826441617274095,-0.019854152652320864,0.0988056944488678,0.5582649792980465,0.13300354292205369
2018-11-30,-0.46058,-4.241340596282594,-23.426823388585017,-0.4605800618327192,-0.029688052577293775,-0.021302450291740792,0.10205420554794739,0.558267432085223,0.13297897954917098
2018-12-07,-0.44134,-4.177341612749141,-26.67552749626183,-0.4413400611465574,-0.029080238781599033,-0.022576911991982095,0.10511799738845186,0.5582782048883577,0.1329573644632137
2018-12-14,-0.42786,-3.0543345266687782,-28.613854778430326,-0.4278600606658161,-0.01841476939604532,-0.023337314848560844,0.10726456256568681,0.558467238113407,0.13294446790217623
2018-12-21,-0.42186,-1.40232786425466,-29.100351254600763,-0.4218600604518363,-0.0027252633358425156,-0.023528166679208158,0.10822000700659257,0.5587453166322961,0.13294123102285396
2018-12-28,-0.42535,0.8272886739676633,-27.69722415815329,-0.42535006057630126,0.01844994314743406,-0.022977722044756094,0.10766425682346573,0.559120622906021,0.13295056665693866
2019-01-04,-0.43856,3.105677677206997,-24.158682945387888,-0.4385600610474134,0.040088353504439074,-0.021589557687239438,0.10556068664607153,0.5595041389376987,0.13297411015919128
2019-01-11,-0.45876,4.605983217803722,-19.084238747001557,-0.45876006176781203,0.054337117390748084,-0.019598860915079473,0.10234402369502213,0.5597566819522652,0.13300787271308911
2019-01-18,-0.48253,5.181358444502582,-12.7999855428654,-0.4825300626155286,0.05980159481179579,-0.017133557902606115,0.09855887130163381,0.5598535335537062,0.13304968466908215
2019-01-25,-0.5071,5.09191138374816,-5.7487500696987155,-0.5071000634917757,0.058952094483677844,-0.014367368907831777,0.09464632631612473,0.5598384771336932,0.13309659970221713
2019-02-01,-0.53115,4.742654308814842,1.7762704069901103,-0.5311500643494781,0.05563511573389034,-0.01141531477387446,0.09081658651549412,0.5597796874857344,0.13314666703954384
2019-02-08,-0.5518,3.887790642944533,9.841547893940582,-0.5518000650859252,0.04751626913873221,-0.008251318633183354,0.08752826523137681,0.5596357902318879,0.1332003289491458
2019-02-15,-0.5692,3.1533164189924134,18.341718990394607,-0.5692000657064666,0.04054079013496119,-0.004916714388269318,0.08475747635275009,0.5595121578586018,0.1332568844010465
2019-02-22,-0.58262,2.3576950105411054,26.49702548960007,-0.582620066185068,0.03298458155933578,-0.001717400002448279,0.0826204656199242,0.5593782327190172,0.1333111453140584
2019-03-01,-0.59166,1.5516116851463924,34.059908460597256,-0.5916600665074642,0.025329013633037384,0.0012495075306713623,0.08118092932895954,0.5592425465487814,0.13336146456754674
2019-03-08,-0.59694,0.8924044214582816,39.517599214696396,-0.5969400666957665,0.019068363120011988,0.0033905513460881086,0.08034013822096245,0.5591315836914891,0.13339777703272304
2019-03-15,-0.60085,0.6550072034040122,42.428767837671266,-0.6008500668352099,0.016813744433489968,0.004532598386986169,0.0797175069269722,0.5590916231584678,0.1334171463436655
2019-03-22,-0.60482,0.660730631605233,42.1934877159986,-0.6048200669767932,0.01686810121272775,0.004440298351660898,0.0790853211885729,0.5590925865701012,0.13341558091945774
2019-03-29,-0.60762,0.4629476538474231,38.54888726742065,-0.6076200670766505,0.014989708529007302,0.0030105271165955763,0.0786394471161502,0.559059294211924,0.13339133175752585
2019-04-05,-0.61182,0.6912214871136468,33.36385037928329,-0.6118200672264363,0.017157680227851666,0.0009764449997742445,0.07797063600751616,0.5590977190263633,0.13335683338084578
2019-04-12,-0.61518,0.5491811317053896,27.490518724224387,-0.615180067346265,0.015808688684612614,-0.0013276541114680784,0.07743558712060895,0.5590738096968473,0.13331775547027844
2019-04-19,-0.61724,0.33486134139602,21.719581936501676,-0.6172400674197315,0.013773241900175053,-0.0035915838713641533,0.07710755119589796,0.5590377337346772,0.13327935883870284
2019-04-26,-0.61629,-0.15391095846024605,16.029370234397057,-0.6162900673858512,0.009131253380923054,-0.0058238453024561845,0.07725882989904138,0.5589554598066657,0.13324149930733914
2019-05-03,-0.61285,-0.5581787794707083,11.063791228706066,-0.6128500672631695,0.005291824296284986,-0.007771834424432884,0.07780661804516067,0.5588874103251116,0.13320846108241063
2019-05-10,-0.60595,-1.1258872481031301,6.456430077301456,-0.6059500670170928,-9.984007268355121e-05,-0.009579295224808425,0.0789053791522023,0.5587918492515943,0.13317780624158088
2019-05-17,-0.59764,-1.3714002805512049,2.5780096804091768,-0.5976400667207307,-0.0024315366076259983,-0.011100793671402442,0.08022866970285679,0.5587505226020205,0.13315200137062969
2019-05-24,-0.58946,-1.3687169533498356,-0.3718351756076044,-0.589460066429005,-0.002406052401451025,-0.012258013339935333,0.08153125895729164,0.5587509742803768,0.1331323747293567
2019-05-31,-0.58138,-1.3707461066060467,-2.6066271317050305,-0.5813800661408456,-0.0024253237597540727,-0.013134718839005934,0.0828179241377114,0.5587506327176308,0.13311750565583488
2019-06-07,-0.57593,-0.937424748013338,-4.147457768161766,-0.5759300659464807,0.0016900337847007756,-0.013739184363607625,0.08368578617153412,0.5588235727149939,0.13310725381831795
2019-06-14,-0.57372,-0.3837271890681282,-5.14202572666248,-0.5737200658676647,0.006948633162196922,-0.014129351867136526,0.08403770820726775,0.5589167753639948,0.1331006365114778
2019-06-21,-0.57354,-0.031374189500099625,-5.608768638293671,-0.5735400658612454,0.010295014655583067,-0.014312454404338178,0.08406637154049491,0.5589760861418961,0.13309753106148284
2019-06-28,-0.57588,0.4079924678313418,-5.874276748063167,-0.5758800659446973,0.014467785861468603,-0.014416612833603893,0.08369374820854168,0.5590500437306273,0.13309576451690852
2019-07-05,-0.57995,0.7067444606515316,-5.726779154068728,-0.579950066089847,0.01730510565471956,-0.014358749750912106,0.08304563839612727,0.5591003319731439,0.13309674588457604
2019-07-12,-0.58201,0.3552030347443891,-5.707666385846666,-0.5820100661633134,0.013966431872301219,-0.014351251840890982,0.0827176024714163,0.5590411578055885,0.13309687305039797
2019-07-19,-0.58194,-0.01202728475455661,-5.573674731051936,-0.5819400661608171,0.010478756880210532,-0.014298687117688183,0.08272874932322687,0.5589793427623077,0.13309776455699257
2019-07-26,-0.57871,-0.5550400384919496,-5.5706942971363365,-0.5787100660456245,0.005321633677038739,-0.01429751789797791,0.08324309691391447,0.5588879386622319,0.13309778438715658
2019-08-02,-0.57099,-1.3340014860638183,-5.769452925158836,-0.5709900657703039,-0.002076351228472217,-0.014375490606667695,0.08447243542787988,0.5587568178559175,0.13309646195683142
2019-08-09,-0.56015,-1.8984570657979982,-6.273007161501898,-0.5601500653837138,-0.007437122126340854,-0.014573034170791305,0.08619860505111628,0.5586618043337795,0.13309311158457776
2019-08-16,-0.54859,-2.063732928679818,-6.933464526855082,-0.548590064971446,-0.00900678689300723,-0.014832130594745667,0.08803942800726137,0.5586339838242115,0.13308871726541233
2019-08-23,-0.53835,-1.86660347436155,-7.401355395782449,-0.5383500646062538,-0.007134600879149844,-0.015015683473855663,0.08967005318640722,0.5586671661762767,0.13308560417754242
2019-08-30,-0.52889,-1.7572211386644443,-8.167659264146698,-0.528890064268879,-0.006095770432612165,-0.015316303320602919,0.0911764705882353,0.5586855782557163,0.1330805056141045
2019-09-06,-0.5219,-1.3216358789162053,-9.032280554974548,-0.5219000640195927,-0.0019589120723873077,-0.0156554929432495,0.09228956336189051,0.5587588993304048,0.13307475290074486
2019-09-13,-0.51629,-1.0749185667752403,-9.981867001429723,-0.5162900638195215,0.00038422179750642106,-0.016028014267741805,0.09318290391413739,0.5588004286936364,0.13306843487608527
2019-09-20,-0.51201,-0.8289914582889635,-11.090852260887685,-0.5120100636668825,0.0027198509125398364,-0.016463067505114674,0.09386445428198352,0.5588418250436866,0.13306105629960863
2019-09-27,-0.51177,-0.04687408449054464,-11.75618587809294,-0.5117700636583233,0.010147808411251267,-0.01672407687528396,0.09390267205961975,0.5589734770798749,0.13305662953655187
2019-10-04,-0.51513,0.6565449322938122,-11.491211491211494,-0.5151300637781521,0.016828348615957493,-0.016620127824698735,0.09336762317271252,0.5590918820008695,0.13305839253002838
2019-10-11,-0.52337,1.5995962184303103,-10.064611471973063,-0.5233700640720176,0.025784734328893336,-0.016060474798193017,0.0920554794738686,0.5592506236759799,0.1330678843399995
2019-10-18,-0.53571,2.3577965875002382,-7.430319158127552,-0.5357100645121028,0.0329855462602369,-0.015027045913948775,0.09009044874040575,0.5593782498172353,0.13308541146863698
2019-10-25,-0.54965,2.602154150566527,-3.737368430270238,-0.5496500650092491,0.03530626902353522,-0.013578306937564103,0.08787063282270137,0.5594193819692798,0.13310998232666924
2019-11-01,-0.5619,2.228690985172377,0.3124163170579175,-0.5619000654461245,0.031759399189395764,-0.01198958251588015,0.08591993375585211,0.5593565177652452,0.13313692736152638
2019-11-08,-0.57176,1.7547606335647004,4.223554931734097,-0.5717600657977646,0.027258368235442667,-0.0104552487620117,0.08434982005796363,0.5592767421485785,0.1331629499214595
2019-11-15,-0.57714,0.9409542465369958,7.205349679576489,-0.5771400659896332,0.019529452528502113,-0.009285495199313942,0.08349310487595148,0.559139755972968,0.1331827891396971
2019-11-22,-0.57729,0.025990227674399513,9.151241278904877,-0.5772900659949827,0.010839818373011232,-0.008522124872571942,0.08346921876492883,0.5589857421635864,0.13319573602953036
2019-11-29,-0.57234,-0.8574546588369869,9.664686721594151,-0.5723400658184493,0.002449529026041877,-0.008320701003182105,0.08425746042867609,0.5588370338979659,0.13319915221241752
2019-12-06,-0.56325,-1.5882167942132153,9.095663290011435,-0.56325006549427,-0.004490695376441799,-0.008543928033424217,0.0857049587566483,0.5587140263720951,0.13319536624423522
2019-12-13,-0.55552,-1.372392365734576,8.497880900763665,-0.5555200652185927,-0.002440958680097542,-0.008778437159193703,0.08693588967801523,0.5587503556065812,0.1331913889298049
2019-12-20,-0.55127,-0.765048963133641,7.718310960001573,-0.5512700650670237,0.0033271282244714245,-0.009084261266046927,0.0876126628236568,0.5588525883382612,0.1331862021012355
2019-12-27,-0.55579,0.8199249006838771,7.893153184633017,-0.5557900652282217,0.018380007614974953,-0.009015670926178422,0.08689289467817447,0.5591193833788358,0.1331873654049988
2020-01-03,-0.56881,2.3426114179816215,8.682194241167828,-0.5688100656925579,0.03284132903968442,-0.00870613131495459,0.08481958024140897,0.5593756937322358,0.13319261524915066
2020-01-10,-0.58872,3.5002900792883374,9.895279162233294,-0.5887200664026142,0.043836082744730956,-0.008230239938025295,0.08164909710500334,0.5595705631445754,0.13320068644738023
2020-01-17,-0.6102,3.6485935589074536,11.016101155280623,-0.6102000671686617,0.0452445566904916,-0.007790543167995832,0.07822860600656073,0.5595955267315251,0.133208143778956
2020-01-24,-0.62386,2.2386102917076434,11.026873109094137,-0.6238600676558224,0.03185360523803884,-0.007786317346832356,0.07605337749609861,0.5593581874595221,0.13320821544959757
2020-01-31,-0.62222,-0.26287949219375717,8.825381278858258,-0.6222200675973346,0.008096352911523637,-0.00864995925697115,0.07631453230994618,0.558937117381568,0.1331935679367532
2020-02-07,-0.59715,-4.029121532576907,3.467096371764211,-0.5971500667032558,-0.02767255690051769,-0.010752006309189715,0.08030669766553077,0.5583031544368684,0.1331579168632754
2020-02-14,-0.53782,-9.935527086996565,-6.837118259453656,-0.5378200645873522,-0.08376711623157015,-0.014794334099991289,0.08975445077868723,0.5573089426422676,0.13308935830035504
2020-02-21,-0.43738,-18.67539325424863,-23.580389279099833,-0.43738006100533067,-0.16677173498781644,-0.021362693957965154,0.10574859071944967,0.5558377808761723,0.13297795780640415
2020-02-28,-0.29708,-32.07736979285747,-47.256102973812695,-0.29708005600177,-0.29405354135409695,-0.03065064057596837,0.1280900665626294,0.553581856689646,0.13282043266110038
2020-03-06,-0.13336,-55.10973475158206,-75.99366359447004,-0.13336005016297486,-0.5127974712802865,-0.04192434207523521,0.15416096054014458,0.5497048711544452,0.13262922877720412
2020-03-13,0.0359,-126.91961607678464,-106.51223538375025,0.03589995587339495,-1.1947932488201856,-0.05389673155804236,0.18111404821809612,0.5376172773844952,0.13242617502695356
2020-03-20,0.18402,412.5905292479108,-133.10962773709494,0.18401996115584263,3.9290648367417127,-0.06433084828801106,0.20470078664925634,0.6284317913636862,0.13224921064272474
2020-03-27,0.27814,51.1466144984241,-148.898577732459,0.27813996451247225,0.4963447273696927,-0.07052482945378313,0.21968852511226472,0.5675907604152209,0.13214415967470391
2020-04-03,0.31695,13.953404760192711,-153.83713819812473,0.3169499658965648,0.14311183620590687,-0.07246221924343614,0.2258686582375235,0.5613301121308948,0.13211130121624406
2020-04-10,0.30295,-4.41710048903613,-149.64765650606358,0.30294996539727864,-0.031357286706451264,-0.07081869192194909,0.22363928787541004,0.5582378468227849,0.13213917571754946
2020-04-17,0.24654,-18.620234362105958,-139.5184817106402,0.246539963385512,-0.16624787767401972,-0.06684503199357593,0.21465651772349437,0.5558470656468574,0.13220656966191077
2020-04-24,0.16707,-32.23412022389876,-126.8506316093986,0.16706996055134973,-0.29554223803657154,-0.06187545358836513,0.20200165610369758,0.5535554712466022,0.13229085455205666
2020-05-01,0.06864,-58.91542467229305,-111.49459934689776,0.06863995704101133,-0.5489410271343488,-0.05585130539340307,0.18632759005063856,0.5490642680378961,0.13239302512417253
2020-05-08,-0.03191,-146.48892773892774,-94.06678814473244,-0.03191004654493328,-1.3806477256226681,-0.04901440145878177,0.17031593362845948,0.5343232197232898,0.13250898017107618
2020-05-15,-0.12313,285.8664995299279,-71.84827838492845,-0.12313004979813932,2.7255361358779084,-0.04029811373704237,0.15578999331188892,0.6071006240667357,0.13265680988482745
2020-05-22,-0.20373,65.45927068951514,-31.422512454557694,-0.20373005267260114,0.6322754782297219,-0.024439147000296212,0.14295518965572152,0.5699999772334939,0.13292578064255461
2020-05-29,-0.26787,31.482844941834777,100.86232753449309,-0.26787005496004507,0.3095931611419275,0.027455995339754038,0.13274148858243892,0.5642808028717798,0.1338059310325053
2020-06-05,-0.31485,17.538358158808375,-977.0194986072423,-0.3148500566355068,0.17715900402478912,-0.39539541225924635,0.1252603586101468,0.5619335591714271,0.12663429965223585
2020-06-12,-0.34485,9.528346831824663,-287.3981089012064,-0.3448500577054057,0.10108599287036996,-0.12485798572949303,0.12048313640561802,0.5605852522082836,0.13122266015611775
2020-06-19,-0.36752,6.57387269827463,-232.1348960954915,-0.36752005851389274,0.07302663882678087,-0.10317831105960314,0.11687314882639574,0.560087932306466,0.131590351104717
2020-06-26,-0.3858,4.973878972572909,-221.7226691907241,-0.3858000591658178,0.05783111218223344,-0.09909361021750716,0.1139622280964362,0.5598186090067496,0.13165962832175296
2020-07-03,-0.40307,4.476412649040951,-233.04835781482095,-0.40307005978172294,0.05310655442143373,-0.10353666070836644,0.11121214051402911,0.5597348716335341,0.13158427343407436
2020-07-10,-0.42183,4.654278413178847,-271.10002433682155,-0.4218300604507664,0.054795788519476724,-0.11846427184354105,0.10822478422879711,0.5597648113725061,0.13133109862484915
2020-07-17,-0.44087,4.5136666429604455,-363.8834021667564,-0.4408700611297956,0.05346036459464,-0.15486305041615506,0.10519284053632282,0.5597411425134813,0.1307137691849472
2020-07-24,-0.46013,4.36863474493614,-770.3525641025641,-0.4601300618166707,0.05208296164903091,-0.3143202869161622,0.10212586388101534,0.5597167296244101,0.12800934748847514
2020-07-31,-0.47781,3.8423923673744476,1397.3675963647759,-0.47781006244719787,0.047085110756695955,0.5360730483304187,0.09931048759514634,0.55962814844356,0.14243216226224056
2020-08-07,-0.49158,2.881898662648341,299.23657922520914,-0.4915800629382815,0.037963070183890266,0.10527791377683839,0.09711774260326762,0.559466470725855,0.1351258039294768
2020-08-14,-0.50188,2.095284592538338,146.34565356108578,-0.5018800633056134,0.030492406474824697,0.045299035240957436,0.09547756297971274,0.5593340617710183,0.1341085520066235
2020-08-21,-0.508,1.219414999601498,89.64423041027365,-0.5080000635238727,0.02217406151957588,0.023055152831314964,0.09450300964998885,0.5591866286373117,0.13373129199934622
2020-08-28,-0.50991,0.3759842519684975,61.95331110052405,-0.5099100635919896,0.01416379610877444,0.01219204713284457,0.09419885983630052,0.5590446558605527,0.13354705188966634
2020-09-04,-0.50758,-0.4569433821654645,47.188632738871995,-0.5075800635088942,0.006253281302279495,0.0063998861773910745,0.09456989076085226,0.5589044510489672,0.13344881586036333
2020-09-11,-0.50301,-0.9003506836360864,36.866020896821915,-0.5030100633459128,0.002042135123610162,0.002350341188648475,0.09529762094334215,0.558829813307811,0.13338013489254538
2020-09-18,-0.49904,-0.7892487226894063,29.35199585277346,-0.49904006320432964,0.003097297266253138,-0.0005973994537401191,0.09592980668174148,0.5588485148478524,0.1333301407127651
2020-09-25,-0.49322,-1.1662391792241045,22.365842161411177,-0.49322006299676924,-0.000483072103320913,-0.003338056964099743,0.09685658778942005,0.5587850569029339,0.13328365869792339
2020-10-02,-0.48998,-0.6569076679777686,16.155797359125735,-0.4899800628812202,0.004354172209407196,-0.0057742481329393965,0.09737252778750916,0.5588707915161732,0.1332423404837214
2020-10-09,-0.49005,0.014286297399879189,11.155215823258558,-0.4900500628837166,0.010728663321916016,-0.007735968694481699,0.0973613809356986,0.5589837720676601,0.13320906937125576
2020-10-16,-0.49246,0.4917865523926146,7.026275183100439,-0.49246006296966516,0.015263598510076236,-0.009355745853015959,0.09697761075193478,0.5590641485980329,0.13318159767673038
2020-10-23,-0.49829,1.1838524956341745,4.286222557083352,-0.4982900631775822,0.02183631583476372,-0.010430664347517328,0.09604923723685468,0.5591806424820157,0.13316336687728675
2020-10-30,-0.50674,1.6957996347508386,3.0839334391146833,-0.506740063478937,0.02669840139677758,-0.010902320547245443,0.09470365298257907,0.5592668173779372,0.1331553675083787
2020-11-06,-0.52035,2.6857954769704317,3.6801625886666134,-0.5203500639643145,0.03610063089104717,-0.01066842075505576,0.0925363865091245,0.5594334611232525,0.13315933448840847
2020-11-13,-0.53716,3.230517920630338,5.740157480314956,-0.5371600645638145,0.04127399143212481,-0.009860287879582536,0.08985954966718686,0.5595251530115392,0.13317304055863793
2020-11-20,-0.55345,3.032615980341058,8.538761742268242,-0.5534500651447697,0.03939446893252596,-0.008762399666998552,0.08726551801012772,0.5594918406286699,0.13319166092838458
2020-11-27,-0.56812,2.6506459481434597,11.927183892194314,-0.5681200656679501,0.03576680733083334,-0.0074331267904304815,0.08492945635211314,0.5594275444831214,0.13321420562116135
2020-12-04,-0.58106,2.277687812434004,15.516590127432872,-0.5810600661294333,0.0322247338855214,-0.006025008161648932,0.0828688811745597,0.5593647652895835,0.13323808755122907
2020-12-11,-0.59131,1.7640174852855184,18.489499839692215,-0.5913100664949821,0.027346282790799203,-0.004858740184951178,0.08123666358801236,0.5592783003333454,0.13325786765333864
2020-12-18,-0.59869,1.2480763051529786,21.383966586918635,-0.5986900667581773,0.022446264857113363,-0.003723245264608906,0.08006146692569827,0.5591914531295965,0.13327712583920848
2020-12-25,-0.60492,1.0406053216188704,23.45810033062574,-0.6049200669803596,0.020475862843892762,-0.002909565738890837,0.0790693971145578,0.5591565300114721,0.13329092598156406
2021-01-01,-0.61024,0.8794551345632451,24.526068768493015,-0.6102400671700884,0.018945380616468034,-0.0024906033384949136,0.07822223637695469,0.5591294039675193,0.1332980316547245
2021-01-08,-0.6148,0.7472469847928709,24.84262681232994,-0.614800067332713,0.01768976790362383,-0.002366418097425984,0.0774960986018663,0.5591071496707846,0.13330013785741368
2021-01-15,-0.61752,0.4424202992843185,23.927833189508107,-0.6175200674297171,0.01479475528750698,-0.002725290249911776,0.07706296378865571,0.5590558388890833,0.1332940513250195
2021-01-22,-0.61953,0.3254955305091345,22.257962663298734,-0.6195300675014004,0.013684292533316102,-0.0033803779277912878,0.07674288990095227,0.5590361572090621,0.13328294092722237
2021-01-29,-0.61985,0.05165205881878521,19.121744979340825,-0.6198500675128127,0.011083534978044398,-0.0046107113744042905,0.07669193286410396,0.5589900617611758,0.13326207426390907
2021-02-05,-0.62204,0.3533112849883002,15.801623352446214,-0.6220400675909152,0.013948465468207442,-0.005913190059250084,0.07634319564317335,0.5590408393716607,0.13323998400515502
2021-02-12,-0.62375,0.2749019355668514,12.702141114825194,-0.6237500676518996,0.013203792949074466,-0.007129112245912695,0.07607089397751521,0.559027640904457,0.13321936175924753
2021-02-19,-0.62556,0.29018036072143705,10.110540026754911,-0.62556006771645,0.01334889584091325,-0.008145793426954817,0.07578266823784198,0.5590302126869653,0.13320211867448856
2021-02-26,-0.62764,0.33250207813797505,8.0163838502048,-0.6276400677906296,0.013750835407497464,-0.008967327722746827,0.07545144749832798,0.5590373366052664,0.13318818531390422
2021-03-05,-0.63185,0.6707666815372049,6.855963876815885,-0.6318500679407723,0.016963416001590688,-0.009422558720480501,0.07478104398229243,0.5590942759155283,0.13318046451919963
2021-03-12,-0.63693,0.8039882883595695,6.387278892248061,-0.6369300681219418,0.018228653760701787,-0.009606423129953308,0.07397210102232556,0.5591167008051804,0.1331773461477221
2021-03-19,-0.6424,0.8588070902610934,6.195860609667392,-0.64240006831702,0.018749281155382,-0.009681516232245559,0.07310105417369982,0.5591259283292497,0.13317607255600838
2021-03-26,-0.64904,1.0336239103362344,6.358154168851593,-0.6490400685538242,0.020409558695659108,-0.009617848714823045,0.07204369565909743,0.5591553548464118,0.13317715236787053
2021-04-02,-0.65603,1.0769752249476294,6.706245933636956,-0.6560300688031108,0.020821276595343184,-0.009481292842793936,0.07093060288544221,0.5591626520744637,0.1331794683785528
2021-04-09,-0.66433,1.265186043321176,7.580321285140568,-0.6643300690991161,0.02260876017071345,-0.009138394406465451,0.06960890474218925,0.5591943331728534,0.13318528399401966
2021-04-16,-0.67122,1.0371351587313615,8.343421626071379,-0.6712200693448362,0.02044290586926779,-0.008839031298677566,0.06851173604254913,0.5591559458868569,0.13319036124295233
2021-04-23,-0.67753,0.9400792586633289,9.30547713156409,-0.6775300695698716,0.019521142557447614,-0.00846161838121321,0.06750692697219658,0.5591396086882521,0.13319676222985594
2021-04-30,-0.68286,0.7866810325742213,9.77750626969327,-0.6828600697599571,0.01806428257461172,-0.008276442065364074,0.06665817382719195,0.5591137875142329,0.13319990285148745
2021-05-07,-0.68777,0.7190346483905818,10.263727454909821,-0.6877700699350638,0.01742182853447543,-0.00808569823094095,0.06587630179305075,0.5591024007524541,0.13320313789917548
2021-05-14,-0.68984,0.30097270889977157,10.275593068610522,-0.6898400700088868,0.013451393376789017,-0.008081043368660426,0.06554667346093826,0.5590320293383535,0.13320321684642694
2021-05-21,-0.69231,0.35805404151687537,10.303677267223254,-0.6923100700969752,0.013993508571840212,-0.008070025980087145,0.06515334883276538,0.5590416377090651,0.13320340370320027
2021-05-28,-0.69447,0.31199896000346783,9.910580042731665,-0.694470070174008,0.013556112345210099,-0.008224237425783855,0.0648093888340393,0.5590338853620885,0.13320078825100293
2021-06-04,-0.6954,0.13391507192535013,9.179972681456361,-0.6954000702071748,0.011864806671452649,-0.008510853586873883,0.06466129494569892,0.5590039089068106,0.13319592719244186
2021-06-11,-0.69463,-0.11072763876905922,8.130448318804472,-0.694630070179714,0.009541375792296667,-0.008922580404502256,0.06478391031561516,0.5589627287565153,0.13318894423598873
2021-06-18,-0.69152,-0.4477203691173659,6.545051152471348,-0.6915200700688012,0.0063408744835927065,-0.009544529311264207,0.06527914901748463,0.5589060035377474,0.13317839587735378
2021-06-25,-0.68745,-0.5885585377140234,4.789415118211049,-0.6874500699236515,0.005003300398706111,-0.010233262668032834,0.06592725882989905,0.5588822965695992,0.13316671484315293
2021-07-02,-0.68184,-0.8160593497708923,2.635738262610454,-0.6818400697235805,0.0028426702688909644,-0.011078146836053264,0.06682059938214593,0.5588440018760594,0.13315238546478697
2021-07-09,-0.67509,-0.9899683210137344,0.5765620809868421,-0.6750900694828532,0.001191014788124976,-0.011885958532823983,0.06789547437816493,0.5588147281750235,0.13313868484180263
2021-07-16,-0.66832,-1.0028292523959648,-1.3593494015025076,-0.6683200692414127,0.0010688714182147806,-0.012645413674848104,0.06897353418898691,0.5588125633237359,0.13312580435416424
2021-07-23,-0.66178,-0.9785731386162344,-3.0870163723164312,-0.6617800690081748,0.0012992375861017292,-0.0133231748103948,0.0700149686295742,0.558816646300123,0.13311430941069083
2021-07-30,-0.65645,-0.8054036084499505,-4.553847943353162,-0.6564500688180893,0.0029438704164657698,-0.013898610613727451,0.07086372177457882,0.5588457955327265,0.13310454992215573
2021-08-06,-0.6518,-0.7083555487851223,-5.514322161660667,-0.651800068652255,0.0038655592660840755,-0.014275403194624415,0.07160419121628077,0.5588621314115741,0.1330981594562652
2021-08-13,-0.64908,-0.41730592206199457,-6.244312518958273,-0.6490800685552508,0.006629727829193407,-0.014561777305988644,0.0720373260294914,0.5589111231323485,0.13309330250290846
2021-08-20,-0.64741,-0.2572872373205026,-6.776390628824858,-0.6474100684956932,0.00814946390600105,-0.01477051074248701,0.0723032580655435,0.558938058713094,0.133089762348527
2021-08-27,-0.64811,0.1081231368066593,-6.800402645959169,-0.6481100685206573,0.011619854437568971,-0.01477993062043493,0.07219178954743784,0.5589995674091155,0.13308960258580405
2021-09-03,-0.64928,0.18052491089475264,-6.528655543238848,-0.6492800685623834,0.012307471563558395,-0.014673324643685556,0.07200547788146121,0.5590117546348462,0.1330914106411976
2021-09-10,-0.65114,0.28647116806310713,-5.839310504396112,-0.6511400686287173,0.013313668742854043,-0.014402895629180854,0.0717092901047804,0.5590295883270131,0.13309599716301518
2021-09-17,-0.65333,0.3363332002334296,-4.963270056004077,-0.6533300687068198,0.013787220498854282,-0.014059226288319808,0.07136055288384982,0.559037981489323,0.1331018258531533
2021-09-24,-0.65459,0.19285812682718895,-3.9965387774257843,-0.6545900687517556,0.01242460309245367,-0.01367997907215693,0.0711599095512596,0.5590138306569941,0.13310825795007303
2021-10-01,-0.65494,0.05346858338806104,-2.9847872135567166,-0.6549400687642377,0.011100786950379976,-0.013283070466272086,0.07110417529220678,0.5589903675326193,0.13311498958714907
2021-10-08,-0.65327,-0.2549851894830035,-2.251915250179559,-0.6532700687046801,0.00817132701001816,-0.012995565905207963,0.07137010732825887,0.5589384462115634,0.13311986571312392
2021-10-15,-0.64775,-0.8449798704976419,-2.120039892411374,-0.6477500685078187,0.0025680051022605324,-0.012943831402122869,0.07224911621389217,0.5588391337506745,0.13312074313904496
2021-10-22,-0.63793,-1.5160169818602909,-2.8212354330108935,-0.637930068157605,-0.0038049963298039642,-0.013218909350515385,0.0738128602821746,0.5587261796020668,0.13311607777052245
2021-10-29,-0.62346,-2.268273948552346,-4.347959496778153,-0.6234600676415571,-0.010949362334053267,-0.013817840888019907,0.076117073792159,0.5585995539001971,0.1331059197903625
2021-11-05,-0.60568,-2.851826901485266,-6.686386886054107,-0.6056800670074637,-0.01649150559521354,-0.01473520241053747,0.07894837415204306,0.5585013257607246,0.1330903611838078
2021-11-12,-0.58621,-3.2145687491744845,-9.453051389382317,-0.5862100663130992,-0.01993655248702959,-0.015820560704195803,0.08204879136278226,0.5584402662516806,0.133071953323605
2021-11-19,-0.56797,-3.1115129390491547,-12.365184922312567,-0.5679700656626007,-0.018957806581042947,-0.016962986277807696,0.08495334246313578,0.55845761340148,0.13305257759268369
2021-11-26,-0.55174,-2.8575452928851774,-15.022794480039426,-0.5517400650837854,-0.01654581453873343,-0.01800556248150518,0.08753781967578586,0.5585003631969244,0.1330348953239614
2021-12-03,-0.54046,-2.0444412223148523,-16.99788064010812,-0.5404600646815034,-0.008823568900724759,-0.01878038579020111,0.08933405522468868,0.5586372311532052,0.1330217541896174
2021-12-10,-0.53826,-0.40706065203717223,-17.612844963494712,-0.5382600646030441,0.006727029631782972,-0.019021635362705725,0.08968438485302081,0.5589128476953172,0.1330176625560706
2021-12-17,-0.54088,0.48675361349534985,-17.371178905880015,-0.540880064696482,0.015215799474439252,-0.018926830134383933,0.08926717411382529,0.5590633014148912,0.1330192704687752
2021-12-24,-0.54799,1.3145244786274102,-16.329740128866767,-0.547990064950048,0.023077339200901426,-0.018518275279753398,0.08813497245135196,0.5592026381992957,0.13302619962819948
2021-12-31,-0.55667,1.5839705104107704,-14.787147733708883,-0.5566700652596055,0.025636333207853503,-0.01791311861988199,0.08675276282684162,0.559247993436138,0.1330364631874875
2022-01-07,-0.56268,1.0796342536870895,-13.133153222693949,-0.5626800654739418,0.020846530033159862,-0.01726425907871396,0.08579572597853437,0.5591630996627153,0.13304746795503278
2022-01-14,-0.56289,0.03732139048837624,-11.763046102236919,-0.5628900654814312,0.010947433161549213,-0.016726768130823643,0.08576228542310266,0.5589876495124151,0.1330565838924028
2022-01-21,-0.55639,-1.1547549254738887,-10.757706990023408,-0.5563900652496198,-0.00037400337320597966,-0.016332375120009568,0.08679735023408389,0.5587869900212112,0.1330632728645611
2022-01-28,-0.54238,-2.5180179370585476,-10.451063267732142,-0.5423800647499769,-0.013321241280014216,-0.016212079252264592,0.08902831300359886,0.5585575150634264,0.13306531310282096
2022-02-04,-0.52345,-3.490172941480141,-10.706060967912535,-0.5234500640748707,-0.022554032031015196,-0.016312114463769872,0.09204274021465653,0.5583938744257033,0.13306361648871712
2022-02-11,-0.49797,-4.867704651829197,-12.324594608870177,-0.49797006316616993,-0.03563678321439102,-0.016947062759331246,0.09610019427370299,0.5581619976503538,0.13305284765824982
2022-02-18,-0.46821,-5.976263630339174,-15.139377242904262,-0.4682100621048302,-0.04616503543463816,-0.01805129772277521,0.10083919870059556,0.557975396442345,0.13303411964653528
2022-02-25,-0.43844,-6.3582580466030265,-18.87651260037746,-0.4384400610431338,-0.0497929286176942,-0.019517370262426455,0.10557979553488966,0.5579110961922821,0.13300925480833878
2022-03-04,-0.41111,-6.233464099990882,-23.622412960279416,-0.41111006006845585,-0.04860773038200026,-0.02137917978443361,0.1099318449632154,0.5579321024730859,0.1329776782039994
2022-03-11,-0.38994,-5.1494733769550605,-27.90637479662772,-0.38994005931346387,-0.038312808814661675,-0.02305977152340415,0.11330297143221123,0.5581145681626072,0.13294917508390558
2022-03-18,-0.37798,-3.0671385341334623,-31.024288764393514,-0.3779800588869308,-0.01853637214576939,-0.02428292444988181,0.11520749068441671,0.5584650828439928,0.13292843020342807
2022-03-25,-0.37239,-1.4789142282660372,-33.10399338926114,-0.37239005868757297,-0.0034526225224752564,-0.025098789423840275,0.11609764642186057,0.5587324250240744,0.13291459299550076
2022-04-01,-0.37031,-0.5585542039259983,-34.18817089642425,-0.3703100586133933,0.005288258799607258,-0.025524110617567142,0.11642886716137459,0.5588873471307682,0.1329073794761301
2022-04-08,-0.36806,-0.6075990386432917,-34.61244648155058,-0.3680600585331509,0.004822468165086362,-0.025690553286911267,0.11678715882671423,0.5588790915254442,0.13290455658031128
2022-04-15,-0.36136,-1.8203553768407321,-35.05275076834595,-0.3613600582942068,-0.006695371532904126,-0.02586328399163958,0.11785407178572566,0.5586749510131981,0.132901627038349
2022-04-22,-0.35107,-2.847575824662396,-35.272318300822306,-0.35107005792723145,-0.01645113209243521,-0.02594942000202487,0.11949265900187904,0.5585020413348041,0.13290016615704664
2022-04-29,-0.33606,-4.275500612413474,-35.79902569490877,-0.3360600573919254,-0.030012478496568736,-0.026156046514858367,0.12188286251154495,0.5582616820075101,0.13289666173644687
2022-05-06,-0.3185,-5.225257394512894,-36.04032371427998,-0.31850005676567783,-0.03903254792334215,-0.026250707362334744,0.12467912990859582,0.5581018116115366,0.1328950562724658
2022-05-13,-0.2998,-5.871271585557302,-35.9689028427415,-0.2998000560987742,-0.045167900640719676,-0.026222689062619934,0.12765693174941875,0.5579930695141141,0.13289553146756705
2022-05-20,-0.28102,-6.264176117411613,-35.9045707508439,-0.2810200554290174,-0.048899409825192974,-0.026197451680420012,0.1306474728494538,0.5579269327891427,0.132895959497837
2022-05-27,-0.25993,-7.504803928546011,-36.77361290165649,-0.25993005467687846,-0.060681951629718636,-0.0265383755997418,0.13400586005923756,0.5577181007353369,0.13289017737051248
2022-06-03,-0.23697,-8.83314738583465,-39.22911217110325,-0.23697005385804915,-0.07329755009994836,-0.027501664243507605,0.1376620274531036,0.5574945037065943,0.1328738398322148
2022-06-10,-0.2125,-10.326201628898168,-43.780094184877505,-0.21250005298536825,-0.08747744666315267,-0.02928700759359497,0.14155864836459758,0.5572431812864259,0.13284356010708215
2022-06-17,-0.18854,-11.27529411764705,-49.37028384220843,-0.18854005213087566,-0.09649120713561847,-0.03148003052803762,0.1453740564986146,0.5570834227094391,0.13280636606725715
2022-06-24,-0.17259,-8.459743290548438,-53.39310307580135,-0.17259005156204604,-0.06975124126888325,-0.033058176419531134,0.1479139463040224,0.5575573579674922,0.1327796004460609
2022-07-01,-0.16624,-3.6792398169071205,-54.8334510677607,-0.16624005133558412,-0.024349645786870384,-0.03362322275490957,0.14892512500398103,0.5583620492291796,0.13277001716465928
2022-07-08,-0.16953,1.9790664100096222,-53.085565640912115,-0.16953005145291633,0.029388654340783388,-0.03293752994968779,0.14840122296888436,0.5593144990290507,0.13278164663059172
2022-07-15,-0.18294,7.910104406299778,-47.89073404164412,-0.18294005193116117,0.0857171539184448,-0.030899605382527128,0.14626580464345998,0.560312857146489,0.1328162101758793
2022-07-22,-0.20206,10.451514157647313,-39.87383205379993,-0.2020600526130434,0.10985353581230325,-0.027754586876855263,0.14322112169177362,0.5607406468616419,0.13286955022158206
2022-07-29,-0.22025,9.002276551519351,-30.84772370486656,-0.22025005326175884,0.09608977642722237,-0.02421365824449358,0.14032453262842765,0.5604966999961726,0.13292960496998488
2022-08-05,-0.23347,6.002270147559585,-22.124749833222147,-0.23347005373322763,0.06759799142025912,-0.020791648808378343,0.13821937004363194,0.5599917157509808,0.13298764282870923
2022-08-12,-0.24094,3.199554546622685,-14.262330083268093,-0.24094005399963245,0.0409799247947497,-0.017707233450618073,0.1370298417147043,0.5595199410173143,0.13303995503477495
2022-08-19,-0.23862,-0.9628953266373363,-8.198361097218477,-0.23862005391689362,0.0014481335510212585,-0.015328347603209242,0.13739928023185452,0.5588192853105057,0.13308030134103468
2022-08-26,-0.22609,-5.251026737071484,-4.591298476600403,-0.2260900534700325,-0.0392772855902288,-0.013913302401189544,0.13939456670594605,0.5580974739167958,0.13310430074695587
2022-09-02,-0.20514,-9.266221416250175,-3.4635294117647097,-0.20514005272288638,-0.07741055870900054,-0.013470880305421068,0.14273066021210867,0.5574216053414199,0.13311180430051706
2022-09-09,-0.17925,-12.620649312664522,-4.927336374244207,-0.1792500517995636,-0.10926837018561875,-0.014045129559398451,0.14685340297461702,0.5568569621336303,0.13310206493605967
2022-09-16,-0.15142,-15.525801952580187,-12.266064082507677,-0.15142005080705404,-0.13685930609816718,-0.016924101322502418,0.15128507277301825,0.5563679444065022,0.13305323708810138
2022-09-23,-0.12619,-16.66226390173029,-24.091674687199227,-0.126190049907269,-0.14765255956623993,-0.02156327044905744,0.15530271664702697,0.5561766463549969,0.13297455599519623
2022-09-30,-0.10742,-14.874395752436797,-36.6365834955465,-0.10742004923786891,-0.13067274416876898,-0.026484619171299663,0.1582916653396605,0.5564775941285356,0.13289108908862948
2022-10-07,-0.10044,-6.497858871718487,-45.09675303378157,-0.10044004898893909,-0.05111875135285051,-0.029803530865519543,0.15940316570591417,0.5578875975033439,0.1328347997850423
2022-10-14,-0.10258,2.130625248904816,-49.23290111847965,-0.10258004906525856,0.03082804521941858,-0.031426135493628854,0.15906239052199114,0.5593400105832129,0.13280728013615475
2022-10-21,-0.11331,10.46012868005457,-48.5539160045403,-0.11331004944792572,0.10993535001111338,-0.031159770661970333,0.15735373738017133,0.5607420969245783,0.13281179772874402
2022-10-28,-0.12871,13.591033448062827,-44.87086135263632,-0.12871004999714053,0.1396703083797435,-0.02971491390119138,0.15490142998184656,0.5612691149932575,0.1328363027437431
2022-11-04,-0.14676,14.023774376505326,-39.08856976840707,-0.14676005064086306,0.14378015343894848,-0.027446529671826262,0.15202713462212172,0.5613419572881355,0.13287477492387417
2022-11-11,-0.16393,11.699373126192425,-31.300813008130078,-0.16393005125320187,0.12170475366432856,-0.02439140449181535,0.14929297111372974,0.560950696119705,0.13292659036357207
2022-11-18,-0.17674,7.814310986396644,-21.82759078243177,-0.17674005171004875,0.0848073806855079,-0.020675073762895603,0.14725309723239594,0.5602967324582949,0.13298961996119435
2022-11-25,-0.18451,4.396288333144738,-10.056546748561946,-0.18451005198715256,0.052345594451704426,-0.01605731101941544,0.14601579668142298,0.5597213844899297,0.13306793799822259
2022-12-02,-0.18906,2.465991003197665,5.472803347280353,-0.18906005214942057,0.03401309474377888,-0.009965170500978757,0.1452912513137361,0.5593964619368071,0.1331712617316426
2022-12-09,-0.19195,1.5286152544165876,26.76660943072251,-0.1919500522524875,0.02511061097915761,-0.0016116426307169547,0.14483104557469983,0.5592386756119732,0.13331293897696736
2022-12-16,-0.19829,3.3029434748632402,57.13606466439496,-0.1982900524785928,0.041961834403889904,0.010302248653209937,0.14382145928214274,0.5595373442401274,0.1335150005878724
2022-12-23,-0.2083,5.048161783246763,93.91174827778812,-0.20830005283558242,0.05853659396675192,0.024729293626221633,0.14222745947323162,0.5598311128630844,0.13375968571033778
2022-12-30,-0.22564,8.324531925108003,124.65153325368381,-0.225640053453984,0.08965307210557528,0.036788464707039996,0.13946622503901399,0.5603826167868337,0.13396421129116604
2023-01-06,-0.24839,10.082432192873592,142.1427178787288,-0.24839005426532404,0.10634827529805886,0.0436502299394577,0.13584349820057964,0.5606785201351292,0.13408058798988454
2023-01-13,-0.27296,9.89170256451548,140.89665519371636,-0.27296005514157123,0.10453686997623536,0.043161401435687356,0.13193095321507056,0.5606464150511918,0.13407229737579598
2023-01-20,-0.29394,7.686107854630708,128.37386372465232,-0.2939400558897872,0.08358980459544586,0.038248729312142175,0.1285900824867034,0.560275152317119,0.13398897762581044
2023-01-27,-0.31077,5.725658297611758,111.75388389206869,-0.31077005649000056,0.06497094190840161,0.03172873640008906,0.12591006082996276,0.5599451543082877,0.1338783974434416
2023-02-03,-0.31818,2.3844000386137765,94.0950405660953,-0.3181800567542656,0.03323820565742009,0.02480119891326981,0.12473008694544412,0.5593827279155695,0.13376090523616585
2023-02-10,-0.31436,-1.2005782890188055,77.86579155822109,-0.3143600566180318,-0.0008091989183536212,0.018434489111863527,0.1253383865728208,0.5587792766787926,0.13365292476127494
2023-02-17,-0.29985,-4.6157271917546705,62.51151699094899,-0.29985005610055737,-0.03324369244979532,0.012411030458077111,0.12764896971241124,0.5582044124423066,0.133550765883894
2023-02-24,-0.2744,-8.487577121894285,45.13910927747804,-0.2744000551929264,-0.07001558588414114,0.005595861228144319,0.13170164654925318,0.5575526727620558,0.13343517946125738
2023-03-03,-0.24337,-11.308309037900866,26.788226100547007,-0.24337005408629428,-0.09680475780292777,-0.0016031624438901577,0.13664288671613747,0.5570778653831073,0.13331308280237
2023-03-10,-0.21077,-13.395241812877511,6.293812093398565,-0.21077005292367076,-0.11662486214341745,-0.009643090013556637,0.14183413484505875,0.5567265767422742,0.13317672427117552
2023-03-17,-0.17918,-14.987901504009116,-13.979836773883825,-0.1791800517970672,-0.1317507356912483,-0.017596411753273,0.1468645498264276,0.5564584879638931,0.13304183458950272
2023-03-24,-0.16054,-10.402946757450614,-28.851267505761403,-0.1605400511323033,-0.088206313674957,-0.0234304515018554,0.14983279722284149,0.5572302629537308,0.13294288828878625
2023-03-31,-0.15694,-2.2424317926996284,-36.81710213776722,-0.15694005100391542,-0.010703933141735468,-0.026555436361189698,0.15040606388738495,0.5586039038514339,0.1328898880171132
2023-04-07,-0.16047,2.249267235886321,-41.211166471277835,-0.1604700511298069,0.031954816809443926,-0.0282792211430116,0.14984394407465207,0.5593599813186636,0.1328606523357084
2023-04-14,-0.17199,7.178911946158162,-41.488058787507654,-0.17199005154064806,0.0787728426177857,-0.028387845579226675,0.148009490748113,0.5601897771850305,0.13285881004690098
2023-04-21,-0.18567,7.9539508110936685,-40.25485085432957,-0.185670052028522,0.08613357380910465,-0.02790405997512833,0.14583107742284787,0.5603202377119437,0.1328670151325583
2023-04-28,-0.19644,5.8006139925674605,-38.26136149349425,-0.1964400524126157,0.06568281423737617,-0.02712201711864918,0.14411605465142202,0.5599577714297013,0.13288027871165362
2023-05-05,-0.2047,4.204846263490114,-34.88357297366077,-0.20470005270719455,0.0505274229029077,-0.025796915799058403,0.14280072613777509,0.5596891594823715,0.13290275265411858
2023-05-12,-0.2112,3.175378602833412,-29.5647823911956,-0.21120005293900598,0.04075032002061482,-0.023710362310564975,0.14176566132679383,0.5595158715357591,0.13293814095413548
2023-05-19,-0.21515,1.8702651515151603,-21.592565597667633,-0.215150053079876,0.02835534252470874,-0.020582873738933364,0.14113666040319756,0.5592961847610131,0.13299118368919247
2023-05-26,-0.21706,0.8877527306530242,-10.810699757570774,-0.2170600531479929,0.019024184889536437,-0.01635316410244392,0.1408325105895092,0.5591308006829705,0.1330629202799034
2023-06-02,-0.2188,0.801621671427255,3.809840110072571,-0.21880005321004703,0.018206177428404517,-0.01061754845984624,0.14055543170164655,0.5591163024379424,0.13316019729113812
2023-06-09,-0.21978,0.44789762340036177,22.658778881571596,-0.21978005324499708,0.014846774756839369,-0.003223138332527065,0.1403993757762986,0.5590567608745767,0.13328560773734846
2023-06-16,-0.22177,0.9054509054509108,38.14002740749969,-0.22177005331596703,0.019192268727854737,0.0028501320128974674,0.1400824867033982,0.5591337797764251,0.13338861142944308
2023-06-23,-0.22582,1.8262163502728024,43.88938447814452,-0.22582005346040337,0.027937000426120157,0.005105596082473267,0.1394375617057868,0.559288770126625,0.13342686448147925
2023-06-30,-0.23189,2.6879815782481664,44.50676138842151,-0.23189005367687962,0.0361213928225972,0.0053477921091603505,0.13847097041307047,0.5594338291047016,0.13343097216704902
2023-07-07,-0.24062,3.764716029151738,39.90348276062561,-0.2406200539882202,0.046347399821863124,0.00354193287661222,0.1370807987515526,0.5596150733624619,0.1334003444890805
2023-07-14,-0.25351,5.356994431053108,36.53794366348899,-0.25351005444792013,0.06146965217383287,0.0022216369869897568,0.1350281856110067,0.5598830979592954,0.13337795204752043
2023-07-21,-0.26845,5.893258648574018,36.65750356342905,-0.2684500549807298,0.06656268289948929,0.002268540154624577,0.13264912895315137,0.5599733660936402,0.1333787475331752
2023-07-28,-0.28435,5.922890668653369,38.91060087933562,-0.2843500555477762,0.06684410534722425,0.0031524268186189862,0.13011720118475112,0.5599783539840906,0.13339373840046848
2023-08-04,-0.30174,6.115702479338858,42.86931818181819,-0.30174005616796096,0.06867528565724065,0.004705425619640757,0.12734800471352592,0.5600108095570369,0.13342007752275772
2023-08-11,-0.3176,5.256180817922718,47.61794097141527,-0.3176000567335809,0.06051220095396381,0.006568303146693323,0.12482244657473168,0.5598661282334092,0.1334516722406433
2023-08-18,-0.33009,3.9326196473551622,52.07315949507048,-0.33009005717901546,0.047942021015147544,0.00831607862467139,0.1228335297302462,0.5596433361960983,0.13348131480831193
2023-08-25,-0.3389,2.668969069041771,54.89031078610602,-0.3389000574932091,0.035940826433126655,0.00942124280866894,0.12143061880951624,0.5594306287723296,0.13350005857976419
2023-09-01,-0.34452,1.6583062850398456,56.75675675675676,-0.34452005769363686,0.026342318003839987,0.010153446735626483,0.12053568584986785,0.5592605062077749,0.13351247688218668
2023-09-08,-0.34433,-0.05514919308021726,55.26446318257656,-0.34433005768686087,0.01006921770739976,0.00956802222703099,0.12056594159049651,0.5589720841496932,0.13350254798352115
2023-09-15,-0.33961,-1.370778032701192,50.38969090426004,-0.3396100575185301,-0.0024256269695864894,0.007655656446647495,0.12131755788400905,0.5587506273435838,0.13347011393649025
2023-09-22,-0.33064,-2.6412649804187227,42.58484626331449,-0.33064005719863027,-0.014491748202108468,0.004593827716935364,0.12274594732316316,0.5585367691693239,0.1334181848034558
2023-09-29,-0.31837,-3.710984756835234,32.31235973734519,-0.31837005676104163,-0.024651135144458734,0.0005639468137604493,0.12469983120481544,0.5583567056757436,0.1333498373418544
2023-10-06,-0.30716,-3.521060401419729,21.162873259437486,-0.30716005636125604,-0.022847377694160568,-0.0038099798420632787,0.12648491990190772,0.5583886752099207,0.13327565480610737
2023-10-13,-0.29759,-3.1156400572991183,10.854907804060353,-0.2975900560199583,-0.01899700281933133,-0.007853779075500713,0.1280088537851524,0.5584569186930649,0.13320707128727105
2023-10-20,-0.29164,-1.999395140965765,2.5637418674169243,-0.2916400558077617,-0.008395755392223469,-0.011106390912826142,0.1289563361890506,0.5586448136574822,0.1331519064404686
2023-10-27,-0.29074,-0.3085996433959681,-3.6455226353814596,-0.2907400557756647,0.007662137598909685,-0.013542275971359036,0.1290996528551865,0.5589294214126479,0.13311059341794917
2023-11-03,-0.29552,1.6440806218614545,-6.952141057934503,-0.2955200559461353,0.026207213446621306,-0.01483945736959655,0.1283384821172649,0.5592581116342923,0.13308859300207185
2023-11-10,-0.30409,2.8999729290741794,-7.876639704323052,-0.30409005625176977,0.03813472585518612,-0.015202136788126206,0.12697378897417116,0.5594695131259566,0.13308244189780172
2023-11-17,-0.31457,3.446348120622189,-7.179108881675999,-0.3145700566255211,0.04332378294192326,-0.014928496503035054,0.1253049460173891,0.5595614832175309,0.13308708288331153
2023-11-24,-0.3257,3.5381632069173774,-5.462672704052018,-0.3257000570224536,0.04419577298023298,-0.014255141190644149,0.12353259657950891,0.5595769382418898,0.13309850310327917
2023-12-01,-0.33603,3.171630334663811,-2.4104783202160807,-0.33603005739085545,0.040714721812992405,-0.013057769957388861,0.12188763973374948,0.5595152405983151,0.13311881072187978
2023-12-08,-0.3448,2.6098860220813647,1.5282235505432729,-0.3448000577036226,0.03537970047375194,-0.011512623179912342,0.12049109844262557,0.5594206834576018,0.13314501667252185
2023-12-15,-0.35376,2.598607888631088,6.992499395112528,-0.35376005802316574,0.035272589317882075,-0.009368996043479393,0.11906430141087294,0.5594187850350851,0.13318137295125942
2023-12-22,-0.36299,2.6091135232926055,14.015139617426264,-0.36299005835233794,0.03537236386627723,-0.006614024922298022,0.11759450937927961,0.5594205534246401,0.13322809772736122
2023-12-29,-0.37152,2.349926995234042,20.95324912097931,-0.3715200586565459,0.03291080684279933,-0.0038922150740376893,0.1162361858657919,0.5593769251466929,0.1332742600826665
2024-01-05,-0.38026,2.3524978466838764,27.779831311535986,-0.3802600589682431,0.03293522283961082,-0.0012141572217220851,0.11484442179687251,0.5593773578922621,0.1333196803967217
2024-01-12,-0.38844,2.1511597328143894,33.19160608969962,-0.3884400592599689,0.031023066170043308,0.000908873825889577,0.11354183254243766,0.5593434671061203,0.1333556873623099
2024-01-19,-0.39563,1.8509937184636005,36.07690720231134,-0.395630059516388,0.028172317072977574,0.002040773081656784,0.11239689162075227,0.5592929408445799,0.1333748845651005
2024-01-26,-0.40176,1.5494274953871123,35.95018949648079,-0.40176005973500406,0.02530826985563955,0.00199106191761391,0.11142074588362687,0.5592421788890939,0.1333740414553518
2024-02-02,-0.40852,1.6825965750696836,34.34180670196323,-0.4085200599760879,0.026573008751824206,0.0013600957837342819,0.11034427848020638,0.5592645949369722,0.13336334016302
2024-02-09,-0.41516,1.6253794183883175,31.976984454970257,-0.4151600602128922,0.02602960360284737,0.00043237959851777846,0.10928691996560401,0.5592549637033053,0.13334760593963488
2024-02-16,-0.42284,1.849889199344834,29.824992324224752,-0.42284006048678635,0.028161827188280517,-0.0004118436544940526,0.10806395108124463,0.5592927549233924,0.13333328777049924
2024-02-23,-0.43082,1.887238671838043,28.20879088176651,-0.43082006077137946,0.028516544144549474,-0.0010458770321169694,0.10679320997483997,0.5592990418750303,0.13332253445719489
2024-03-01,-0.43713,1.4646488092474819,26.7778422273782,-0.4371300609964149,0.024503106208163695,-0.0016072360216045866,0.1057884009044874,0.5592279082859472,0.13331301371380308
2024-03-08,-0.44087,0.8555807196943599,24.624038896426946,-0.4408700611297956,0.018718639535277845,-0.002452169805713492,0.10519284053632282,0.5591253852416406,0.13329868349393986
2024-03-15,-0.4426,0.3924059246489975,21.931733656574572,-0.4426000611914931,0.014319756698341837,-0.0035083570729511175,0.10491735405586165,0.5590474200833132,0.1332807703792782
2024-03-22,-0.44118,-0.3208314505196541,18.75,-0.44118006114085123,0.007545969173950757,-0.004756546366673155,0.10514347590687602,0.5589273624604139,0.13325960087777838
2024-03-29,-0.43722,-0.8975928192574534,14.979224740966712,-0.43722006099962457,0.0020683272273505603,-0.006235815788748044,0.10577406923787383,0.5588302775328405,0.1332345122182243
2024-04-05,-0.43251,-1.0772608755317714,11.345381526104426,-0.43251006083165044,0.0003619763258224527,-0.007661366977321979,0.10652409312398485,0.5588000344181382,0.1332103346289945
2024-04-12,-0.42726,-1.2138447665949958,7.994843667062668,-0.4272600606444181,-0.0009351938583649507,-0.008975777903963996,0.10736010700977738,0.5587770435628379,0.13318804199740178
2024-04-19,-0.42269,-1.0696063286991464,5.209577857427328,-0.42269006048143687,0.0004346734048663573,-0.010068433461908995,0.10808783719226728,0.5588013228905727,0.13316951037436264
2024-04-26,-0.42104,-0.3903569992192879,3.0647214334671657,-0.42104006042259245,0.006885668254783891,-0.010909857387958244,0.10835058441351635,0.558915659383152,0.13315523968228568
2024-05-03,-0.42132,0.06650199505984222,1.4837652953078262,-0.42132006043257814,0.011224568407236032,-0.011530064086094976,0.10830599700627411,0.5589925614171212,0.1331447208718036
2024-05-10,-0.42237,0.24921674736544386,-0.11115315485762389,-0.4223700604700246,0.012959854516432471,-0.012155748178081323,0.10813879422911558,0.5590233173752274,0.1331341091637956
2024-05-17,-0.42296,0.13968795132228706,-1.8244278352908316,-0.42296006049106594,0.011919633100633452,-0.012827863239913386,0.10804484219242652,0.5590048806424512,0.13312270997868714
2024-05-24,-0.42246,-0.1182144883676961,-3.355981058266422,-0.4224600604732343,0.009470271374365333,-0.013428689249260032,0.10812446256250198,0.5589614685121744,0.13311251986796435
2024-05-31,-0.41897,-0.8261137149079167,-4.967450722435185,-0.4189700603487694,0.00274718153610443,-0.014060866357427775,0.10868021274562883,0.5588423094476757,0.1331017980373039
2024-06-07,-0.41325,-1.3652528820679244,-6.631269769543602,-0.41325006014477533,-0.0023731532802749047,-0.01471358004922288,0.10959106977929234,0.5587515573796059,0.1330907279027122
2024-06-14,-0.40603,-1.7471264367816097,-7.967269595176574,-0.4060300598872863,-0.005999898612013555,-0.015237690757020117,0.11074078792318227,0.5586872774738927,0.13308183889647682
2024-06-21,-0.39838,-1.884097234194515,-8.883399661497638,-0.3983800596144621,-0.007300743339201396,-0.015597087194266187,0.11195897958533713,0.5586642214915276,0.13307574347212445
2024-06-28,-0.3919,-1.6265876801044188,-9.389378280270977,-0.3919000593833639,-0.004855112942316286,-0.01579558183994469,0.11299085958151533,0.5587075674882662,0.13307237696936683
2024-07-05,-0.38683,-1.2936973717785238,-9.462622290876743,-0.386830059202551,-0.0016935733258660844,-0.015824315354353878,0.1137982101340807,0.5587636021556789,0.13307188964410338
2024-07-12,-0.38153,-1.3701109014295776,-9.737632780524741,-0.3815300590135355,-0.002419291062857366,-0.01593220155285154,0.11464218605688081,0.5587507396402713,0.13307005987593248
2024-07-19,-0.37666,-1.276439598458834,-10.540566216986512,-0.37666005883985526,-0.0015296720866972277,-0.016247191123676268,0.11541768846141598,0.5587665071173555,0.13306471759954416
2024-07-26,-0.37291,-0.9955928423511895,-11.490078799962012,-0.37291005870611793,0.001137597351248066,-0.01661968347163739,0.11601484123698207,0.5588137814121572,0.13305840006633146
2024-08-02,-0.37079,-0.5685017832721018,-12.212041574922461,-0.3707900586305117,0.005193784237254728,-0.016902908374611083,0.11635243160610212,0.5588856726773933,0.13305359652408152
2024-08-09,-0.37169,0.24272499258339852,-12.121713637223374,-0.3716900586626087,0.012898200754185888,-0.016867472861482255,0.11620911493996623,0.5590222246329305,0.1330541975163766
2024-08-16,-0.37977,2.1738545562161926,-10.105098707569947,-0.3797700589507681,0.031238604386322345,-0.01607635787938682,0.11492244975954649,0.5593472872740539,0.13306761496025651
2024-08-23,-0.3899,2.667403955025427,-6.93844428002005,-0.38990005931203736,0.035925962167501685,-0.014834084144368855,0.11330934106181725,0.5594303653202519,0.13308868413288036
2024-08-30,-0.40131,2.9263913824057353,-2.889292196007265,-0.40131005971895556,0.03838562828377615,-0.013245607915545151,0.11149240421669479,0.5594739600840355,0.1331156249583446
2024-09-06,-0.4125,2.7883680944905453,1.5934783144102571,-0.4125000601180278,0.03707478780022146,-0.011487023834896514,0.10971050033440556,0.5594507269383413,0.13314545084174237
2024-09-13,-0.42229,2.3733333333333384,6.001807319644548,-0.42229006046717155,0.033133102485917026,-0.009757643043965814,0.10815153348832765,0.5593808650822751,0.133174781432408
2024-09-20,-0.43017,1.8660162447607043,9.765246236284764,-0.4301700607481983,0.028314989631593977,-0.008281251657898493,0.1068967164559381,0.5592954695522164,0.13319982127998473
2024-09-27,-0.43627,1.4180440291047702,12.78080810692035,-0.43627006096574444,0.024060489360956214,-0.007098251304080058,0.10592534794101724,0.5592200634094524,0.13321988516603983
2024-10-04,-0.44025,0.9122790932220903,15.390663905852753,-0.44025006110768433,0.019257117675412595,-0.006074408827619318,0.10529156979521641,0.5591349291497207,0.13323724970758016
2024-10-11,-0.4432,0.6700738216922186,17.66579939467956,-0.44320006121289107,0.016956835744389488,-0.0051818766217721504,0.10482180961177108,0.5590941592880087,0.13325238720472532
2024-10-18,-0.44748,0.9657039711191251,19.996782065377694,-0.44748006136553,0.019764506637334953,-0.004267435651075262,0.10414025924392498,0.5591439220377372,0.13326789627822727
2024-10-25,-0.45188,0.9832841691248762,21.869521831764605,-0.45188006152244853,0.01993147002157926,-0.0035327626775843828,0.10343959998726074,0.559146881272427,0.13328035645609648
2024-11-01,-0.45785,1.3211472072231611,23.180607495493554,-0.4578500617353584,0.023140236853073284,-0.0030184257577616377,0.10248893276855951,0.5592037529881163,0.13328907969723494
2024-11-08,-0.46585,1.7472971497215273,22.666350685941495,-0.46585006202066476,0.027187485727731366,-0.0032201679251426703,0.10121500684735184,0.5592754858373419,0.13328565811596002
2024-11-15,-0.47339,1.6185467425136935,21.41318286740188,-0.47339006228956604,0.025964712030687693,-0.003711783762032721,0.1000143316666136,0.5592538135745374,0.1332773202282304
2024-11-22,-0.4785,1.079448235070446,19.234506989609024,-0.4785000624718055,0.020844763369453508,-0.004566475008590167,0.0992006114844422,0.5591630683506251,0.13326282452015398
2024-11-29,-0.48198,0.727272727272732,16.84363636363637,-0.4819800625959138,0.017500067558255786,-0.005504409933421807,0.09864645370871683,0.5591037874495093,0.1332469169852169
2024-12-06,-0.48438,0.4979459728619462,14.703166070709695,-0.4843800626815057,0.015322096013130912,-0.006344113186910816,0.09826427593235454,0.5590651853992519,0.13323267547603754
2024-12-13,-0.48603,0.34064164498948113,12.985563846851257,-0.48603006274035015,0.013828138838742414,-0.00701792593747315,0.09800152871110546,0.5590387067200159,0.13322124749784112
2024-12-20,-0.48731,0.263358228915922,11.699177115089277,-0.4873100627859992,0.013094159580409782,-0.007522573503699677,0.09779770056371222,0.5590256977786082,0.1332126885897782
2024-12-27,-0.49158,0.8762389444090912,11.659284497444645,-0.4915800629382815,0.018914835682199656,-0.0075382233171715505,0.09711774260326762,0.5591288625935558,0.1332124231662952
2025-01-03,-0.49658,1.0171284429797867,12.044223826714816,-0.49658006311659797,0.020252897260240522,-0.007387212201412463,0.09632153890251283,0.5591525782019616,0.13321498434035559
2025-01-10,-0.5029,1.2727053042812742,12.384911057477431,-0.5029000633419899,0.022680172407168544,-0.007253561116863947,0.09531513742475875,0.5591955988729249,0.13321725108535096
2025-01-17,-0.50822,1.0578643865579718,12.467911835000445,-0.5082200635317187,0.020639776349882958,-0.007221000037572866,0.09446797668715565,0.5591594351905642,0.13321780332676206
2025-01-24,-0.51313,0.9661170359293259,12.073823304575736,-0.5131300637068255,0.01976842961354949,-0.00737560037108549,0.09368610465301444,0.5591439915679959,0.1332151812789616
2025-01-31,-0.51588,0.5359265683160253,10.739508425458833,-0.5158800638048996,0.015682806896509607,-0.007899050076916861,0.0932481926175993,0.5590715785863803,0.13320630348343138
2025-02-07,-0.51454,-0.2597503295340031,8.692621305900005,-0.5145400637571107,0.008126071324669639,-0.008702040793255279,0.09346157520940158,0.5589376441063916,0.13319268462509043
2025-02-14,-0.50975,-0.930928596416214,6.53082549634274,-0.5097500635862836,0.001751729304561533,-0.00955011001461416,0.09422433835472467,0.5588246661973967,0.1331783012276812
2025-02-21,-0.50006,-1.900931829328123,3.751192995559971,-0.5000600632407061,-0.00746062555298365,-0.010640555634029741,0.0957673811267875,0.558661387762471,0.1331598070855733
2025-02-28,-0.48656,-2.6996760388753316,0.4500598703497394,-0.4865600627592517,-0.0150464921244475,-0.011935585158428904,0.09791713111882545,0.5585269369688904,0.13313784316584013
2025-03-07,-0.46991,-3.4219829003617197,-3.3166676954097585,-0.4699100621654578,-0.021906414749732855,-0.01341326667656401,0.10056848944233893,0.5584053527000158,0.13311278143740538
2025-03-14,-0.45167,-3.881594347853845,-7.313619667152327,-0.45167006151495925,-0.026271455614779102,-0.01498126488041786,0.10347304054269245,0.5583279873518663,0.13308618792270757
2025-03-21,-0.43389,-3.93650231363607,-11.735627975100705,-0.4338900608808658,-0.026792929820358104,-0.01671601204108162,0.10630434090257652,0.558318744819044,0.13305676631750377
2025-03-28,-0.41717,-3.8535112586139397,-15.99138104635709,-0.41717006028457543,-0.026004743737131564,-0.018385537524237786,0.10896684607790057,0.5583327145143162,0.13302845088298
2025-04-04,-0.40216,-3.59805355131001,-20.03181547027242,-0.4021600597492694,-0.023578600224481605,-0.01997059382821094,0.11135704958756648,0.5583757151283586,0.1330015680600195
2025-04-11,-0.39129,-2.702904316689869,-23.007752548109085,-0.3912900593616093,-0.015077151858144454,-0.021138049435838767,0.11308799643300742,0.5585263935602386,0.1329817678154885
2025-04-18,-0.39166,0.09455902271970906,-23.672363728489852,-0.39166005937480475,0.011491032771766791,-0.021398775395136165,0.11302907735915156,0.5589972841926848,0.1329773458591281
2025-04-25,-0.39815,1.6570494816932957,-22.82119872838645,-0.39815005960625954,0.026330381839070917,-0.02106486465495694,0.11199560495557184,0.55926029465293,0.1329830090417484
2025-05-02,-0.41145,3.340449579304283,-20.03537139969682,-0.4114500600805814,0.04231803893157772,-0.019971988813937542,0.10987770311156407,0.5595436575572643,0.1330015444008257
2025-05-09,-0.42867,4.18519868756837,-15.905836194212853,-0.42867006069470337,0.050340825131539146,-0.01835197840832661,0.10713557756616453,0.5596858522506657,0.13302902005126094
2025-05-16,-0.44604,4.052068024354405,-10.802703675558922,-0.44604006131417484,0.049076451085830405,-0.016350027251583292,0.10436956590974235,0.5596634426693441,0.13306297348142448
2025-05-23,-0.4605,3.241861716437988,-5.355968431437019,-0.4605000618298662,0.04138172619925327,-0.014213281266134997,0.10206694480715947,0.5595270624868509,0.13309921305467767
2025-05-30,-0.4721,2.51900108577634,0.46604668979166597,-0.47210006224356044,0.03451654429443298,-0.011929313553378982,0.10021975222140833,0.5594053850032723,0.13313794953332234
2025-06-06,-0.48095,1.8746028383817004,6.482608984435534,-0.4809500625591806,0.0283965385839791,-0.009569025279196045,0.09881047167107233,0.5592969149139638,0.1331779804215952
2025-06-13,-0.48814,1.4949578958311838,12.503169005969262,-0.48814006281559974,0.02479095891993139,-0.007207168702810048,0.09766553074938693,0.5592330101454601,0.13321803790853862
2025-06-20,-0.49436,1.2742246076945074,18.50324807632382,-0.4943600630374254,0.022694601598437288,-0.004853346772546696,0.09667505334564795,0.5591958546138082,0.13325795912652508
2025-06-27,-0.50093,1.3289910186908171,24.559876666003568,-0.5009300632717332,0.023214731424043743,-0.002477340551514386,0.09562884168285615,0.5592050733190357,0.1332982565938345
2025-07-04,-0.50779,1.3694528177589538,29.773313910398926,-0.5077900635163834,0.02359900689709695,-0.00043211701795445545,0.09453645020542056,0.5592118841615175,0.13333294393082656
2025-07-11,-0.51433,1.2879339884597885,31.32053311545726,-0.5143300637496214,0.02282480289695032,0.00017485473243211537,0.0934950157648333,0.5591981622826481,0.13334323827435665
2025-07-18,-0.51959,1.0226897128302825,30.501067436895646,-0.5195900639372104,0.020305713982477144,-0.00014662041192502098,0.09265740947163924,0.5591535143178492,0.13333778600154447
2025-07-25,-0.52414,0.8756904482380534,27.388504070968533,-0.5241400640994784,0.01890962648165871,-0.0013676743054065643,0.09193286410395235,0.5591287702664446,0.13331707672102153
2025-08-01,-0.52736,0.6143396802380963,23.0223715212168,-0.5273600642143143,0.01642751514901924,-0.0030805014907714693,0.09142010892066627,0.5590847776869172,0.13328802688230562
2025-08-08,-0.52955,0.4152760922329968,18.722536095417453,-0.5295500642924168,0.014536960200646517,-0.00476732041483803,0.09107137169973567,0.5590512697665337,0.13325941814809955
2025-08-15,-0.53237,0.5325276177887028,15.60694896851249,-0.5323700643929873,0.015650526242859685,-0.005989560525170731,0.09062231281250996,0.5590710064487795,0.1332386887491382
2025-08-22,-0.53352,0.21601517741420828,13.009955517898742,-0.5335200644340001,0.012644531191890348,-0.0070083571218702,0.09043918596133635,0.5590177286305771,0.13322140978657193
2025-08-29,-0.5342,0.1274553906132958,11.071836989292038,-0.5342000644582512,0.011803457518692969,-0.007768678084742881,0.0903309022580337,0.5590028215633678,0.13320851461446553
2025-09-05,-0.53386,-0.0636465743167336,9.366165444339725,-0.5338600644461257,0.009988516026565523,-0.008437810448043167,0.09038504410968502,0.5589706538048632,0.1331971660164286
2025-09-12,-0.53365,-0.03933615554641001,7.947649486204367,-0.5336500644386363,0.010219397942057125,-0.008994292109624043,0.09041848466511673,0.5589747459222856,0.13318772799334289
2025-09-19,-0.53223,-0.26609200787032217,6.248378016888578,-0.5322300643879945,0.008065842874655922,-0.009660913732947078,0.0906446065161311,0.5589365766261211,0.13317642197788054
2025-09-26,-0.53125,-0.1841309208424846,4.620020087043875,-0.5312500643530444,0.008844247103210853,-0.01029971608215682,0.09080066244147904,0.5589503729492266,0.1331655877820116
2025-10-03,-0.53075,-0.0941176470588112,3.192502867808633,-0.5307500643352129,0.009699124893148978,-0.010859728924831894,0.09088028281155451,0.5589655246785892,0.1331560898694974
2025-10-10,-0.53046,-0.05463966085728078,2.0920341038126233,-0.5304600643248705,0.01007405685791986,-0.011291441153935993,0.09092646262619829,0.5589721699180917,0.13314876795708597
2025-10-17,-0.52999,-0.08860234513442533,1.1161140153393978,-0.5299900643081086,0.009751505046894876,-0.011674293126301265,0.09100130577406924,0.5589664530568005,0.13314227472289147
2025-10-24,-0.53139,0.2641559274703331,0.7641838592232997,-0.5313900643580373,0.013101735516142002,-0.011812354793434949,0.0907783687378579,0.5590258320533891,0.13313993317366962
2025-10-31,-0.5333,0.3594346901522272,0.7081484279104933,-0.5333000644261542,0.014006620925212751,-0.011834337408255399,0.09047421892416957,0.5590418701105053,0.13313956034480484
2025-11-07,-0.53582,0.47252953309582235,0.6480455322426026,-0.5358200645160257,0.015080709949253516,-0.011857915683180875,0.09007293225898916,0.5590609071078343,0.1331391604532748
2025-11-14,-0.5382,0.44417901534097304,0.8771929824561431,-0.5382000646009043,0.01481145823844347,-0.011768021485579127,0.08969393929742986,0.5590561349297515,0.13314068507406795
