Date,VIX,UST10Y_pct,DX_FUT
1980-01-02,,1.05,
1980-01-03,,1.0600000381469727,
1980-01-04,,1.065999984741211,
1980-01-07,,1.0630000114440918,
1980-01-08,,1.056999969482422,
1980-01-09,,1.0579999923706054,
1980-01-10,,1.0510000228881835,
1980-01-11,,1.068000030517578,
1980-01-14,,1.0699999809265137,
1980-01-15,,1.0649999618530273,
1980-01-16,,1.0649999618530273,
1980-01-17,,1.0710000038146972,
1980-01-18,,1.0819999694824218,
1980-01-21,,1.0960000038146973,
1980-01-22,,1.0850000381469727,
1980-01-23,,1.0819999694824218,
1980-01-24,,1.1010000228881835,
1980-01-25,,1.1100000381469726,
1980-01-28,,1.1149999618530273,
1980-01-29,,1.1210000038146972,
1980-01-30,,1.115999984741211,
1980-01-31,,1.1130000114440919,
1980-02-01,,1.1289999961853028,
1980-02-04,,1.1399999618530274,
1980-02-05,,1.172999954223633,
1980-02-06,,1.1920000076293946,
1980-02-07,,1.1710000038146973,
1980-02-08,,1.1800000190734863,
1980-02-11,,1.2010000228881836,
1980-02-13,,1.1859999656677247,
1980-02-14,,1.1970000267028809,
1980-02-15,,1.2199999809265136,
1980-02-19,,1.2850000381469726,
1980-02-20,,1.2840000152587892,
1980-02-21,,1.3220000267028809,
1980-02-22,,1.30600004196167,
1980-02-25,,1.327000045776367,
1980-02-26,,1.3649999618530273,
1980-02-27,,1.3460000038146973,
1980-02-28,,1.2920000076293945,
1980-02-29,,1.2720000267028808,
1980-03-03,,1.2789999961853027,
1980-03-04,,1.290999984741211,
1980-03-05,,1.3029999732971191,
1980-03-06,,1.3130000114440918,
1980-03-07,,1.2859999656677246,
1980-03-10,,1.2630000114440918,
1980-03-11,,1.240999984741211,
1980-03-12,,1.2619999885559081,
1980-03-13,,1.25,
1980-03-14,,1.2520000457763671,
1980-03-17,,1.2579999923706056,
1980-03-18,,1.2399999618530273,
1980-03-19,,1.2350000381469726,
1980-03-20,,1.2619999885559081,
1980-03-21,,1.275,
1980-03-24,,1.3170000076293946,
1980-03-25,,1.3100000381469727,
1980-03-26,,1.3029999732971191,
1980-03-27,,1.297000026702881,
1980-03-28,,1.2720000267028808,
1980-03-31,,1.2640000343322755,
1980-04-01,,1.26899995803833,
1980-04-02,,1.2630000114440918,
1980-04-03,,1.2520000457763671,
1980-04-07,,1.2130000114440918,
1980-04-08,,1.2210000038146973,
1980-04-09,,1.2060000419616699,
1980-04-10,,1.2060000419616699,
1980-04-11,,1.1789999961853028,
1980-04-14,,1.1619999885559082,
1980-04-15,,1.1569999694824218,
1980-04-16,,1.0899999618530274,
1980-04-17,,1.1130000114440919,
1980-04-18,,1.1050000190734863,
1980-04-21,,1.0899999618530274,
1980-04-22,,1.0819999694824218,
1980-04-23,,1.0890000343322754,
1980-04-24,,1.0960000038146973,
1980-04-25,,1.0949999809265136,
1980-04-28,,1.0630000114440918,
1980-04-29,,1.0670000076293946,
1980-04-30,,1.0760000228881836,
1980-05-01,,1.056999969482422,
1980-05-02,,1.0239999771118165,
1980-05-05,,1.018000030517578,
1980-05-06,,0.9800000190734863,
1980-05-07,,0.9960000038146972,
1980-05-08,,1.018000030517578,
1980-05-09,,1.0300000190734864,
1980-05-12,,1.0300000190734864,
1980-05-13,,1.0130000114440918,
1980-05-14,,1.0140000343322755,
1980-05-15,,1.0310000419616698,
1980-05-16,,1.0369999885559082,
1980-05-19,,1.0529999732971191,
1980-05-20,,1.0220000267028808,
1980-05-21,,1.0079999923706056,
1980-05-22,,1.0100000381469727,
1980-05-23,,0.9850000381469727,
1980-05-27,,0.9960000038146972,
1980-05-28,,1.0100000381469727,
1980-05-29,,1.0239999771118165,
1980-05-30,,1.025,
1980-06-02,,1.0310000419616698,
1980-06-03,,1.015999984741211,
1980-06-04,,1.0069999694824219,
1980-06-05,,1.0020000457763671,
1980-06-06,,0.9810000419616699,
1980-06-09,,0.9729999542236328,
1980-06-10,,0.9829999923706054,
1980-06-11,,0.9699999809265136,
1980-06-12,,0.9529999732971192,
1980-06-13,,0.9510000228881836,
1980-06-16,,0.9470000267028809,
1980-06-17,,0.9489999771118164,
1980-06-18,,0.9560000419616699,
1980-06-19,,0.9560000419616699,
1980-06-20,,0.9489999771118164,
1980-06-23,,0.9630000114440918,
1980-06-24,,0.9680000305175781,
1980-06-25,,0.9789999961853028,
1980-06-26,,0.9869999885559082,
1980-06-27,,1.0039999961853028,
1980-06-30,,1.009000015258789,
1980-07-01,,1.0130000114440918,
1980-07-02,,1.01899995803833,
1980-07-03,,1.0010000228881837,
1980-07-07,,1.0199999809265137,
1980-07-08,,1.009000015258789,
1980-07-09,,1.0140000343322755,
1980-07-10,,1.0210000038146974,
1980-07-11,,1.0279999732971192,
1980-07-14,,1.0329999923706055,
1980-07-15,,1.0170000076293946,
1980-07-16,,1.0069999694824219,
1980-07-17,,1.0210000038146974,
1980-07-18,,1.0199999809265137,
1980-07-21,,1.0130000114440918,
1980-07-22,,1.018000030517578,
1980-07-23,,1.0119999885559081,
1980-07-24,,1.0239999771118165,
1980-07-25,,1.0350000381469726,
1980-07-28,,1.0460000038146973,
1980-07-29,,1.0449999809265136,
1980-07-30,,1.0529999732971191,
1980-07-31,,1.0760000228881836,
1980-08-01,,1.0760000228881836,
1980-08-04,,1.06899995803833,
1980-08-05,,1.0699999809265137,
1980-08-06,,1.0800000190734864,
1980-08-07,,1.0710000038146972,
1980-08-08,,1.0869999885559083,
1980-08-11,,1.1029999732971192,
1980-08-12,,1.0979999542236327,
1980-08-13,,1.0890000343322754,
1980-08-14,,1.0899999618530274,
1980-08-15,,1.0859999656677246,
1980-08-18,,1.1130000114440919,
1980-08-19,,1.1239999771118163,
1980-08-20,,1.122000026702881,
1980-08-21,,1.1300000190734862,
1980-08-22,,1.1130000114440919,
1980-08-25,,1.1399999618530274,
1980-08-26,,1.1420000076293946,
1980-08-27,,1.1670000076293945,
1980-08-28,,1.1890000343322753,
1980-08-29,,1.1550000190734864,
1980-09-02,,1.1319999694824219,
1980-09-03,,1.1079999923706054,
1980-09-04,,1.115999984741211,
1980-09-05,,1.1210000038146972,
1980-09-08,,1.1289999961853028,
1980-09-09,,1.11899995803833,
1980-09-10,,1.1140000343322753,
1980-09-11,,1.1319999694824219,
1980-09-12,,1.1369999885559081,
1980-09-15,,1.1619999885559082,
1980-09-16,,1.1520000457763673,
1980-09-17,,1.1569999694824218,
1980-09-18,,1.1529999732971192,
1980-09-19,,1.1329999923706056,
1980-09-22,,1.1689999580383301,
1980-09-23,,1.1760000228881835,
1980-09-24,,1.175,
1980-09-25,,1.190999984741211,
1980-09-26,,1.1989999771118165,
1980-09-29,,1.2069999694824218,
1980-09-30,,1.1859999656677247,
1980-10-01,,1.1779999732971191,
1980-10-02,,1.1829999923706054,
1980-10-03,,1.1399999618530274,
1980-10-06,,1.1350000381469727,
1980-10-07,,1.143000030517578,
1980-10-08,,1.1510000228881836,
1980-10-09,,1.1390000343322755,
1980-10-10,,1.14399995803833,
1980-10-14,,1.1369999885559081,
1980-10-15,,1.1289999961853028,
1980-10-16,,1.1470000267028808,
1980-10-17,,1.1619999885559082,
1980-10-20,,1.1640000343322754,
1980-10-21,,1.1699999809265136,
1980-10-22,,1.1880000114440918,
1980-10-23,,1.181999969482422,
1980-10-24,,1.1739999771118164,
1980-10-27,,1.2130000114440918,
1980-10-28,,1.231999969482422,
1980-10-29,,1.2479999542236329,
1980-10-30,,1.2479999542236329,
1980-10-31,,1.2460000038146972,
1980-11-03,,1.2460000038146972,
1980-11-05,,1.2609999656677247,
1980-11-06,,1.3039999961853028,
1980-11-07,,1.265999984741211,
1980-11-10,,1.2779999732971192,
1980-11-12,,1.247000026702881,
1980-11-13,,1.2489999771118163,
1980-11-14,,1.2789999961853027,
1980-11-17,,1.2949999809265136,
1980-11-18,,1.2619999885559081,
1980-11-19,,1.2510000228881837,
1980-11-20,,1.259000015258789,
1980-11-21,,1.2800000190734864,
1980-11-24,,1.2760000228881836,
1980-11-25,,1.2739999771118165,
1980-11-26,,1.2649999618530274,
1980-11-28,,1.2720000267028808,
1980-12-01,,1.2920000076293945,
1980-12-02,,1.2949999809265136,
1980-12-03,,1.2920000076293945,
1980-12-04,,1.290999984741211,
1980-12-05,,1.2850000381469726,
1980-12-08,,1.290999984741211,
1980-12-09,,1.3100000381469727,
1980-12-10,,1.3149999618530273,
1980-12-11,,1.356999969482422,
1980-12-12,,1.3210000038146972,
1980-12-15,,1.325,
1980-12-16,,1.3510000228881835,
1980-12-17,,1.327999973297119,
1980-12-18,,1.3220000267028809,
1980-12-19,,1.2640000343322755,
1980-12-22,,1.2140000343322754,
1980-12-23,,1.2350000381469726,
1980-12-24,,1.2420000076293944,
1980-12-26,,1.225,
1980-12-29,,1.2199999809265136,
1980-12-30,,1.2390000343322753,
1980-12-31,,1.2430000305175781,
1981-01-02,,1.2420000076293944,
1981-01-05,,1.2149999618530274,
1981-01-06,,1.2109999656677246,
1981-01-07,,1.2380000114440919,
1981-01-08,,1.2350000381469726,
1981-01-09,,1.2569999694824219,
1981-01-12,,1.2449999809265138,
1981-01-13,,1.252999973297119,
1981-01-14,,1.252999973297119,
1981-01-15,,1.2619999885559081,
1981-01-16,,1.252999973297119,
1981-01-19,,1.2640000343322755,
1981-01-20,,1.25,
1981-01-21,,1.2770000457763673,
1981-01-22,,1.2869999885559082,
1981-01-23,,1.2840000152587892,
1981-01-26,,1.2699999809265137,
1981-01-27,,1.2729999542236328,
1981-01-28,,1.2770000457763673,
1981-01-29,,1.2800000190734864,
1981-01-30,,1.268000030517578,
1981-02-02,,1.2859999656677246,
1981-02-03,,1.297999954223633,
1981-02-04,,1.2859999656677246,
1981-02-05,,1.2949999809265136,
1981-02-06,,1.309000015258789,
1981-02-09,,1.3210000038146972,
1981-02-10,,1.327000045776367,
1981-02-11,,1.3420000076293945,
1981-02-13,,1.3649999618530273,
1981-02-17,,1.3329999923706055,
1981-02-18,,1.3300000190734864,
1981-02-19,,1.309000015258789,
1981-02-20,,1.2899999618530273,
1981-02-23,,1.31899995803833,
1981-02-24,,1.3210000038146972,
1981-02-25,,1.3289999961853027,
1981-02-26,,1.3470000267028808,
1981-02-27,,1.3430000305175782,
1981-03-02,,1.3619999885559082,
1981-03-03,,1.3430000305175782,
1981-03-04,,1.3449999809265136,
1981-03-05,,1.3430000305175782,
1981-03-06,,1.3199999809265137,
1981-03-09,,1.309000015258789,
1981-03-10,,1.3079999923706054,
1981-03-11,,1.3119999885559082,
1981-03-12,,1.3029999732971191,
1981-03-13,,1.2859999656677246,
1981-03-16,,1.2850000381469726,
1981-03-17,,1.268000030517578,
1981-03-18,,1.2579999923706056,
1981-03-19,,1.2670000076293946,
1981-03-20,,1.2770000457763673,
1981-03-23,,1.3130000114440918,
1981-03-24,,1.3300000190734864,
1981-03-25,,1.3210000038146972,
1981-03-26,,1.334000015258789,
1981-03-27,,1.3359999656677246,
1981-03-30,,1.3220000267028809,
1981-03-31,,1.3130000114440918,
1981-04-01,,1.3140000343322753,
1981-04-02,,1.325,
1981-04-03,,1.3399999618530274,
1981-04-06,,1.3739999771118163,
1981-04-07,,1.3409999847412108,
1981-04-08,,1.3609999656677245,
1981-04-09,,1.3449999809265136,
1981-04-10,,1.359000015258789,
1981-04-13,,1.3680000305175781,
1981-04-14,,1.3579999923706054,
1981-04-15,,1.3739999771118163,
1981-04-16,,1.3789999961853028,
1981-04-20,,1.36899995803833,
1981-04-21,,1.3729999542236329,
1981-04-22,,1.377999973297119,
1981-04-23,,1.3800000190734862,
1981-04-24,,1.3880000114440918,
1981-04-27,,1.3920000076293946,
1981-04-28,,1.393000030517578,
1981-04-29,,1.4050000190734864,
1981-04-30,,1.4109999656677246,
1981-05-01,,1.4050000190734864,
1981-05-04,,1.4470000267028809,
1981-05-05,,1.4689999580383302,
1981-05-06,,1.4560000419616699,
1981-05-07,,1.4329999923706054,
1981-05-08,,1.422999954223633,
1981-05-11,,1.434000015258789,
1981-05-12,,1.4460000038146972,
1981-05-13,,1.4489999771118165,
1981-05-14,,1.4239999771118164,
1981-05-15,,1.4069999694824218,
1981-05-18,,1.3800000190734862,
1981-05-19,,1.3949999809265137,
1981-05-20,,1.4,
1981-05-21,,1.4050000190734864,
1981-05-22,,1.3819999694824219,
1981-05-26,,1.3670000076293944,
1981-05-27,,1.3710000038146972,
1981-05-28,,1.35600004196167,
1981-05-29,,1.35,
1981-06-01,,1.3460000038146973,
1981-06-02,,1.3579999923706054,
1981-06-03,,1.3550000190734863,
1981-06-04,,1.3510000228881835,
1981-06-05,,1.35600004196167,
1981-06-08,,1.3359999656677246,
1981-06-09,,1.3369999885559083,
1981-06-10,,1.3310000419616699,
1981-06-11,,1.3319999694824218,
1981-06-12,,1.3350000381469727,
1981-06-15,,1.309000015258789,
1981-06-16,,1.3079999923706054,
1981-06-17,,1.3229999542236328,
1981-06-18,,1.356999969482422,
1981-06-19,,1.3460000038146973,
1981-06-22,,1.3439999580383302,
1981-06-23,,1.35600004196167,
1981-06-24,,1.365999984741211,
1981-06-25,,1.3699999809265138,
1981-06-26,,1.36899995803833,
1981-06-29,,1.3680000305175781,
1981-06-30,,1.3859999656677247,
1981-07-01,,1.4039999961853027,
1981-07-02,,1.3949999809265137,
1981-07-06,,1.38100004196167,
1981-07-07,,1.4039999961853027,
1981-07-08,,1.4109999656677246,
1981-07-09,,1.4119999885559082,
1981-07-10,,1.39399995803833,
1981-07-13,,1.3989999771118165,
1981-07-14,,1.4149999618530273,
1981-07-15,,1.4069999694824218,
1981-07-16,,1.4109999656677246,
1981-07-17,,1.4090000152587892,
1981-07-20,,1.459000015258789,
1981-07-21,,1.4609999656677246,
1981-07-22,,1.4630000114440918,
1981-07-23,,1.4569999694824218,
1981-07-24,,1.440999984741211,
1981-07-27,,1.443000030517578,
1981-07-28,,1.452999973297119,
1981-07-29,,1.4609999656677246,
1981-07-30,,1.4710000038146973,
1981-07-31,,1.4670000076293945,
1981-08-03,,1.4949999809265138,
1981-08-04,,1.4949999809265138,
1981-08-05,,1.490999984741211,
1981-08-06,,1.4859999656677245,
1981-08-07,,1.4829999923706054,
1981-08-10,,1.4649999618530274,
1981-08-11,,1.4399999618530273,
1981-08-12,,1.4609999656677246,
1981-08-13,,1.4649999618530274,
1981-08-14,,1.4739999771118164,
1981-08-17,,1.4710000038146973,
1981-08-18,,1.4789999961853026,
1981-08-19,,1.4770000457763672,
1981-08-20,,1.4890000343322753,
1981-08-21,,1.497000026702881,
1981-08-24,,1.5319999694824218,
1981-08-25,,1.5350000381469726,
1981-08-26,,1.5310000419616698,
1981-08-27,,1.5359999656677246,
1981-08-28,,1.525,
1981-08-31,,1.540999984741211,
1981-09-01,,1.540999984741211,
1981-09-02,,1.5399999618530273,
1981-09-03,,1.547999954223633,
1981-09-04,,1.5510000228881835,
1981-09-08,,1.559000015258789,
1981-09-09,,1.5529999732971191,
1981-09-10,,1.5300000190734864,
1981-09-11,,1.5050000190734862,
1981-09-14,,1.5199999809265137,
1981-09-15,,1.5079999923706056,
1981-09-16,,1.5109999656677247,
1981-09-17,,1.4949999809265138,
1981-09-18,,1.490999984741211,
1981-09-21,,1.4779999732971192,
1981-09-22,,1.502999973297119,
1981-09-23,,1.5229999542236328,
1981-09-24,,1.5310000419616698,
1981-09-25,,1.568000030517578,
1981-09-28,,1.5649999618530273,
1981-09-29,,1.5760000228881836,
1981-09-30,,1.584000015258789,
1981-10-01,,1.575,
1981-10-02,,1.540999984741211,
1981-10-05,,1.51899995803833,
1981-10-06,,1.5140000343322755,
1981-10-07,,1.5039999961853028,
1981-10-08,,1.5,
1981-10-09,,1.4729999542236327,
1981-10-13,,1.4829999923706054,
1981-10-14,,1.4869999885559082,
1981-10-15,,1.4880000114440919,
1981-10-16,,1.49399995803833,
1981-10-19,,1.4949999809265138,
1981-10-20,,1.509000015258789,
1981-10-21,,1.5340000152587892,
1981-10-22,,1.5380000114440917,
1981-10-23,,1.5300000190734864,
1981-10-26,,1.5600000381469727,
1981-10-27,,1.5539999961853028,
1981-10-28,,1.5439999580383301,
1981-10-29,,1.50600004196167,
1981-10-30,,1.4630000114440918,
1981-11-02,,1.4569999694824218,
1981-11-04,,1.4180000305175782,
1981-11-05,,1.4189999580383301,
1981-11-06,,1.39399995803833,
1981-11-09,,1.3390000343322754,
1981-11-10,,1.3399999618530274,
1981-11-12,,1.31899995803833,
1981-11-13,,1.318000030517578,
1981-11-16,,1.306999969482422,
1981-11-17,,1.318000030517578,
1981-11-18,,1.3,
1981-11-19,,1.3039999961853028,
1981-11-20,,1.3140000343322753,
1981-11-23,,1.3439999580383302,
1981-11-24,,1.3130000114440918,
1981-11-25,,1.297999954223633,
1981-11-27,,1.2920000076293945,
1981-11-30,,1.3130000114440918,
1981-12-01,,1.3369999885559083,
1981-12-02,,1.3489999771118164,
1981-12-03,,1.3449999809265136,
1981-12-04,,1.3149999618530273,
1981-12-07,,1.35,
1981-12-08,,1.35,
1981-12-09,,1.3640000343322753,
1981-12-10,,1.3800000190734862,
1981-12-11,,1.384000015258789,
1981-12-14,,1.3619999885559082,
1981-12-15,,1.3550000190734863,
1981-12-16,,1.3529999732971192,
1981-12-17,,1.3710000038146972,
1981-12-18,,1.3510000228881835,
1981-12-21,,1.3829999923706056,
1981-12-22,,1.4020000457763673,
1981-12-23,,1.4140000343322754,
1981-12-24,,1.4010000228881836,
1981-12-28,,1.4010000228881836,
1981-12-29,,1.4119999885559082,
1981-12-30,,1.4170000076293945,
1981-12-31,,1.3979999542236328,
1982-01-04,,1.4189999580383301,
1982-01-05,,1.44399995803833,
1982-01-06,,1.459000015258789,
1982-01-07,,1.4630000114440918,
1982-01-08,,1.4479999542236328,
1982-01-11,,1.48100004196167,
1982-01-12,,1.4619999885559083,
1982-01-13,,1.4829999923706054,
1982-01-14,,1.4699999809265136,
1982-01-15,,1.481999969482422,
1982-01-18,,1.475,
1982-01-19,,1.4800000190734863,
1982-01-20,,1.48100004196167,
1982-01-21,,1.4619999885559083,
1982-01-22,,1.4689999580383302,
1982-01-25,,1.4619999885559083,
1982-01-26,,1.4539999961853027,
1982-01-27,,1.4510000228881836,
1982-01-28,,1.4289999961853028,
1982-01-29,,1.4140000343322754,
1982-02-01,,1.4579999923706055,
1982-02-02,,1.4470000267028809,
1982-02-03,,1.4689999580383302,
1982-02-04,,1.4760000228881835,
1982-02-05,,1.4649999618530274,
1982-02-08,,1.4880000114440919,
1982-02-09,,1.4949999809265138,
1982-02-10,,1.48100004196167,
1982-02-11,,1.4710000038146973,
1982-02-16,,1.452999973297119,
1982-02-17,,1.45,
1982-02-18,,1.4279999732971191,
1982-02-19,,1.4239999771118164,
1982-02-22,,1.3869999885559081,
1982-02-23,,1.393000030517578,
1982-02-24,,1.3869999885559081,
1982-02-25,,1.390999984741211,
1982-02-26,,1.4029999732971192,
1982-03-01,,1.3850000381469727,
1982-03-02,,1.3739999771118163,
1982-03-03,,1.36899995803833,
1982-03-04,,1.3609999656677245,
1982-03-05,,1.359000015258789,
1982-03-08,,1.3670000076293944,
1982-03-09,,1.36899995803833,
1982-03-10,,1.3729999542236329,
1982-03-11,,1.3949999809265137,
1982-03-12,,1.3970000267028808,
1982-03-15,,1.3960000038146974,
1982-03-16,,1.390999984741211,
1982-03-17,,1.3880000114440918,
1982-03-18,,1.3869999885559081,
1982-03-19,,1.3890000343322755,
1982-03-22,,1.3739999771118163,
1982-03-23,,1.372000026702881,
1982-03-24,,1.390999984741211,
1982-03-25,,1.3899999618530274,
1982-03-26,,1.4010000228881836,
1982-03-29,,1.415999984741211,
1982-03-30,,1.4189999580383301,
1982-03-31,,1.4180000305175782,
1982-04-01,,1.4100000381469726,
1982-04-02,,1.4100000381469726,
1982-04-05,,1.415999984741211,
1982-04-06,,1.4180000305175782,
1982-04-07,,1.4180000305175782,
1982-04-08,,1.3979999542236328,
1982-04-12,,1.3829999923706056,
1982-04-13,,1.3829999923706056,
1982-04-14,,1.3949999809265137,
1982-04-15,,1.390999984741211,
1982-04-16,,1.3710000038146972,
1982-04-19,,1.365999984741211,
1982-04-20,,1.372000026702881,
1982-04-21,,1.36899995803833,
1982-04-22,,1.3710000038146972,
1982-04-23,,1.36899995803833,
1982-04-26,,1.3699999809265138,
1982-04-27,,1.3699999809265138,
1982-04-28,,1.3770000457763671,
1982-04-29,,1.3869999885559081,
1982-04-30,,1.3869999885559081,
1982-05-03,,1.3949999809265137,
1982-05-04,,1.3869999885559081,
1982-05-05,,1.3800000190734862,
1982-05-06,,1.3539999961853026,
1982-05-07,,1.3479999542236327,
1982-05-10,,1.3489999771118164,
1982-05-11,,1.3460000038146973,
1982-05-12,,1.359000015258789,
1982-05-13,,1.3619999885559082,
1982-05-14,,1.3479999542236327,
1982-05-17,,1.356999969482422,
1982-05-18,,1.3600000381469726,
1982-05-19,,1.3640000343322753,
1982-05-20,,1.3529999732971192,
1982-05-21,,1.3520000457763672,
1982-05-24,,1.3579999923706054,
1982-05-25,,1.3619999885559082,
1982-05-26,,1.3680000305175781,
1982-05-27,,1.372000026702881,
1982-05-28,,1.3710000038146972,
1982-06-01,,1.393000030517578,
1982-06-02,,1.3859999656677247,
1982-06-03,,1.3899999618530274,
1982-06-04,,1.3979999542236328,
1982-06-07,,1.39399995803833,
1982-06-08,,1.3979999542236328,
1982-06-09,,1.3989999771118165,
1982-06-10,,1.4020000457763673,
1982-06-11,,1.393000030517578,
1982-06-14,,1.4210000038146973,
1982-06-15,,1.4210000038146973,
1982-06-16,,1.4260000228881835,
1982-06-17,,1.4479999542236328,
1982-06-18,,1.4619999885559083,
1982-06-21,,1.4630000114440918,
1982-06-22,,1.4659999847412108,
1982-06-23,,1.4739999771118164,
1982-06-24,,1.4710000038146973,
1982-06-25,,1.4760000228881835,
1982-06-28,,1.4729999542236327,
1982-06-29,,1.4609999656677246,
1982-06-30,,1.44399995803833,
1982-07-01,,1.4399999618530273,
1982-07-02,,1.45,
1982-07-06,,1.4479999542236328,
1982-07-07,,1.4489999771118165,
1982-07-08,,1.4189999580383301,
1982-07-09,,1.4029999732971192,
1982-07-12,,1.3869999885559081,
1982-07-13,,1.4020000457763673,
1982-07-14,,1.4100000381469726,
1982-07-15,,1.3960000038146974,
1982-07-16,,1.3699999809265138,
1982-07-19,,1.3680000305175781,
1982-07-20,,1.3529999732971192,
1982-07-21,,1.3600000381469726,
1982-07-22,,1.3510000228881835,
1982-07-23,,1.35600004196167,
1982-07-26,,1.390999984741211,
1982-07-27,,1.3859999656677247,
1982-07-28,,1.3970000267028808,
1982-07-29,,1.3829999923706056,
1982-07-30,,1.3680000305175781,
1982-08-02,,1.3409999847412108,
1982-08-03,,1.3510000228881835,
1982-08-04,,1.3680000305175781,
1982-08-05,,1.3699999809265138,
1982-08-06,,1.3850000381469727,
1982-08-09,,1.3699999809265138,
1982-08-10,,1.36899995803833,
1982-08-11,,1.3710000038146972,
1982-08-12,,1.3550000190734863,
1982-08-13,,1.3199999809265137,
1982-08-16,,1.309000015258789,
1982-08-17,,1.2649999618530274,
1982-08-18,,1.2569999694824219,
1982-08-19,,1.247000026702881,
1982-08-20,,1.2239999771118164,
1982-08-23,,1.247000026702881,
1982-08-24,,1.2350000381469726,
1982-08-25,,1.2430000305175781,
1982-08-26,,1.2550000190734862,
1982-08-27,,1.2770000457763673,
1982-08-30,,1.2810000419616698,
1982-08-31,,1.2810000419616698,
1982-09-01,,1.2760000228881836,
1982-09-02,,1.2600000381469727,
1982-09-03,,1.247000026702881,
1982-09-07,,1.252999973297119,
1982-09-08,,1.2510000228881837,
1982-09-09,,1.252999973297119,
1982-09-10,,1.2729999542236328,
1982-09-13,,1.2630000114440918,
1982-09-14,,1.25600004196167,
1982-09-15,,1.2600000381469727,
1982-09-16,,1.2600000381469727,
1982-09-17,,1.2510000228881837,
1982-09-20,,1.247000026702881,
1982-09-21,,1.2180000305175782,
1982-09-22,,1.2039999961853027,
1982-09-23,,1.19399995803833,
1982-09-24,,1.209000015258789,
1982-09-27,,1.1989999771118165,
1982-09-28,,1.1850000381469727,
1982-09-29,,1.1800000190734863,
1982-09-30,,1.172999954223633,
1982-10-01,,1.1510000228881836,
1982-10-04,,1.172000026702881,
1982-10-05,,1.1689999580383301,
1982-10-06,,1.15,
1982-10-07,,1.0909999847412108,
1982-10-08,,1.0829999923706055,
1982-10-12,,1.0529999732971191,
1982-10-13,,1.0390000343322754,
1982-10-14,,1.0609999656677247,
1982-10-15,,1.075,
1982-10-18,,1.0579999923706054,
1982-10-19,,1.05600004196167,
1982-10-20,,1.06899995803833,
1982-10-21,,1.06899995803833,
1982-10-22,,1.0810000419616699,
1982-10-25,,1.1109999656677245,
1982-10-26,,1.0869999885559083,
1982-10-27,,1.0899999618530274,
1982-10-28,,1.077000045776367,
1982-10-29,,1.0710000038146972,
1982-11-01,,1.05600004196167,
1982-11-03,,1.0460000038146973,
1982-11-04,,1.0420000076293945,
1982-11-05,,1.047999954223633,
1982-11-08,,1.0550000190734863,
1982-11-09,,1.0510000228881835,
1982-11-10,,1.047999954223633,
1982-11-12,,1.0579999923706054,
1982-11-15,,1.0649999618530273,
1982-11-16,,1.0670000076293946,
1982-11-17,,1.059000015258789,
1982-11-18,,1.0460000038146973,
1982-11-19,,1.0420000076293945,
1982-11-22,,1.0430000305175782,
1982-11-23,,1.0529999732971191,
1982-11-24,,1.059000015258789,
1982-11-26,,1.0510000228881835,
1982-11-29,,1.077999973297119,
1982-11-30,,1.0789999961853027,
1982-12-01,,1.0739999771118165,
1982-12-02,,1.068000030517578,
1982-12-03,,1.047000026702881,
1982-12-06,,1.0460000038146973,
1982-12-07,,1.047999954223633,
1982-12-08,,1.0619999885559082,
1982-12-09,,1.0579999923706054,
1982-12-10,,1.065999984741211,
1982-12-13,,1.0609999656677247,
1982-12-14,,1.0460000038146973,
1982-12-15,,1.05,
1982-12-16,,1.059000015258789,
1982-12-17,,1.0640000343322753,
1982-12-20,,1.0699999809265137,
1982-12-21,,1.0539999961853028,
1982-12-22,,1.0529999732971191,
1982-12-23,,1.047000026702881,
1982-12-27,,1.0439999580383301,
1982-12-28,,1.0439999580383301,
1982-12-29,,1.047000026702881,
1982-12-30,,1.0439999580383301,
1982-12-31,,1.0359999656677246,
1983-01-03,,1.0319999694824218,
1983-01-04,,1.0369999885559082,
1983-01-05,,1.0350000381469726,
1983-01-06,,1.0390000343322754,
1983-01-07,,1.0359999656677246,
1983-01-10,,1.0380000114440917,
1983-01-11,,1.0340000152587892,
1983-01-12,,1.0319999694824218,
1983-01-13,,1.0270000457763673,
1983-01-14,,1.0279999732971192,
1983-01-17,,1.0279999732971192,
1983-01-18,,1.0300000190734864,
1983-01-19,,1.040999984741211,
1983-01-20,,1.0430000305175782,
1983-01-21,,1.0609999656677247,
1983-01-24,,1.0699999809265137,
1983-01-25,,1.0619999885559082,
1983-01-26,,1.06899995803833,
1983-01-27,,1.0670000076293946,
1983-01-28,,1.0710000038146972,
1983-01-31,,1.0800000190734864,
1983-02-01,,1.077999973297119,
1983-02-02,,1.0880000114440918,
1983-02-03,,1.0930000305175782,
1983-02-04,,1.0989999771118164,
1983-02-07,,1.0960000038146973,
1983-02-08,,1.0989999771118164,
1983-02-09,,1.1,
1983-02-10,,1.0829999923706055,
1983-02-11,,1.0800000190734864,
1983-02-14,,1.0800000190734864,
1983-02-15,,1.084000015258789,
1983-02-16,,1.0810000419616699,
1983-02-17,,1.0710000038146972,
1983-02-18,,1.0600000381469727,
1983-02-22,,1.0460000038146973,
1983-02-23,,1.0439999580383301,
1983-02-24,,1.0420000076293945,
1983-02-25,,1.0260000228881836,
1983-02-28,,1.0270000457763673,
1983-03-01,,1.0220000267028808,
1983-03-02,,1.0260000228881836,
1983-03-03,,1.0229999542236328,
1983-03-04,,1.0270000457763673,
1983-03-07,,1.0430000305175782,
1983-03-08,,1.0520000457763672,
1983-03-09,,1.047999954223633,
1983-03-10,,1.0550000190734863,
1983-03-11,,1.059000015258789,
1983-03-14,,1.047999954223633,
1983-03-15,,1.0460000038146973,
1983-03-16,,1.0529999732971191,
1983-03-17,,1.05600004196167,
1983-03-18,,1.0579999923706054,
1983-03-21,,1.0600000381469727,
1983-03-22,,1.0619999885559082,
1983-03-23,,1.0579999923706054,
1983-03-24,,1.0579999923706054,
1983-03-25,,1.0640000343322753,
1983-03-28,,1.065999984741211,
1983-03-29,,1.0600000381469727,
1983-03-30,,1.059000015258789,
1983-03-31,,1.0619999885559082,
1983-04-04,,1.0600000381469727,
1983-04-05,,1.0489999771118164,
1983-04-06,,1.0489999771118164,
1983-04-07,,1.0510000228881835,
1983-04-08,,1.0510000228881835,
1983-04-11,,1.040999984741211,
1983-04-12,,1.0420000076293945,
1983-04-13,,1.0390000343322754,
1983-04-14,,1.0289999961853027,
1983-04-15,,1.0329999923706055,
1983-04-18,,1.0289999961853027,
1983-04-19,,1.0390000343322754,
1983-04-20,,1.0390000343322754,
1983-04-21,,1.0430000305175782,
1983-04-22,,1.0420000076293945,
1983-04-25,,1.0399999618530273,
1983-04-26,,1.0369999885559082,
1983-04-27,,1.0289999961853027,
1983-04-28,,1.0310000419616698,
1983-04-29,,1.0270000457763673,
1983-05-02,,1.0260000228881836,
1983-05-03,,1.0260000228881836,
1983-05-04,,1.0119999885559081,
1983-05-05,,1.015999984741211,
1983-05-06,,1.0130000114440918,
1983-05-09,,1.025,
1983-05-10,,1.015999984741211,
1983-05-11,,1.018000030517578,
1983-05-12,,1.0229999542236328,
1983-05-13,,1.0220000267028808,
1983-05-16,,1.0369999885559082,
1983-05-17,,1.040999984741211,
1983-05-18,,1.0430000305175782,
1983-05-19,,1.0489999771118164,
1983-05-20,,1.0539999961853028,
1983-05-23,,1.056999969482422,
1983-05-24,,1.05600004196167,
1983-05-25,,1.0579999923706054,
1983-05-26,,1.0630000114440918,
1983-05-27,,1.0619999885559082,
1983-05-31,,1.0810000419616699,
1983-06-01,,1.077000045776367,
1983-06-02,,1.077999973297119,
1983-06-03,,1.0789999961853027,
1983-06-06,,1.0789999961853027,
1983-06-07,,1.0850000381469727,
1983-06-08,,1.0920000076293945,
1983-06-09,,1.0880000114440918,
1983-06-10,,1.0890000343322754,
1983-06-13,,1.075,
1983-06-14,,1.077000045776367,
1983-06-15,,1.0720000267028809,
1983-06-16,,1.0640000343322753,
1983-06-17,,1.068000030517578,
1983-06-20,,1.0800000190734864,
1983-06-21,,1.0789999961853027,
1983-06-22,,1.0829999923706055,
1983-06-23,,1.0899999618530274,
1983-06-24,,1.1020000457763672,
1983-06-27,,1.1109999656677245,
1983-06-28,,1.1039999961853026,
1983-06-29,,1.0989999771118164,
1983-06-30,,1.0960000038146973,
1983-07-01,,1.0930000305175782,
1983-07-05,,1.1210000038146972,
1983-07-06,,1.115999984741211,
1983-07-07,,1.1289999961853028,
1983-07-08,,1.1329999923706056,
1983-07-11,,1.127999973297119,
1983-07-12,,1.1420000076293946,
1983-07-13,,1.1399999618530274,
1983-07-14,,1.1380000114440918,
1983-07-15,,1.1510000228881836,
1983-07-18,,1.140999984741211,
1983-07-19,,1.1359999656677247,
1983-07-20,,1.127999973297119,
1983-07-21,,1.1319999694824219,
1983-07-22,,1.143000030517578,
1983-07-25,,1.140999984741211,
1983-07-26,,1.1489999771118165,
1983-07-27,,1.1510000228881836,
1983-07-28,,1.165999984741211,
1983-07-29,,1.1760000228881835,
1983-08-01,,1.1800000190734863,
1983-08-02,,1.181999969482422,
1983-08-03,,1.1920000076293946,
1983-08-04,,1.2119999885559083,
1983-08-05,,1.2100000381469727,
1983-08-08,,1.2199999809265136,
1983-08-09,,1.2130000114440918,
1983-08-10,,1.2170000076293945,
1983-08-11,,1.2039999961853027,
1983-08-12,,1.1960000038146972,
1983-08-15,,1.1760000228881835,
1983-08-16,,1.1710000038146973,
1983-08-17,,1.1649999618530273,
1983-08-18,,1.1699999809265136,
1983-08-19,,1.172000026702881,
1983-08-22,,1.1539999961853027,
1983-08-23,,1.1569999694824218,
1983-08-24,,1.1539999961853027,
1983-08-25,,1.1619999885559082,
1983-08-26,,1.1649999618530273,
1983-08-29,,1.1859999656677247,
1983-08-30,,1.1899999618530273,
1983-08-31,,1.1979999542236328,
1983-09-01,,1.1970000267028809,
1983-09-02,,1.2010000228881836,
1983-09-06,,1.1850000381469727,
1983-09-07,,1.1699999809265136,
1983-09-08,,1.1770000457763672,
1983-09-09,,1.172999954223633,
1983-09-12,,1.1560000419616698,
1983-09-13,,1.1630000114440917,
1983-09-14,,1.1760000228881835,
1983-09-15,,1.181999969482422,
1983-09-16,,1.1680000305175782,
1983-09-19,,1.165999984741211,
1983-09-20,,1.1569999694824218,
1983-09-21,,1.1640000343322754,
1983-09-22,,1.1600000381469726,
1983-09-23,,1.1489999771118165,
1983-09-26,,1.140999984741211,
1983-09-27,,1.1449999809265137,
1983-09-28,,1.1489999771118165,
1983-09-29,,1.15,
1983-09-30,,1.14399995803833,
1983-10-03,,1.1470000267028808,
1983-10-04,,1.1460000038146974,
1983-10-05,,1.1350000381469727,
1983-10-06,,1.13100004196167,
1983-10-07,,1.1329999923706056,
1983-10-11,,1.1569999694824218,
1983-10-12,,1.1590000152587892,
1983-10-13,,1.1649999618530273,
1983-10-14,,1.1579999923706055,
1983-10-17,,1.1470000267028808,
1983-10-18,,1.1489999771118165,
1983-10-19,,1.1489999771118165,
1983-10-20,,1.1470000267028808,
1983-10-21,,1.143000030517578,
1983-10-24,,1.165999984741211,
1983-10-25,,1.1699999809265136,
1983-10-26,,1.172000026702881,
1983-10-27,,1.165999984741211,
1983-10-28,,1.1680000305175782,
1983-10-31,,1.1739999771118164,
1983-11-01,,1.1689999580383301,
1983-11-02,,1.1699999809265136,
1983-11-03,,1.175,
1983-11-04,,1.1850000381469727,
1983-11-07,,1.1850000381469727,
1983-11-09,,1.184000015258789,
1983-11-10,,1.1710000038146973,
1983-11-14,,1.1680000305175782,
1983-11-15,,1.1699999809265136,
1983-11-16,,1.1699999809265136,
1983-11-17,,1.172000026702881,
1983-11-18,,1.172000026702881,
1983-11-21,,1.1649999618530273,
1983-11-22,,1.1569999694824218,
1983-11-23,,1.1590000152587892,
1983-11-25,,1.1550000190734864,
1983-11-28,,1.1630000114440917,
1983-11-29,,1.1579999923706055,
1983-11-30,,1.1630000114440917,
1983-12-01,,1.1630000114440917,
1983-12-02,,1.175,
1983-12-05,,1.1779999732971191,
1983-12-06,,1.1760000228881835,
1983-12-07,,1.1789999961853028,
1983-12-08,,1.1890000343322753,
1983-12-09,,1.1899999618530273,
1983-12-12,,1.1869999885559082,
1983-12-13,,1.1949999809265137,
1983-12-14,,1.1970000267028809,
1983-12-15,,1.1960000038146972,
1983-12-16,,1.1880000114440918,
1983-12-19,,1.1869999885559082,
1983-12-20,,1.1859999656677247,
1983-12-21,,1.1829999923706054,
1983-12-22,,1.1770000457763672,
1983-12-23,,1.1789999961853028,
1983-12-27,,1.175,
1983-12-28,,1.18100004196167,
1983-12-29,,1.1789999961853028,
1983-12-30,,1.181999969482422,
1984-01-03,,1.1859999656677247,
1984-01-04,,1.1779999732971191,
1984-01-05,,1.1770000457763672,
1984-01-06,,1.172999954223633,
1984-01-09,,1.175,
1984-01-10,,1.1710000038146973,
1984-01-11,,1.1760000228881835,
1984-01-12,,1.1760000228881835,
1984-01-13,,1.1590000152587892,
1984-01-16,,1.1539999961853027,
1984-01-17,,1.1569999694824218,
1984-01-18,,1.1609999656677246,
1984-01-19,,1.1600000381469726,
1984-01-20,,1.1640000343322754,
1984-01-23,,1.1630000114440917,
1984-01-24,,1.1630000114440917,
1984-01-25,,1.1640000343322754,
1984-01-26,,1.1630000114440917,
1984-01-27,,1.1630000114440917,
1984-01-30,,1.165999984741211,
1984-01-31,,1.1670000076293945,
1984-02-01,,1.1640000343322754,
1984-02-02,,1.1600000381469726,
1984-02-03,,1.1600000381469726,
1984-02-06,,1.1699999809265136,
1984-02-07,,1.1710000038146973,
1984-02-08,,1.172000026702881,
1984-02-09,,1.172999954223633,
1984-02-10,,1.1829999923706054,
1984-02-14,,1.1850000381469727,
1984-02-15,,1.18100004196167,
1984-02-16,,1.1829999923706054,
1984-02-17,,1.1920000076293946,
1984-02-21,,1.190999984741211,
1984-02-22,,1.193000030517578,
1984-02-23,,1.2050000190734864,
1984-02-24,,1.1989999771118165,
1984-02-27,,1.2050000190734864,
1984-02-28,,1.209000015258789,
1984-02-29,,1.2039999961853027,
1984-03-01,,1.2069999694824218,
1984-03-02,,1.1989999771118165,
1984-03-05,,1.2069999694824218,
1984-03-06,,1.209000015258789,
1984-03-07,,1.2220000267028808,
1984-03-08,,1.2239999771118164,
1984-03-09,,1.2279999732971192,
1984-03-12,,1.2239999771118164,
1984-03-13,,1.2270000457763672,
1984-03-14,,1.23100004196167,
1984-03-15,,1.23100004196167,
1984-03-16,,1.234000015258789,
1984-03-19,,1.2449999809265138,
1984-03-20,,1.24399995803833,
1984-03-21,,1.2449999809265138,
1984-03-22,,1.2489999771118163,
1984-03-23,,1.2479999542236329,
1984-03-26,,1.2460000038146972,
1984-03-27,,1.2460000038146972,
1984-03-28,,1.2420000076293944,
1984-03-29,,1.240999984741211,
1984-03-30,,1.252999973297119,
1984-04-02,,1.25600004196167,
1984-04-03,,1.2649999618530274,
1984-04-04,,1.2670000076293946,
1984-04-05,,1.2649999618530274,
1984-04-06,,1.2510000228881837,
1984-04-09,,1.247000026702881,
1984-04-10,,1.2520000457763671,
1984-04-11,,1.25,
1984-04-12,,1.2399999618530273,
1984-04-13,,1.2569999694824219,
1984-04-16,,1.2609999656677247,
1984-04-17,,1.2569999694824219,
1984-04-18,,1.2699999809265137,
1984-04-19,,1.2770000457763673,
1984-04-23,,1.2800000190734864,
1984-04-24,,1.275,
1984-04-25,,1.26899995803833,
1984-04-26,,1.2670000076293946,
1984-04-27,,1.2789999961853027,
1984-04-30,,1.2819999694824218,
1984-05-01,,1.2819999694824218,
1984-05-02,,1.2859999656677246,
1984-05-03,,1.2890000343322754,
1984-05-04,,1.306999969482422,
1984-05-07,,1.3130000114440918,
1984-05-08,,1.309000015258789,
1984-05-09,,1.3210000038146972,
1984-05-10,,1.325,
1984-05-11,,1.3460000038146973,
1984-05-14,,1.3579999923706054,
1984-05-15,,1.3479999542236327,
1984-05-16,,1.3409999847412108,
1984-05-17,,1.3539999961853026,
1984-05-18,,1.3449999809265136,
1984-05-21,,1.3430000305175782,
1984-05-22,,1.3520000457763672,
1984-05-23,,1.3539999961853026,
1984-05-24,,1.372000026702881,
1984-05-25,,1.375,
1984-05-29,,1.3890000343322755,
1984-05-30,,1.3989999771118165,
1984-05-31,,1.390999984741211,
1984-06-01,,1.3630000114440919,
1984-06-04,,1.3420000076293945,
1984-06-05,,1.3369999885559083,
1984-06-06,,1.3539999961853026,
1984-06-07,,1.3539999961853026,
1984-06-08,,1.3460000038146973,
1984-06-11,,1.3579999923706054,
1984-06-12,,1.3539999961853026,
1984-06-13,,1.3439999580383302,
1984-06-14,,1.3390000343322754,
1984-06-15,,1.3210000038146972,
1984-06-18,,1.327000045776367,
1984-06-19,,1.3380000114440918,
1984-06-20,,1.3649999618530273,
1984-06-21,,1.372000026702881,
1984-06-22,,1.3739999771118163,
1984-06-25,,1.375,
1984-06-26,,1.3789999961853028,
1984-06-27,,1.3760000228881837,
1984-06-28,,1.3800000190734862,
1984-06-29,,1.384000015258789,
1984-07-02,,1.3869999885559081,
1984-07-03,,1.3800000190734862,
1984-07-05,,1.3770000457763671,
1984-07-06,,1.375,
1984-07-09,,1.3479999542236327,
1984-07-10,,1.3529999732971192,
1984-07-11,,1.3550000190734863,
1984-07-12,,1.3420000076293945,
1984-07-13,,1.3300000190734864,
1984-07-16,,1.3319999694824218,
1984-07-17,,1.3369999885559083,
1984-07-18,,1.3319999694824218,
1984-07-19,,1.325,
1984-07-20,,1.3359999656677246,
1984-07-23,,1.3350000381469727,
1984-07-24,,1.3310000419616699,
1984-07-25,,1.30600004196167,
1984-07-26,,1.2890000343322754,
1984-07-27,,1.2949999809265136,
1984-07-30,,1.3050000190734863,
1984-07-31,,1.290999984741211,
1984-08-01,,1.2810000419616698,
1984-08-02,,1.2739999771118165,
1984-08-03,,1.2609999656677247,
1984-08-06,,1.2729999542236328,
1984-08-07,,1.26899995803833,
1984-08-08,,1.265999984741211,
1984-08-09,,1.2609999656677247,
1984-08-10,,1.268000030517578,
1984-08-13,,1.2739999771118165,
1984-08-14,,1.2670000076293946,
1984-08-15,,1.2739999771118165,
1984-08-16,,1.2699999809265137,
1984-08-17,,1.2699999809265137,
1984-08-20,,1.26899995803833,
1984-08-21,,1.2619999885559081,
1984-08-22,,1.2649999618530274,
1984-08-23,,1.26899995803833,
1984-08-24,,1.265999984741211,
1984-08-27,,1.2810000419616698,
1984-08-28,,1.2810000419616698,
1984-08-29,,1.2829999923706055,
1984-08-30,,1.2840000152587892,
1984-08-31,,1.2789999961853027,
1984-09-04,,1.2880000114440917,
1984-09-05,,1.2920000076293945,
1984-09-06,,1.2810000419616698,
1984-09-07,,1.2699999809265137,
1984-09-10,,1.2619999885559081,
1984-09-11,,1.2539999961853028,
1984-09-12,,1.2550000190734862,
1984-09-13,,1.24399995803833,
1984-09-14,,1.2420000076293944,
1984-09-17,,1.2399999618530273,
1984-09-18,,1.2350000381469726,
1984-09-19,,1.225,
1984-09-20,,1.2279999732971192,
1984-09-21,,1.2449999809265138,
1984-09-24,,1.2520000457763671,
1984-09-25,,1.25600004196167,
1984-09-26,,1.2460000038146972,
1984-09-27,,1.23100004196167,
1984-09-28,,1.247000026702881,
1984-10-01,,1.2539999961853028,
1984-10-02,,1.2539999961853028,
1984-10-03,,1.2539999961853028,
1984-10-04,,1.2520000457763671,
1984-10-05,,1.2390000343322753,
1984-10-09,,1.2359999656677245,
1984-10-10,,1.2359999656677245,
1984-10-11,,1.23100004196167,
1984-10-12,,1.2279999732971192,
1984-10-15,,1.234000015258789,
1984-10-16,,1.231999969482422,
1984-10-17,,1.2279999732971192,
1984-10-18,,1.209000015258789,
1984-10-19,,1.193000030517578,
1984-10-22,,1.1899999618530273,
1984-10-23,,1.1779999732971191,
1984-10-24,,1.1739999771118164,
1984-10-25,,1.1829999923706054,
1984-10-26,,1.1989999771118165,
1984-10-29,,1.1949999809265137,
1984-10-30,,1.175,
1984-10-31,,1.1789999961853028,
1984-11-01,,1.165999984741211,
1984-11-02,,1.165999984741211,
1984-11-05,,1.1600000381469726,
1984-11-07,,1.172000026702881,
1984-11-08,,1.18100004196167,
1984-11-09,,1.1710000038146973,
1984-11-13,,1.1779999732971191,
1984-11-14,,1.18100004196167,
1984-11-15,,1.172999954223633,
1984-11-16,,1.1689999580383301,
1984-11-19,,1.1609999656677246,
1984-11-20,,1.1529999732971192,
1984-11-21,,1.1390000343322755,
1984-11-23,,1.1239999771118163,
1984-11-26,,1.127999973297119,
1984-11-27,,1.127999973297119,
1984-11-28,,1.1380000114440918,
1984-11-29,,1.1420000076293946,
1984-11-30,,1.1579999923706055,
1984-12-03,,1.1560000419616698,
1984-12-04,,1.1520000457763673,
1984-12-05,,1.1520000457763673,
1984-12-06,,1.1609999656677246,
1984-12-07,,1.1699999809265136,
1984-12-10,,1.165999984741211,
1984-12-11,,1.1569999694824218,
1984-12-12,,1.1539999961853027,
1984-12-13,,1.1699999809265136,
1984-12-14,,1.1560000419616698,
1984-12-17,,1.1489999771118165,
1984-12-18,,1.1289999961853028,
1984-12-19,,1.134000015258789,
1984-12-20,,1.1369999885559081,
1984-12-21,,1.134000015258789,
1984-12-24,,1.13100004196167,
1984-12-26,,1.1449999809265137,
1984-12-27,,1.1449999809265137,
1984-12-28,,1.1460000038146974,
1984-12-31,,1.1550000190734864,
1985-01-02,,1.1699999809265136,
1985-01-03,,1.1619999885559082,
1985-01-04,,1.1670000076293945,
1985-01-07,,1.15,
1985-01-08,,1.1449999809265137,
1985-01-09,,1.1470000267028808,
1985-01-10,,1.1479999542236328,
1985-01-11,,1.1590000152587892,
1985-01-14,,1.1600000381469726,
1985-01-15,,1.1489999771118165,
1985-01-16,,1.1510000228881836,
1985-01-17,,1.1479999542236328,
1985-01-18,,1.1390000343322755,
1985-01-22,,1.1270000457763671,
1985-01-23,,1.1210000038146972,
1985-01-24,,1.10600004196167,
1985-01-25,,1.1109999656677245,
1985-01-28,,1.1109999656677245,
1985-01-29,,1.1109999656677245,
1985-01-30,,1.1079999923706054,
1985-01-31,,1.1170000076293944,
1985-02-01,,1.1289999961853028,
1985-02-04,,1.1350000381469727,
1985-02-05,,1.1300000190734862,
1985-02-06,,1.1399999618530274,
1985-02-07,,1.140999984741211,
1985-02-08,,1.1369999885559081,
1985-02-11,,1.1420000076293946,
1985-02-13,,1.1390000343322755,
1985-02-14,,1.1289999961853028,
1985-02-15,,1.1380000114440918,
1985-02-19,,1.1369999885559081,
1985-02-20,,1.1520000457763673,
1985-02-21,,1.1640000343322754,
1985-02-22,,1.1760000228881835,
1985-02-25,,1.175,
1985-02-26,,1.172000026702881,
1985-02-27,,1.1890000343322753,
1985-02-28,,1.190999984741211,
1985-03-01,,1.1859999656677247,
1985-03-04,,1.193000030517578,
1985-03-05,,1.1859999656677247,
1985-03-06,,1.1920000076293946,
1985-03-07,,1.19399995803833,
1985-03-08,,1.1710000038146973,
1985-03-11,,1.172000026702881,
1985-03-12,,1.1779999732971191,
1985-03-13,,1.1899999618530273,
1985-03-14,,1.1920000076293946,
1985-03-15,,1.193000030517578,
1985-03-18,,1.202000045776367,
1985-03-19,,1.1989999771118165,
1985-03-20,,1.190999984741211,
1985-03-21,,1.181999969482422,
1985-03-22,,1.1880000114440918,
1985-03-25,,1.1859999656677247,
1985-03-26,,1.1770000457763672,
1985-03-27,,1.184000015258789,
1985-03-28,,1.175,
1985-03-29,,1.1649999618530273,
1985-04-01,,1.165999984741211,
1985-04-02,,1.1699999809265136,
1985-04-03,,1.172999954223633,
1985-04-04,,1.175,
1985-04-08,,1.1770000457763672,
1985-04-09,,1.165999984741211,
1985-04-10,,1.1579999923706055,
1985-04-11,,1.1420000076293946,
1985-04-12,,1.143000030517578,
1985-04-15,,1.1369999885559081,
1985-04-16,,1.125,
1985-04-17,,1.1289999961853028,
1985-04-18,,1.1130000114440919,
1985-04-19,,1.115999984741211,
1985-04-22,,1.1130000114440919,
1985-04-23,,1.125,
1985-04-24,,1.125,
1985-04-25,,1.1369999885559081,
1985-04-26,,1.1350000381469727,
1985-04-29,,1.1470000267028808,
1985-04-30,,1.140999984741211,
1985-05-01,,1.1270000457763671,
1985-05-02,,1.1289999961853028,
1985-05-03,,1.1210000038146972,
1985-05-06,,1.11899995803833,
1985-05-07,,1.1170000076293944,
1985-05-08,,1.1260000228881837,
1985-05-09,,1.1199999809265138,
1985-05-10,,1.1039999961853026,
1985-05-13,,1.1039999961853026,
1985-05-14,,1.0869999885559083,
1985-05-15,,1.0890000343322754,
1985-05-16,,1.0810000419616699,
1985-05-17,,1.084000015258789,
1985-05-20,,1.05600004196167,
1985-05-21,,1.0600000381469727,
1985-05-22,,1.0619999885559082,
1985-05-23,,1.0640000343322753,
1985-05-24,,1.056999969482422,
1985-05-28,,1.0430000305175782,
1985-05-29,,1.0460000038146973,
1985-05-30,,1.0390000343322754,
1985-05-31,,1.0279999732971192,
1985-06-03,,1.0050000190734862,
1985-06-04,,1.0050000190734862,
1985-06-05,,0.9829999923706054,
1985-06-06,,0.9890000343322753,
1985-06-07,,1.01899995803833,
1985-06-10,,1.015999984741211,
1985-06-11,,1.0079999923706056,
1985-06-12,,1.015999984741211,
1985-06-13,,1.0210000038146974,
1985-06-14,,0.9979999542236329,
1985-06-17,,0.9970000267028809,
1985-06-18,,0.9899999618530273,
1985-06-19,,1.0039999961853028,
1985-06-20,,1.0140000343322755,
1985-06-21,,1.0340000152587892,
1985-06-24,,1.0449999809265136,
1985-06-25,,1.05,
1985-06-26,,1.0539999961853028,
1985-06-27,,1.0390000343322754,
1985-06-28,,1.025,
1985-07-01,,1.01899995803833,
1985-07-02,,1.0199999809265137,
1985-07-03,,1.0229999542236328,
1985-07-05,,0.9930000305175781,
1985-07-08,,1.0050000190734862,
1985-07-09,,1.0050000190734862,
1985-07-10,,1.0069999694824219,
1985-07-11,,1.0220000267028808,
1985-07-12,,1.0229999542236328,
1985-07-15,,1.0220000267028808,
1985-07-16,,1.0149999618530274,
1985-07-17,,1.0119999885559081,
1985-07-18,,1.0300000190734864,
1985-07-19,,1.0340000152587892,
1985-07-22,,1.0460000038146973,
1985-07-23,,1.047000026702881,
1985-07-24,,1.0510000228881835,
1985-07-25,,1.0520000457763672,
1985-07-26,,1.059000015258789,
1985-07-29,,1.0670000076293946,
1985-07-30,,1.065999984741211,
1985-07-31,,1.056999969482422,
1985-08-01,,1.0510000228881835,
1985-08-02,,1.065999984741211,
1985-08-05,,1.0640000343322753,
1985-08-06,,1.0649999618530273,
1985-08-07,,1.0550000190734863,
1985-08-08,,1.0430000305175782,
1985-08-09,,1.0369999885559082,
1985-08-12,,1.0380000114440917,
1985-08-13,,1.0460000038146973,
1985-08-14,,1.0380000114440917,
1985-08-15,,1.0359999656677246,
1985-08-16,,1.0260000228881836,
1985-08-19,,1.0229999542236328,
1985-08-20,,1.0199999809265137,
1985-08-21,,1.0119999885559081,
1985-08-22,,1.0100000381469727,
1985-08-23,,1.0140000343322755,
1985-08-26,,1.018000030517578,
1985-08-27,,1.0119999885559081,
1985-08-28,,1.015999984741211,
1985-08-29,,1.0119999885559081,
1985-08-30,,1.0279999732971192,
1985-09-03,,1.0239999771118165,
1985-09-04,,1.015999984741211,
1985-09-05,,1.0270000457763673,
1985-09-06,,1.05,
1985-09-09,,1.0489999771118164,
1985-09-10,,1.047999954223633,
1985-09-11,,1.0510000228881835,
1985-09-12,,1.0520000457763672,
1985-09-13,,1.0399999618530273,
1985-09-16,,1.0369999885559082,
1985-09-17,,1.040999984741211,
1985-09-18,,1.0430000305175782,
1985-09-19,,1.0430000305175782,
1985-09-20,,1.0359999656677246,
1985-09-23,,1.0390000343322754,
1985-09-24,,1.0329999923706055,
1985-09-25,,1.0270000457763673,
1985-09-26,,1.0220000267028808,
1985-09-30,,1.0310000419616698,
1985-10-01,,1.0289999961853027,
1985-10-02,,1.0300000190734864,
1985-10-03,,1.0319999694824218,
1985-10-04,,1.0359999656677246,
1985-10-07,,1.0420000076293945,
1985-10-08,,1.0359999656677246,
1985-10-09,,1.0369999885559082,
1985-10-10,,1.0350000381469726,
1985-10-11,,1.0340000152587892,
1985-10-15,,1.0300000190734864,
1985-10-16,,1.025,
1985-10-17,,1.0210000038146974,
1985-10-18,,1.0170000076293946,
1985-10-21,,1.018000030517578,
1985-10-22,,1.0119999885559081,
1985-10-23,,1.0140000343322755,
1985-10-24,,1.0149999618530274,
1985-10-25,,1.0210000038146974,
1985-10-28,,1.0279999732971192,
1985-10-29,,1.0109999656677247,
1985-10-30,,0.9970000267028809,
1985-10-31,,1.0010000228881837,
1985-11-01,,0.9979999542236329,
1985-11-04,,0.9979999542236329,
1985-11-05,,0.9930000305175781,
1985-11-06,,0.9930000305175781,
1985-11-07,,0.990999984741211,
1985-11-08,,0.9840000152587891,
1985-11-12,,0.9739999771118164,
1985-11-13,,0.9779999732971192,
1985-11-14,,0.9840000152587891,
1985-11-15,,0.9920000076293946,
1985-11-18,,0.9720000267028809,
1985-11-19,,0.9729999542236328,
1985-11-20,,0.9720000267028809,
1985-11-21,,0.9579999923706055,
1985-11-22,,0.965999984741211,
1985-11-25,,0.9680000305175781,
1985-11-26,,0.9680000305175781,
1985-11-27,,0.9640000343322754,
1985-11-29,,0.9590000152587891,
1985-12-02,,0.9689999580383301,
1985-12-03,,0.9680000305175781,
1985-12-04,,0.9630000114440918,
1985-12-05,,0.9619999885559082,
1985-12-06,,0.9649999618530274,
1985-12-09,,0.9489999771118164,
1985-12-10,,0.9359999656677246,
1985-12-11,,0.9199999809265137,
1985-12-12,,0.9270000457763672,
1985-12-13,,0.9210000038146973,
1985-12-16,,0.9159999847412109,
1985-12-17,,0.9039999961853027,
1985-12-18,,0.9109999656677246,
1985-12-19,,0.9100000381469726,
1985-12-20,,0.9039999961853027,
1985-12-23,,0.9079999923706055,
1985-12-24,,0.9069999694824219,
1985-12-26,,0.9039999961853027,
1985-12-27,,0.8989999771118165,
1985-12-30,,0.9010000228881836,
1985-12-31,,0.9,
1986-01-02,,0.9039999961853027,
1986-01-03,,0.9050000190734864,
1986-01-06,,0.9069999694824219,
1986-01-07,,0.8939999580383301,
1986-01-08,,0.9130000114440918,
1986-01-09,,0.9270000457763672,
1986-01-10,,0.9390000343322754,
1986-01-13,,0.9489999771118164,
1986-01-14,,0.9430000305175781,
1986-01-15,,0.93100004196167,
1986-01-16,,0.9300000190734863,
1986-01-17,,0.9239999771118164,
1986-01-21,,0.9220000267028808,
1986-01-22,,0.9279999732971191,
1986-01-23,,0.9229999542236328,
1986-01-24,,0.9229999542236328,
1986-01-27,,0.9130000114440918,
1986-01-28,,0.9050000190734864,
1986-01-29,,0.909000015258789,
1986-01-30,,0.9100000381469726,
1986-01-31,,0.9079999923706055,
1986-02-03,,0.9020000457763672,
1986-02-04,,0.8960000038146972,
1986-02-05,,0.8970000267028808,
1986-02-06,,0.9029999732971191,
1986-02-07,,0.9109999656677246,
1986-02-10,,0.9,
1986-02-11,,0.8930000305175781,
1986-02-12,,0.8909999847412109,
1986-02-13,,0.8850000381469727,
1986-02-14,,0.8680000305175781,
1986-02-18,,0.8640000343322753,
1986-02-19,,0.8699999809265136,
1986-02-20,,0.8670000076293946,
1986-02-21,,0.8479999542236328,
1986-02-24,,0.8390000343322754,
1986-02-25,,0.8399999618530274,
1986-02-26,,0.8359999656677246,
1986-02-27,,0.8149999618530274,
1986-02-28,,0.8130000114440918,
1986-03-03,,0.7989999771118164,
1986-03-04,,0.7929999828338623,
1986-03-05,,0.8119999885559082,
1986-03-06,,0.8039999961853027,
1986-03-07,,0.7960000038146973,
1986-03-10,,0.7760000228881836,
1986-03-11,,0.7699999809265137,
1986-03-12,,0.7679999828338623,
1986-03-13,,0.775,
1986-03-14,,0.7719999790191651,
1986-03-17,,0.7769999980926514,
1986-03-18,,0.7829999923706055,
1986-03-19,,0.7820000171661377,
1986-03-20,,0.778000020980835,
1986-03-21,,0.7800000190734864,
1986-03-24,,0.7699999809265137,
1986-03-25,,0.7699999809265137,
1986-03-26,,0.7639999866485596,
1986-03-27,,0.7489999771118164,
1986-03-31,,0.7389999866485596,
1986-04-01,,0.7369999885559082,
1986-04-02,,0.7329999923706054,
1986-04-03,,0.740999984741211,
1986-04-04,,0.7449999809265136,
1986-04-07,,0.7429999828338623,
1986-04-08,,0.7309999942779541,
1986-04-09,,0.7269999980926514,
1986-04-10,,0.7230000019073486,
1986-04-11,,0.7289999961853028,
1986-04-14,,0.7190000057220459,
1986-04-15,,0.721999979019165,
1986-04-16,,0.6980000019073487,
1986-04-17,,0.7030000209808349,
1986-04-18,,0.7090000152587891,
1986-04-21,,0.7039999961853027,
1986-04-22,,0.725,
1986-04-23,,0.7360000133514404,
1986-04-24,,0.7510000228881836,
1986-04-25,,0.7579999923706054,
1986-04-28,,0.7480000019073486,
1986-04-29,,0.7380000114440918,
1986-04-30,,0.7380000114440918,
1986-05-01,,0.7449999809265136,
1986-05-02,,0.7510000228881836,
1986-05-05,,0.7449999809265136,
1986-05-06,,0.7460000038146972,
1986-05-07,,0.7429999828338623,
1986-05-08,,0.7400000095367432,
1986-05-09,,0.7480000019073486,
1986-05-12,,0.7670000076293946,
1986-05-13,,0.7630000114440918,
1986-05-14,,0.7659999847412109,
1986-05-15,,0.7789999961853027,
1986-05-16,,0.7989999771118164,
1986-05-19,,0.7980000019073487,
1986-05-20,,0.7880000114440918,
1986-05-21,,0.7900000095367432,
1986-05-22,,0.7880000114440918,
1986-05-23,,0.784000015258789,
1986-05-27,,0.7730000019073486,
1986-05-28,,0.7730000019073486,
1986-05-29,,0.7989999771118164,
1986-05-30,,0.8050000190734863,
1986-06-02,,0.8319999694824218,
1986-06-03,,0.81899995803833,
1986-06-04,,0.8390000343322754,
1986-06-05,,0.8310000419616699,
1986-06-06,,0.7949999809265137,
1986-06-09,,0.8130000114440918,
1986-06-10,,0.8069999694824219,
1986-06-11,,0.8010000228881836,
1986-06-12,,0.7980000019073487,
1986-06-13,,0.7730000019073486,
1986-06-16,,0.7630000114440918,
1986-06-17,,0.7630000114440918,
1986-06-18,,0.7570000171661377,
1986-06-19,,0.7690000057220459,
1986-06-20,,0.7599999904632568,
1986-06-23,,0.7550000190734864,
1986-06-24,,0.746999979019165,
1986-06-25,,0.7420000076293946,
1986-06-26,,0.7420000076293946,
1986-06-27,,0.7380000114440918,
1986-06-30,,0.7349999904632568,
1986-07-01,,0.7369999885559082,
1986-07-02,,0.7369999885559082,
1986-07-03,,0.7309999942779541,
1986-07-07,,0.7309999942779541,
1986-07-08,,0.7440000057220459,
1986-07-09,,0.7309999942779541,
1986-07-10,,0.7309999942779541,
1986-07-11,,0.7300000190734863,
1986-07-14,,0.725,
1986-07-15,,0.715999984741211,
1986-07-16,,0.7199999809265136,
1986-07-17,,0.7179999828338623,
1986-07-18,,0.715999984741211,
1986-07-21,,0.7139999866485596,
1986-07-22,,0.7199999809265136,
1986-07-23,,0.7289999961853028,
1986-07-24,,0.7349999904632568,
1986-07-25,,0.7329999923706054,
1986-07-28,,0.753000020980835,
1986-07-29,,0.740999984741211,
1986-07-30,,0.740999984741211,
1986-07-31,,0.7340000152587891,
1986-08-01,,0.7340000152587891,
1986-08-04,,0.7329999923706054,
1986-08-05,,0.7389999866485596,
1986-08-06,,0.746999979019165,
1986-08-07,,0.7449999809265136,
1986-08-08,,0.7300000190734863,
1986-08-11,,0.725,
1986-08-12,,0.7230000019073486,
1986-08-13,,0.7150000095367431,
1986-08-14,,0.715999984741211,
1986-08-15,,0.7139999866485596,
1986-08-18,,0.7139999866485596,
1986-08-19,,0.7019999980926513,
1986-08-20,,0.7,
1986-08-21,,0.6960000038146973,
1986-08-22,,0.7070000171661377,
1986-08-25,,0.7059999942779541,
1986-08-26,,0.696999979019165,
1986-08-27,,0.7059999942779541,
1986-08-28,,0.7039999961853027,
1986-08-29,,0.6949999809265137,
1986-09-02,,0.7030000209808349,
1986-09-03,,0.7199999809265136,
1986-09-04,,0.7150000095367431,
1986-09-05,,0.7320000171661377,
1986-09-08,,0.7380000114440918,
1986-09-09,,0.7349999904632568,
1986-09-10,,0.7349999904632568,
1986-09-11,,0.7570000171661377,
1986-09-12,,0.7630000114440918,
1986-09-15,,0.753000020980835,
1986-09-16,,0.753000020980835,
1986-09-17,,0.7460000038146972,
1986-09-18,,0.7619999885559082,
1986-09-19,,0.7670000076293946,
1986-09-22,,0.7619999885559082,
1986-09-23,,0.7579999923706054,
1986-09-24,,0.7480000019073486,
1986-09-25,,0.746999979019165,
1986-09-26,,0.746999979019165,
1986-09-29,,0.7539999961853028,
1986-09-30,,0.7449999809265136,
1986-10-01,,0.740999984741211,
1986-10-02,,0.7449999809265136,
1986-10-03,,0.7309999942779541,
1986-10-06,,0.7280000209808349,
1986-10-07,,0.7280000209808349,
1986-10-08,,0.7309999942779541,
1986-10-09,,0.7329999923706054,
1986-10-10,,0.7360000133514404,
1986-10-14,,0.7489999771118164,
1986-10-15,,0.7510000228881836,
1986-10-16,,0.753000020980835,
1986-10-17,,0.7570000171661377,
1986-10-20,,0.7659999847412109,
1986-10-21,,0.7570000171661377,
1986-10-22,,0.7489999771118164,
1986-10-23,,0.7429999828338623,
1986-10-24,,0.746999979019165,
1986-10-27,,0.7420000076293946,
1986-10-28,,0.7449999809265136,
1986-10-29,,0.740999984741211,
1986-10-30,,0.7309999942779541,
1986-10-31,,0.7340000152587891,
1986-11-03,,0.7289999961853028,
1986-11-04,,0.7309999942779541,
1986-11-05,,0.7239999771118164,
1986-11-06,,0.7320000171661377,
1986-11-07,,0.7400000095367432,
1986-11-10,,0.7380000114440918,
1986-11-12,,0.7349999904632568,
1986-11-13,,0.7329999923706054,
1986-11-14,,0.7289999961853028,
1986-11-17,,0.721999979019165,
1986-11-18,,0.7269999980926514,
1986-11-19,,0.7190000057220459,
1986-11-20,,0.7190000057220459,
1986-11-21,,0.7170000076293945,
1986-11-24,,0.7110000133514405,
1986-11-25,,0.7150000095367431,
1986-11-26,,0.7150000095367431,
1986-11-28,,0.7150000095367431,
1986-12-01,,0.7179999828338623,
1986-12-02,,0.7079999923706055,
1986-12-03,,0.7059999942779541,
1986-12-04,,0.7010000228881836,
1986-12-05,,0.7119999885559082,
1986-12-08,,0.7099999904632568,
1986-12-09,,0.7070000171661377,
1986-12-10,,0.7050000190734863,
1986-12-11,,0.7119999885559082,
1986-12-12,,0.7130000114440918,
1986-12-15,,0.7150000095367431,
1986-12-16,,0.7119999885559082,
1986-12-17,,0.7119999885559082,
1986-12-18,,0.7110000133514405,
1986-12-19,,0.7099999904632568,
1986-12-22,,0.7099999904632568,
1986-12-23,,0.7079999923706055,
1986-12-24,,0.7070000171661377,
1986-12-26,,0.7079999923706055,
1986-12-29,,0.7170000076293945,
1986-12-30,,0.7230000019073486,
1986-12-31,,0.7230000019073486,
1987-01-02,,0.7179999828338623,
1987-01-05,,0.7079999923706055,
1987-01-06,,0.7079999923706055,
1987-01-07,,0.7050000190734863,
1987-01-08,,0.7039999961853027,
1987-01-09,,0.7010000228881836,
1987-01-12,,0.7050000190734863,
1987-01-13,,0.7099999904632568,
1987-01-14,,0.7110000133514405,
1987-01-15,,0.7079999923706055,
1987-01-16,,0.7030000209808349,
1987-01-20,,0.7010000228881836,
1987-01-21,,0.7010000228881836,
1987-01-22,,0.7030000209808349,
1987-01-23,,0.7059999942779541,
1987-01-26,,0.7170000076293945,
1987-01-27,,0.715999984741211,
1987-01-28,,0.7130000114440918,
1987-01-29,,0.7130000114440918,
1987-01-30,,0.7179999828338623,
1987-02-02,,0.7230000019073486,
1987-02-03,,0.725,
1987-02-04,,0.7230000019073486,
1987-02-05,,0.7199999809265136,
1987-02-06,,0.7190000057220459,
1987-02-09,,0.725,
1987-02-10,,0.7329999923706054,
1987-02-11,,0.7369999885559082,
1987-02-12,,0.7309999942779541,
1987-02-13,,0.7280000209808349,
1987-02-17,,0.7329999923706054,
1987-02-18,,0.7300000190734863,
1987-02-19,,0.7230000019073486,
1987-02-20,,0.7239999771118164,
1987-02-23,,0.7230000019073486,
1987-02-24,,0.7179999828338623,
1987-02-25,,0.7210000038146973,
1987-02-26,,0.7210000038146973,
1987-02-27,,0.7190000057220459,
1987-03-02,,0.7170000076293945,
1987-03-03,,0.7210000038146973,
1987-03-04,,0.7139999866485596,
1987-03-05,,0.715999984741211,
1987-03-06,,0.7230000019073486,
1987-03-09,,0.7230000019073486,
1987-03-10,,0.7230000019073486,
1987-03-11,,0.7230000019073486,
1987-03-12,,0.721999979019165,
1987-03-13,,0.7190000057220459,
1987-03-16,,0.721999979019165,
1987-03-17,,0.7199999809265136,
1987-03-18,,0.7210000038146973,
1987-03-19,,0.7210000038146973,
1987-03-20,,0.721999979019165,
1987-03-23,,0.725,
1987-03-24,,0.7269999980926514,
1987-03-25,,0.7260000228881835,
1987-03-26,,0.7239999771118164,
1987-03-27,,0.7329999923706054,
1987-03-30,,0.7539999961853028,
1987-03-31,,0.7510000228881836,
1987-04-01,,0.759000015258789,
1987-04-02,,0.759000015258789,
1987-04-03,,0.759000015258789,
1987-04-06,,0.7539999961853028,
1987-04-07,,0.7619999885559082,
1987-04-08,,0.7610000133514404,
1987-04-09,,0.778000020980835,
1987-04-10,,0.7980000019073487,
1987-04-13,,0.8069999694824219,
1987-04-14,,0.8279999732971192,
1987-04-15,,0.8100000381469726,
1987-04-16,,0.8029999732971191,
1987-04-20,,0.8199999809265137,
1987-04-21,,0.81899995803833,
1987-04-22,,0.8239999771118164,
1987-04-23,,0.8390000343322754,
1987-04-24,,0.8470000267028809,
1987-04-27,,0.8369999885559082,
1987-04-28,,0.8279999732971192,
1987-04-29,,0.8350000381469727,
1987-04-30,,0.8210000038146973,
1987-05-01,,0.8390000343322754,
1987-05-04,,0.8520000457763672,
1987-05-05,,0.8449999809265136,
1987-05-06,,0.8539999961853028,
1987-05-07,,0.85,
1987-05-08,,0.8430000305175781,
1987-05-11,,0.8569999694824219,
1987-05-12,,0.8550000190734863,
1987-05-13,,0.8550000190734863,
1987-05-14,,0.8569999694824219,
1987-05-15,,0.8800000190734864,
1987-05-18,,0.8729999542236329,
1987-05-19,,0.8890000343322754,
1987-05-20,,0.8920000076293946,
1987-05-21,,0.8869999885559082,
1987-05-22,,0.8779999732971191,
1987-05-26,,0.8550000190734863,
1987-05-27,,0.8600000381469727,
1987-05-28,,0.8560000419616699,
1987-05-29,,0.8489999771118164,
1987-06-01,,0.8449999809265136,
1987-06-02,,0.8720000267028809,
1987-06-03,,0.8640000343322753,
1987-06-04,,0.8579999923706054,
1987-06-05,,0.85,
1987-06-08,,0.8529999732971192,
1987-06-09,,0.8560000419616699,
1987-06-10,,0.8560000419616699,
1987-06-11,,0.8520000457763672,
1987-06-12,,0.8319999694824218,
1987-06-15,,0.8279999732971192,
1987-06-16,,0.8279999732971192,
1987-06-17,,0.8229999542236328,
1987-06-18,,0.8270000457763672,
1987-06-19,,0.8300000190734863,
1987-06-22,,0.8229999542236328,
1987-06-23,,0.8229999542236328,
1987-06-24,,0.8310000419616699,
1987-06-25,,0.825,
1987-06-26,,0.8369999885559082,
1987-06-29,,0.8340000152587891,
1987-06-30,,0.8380000114440918,
1987-07-01,,0.8359999656677246,
1987-07-02,,0.8300000190734863,
1987-07-06,,0.8289999961853027,
1987-07-07,,0.8279999732971192,
1987-07-08,,0.8319999694824218,
1987-07-09,,0.8369999885559082,
1987-07-10,,0.8319999694824218,
1987-07-13,,0.8380000114440918,
1987-07-14,,0.8329999923706055,
1987-07-15,,0.8430000305175781,
1987-07-16,,0.840999984741211,
1987-07-17,,0.8359999656677246,
1987-07-20,,0.840999984741211,
1987-07-21,,0.8489999771118164,
1987-07-22,,0.8539999961853028,
1987-07-23,,0.8560000419616699,
1987-07-24,,0.8579999923706054,
1987-07-27,,0.8600000381469727,
1987-07-28,,0.8619999885559082,
1987-07-29,,0.8609999656677246,
1987-07-30,,0.8609999656677246,
1987-07-31,,0.865999984741211,
1987-08-03,,0.8810000419616699,
1987-08-04,,0.8810000419616699,
1987-08-05,,0.8710000038146972,
1987-08-06,,0.8729999542236329,
1987-08-07,,0.8699999809265136,
1987-08-10,,0.8739999771118164,
1987-08-11,,0.8729999542236329,
1987-08-12,,0.8720000267028809,
1987-08-13,,0.8630000114440918,
1987-08-14,,0.8579999923706054,
1987-08-17,,0.8560000419616699,
1987-08-18,,0.8729999542236329,
1987-08-19,,0.8770000457763671,
1987-08-20,,0.8739999771118164,
1987-08-21,,0.8770000457763671,
1987-08-24,,0.8779999732971191,
1987-08-25,,0.8729999542236329,
1987-08-26,,0.8789999961853028,
1987-08-27,,0.8920000076293946,
1987-08-28,,0.9020000457763672,
1987-08-31,,0.9,
1987-09-01,,0.9050000190734864,
1987-09-02,,0.9279999732971191,
1987-09-03,,0.9289999961853027,
1987-09-04,,0.9300000190734863,
1987-09-08,,0.95,
1987-09-09,,0.9479999542236328,
1987-09-10,,0.9420000076293945,
1987-09-11,,0.9329999923706055,
1987-09-14,,0.9340000152587891,
1987-09-15,,0.94399995803833,
1987-09-16,,0.9520000457763672,
1987-09-17,,0.9479999542236328,
1987-09-18,,0.9380000114440918,
1987-09-21,,0.9449999809265137,
1987-09-22,,0.9369999885559082,
1987-09-23,,0.9399999618530274,
1987-09-24,,0.9510000228881836,
1987-09-25,,0.9529999732971192,
1987-09-28,,0.9520000457763672,
1987-09-29,,0.9640000343322754,
1987-09-30,,0.9630000114440918,
1987-10-01,,0.965999984741211,
1987-10-02,,0.9600000381469727,
1987-10-05,,0.9689999580383301,
1987-10-06,,0.9720000267028809,
1987-10-07,,0.9710000038146973,
1987-10-08,,0.9859999656677246,
1987-10-09,,0.9939999580383301,
1987-10-13,,0.9899999618530273,
1987-10-14,,1.0130000114440918,
1987-10-15,,1.018000030517578,
1987-10-16,,1.0229999542236328,
1987-10-19,,1.0149999618530274,
1987-10-20,,0.9399999618530274,
1987-10-21,,0.9300000190734863,
1987-10-22,,0.8970000267028808,
1987-10-23,,0.8979999542236328,
1987-10-26,,0.8800000190734864,
1987-10-27,,0.8920000076293946,
1987-10-28,,0.9010000228881836,
1987-10-29,,0.8890000343322754,
1987-10-30,,0.8880000114440918,
1987-11-02,,0.8979999542236328,
1987-11-03,,0.8909999847412109,
1987-11-04,,0.8850000381469727,
1987-11-05,,0.8720000267028809,
1987-11-06,,0.8760000228881836,
1987-11-09,,0.8779999732971191,
1987-11-10,,0.8789999961853028,
1987-11-12,,0.8800000190734864,
1987-11-13,,0.884000015258789,
1987-11-16,,0.8819999694824219,
1987-11-17,,0.8859999656677247,
1987-11-18,,0.8850000381469727,
1987-11-19,,0.8829999923706054,
1987-11-20,,0.8789999961853028,
1987-11-23,,0.8800000190734864,
1987-11-24,,0.8890000343322754,
1987-11-25,,0.8979999542236328,
1987-11-27,,0.9109999656677246,
1987-11-30,,0.8989999771118165,
1987-12-01,,0.9010000228881836,
1987-12-02,,0.9010000228881836,
1987-12-03,,0.8939999580383301,
1987-12-04,,0.8939999580383301,
1987-12-07,,0.9069999694824219,
1987-12-08,,0.909000015258789,
1987-12-09,,0.9050000190734864,
1987-12-10,,0.9229999542236328,
1987-12-11,,0.9279999732971191,
1987-12-14,,0.9229999542236328,
1987-12-15,,0.909000015258789,
1987-12-16,,0.9,
1987-12-17,,0.9029999732971191,
1987-12-18,,0.8890000343322754,
1987-12-21,,0.8880000114440918,
1987-12-22,,0.8949999809265137,
1987-12-23,,0.8829999923706054,
1987-12-24,,0.8819999694824219,
1987-12-28,,0.8930000305175781,
1987-12-29,,0.8850000381469727,
1987-12-30,,0.8779999732971191,
1987-12-31,,0.8829999923706054,
1988-01-04,,0.8829999923706054,
1988-01-05,,0.8760000228881836,
1988-01-06,,0.8819999694824219,
1988-01-07,,0.8829999923706054,
1988-01-08,,0.8970000267028808,
1988-01-11,,0.8939999580383301,
1988-01-12,,0.8930000305175781,
1988-01-13,,0.8869999885559082,
1988-01-14,,0.8859999656677247,
1988-01-15,,0.8600000381469727,
1988-01-19,,0.8649999618530273,
1988-01-20,,0.8609999656677246,
1988-01-21,,0.8529999732971192,
1988-01-22,,0.8489999771118164,
1988-01-25,,0.8449999809265136,
1988-01-26,,0.8539999961853028,
1988-01-27,,0.8380000114440918,
1988-01-28,,0.8329999923706055,
1988-01-29,,0.8260000228881836,
1988-02-01,,0.8260000228881836,
1988-02-02,,0.8180000305175781,
1988-02-03,,0.8210000038146973,
1988-02-04,,0.8239999771118164,
1988-02-05,,0.8119999885559082,
1988-02-08,,0.81899995803833,
1988-02-09,,0.8159999847412109,
1988-02-10,,0.8109999656677246,
1988-02-11,,0.8159999847412109,
1988-02-12,,0.8279999732971192,
1988-02-16,,0.8310000419616699,
1988-02-17,,0.8319999694824218,
1988-02-18,,0.8279999732971192,
1988-02-19,,0.8260000228881836,
1988-02-22,,0.8239999771118164,
1988-02-23,,0.8170000076293945,
1988-02-24,,0.8180000305175781,
1988-02-25,,0.8229999542236328,
1988-02-26,,0.8180000305175781,
1988-02-29,,0.8159999847412109,
1988-03-01,,0.8149999618530274,
1988-03-02,,0.8130000114440918,
1988-03-03,,0.8119999885559082,
1988-03-04,,0.8279999732971192,
1988-03-07,,0.8300000190734863,
1988-03-08,,0.8329999923706055,
1988-03-09,,0.8319999694824218,
1988-03-10,,0.8350000381469727,
1988-03-11,,0.8289999961853027,
1988-03-14,,0.8289999961853027,
1988-03-15,,0.8300000190734863,
1988-03-16,,0.8359999656677246,
1988-03-17,,0.8300000190734863,
1988-03-18,,0.840999984741211,
1988-03-21,,0.8470000267028809,
1988-03-22,,0.8460000038146973,
1988-03-23,,0.8470000267028809,
1988-03-24,,0.8510000228881835,
1988-03-25,,0.8470000267028809,
1988-03-28,,0.8579999923706054,
1988-03-29,,0.8560000419616699,
1988-03-30,,0.8569999694824219,
1988-03-31,,0.8569999694824219,
1988-04-04,,0.8680000305175781,
1988-04-05,,0.8670000076293946,
1988-04-06,,0.8609999656677246,
1988-04-07,,0.8600000381469727,
1988-04-08,,0.8520000457763672,
1988-04-11,,0.8590000152587891,
1988-04-12,,0.8569999694824219,
1988-04-13,,0.8560000419616699,
1988-04-14,,0.8670000076293946,
1988-04-15,,0.8739999771118164,
1988-04-18,,0.8810000419616699,
1988-04-19,,0.8810000419616699,
1988-04-20,,0.8829999923706054,
1988-04-21,,0.8819999694824219,
1988-04-22,,0.8779999732971191,
1988-04-25,,0.8779999732971191,
1988-04-26,,0.8800000190734864,
1988-04-27,,0.8800000190734864,
1988-04-28,,0.8859999656677247,
1988-04-29,,0.8869999885559082,
1988-05-02,,0.8939999580383301,
1988-05-03,,0.8890000343322754,
1988-05-04,,0.8899999618530273,
1988-05-05,,0.8920000076293946,
1988-05-06,,0.9010000228881836,
1988-05-09,,0.9029999732971191,
1988-05-10,,0.9069999694824219,
1988-05-11,,0.9050000190734864,
1988-05-12,,0.9039999961853027,
1988-05-13,,0.9,
1988-05-16,,0.9010000228881836,
1988-05-17,,0.9119999885559082,
1988-05-18,,0.9189999580383301,
1988-05-19,,0.9180000305175782,
1988-05-20,,0.9220000267028808,
1988-05-23,,0.9229999542236328,
1988-05-24,,0.9220000267028808,
1988-05-25,,0.9199999809265137,
1988-05-26,,0.9210000038146973,
1988-05-27,,0.9239999771118164,
1988-05-31,,0.9199999809265137,
1988-06-01,,0.9029999732971191,
1988-06-02,,0.9069999694824219,
1988-06-03,,0.8970000267028808,
1988-06-06,,0.8970000267028808,
1988-06-07,,0.9020000457763672,
1988-06-08,,0.8920000076293946,
1988-06-09,,0.8960000038146972,
1988-06-10,,0.8920000076293946,
1988-06-13,,0.8909999847412109,
1988-06-14,,0.8689999580383301,
1988-06-15,,0.8710000038146972,
1988-06-16,,0.8890000343322754,
1988-06-17,,0.9020000457763672,
1988-06-20,,0.9020000457763672,
1988-06-21,,0.9029999732971191,
1988-06-22,,0.8899999618530273,
1988-06-23,,0.8880000114440918,
1988-06-24,,0.8850000381469727,
1988-06-27,,0.8939999580383301,
1988-06-28,,0.8869999885559082,
1988-06-29,,0.8880000114440918,
1988-06-30,,0.8819999694824219,
1988-07-01,,0.8770000457763671,
1988-07-05,,0.8819999694824219,
1988-07-06,,0.8909999847412109,
1988-07-07,,0.8949999809265137,
1988-07-08,,0.9039999961853027,
1988-07-11,,0.9020000457763672,
1988-07-12,,0.9079999923706055,
1988-07-13,,0.9119999885559082,
1988-07-14,,0.9119999885559082,
1988-07-15,,0.9079999923706055,
1988-07-18,,0.9149999618530273,
1988-07-19,,0.9100000381469726,
1988-07-20,,0.9109999656677246,
1988-07-21,,0.9159999847412109,
1988-07-22,,0.9109999656677246,
1988-07-25,,0.9069999694824219,
1988-07-26,,0.909000015258789,
1988-07-27,,0.9140000343322754,
1988-07-28,,0.9159999847412109,
1988-07-29,,0.9119999885559082,
1988-08-01,,0.9069999694824219,
1988-08-02,,0.9,
1988-08-03,,0.9039999961853027,
1988-08-04,,0.8989999771118165,
1988-08-05,,0.9119999885559082,
1988-08-08,,0.9119999885559082,
1988-08-09,,0.9199999809265137,
1988-08-10,,0.9300000190734863,
1988-08-11,,0.9350000381469726,
1988-08-12,,0.9359999656677246,
1988-08-15,,0.9369999885559082,
1988-08-16,,0.9350000381469726,
1988-08-17,,0.9380000114440918,
1988-08-18,,0.9350000381469726,
1988-08-19,,0.9350000381469726,
1988-08-22,,0.9369999885559082,
1988-08-23,,0.9319999694824219,
1988-08-24,,0.9340000152587891,
1988-08-25,,0.9409999847412109,
1988-08-26,,0.9380000114440918,
1988-08-29,,0.9300000190734863,
1988-08-30,,0.9270000457763672,
1988-08-31,,0.925,
1988-09-01,,0.925,
1988-09-02,,0.9,
1988-09-06,,0.8989999771118165,
1988-09-07,,0.8989999771118165,
1988-09-08,,0.8989999771118165,
1988-09-09,,0.8930000305175781,
1988-09-12,,0.8970000267028808,
1988-09-13,,0.8939999580383301,
1988-09-14,,0.8880000114440918,
1988-09-15,,0.8909999847412109,
1988-09-16,,0.8930000305175781,
1988-09-19,,0.8970000267028808,
1988-09-20,,0.8970000267028808,
1988-09-21,,0.8930000305175781,
1988-09-22,,0.8949999809265137,
1988-09-23,,0.8970000267028808,
1988-09-26,,0.9,
1988-09-27,,0.9039999961853027,
1988-09-28,,0.9060000419616699,
1988-09-29,,0.8979999542236328,
1988-09-30,,0.8869999885559082,
1988-10-03,,0.884000015258789,
1988-10-04,,0.8869999885559082,
1988-10-05,,0.8869999885559082,
1988-10-06,,0.8869999885559082,
1988-10-07,,0.8699999809265136,
1988-10-11,,0.875,
1988-10-12,,0.884000015258789,
1988-10-13,,0.884000015258789,
1988-10-14,,0.8810000419616699,
1988-10-17,,0.8789999961853028,
1988-10-18,,0.8779999732971191,
1988-10-19,,0.8819999694824219,
1988-10-20,,0.8789999961853028,
1988-10-21,,0.8829999923706054,
1988-10-24,,0.8829999923706054,
1988-10-25,,0.8829999923706054,
1988-10-26,,0.8789999961853028,
1988-10-27,,0.8720000267028809,
1988-10-28,,0.8689999580383301,
1988-10-31,,0.8649999618530273,
1988-11-01,,0.8680000305175781,
1988-11-02,,0.8729999542236329,
1988-11-03,,0.8689999580383301,
1988-11-04,,0.8850000381469727,
1988-11-07,,0.8909999847412109,
1988-11-08,,0.8909999847412109,
1988-11-09,,0.8909999847412109,
1988-11-10,,0.8899999618530273,
1988-11-14,,0.8909999847412109,
1988-11-15,,0.8920000076293946,
1988-11-16,,0.9,
1988-11-17,,0.9060000419616699,
1988-11-18,,0.9050000190734864,
1988-11-21,,0.9039999961853027,
1988-11-22,,0.909000015258789,
1988-11-23,,0.9079999923706055,
1988-11-25,,0.9170000076293945,
1988-11-28,,0.9159999847412109,
1988-11-29,,0.9130000114440918,
1988-11-30,,0.9060000419616699,
1988-12-01,,0.9010000228881836,
1988-12-02,,0.9180000305175782,
1988-12-05,,0.9130000114440918,
1988-12-06,,0.8949999809265137,
1988-12-07,,0.9,
1988-12-08,,0.9020000457763672,
1988-12-09,,0.9069999694824219,
1988-12-12,,0.9079999923706055,
1988-12-13,,0.9149999618530273,
1988-12-14,,0.9189999580383301,
1988-12-15,,0.9189999580383301,
1988-12-16,,0.9170000076293945,
1988-12-19,,0.9149999618530273,
1988-12-20,,0.9079999923706055,
1988-12-21,,0.9069999694824219,
1988-12-22,,0.9069999694824219,
1988-12-23,,0.9050000190734864,
1988-12-27,,0.9130000114440918,
1988-12-28,,0.9210000038146973,
1988-12-29,,0.9180000305175782,
1988-12-30,,0.9140000343322754,
1989-01-03,,0.9229999542236328,
1989-01-04,,0.9220000267028808,
1989-01-05,,0.9270000457763672,
1989-01-06,,0.925,
1989-01-09,,0.9229999542236328,
1989-01-10,,0.9239999771118164,
1989-01-11,,0.9239999771118164,
1989-01-12,,0.9140000343322754,
1989-01-13,,0.9060000419616699,
1989-01-17,,0.9060000419616699,
1989-01-18,,0.8989999771118165,
1989-01-19,,0.9,
1989-01-20,,0.9029999732971191,
1989-01-23,,0.9,
1989-01-24,,0.8930000305175781,
1989-01-25,,0.8989999771118165,
1989-01-26,,0.8989999771118165,
1989-01-27,,0.8949999809265137,
1989-01-30,,0.9,
1989-01-31,,0.9010000228881836,
1989-02-01,,0.8989999771118165,
1989-02-02,,0.8979999542236328,
1989-02-03,,0.9010000228881836,
1989-02-06,,0.9010000228881836,
1989-02-07,,0.8960000038146972,
1989-02-08,,0.8949999809265137,
1989-02-09,,0.9130000114440918,
1989-02-10,,0.9189999580383301,
1989-02-13,,0.9199999809265137,
1989-02-14,,0.9229999542236328,
1989-02-15,,0.9220000267028808,
1989-02-16,,0.9210000038146973,
1989-02-17,,0.9199999809265137,
1989-02-21,,0.9220000267028808,
1989-02-22,,0.9289999961853027,
1989-02-23,,0.9359999656677246,
1989-02-24,,0.9380000114440918,
1989-02-27,,0.9359999656677246,
1989-02-28,,0.9319999694824219,
1989-03-01,,0.9359999656677246,
1989-03-02,,0.93100004196167,
1989-03-03,,0.93100004196167,
1989-03-06,,0.9260000228881836,
1989-03-07,,0.9260000228881836,
1989-03-08,,0.9229999542236328,
1989-03-09,,0.9239999771118164,
1989-03-10,,0.9340000152587891,
1989-03-13,,0.9350000381469726,
1989-03-14,,0.9319999694824219,
1989-03-15,,0.93100004196167,
1989-03-16,,0.9300000190734863,
1989-03-17,,0.9489999771118164,
1989-03-20,,0.9529999732971192,
1989-03-21,,0.9529999732971192,
1989-03-22,,0.9449999809265137,
1989-03-23,,0.9430000305175781,
1989-03-27,,0.94399995803833,
1989-03-28,,0.9409999847412109,
1989-03-29,,0.9359999656677246,
1989-03-30,,0.9340000152587891,
1989-03-31,,0.9300000190734863,
1989-04-03,,0.9210000038146973,
1989-04-04,,0.9170000076293945,
1989-04-05,,0.9170000076293945,
1989-04-06,,0.9199999809265137,
1989-04-07,,0.9270000457763672,
1989-04-10,,0.9270000457763672,
1989-04-11,,0.9270000457763672,
1989-04-12,,0.9289999961853027,
1989-04-13,,0.9340000152587891,
1989-04-14,,0.9180000305175782,
1989-04-17,,0.9199999809265137,
1989-04-18,,0.9060000419616699,
1989-04-19,,0.9079999923706055,
1989-04-20,,0.9199999809265137,
1989-04-21,,0.9149999618530273,
1989-04-24,,0.9149999618530273,
1989-04-25,,0.9119999885559082,
1989-04-26,,0.9109999656677246,
1989-04-27,,0.9050000190734864,
1989-04-28,,0.9020000457763672,
1989-05-01,,0.9140000343322754,
1989-05-02,,0.9079999923706055,
1989-05-03,,0.9060000419616699,
1989-05-04,,0.9060000419616699,
1989-05-05,,0.8989999771118165,
1989-05-08,,0.9039999961853027,
1989-05-09,,0.9149999618530273,
1989-05-10,,0.9159999847412109,
1989-05-11,,0.9100000381469726,
1989-05-12,,0.8810000419616699,
1989-05-15,,0.8819999694824219,
1989-05-16,,0.8819999694824219,
1989-05-17,,0.8800000190734864,
1989-05-18,,0.8779999732971191,
1989-05-19,,0.8710000038146972,
1989-05-22,,0.8579999923706054,
1989-05-23,,0.8600000381469727,
1989-05-24,,0.8630000114440918,
1989-05-25,,0.8670000076293946,
1989-05-26,,0.865999984741211,
1989-05-30,,0.8640000343322753,
1989-05-31,,0.8600000381469727,
1989-06-01,,0.8609999656677246,
1989-06-02,,0.8430000305175781,
1989-06-05,,0.8359999656677246,
1989-06-06,,0.8359999656677246,
1989-06-07,,0.8270000457763672,
1989-06-08,,0.8270000457763672,
1989-06-09,,0.8149999618530274,
1989-06-12,,0.8159999847412109,
1989-06-13,,0.825,
1989-06-14,,0.8199999809265137,
1989-06-15,,0.8329999923706055,
1989-06-16,,0.8350000381469727,
1989-06-19,,0.8369999885559082,
1989-06-20,,0.8310000419616699,
1989-06-21,,0.8369999885559082,
1989-06-22,,0.8380000114440918,
1989-06-23,,0.825,
1989-06-26,,0.8180000305175781,
1989-06-27,,0.8109999656677246,
1989-06-28,,0.8170000076293945,
1989-06-29,,0.8119999885559082,
1989-06-30,,0.8100000381469726,
1989-07-03,,0.8090000152587891,
1989-07-05,,0.8109999656677246,
1989-07-06,,0.8079999923706055,
1989-07-07,,0.8020000457763672,
1989-07-10,,0.7989999771118164,
1989-07-11,,0.8,
1989-07-12,,0.8,
1989-07-13,,0.8,
1989-07-14,,0.8039999961853027,
1989-07-17,,0.8050000190734863,
1989-07-18,,0.8130000114440918,
1989-07-19,,0.8090000152587891,
1989-07-20,,0.8010000228881836,
1989-07-21,,0.8069999694824219,
1989-07-24,,0.8050000190734863,
1989-07-25,,0.8010000228881836,
1989-07-26,,0.8020000457763672,
1989-07-27,,0.7920000076293945,
1989-07-28,,0.7869999885559082,
1989-07-31,,0.7820000171661377,
1989-08-01,,0.7739999771118165,
1989-08-02,,0.7760000228881836,
1989-08-03,,0.7800000190734864,
1989-08-04,,0.8,
1989-08-07,,0.8029999732971191,
1989-08-08,,0.8,
1989-08-09,,0.8050000190734863,
1989-08-10,,0.8020000457763672,
1989-08-11,,0.8090000152587891,
1989-08-14,,0.8239999771118164,
1989-08-15,,0.8210000038146973,
1989-08-16,,0.8119999885559082,
1989-08-17,,0.8180000305175781,
1989-08-18,,0.8149999618530274,
1989-08-21,,0.8199999809265137,
1989-08-22,,0.8289999961853027,
1989-08-23,,0.825,
1989-08-24,,0.8199999809265137,
1989-08-25,,0.8210000038146973,
1989-08-28,,0.8270000457763672,
1989-08-29,,0.8270000457763672,
1989-08-30,,0.825,
1989-08-31,,0.8260000228881836,
1989-09-01,,0.81899995803833,
1989-09-05,,0.81899995803833,
1989-09-06,,0.8170000076293945,
1989-09-07,,0.8170000076293945,
1989-09-08,,0.8140000343322754,
1989-09-11,,0.8130000114440918,
1989-09-12,,0.8130000114440918,
1989-09-13,,0.8180000305175781,
1989-09-14,,0.8130000114440918,
1989-09-15,,0.8090000152587891,
1989-09-18,,0.8100000381469726,
1989-09-19,,0.8090000152587891,
1989-09-20,,0.8149999618530274,
1989-09-21,,0.8199999809265137,
1989-09-22,,0.8220000267028809,
1989-09-25,,0.8319999694824218,
1989-09-26,,0.8300000190734863,
1989-09-27,,0.8300000190734863,
1989-09-28,,0.8300000190734863,
1989-09-29,,0.8310000419616699,
1989-10-02,,0.8279999732971192,
1989-10-03,,0.8229999542236328,
1989-10-04,,0.8220000267028809,
1989-10-05,,0.8149999618530274,
1989-10-06,,0.8029999732971191,
1989-10-10,,0.8029999732971191,
1989-10-11,,0.8069999694824219,
1989-10-12,,0.8039999961853027,
1989-10-13,,0.7869999885559082,
1989-10-16,,0.7980000019073487,
1989-10-17,,0.8,
1989-10-18,,0.8010000228881836,
1989-10-19,,0.7960000038146973,
1989-10-20,,0.7980000019073487,
1989-10-23,,0.7920000076293945,
1989-10-24,,0.7869999885559082,
1989-10-25,,0.7860000133514404,
1989-10-26,,0.7880000114440918,
1989-10-27,,0.7940000057220459,
1989-10-30,,0.7920000076293945,
1989-10-31,,0.7920000076293945,
1989-11-01,,0.7909999847412109,
1989-11-02,,0.7869999885559082,
1989-11-03,,0.7960000038146973,
1989-11-06,,0.8,
1989-11-07,,0.7900000095367432,
1989-11-08,,0.7869999885559082,
1989-11-09,,0.7900000095367432,
1989-11-10,,0.7920000076293945,
1989-11-13,,0.7889999866485595,
1989-11-14,,0.7869999885559082,
1989-11-15,,0.7820000171661377,
1989-11-16,,0.7820000171661377,
1989-11-17,,0.7880000114440918,
1989-11-20,,0.7860000133514404,
1989-11-21,,0.7849999904632569,
1989-11-22,,0.7809999942779541,
1989-11-24,,0.7800000190734864,
1989-11-27,,0.7849999904632569,
1989-11-28,,0.7860000133514404,
1989-11-29,,0.7880000114440918,
1989-11-30,,0.784000015258789,
1989-12-01,,0.7809999942779541,
1989-12-04,,0.7820000171661377,
1989-12-05,,0.7820000171661377,
1989-12-06,,0.7849999904632569,
1989-12-07,,0.7880000114440918,
1989-12-08,,0.7820000171661377,
1989-12-11,,0.7829999923706055,
1989-12-12,,0.784000015258789,
1989-12-13,,0.7820000171661377,
1989-12-14,,0.7789999961853027,
1989-12-15,,0.7800000190734864,
1989-12-18,,0.7769999980926514,
1989-12-19,,0.778000020980835,
1989-12-20,,0.7769999980926514,
1989-12-21,,0.7769999980926514,
1989-12-22,,0.7820000171661377,
1989-12-26,,0.7949999809265137,
1989-12-27,,0.7940000057220459,
1989-12-28,,0.7909999847412109,
1989-12-29,,0.7929999828338623,
1990-01-02,17.239999771118164,0.7940000057220459,
1990-01-03,18.190000534057617,0.7989999771118164,
1990-01-04,19.219999313354492,0.7980000019073487,
1990-01-05,20.110000610351562,0.7989999771118164,
1990-01-08,20.260000228881836,0.8020000457763672,
1990-01-09,22.200000762939453,0.8020000457763672,
1990-01-10,22.440000534057617,0.8029999732971191,
1990-01-11,20.049999237060547,0.8039999961853027,
1990-01-12,24.639999389648438,0.8100000381469726,
1990-01-15,26.34000015258789,,
1990-01-16,24.18000030517578,0.8199999809265137,
1990-01-17,24.15999984741211,0.81899995803833,
1990-01-18,24.34000015258789,0.8319999694824218,
1990-01-19,22.5,0.8260000228881836,
1990-01-22,26.700000762939453,0.8270000457763672,
1990-01-23,24.719999313354492,0.8260000228881836,
1990-01-24,25.389999389648438,0.8380000114440918,
1990-01-25,25.6299991607666,0.8420000076293945,
1990-01-26,26.280000686645508,0.8489999771118164,
1990-01-29,26.440000534057617,0.85,
1990-01-30,27.25,0.8510000228881835,
1990-01-31,25.360000610351562,0.8430000305175781,
1990-02-01,24.8700008392334,0.8420000076293945,
1990-02-02,24.31999969482422,0.85,
1990-02-05,24.540000915527344,0.8529999732971192,
1990-02-06,24.690000534057617,0.8569999694824219,
1990-02-07,24.290000915527344,0.8520000457763672,
1990-02-08,23.770000457763672,0.8489999771118164,
1990-02-09,23.690000534057617,0.8310000419616699,
1990-02-12,24.3799991607666,0.8399999618530274,
1990-02-13,23.760000228881836,0.8350000381469727,
1990-02-14,22.049999237060547,0.8359999656677246,
1990-02-15,19.709999084472656,0.8430000305175781,
1990-02-16,20.780000686645508,0.8420000076293945,
1990-02-20,22.780000686645508,0.8619999885559082,
1990-02-21,23.889999389648438,0.8619999885559082,
1990-02-22,22.540000915527344,0.8539999961853028,
1990-02-23,23.690000534057617,0.8529999732971192,
1990-02-26,23.559999465942383,0.8460000038146973,
1990-02-27,22.690000534057617,0.840999984741211,
1990-02-28,21.989999771118164,0.8510000228881835,
1990-03-01,21.899999618530273,0.8590000152587891,
1990-03-02,21.34000015258789,0.8539999961853028,
1990-03-05,22.030000686645508,0.8649999618530273,
1990-03-06,20.549999237060547,0.8590000152587891,
1990-03-07,19.100000381469727,0.8579999923706054,
1990-03-08,19.739999771118164,0.8569999694824219,
1990-03-09,20.299999237060547,0.8649999618530273,
1990-03-12,20.06999969482422,0.8630000114440918,
1990-03-13,21.049999237060547,0.8729999542236329,
1990-03-14,19.649999618530273,0.8649999618530273,
1990-03-15,18.809999465942383,0.865999984741211,
1990-03-16,17.6200008392334,0.8590000152587891,
1990-03-19,18.290000915527344,0.8590000152587891,
1990-03-20,19.059999465942383,0.8539999961853028,
1990-03-21,20.100000381469727,0.8550000190734863,
1990-03-22,22.739999771118164,0.8529999732971192,
1990-03-23,20.459999084472656,0.8520000457763672,
1990-03-26,19.59000015258789,0.8510000228881835,
1990-03-27,21.010000228881836,0.8520000457763672,
1990-03-28,19.770000457763672,0.8510000228881835,
1990-03-29,18.459999084472656,0.8600000381469727,
1990-03-30,19.729999542236328,0.8649999618530273,
1990-04-02,22.84000015258789,0.8649999618530273,
1990-04-03,20.440000534057617,0.8630000114440918,
1990-04-04,22.030000686645508,0.8550000190734863,
1990-04-05,21.209999084472656,0.8569999694824219,
1990-04-06,21.760000228881836,0.8560000419616699,
1990-04-09,22.299999237060547,0.8590000152587891,
1990-04-10,21.690000534057617,0.8600000381469727,
1990-04-11,17.729999542236328,0.8630000114440918,
1990-04-12,19.799999237060547,0.8640000343322753,
1990-04-16,20.75,0.8680000305175781,
1990-04-17,20.3799991607666,0.8770000457763671,
1990-04-18,22.670000076293945,0.8859999656677247,
1990-04-19,22.459999084472656,0.8869999885559082,
1990-04-20,23.329999923706055,0.8949999809265137,
1990-04-23,24.15999984741211,0.8979999542236328,
1990-04-24,21.700000762939453,0.9,
1990-04-25,20.860000610351562,0.9010000228881836,
1990-04-26,20.25,0.9069999694824219,
1990-04-27,22.190000534057617,0.9060000419616699,
1990-04-30,19.520000457763672,0.9039999961853027,
1990-05-01,18.43000030517578,0.9079999923706055,
1990-05-02,19.31999969482422,0.909000015258789,
1990-05-03,17.809999465942383,0.9039999961853027,
1990-05-04,17.280000686645508,0.884000015258789,
1990-05-07,17.649999618530273,0.8869999885559082,
1990-05-08,18.489999771118164,0.884000015258789,
1990-05-09,18.639999389648438,0.8880000114440918,
1990-05-10,18.59000015258789,0.8819999694824219,
1990-05-11,19.809999465942383,0.8640000343322753,
1990-05-14,20.139999389648438,0.8609999656677246,
1990-05-15,19.489999771118164,0.8649999618530273,
1990-05-16,17.709999084472656,0.8680000305175781,
1990-05-17,17.270000457763672,0.8689999580383301,
1990-05-18,17.200000762939453,0.875,
1990-05-21,16.719999313354492,0.8739999771118164,
1990-05-22,17.84000015258789,0.8649999618530273,
1990-05-23,17.18000030517578,0.8609999656677246,
1990-05-24,17.700000762939453,0.8630000114440918,
1990-05-25,17.31999969482422,0.8689999580383301,
1990-05-29,18.75,0.865999984741211,
1990-05-30,17.440000534057617,0.8619999885559082,
1990-05-31,17.3700008392334,0.8600000381469727,
1990-06-01,17.09000015258789,0.8439999580383301,
1990-06-04,18.389999389648438,0.8439999580383301,
1990-06-05,18.969999313354492,0.8470000267028809,
1990-06-06,17.420000076293945,0.8460000038146973,
1990-06-07,16.8799991607666,0.8460000038146973,
1990-06-08,17.579999923706055,0.8460000038146973,
1990-06-11,16.34000015258789,0.8479999542236328,
1990-06-12,16.600000381469727,0.8479999542236328,
1990-06-13,17.3799991607666,0.8399999618530274,
1990-06-14,17.399999618530273,0.8380000114440918,
1990-06-15,15.899999618530273,0.8460000038146973,
1990-06-18,17.709999084472656,0.85,
1990-06-19,15.229999542236328,0.8510000228881835,
1990-06-20,15.270000457763672,0.8550000190734863,
1990-06-21,14.720000267028809,0.8520000457763672,
1990-06-22,19.360000610351562,0.8510000228881835,
1990-06-25,17.059999465942383,0.8579999923706054,
1990-06-26,16.290000915527344,0.8560000419616699,
1990-06-27,16.0,0.8520000457763672,
1990-06-28,16.18000030517578,0.8470000267028809,
1990-06-29,15.5,0.8430000305175781,
1990-07-02,16.260000228881836,0.8430000305175781,
1990-07-03,16.110000610351562,0.8399999618530274,
1990-07-05,17.25,0.8420000076293945,
1990-07-06,16.40999984741211,0.8510000228881835,
1990-07-09,16.65999984741211,0.8569999694824219,
1990-07-10,16.920000076293945,0.8569999694824219,
1990-07-11,16.68000030517578,0.8569999694824219,
1990-07-12,17.059999465942383,0.85,
1990-07-13,17.09000015258789,0.8449999809265136,
1990-07-16,16.75,0.8439999580383301,
1990-07-17,16.65999984741211,0.8439999580383301,
1990-07-18,18.899999618530273,0.85,
1990-07-19,18.559999465942383,0.8510000228881835,
1990-07-20,15.630000114440918,0.8479999542236328,
1990-07-23,23.68000030517578,0.8479999542236328,
1990-07-24,21.790000915527344,0.8529999732971192,
1990-07-25,20.190000534057617,0.8489999771118164,
1990-07-26,20.260000228881836,0.8489999771118164,
1990-07-27,21.1200008392334,0.8420000076293945,
1990-07-30,21.15999984741211,0.8340000152587891,
1990-07-31,21.110000610351562,0.8359999656677246,
1990-08-01,21.639999389648438,0.8289999961853027,
1990-08-02,20.43000030517578,0.840999984741211,
1990-08-03,28.739999771118164,0.8430000305175781,
1990-08-06,35.90999984741211,0.8710000038146972,
1990-08-07,32.75,0.8779999732971191,
1990-08-08,28.270000457763672,0.8770000457763671,
1990-08-09,24.389999389648438,0.865999984741211,
1990-08-10,25.75,0.8680000305175781,
1990-08-13,25.739999771118164,0.8710000038146972,
1990-08-14,24.18000030517578,0.865999984741211,
1990-08-15,23.309999465942383,0.8640000343322753,
1990-08-16,27.15999984741211,0.8760000228881836,
1990-08-17,27.530000686645508,0.8800000190734864,
1990-08-20,26.459999084472656,0.8810000419616699,
1990-08-21,28.899999618530273,0.884000015258789,
1990-08-22,30.549999237060547,0.8909999847412109,
1990-08-23,36.470001220703125,0.9,
1990-08-24,33.93000030517578,0.9050000190734864,
1990-08-27,29.6299991607666,0.8899999618530273,
1990-08-28,29.1200008392334,0.8939999580383301,
1990-08-29,27.3799991607666,0.884000015258789,
1990-08-30,29.889999389648438,0.8859999656677247,
1990-08-31,29.899999618530273,0.8859999656677247,
1990-09-04,29.579999923706055,0.8899999618530273,
1990-09-05,28.520000457763672,0.8859999656677247,
1990-09-06,30.190000534057617,0.884000015258789,
1990-09-07,28.729999542236328,0.8810000419616699,
1990-09-10,29.34000015258789,0.8850000381469727,
1990-09-11,28.3799991607666,0.8829999923706054,
1990-09-12,28.1200008392334,0.8819999694824219,
1990-09-13,29.329999923706055,0.8819999694824219,
1990-09-14,30.559999465942383,0.8869999885559082,
1990-09-17,29.549999237060547,0.8899999618530273,
1990-09-18,28.81999969482422,0.8899999618530273,
1990-09-19,27.8799991607666,0.8880000114440918,
1990-09-20,28.65999984741211,0.8909999847412109,
1990-09-21,30.040000915527344,0.8989999771118165,
1990-09-24,30.559999465942383,0.9039999961853027,
1990-09-25,28.809999465942383,0.9020000457763672,
1990-09-26,28.190000534057617,0.9,
1990-09-27,28.670000076293945,0.8909999847412109,
1990-09-28,29.110000610351562,0.8819999694824219,
1990-10-01,28.059999465942383,0.8710000038146972,
1990-10-02,27.280000686645508,0.8689999580383301,
1990-10-03,27.899999618530273,0.8710000038146972,
1990-10-04,27.510000228881836,0.8670000076293946,
1990-10-05,27.850000381469727,0.8649999618530273,
1990-10-08,28.040000915527344,,
1990-10-09,30.709999084472656,0.8829999923706054,
1990-10-10,31.190000534057617,0.8890000343322754,
1990-10-11,33.97999954223633,0.8920000076293946,
1990-10-12,31.940000534057617,0.884000015258789,
1990-10-15,31.639999389648438,0.8800000190734864,
1990-10-16,31.450000762939453,0.8789999961853028,
1990-10-17,31.3700008392334,0.8760000228881836,
1990-10-18,29.600000381469727,0.8710000038146972,
1990-10-19,27.860000610351562,0.8619999885559082,
1990-10-22,27.270000457763672,0.8630000114440918,
1990-10-23,27.56999969482422,0.8649999618530273,
1990-10-24,28.280000686645508,0.865999984741211,
1990-10-25,29.040000915527344,0.8619999885559082,
1990-10-26,30.75,0.8630000114440918,
1990-10-29,31.540000915527344,0.8699999809265136,
1990-10-30,30.520000457763672,0.8699999809265136,
1990-10-31,30.040000915527344,0.8649999618530273,
1990-11-01,30.25,0.8569999694824219,
1990-11-02,30.030000686645508,0.8569999694824219,
1990-11-05,29.850000381469727,0.85,
1990-11-06,29.110000610351562,0.8520000457763672,
1990-11-07,30.8700008392334,0.8569999694824219,
1990-11-08,30.790000915527344,0.8579999923706054,
1990-11-09,26.959999084472656,0.8489999771118164,
1990-11-12,25.600000381469727,,
1990-11-13,24.579999923706055,0.8369999885559082,
1990-11-14,22.889999389648438,0.8359999656677246,
1990-11-15,22.56999969482422,0.8369999885559082,
1990-11-16,21.34000015258789,0.8300000190734863,
1990-11-19,20.950000762939453,0.8350000381469727,
1990-11-20,20.09000015258789,0.8310000419616699,
1990-11-21,21.09000015258789,0.8270000457763672,
1990-11-23,20.979999542236328,0.8279999732971192,
1990-11-26,22.760000228881836,0.8270000457763672,
1990-11-27,22.860000610351562,0.8279999732971192,
1990-11-28,22.959999084472656,0.8300000190734863,
1990-11-29,23.90999984741211,0.8319999694824218,
1990-11-30,22.15999984741211,0.8260000228881836,
1990-12-03,22.290000915527344,0.8220000267028809,
1990-12-04,22.030000686645508,0.8199999809265137,
1990-12-05,20.940000534057617,0.8159999847412109,
1990-12-06,22.6200008392334,0.8180000305175781,
1990-12-07,22.59000015258789,0.8029999732971191,
1990-12-10,23.579999923706055,0.7980000019073487,
1990-12-11,23.75,0.7940000057220459,
1990-12-12,21.280000686645508,0.7909999847412109,
1990-12-13,23.049999237060547,0.7980000019073487,
1990-12-14,23.850000381469727,0.8050000190734863,
1990-12-17,24.850000381469727,0.8020000457763672,
1990-12-18,23.110000610351562,0.7989999771118164,
1990-12-19,23.079999923706055,0.8,
1990-12-20,23.1299991607666,0.8050000190734863,
1990-12-21,22.65999984741211,0.8109999656677246,
1990-12-24,24.030000686645508,0.8199999809265137,
1990-12-26,24.18000030517578,0.8149999618530274,
1990-12-27,24.809999465942383,0.8109999656677246,
1990-12-28,25.049999237060547,0.8140000343322754,
1990-12-31,26.3799991607666,0.8079999923706055,
1991-01-02,26.6200008392334,0.7969999790191651,
1991-01-03,27.93000030517578,0.7929999828338623,
1991-01-04,27.190000534057617,0.8020000457763672,
1991-01-07,28.950000762939453,0.8130000114440918,
1991-01-08,30.3799991607666,0.8159999847412109,
1991-01-09,33.29999923706055,0.825,
1991-01-10,31.329999923706055,0.8159999847412109,
1991-01-11,32.630001068115234,0.8199999809265137,
1991-01-14,36.20000076293945,0.8229999542236328,
1991-01-15,36.15999984741211,0.8220000267028809,
1991-01-16,33.20000076293945,0.8239999771118164,
1991-01-17,27.450000762939453,0.8050000190734863,
1991-01-18,25.389999389648438,0.8029999732971191,
1991-01-21,24.329999923706055,,
1991-01-22,24.899999618530273,0.8069999694824219,
1991-01-23,23.920000076293945,0.8039999961853027,
1991-01-24,22.860000610351562,0.8,
1991-01-25,22.200000762939453,0.80600004196167,
1991-01-28,23.049999237060547,0.80600004196167,
1991-01-29,23.170000076293945,0.8050000190734863,
1991-01-30,21.3700008392334,0.8050000190734863,
1991-01-31,20.90999984741211,0.8029999732971191,
1991-02-01,21.040000915527344,0.7909999847412109,
1991-02-04,21.860000610351562,0.7880000114440918,
1991-02-05,21.459999084472656,0.7849999904632569,
1991-02-06,22.68000030517578,0.7789999961853027,
1991-02-07,23.600000381469727,0.7820000171661377,
1991-02-08,23.3799991607666,0.7769999980926514,
1991-02-11,22.559999465942383,0.778000020980835,
1991-02-12,22.260000228881836,0.778000020980835,
1991-02-13,20.860000610351562,0.778000020980835,
1991-02-14,21.479999542236328,0.7800000190734864,
1991-02-15,19.56999969482422,0.778000020980835,
1991-02-19,19.84000015258789,0.7800000190734864,
1991-02-20,22.260000228881836,0.784000015258789,
1991-02-21,20.780000686645508,0.7880000114440918,
1991-02-22,21.010000228881836,0.7909999847412109,
1991-02-25,22.860000610351562,0.7909999847412109,
1991-02-26,20.3799991607666,0.7960000038146973,
1991-02-27,21.260000228881836,0.7980000019073487,
1991-02-28,21.229999542236328,0.8020000457763672,
1991-03-01,21.229999542236328,0.8119999885559082,
1991-03-04,20.860000610351562,0.8119999885559082,
1991-03-05,20.450000762939453,0.8079999923706055,
1991-03-06,20.549999237060547,0.8109999656677246,
1991-03-07,21.049999237060547,0.8069999694824219,
1991-03-08,20.809999465942383,0.8130000114440918,
1991-03-11,20.8799991607666,0.80600004196167,
1991-03-12,18.81999969482422,0.8090000152587891,
1991-03-13,16.09000015258789,0.8020000457763672,
1991-03-14,14.9399995803833,0.8020000457763672,
1991-03-15,14.899999618530273,0.8100000381469726,
1991-03-18,15.789999961853027,0.8149999618530274,
1991-03-19,16.110000610351562,0.825,
1991-03-20,16.040000915527344,0.8199999809265137,
1991-03-21,16.860000610351562,0.8159999847412109,
1991-03-22,16.489999771118164,0.8130000114440918,
1991-03-25,16.760000228881836,0.8130000114440918,
1991-03-26,16.309999465942383,0.8130000114440918,
1991-03-27,16.549999237060547,0.8079999923706055,
1991-03-28,16.8799991607666,0.8050000190734863,
1991-04-01,17.420000076293945,0.8069999694824219,
1991-04-02,17.399999618530273,0.8029999732971191,
1991-04-03,17.610000610351562,0.8050000190734863,
1991-04-04,18.010000228881836,0.8,
1991-04-05,17.6299991607666,0.7989999771118164,
1991-04-08,17.40999984741211,0.7980000019073487,
1991-04-09,20.1200008392334,0.8029999732971191,
1991-04-10,19.729999542236328,0.8100000381469726,
1991-04-11,17.239999771118164,0.8090000152587891,
1991-04-12,18.450000762939453,0.7980000019073487,
1991-04-15,16.5,0.7949999809265137,
1991-04-16,15.819999694824219,0.7969999790191651,
1991-04-17,15.470000267028809,0.7949999809265137,
1991-04-18,16.260000228881836,0.8020000457763672,
1991-04-19,15.680000305175781,0.8100000381469726,
1991-04-22,16.780000686645508,0.8149999618530274,
1991-04-23,17.020000457763672,0.8119999885559082,
1991-04-24,16.719999313354492,0.80600004196167,
1991-04-25,17.149999618530273,0.8069999694824219,
1991-04-26,17.270000457763672,0.80600004196167,
1991-04-29,18.270000457763672,0.8069999694824219,
1991-04-30,18.239999771118164,0.8020000457763672,
1991-05-01,17.770000457763672,0.8010000228881836,
1991-05-02,17.520000457763672,0.7969999790191651,
1991-05-03,17.239999771118164,0.8039999961853027,
1991-05-06,17.920000076293945,0.8050000190734863,
1991-05-07,17.459999084472656,0.80600004196167,
1991-05-08,17.780000686645508,0.8039999961853027,
1991-05-09,17.170000076293945,0.8020000457763672,
1991-05-10,17.540000915527344,0.8119999885559082,
1991-05-13,17.65999984741211,0.8069999694824219,
1991-05-14,18.0,0.8140000343322754,
1991-05-15,18.3799991607666,0.8130000114440918,
1991-05-16,17.239999771118164,0.8119999885559082,
1991-05-17,16.639999389648438,0.8079999923706055,
1991-05-20,17.100000381469727,0.8100000381469726,
1991-05-21,16.06999969482422,0.80600004196167,
1991-05-22,16.15999984741211,0.80600004196167,
1991-05-23,16.110000610351562,0.8100000381469726,
1991-05-24,15.229999542236328,0.8100000381469726,
1991-05-28,15.670000076293945,0.8069999694824219,
1991-05-29,15.899999618530273,0.8069999694824219,
1991-05-30,16.020000457763672,0.8020000457763672,
1991-05-31,15.930000305175781,0.80600004196167,
1991-06-03,16.8700008392334,0.8140000343322754,
1991-06-04,16.170000076293945,0.8140000343322754,
1991-06-05,16.399999618530273,0.81899995803833,
1991-06-06,16.93000030517578,0.8229999542236328,
1991-06-07,16.979999542236328,0.8289999961853027,
1991-06-10,17.469999313354492,0.8289999961853027,
1991-06-11,17.31999969482422,0.8289999961853027,
1991-06-12,17.719999313354492,0.8359999656677246,
1991-06-13,16.989999771118164,0.8340000152587891,
1991-06-14,15.979999542236328,0.8289999961853027,
1991-06-17,15.5,0.8300000190734863,
1991-06-18,16.139999389648438,0.8319999694824218,
1991-06-19,17.440000534057617,0.8329999923706055,
1991-06-20,16.75,0.8300000190734863,
1991-06-21,16.510000228881836,0.8319999694824218,
1991-06-24,18.280000686645508,0.8329999923706055,
1991-06-25,17.850000381469727,0.8329999923706055,
1991-06-26,17.979999542236328,0.8329999923706055,
1991-06-27,17.8700008392334,0.8319999694824218,
1991-06-28,19.549999237060547,0.8239999771118164,
1991-07-01,18.639999389648438,0.8260000228881836,
1991-07-02,17.6299991607666,0.8270000457763672,
1991-07-03,19.469999313354492,0.8260000228881836,
1991-07-05,18.350000381469727,0.8340000152587891,
1991-07-08,20.290000915527344,0.8340000152587891,
1991-07-09,19.760000228881836,0.8359999656677246,
1991-07-10,19.190000534057617,0.8350000381469727,
1991-07-11,17.389999389648438,0.8300000190734863,
1991-07-12,18.290000915527344,0.8260000228881836,
1991-07-15,17.780000686645508,0.8260000228881836,
1991-07-16,17.489999771118164,0.8270000457763672,
1991-07-17,17.520000457763672,0.8300000190734863,
1991-07-18,15.770000457763672,0.8310000419616699,
1991-07-19,15.5,0.8279999732971192,
1991-07-22,16.899999618530273,0.8279999732971192,
1991-07-23,16.579999923706055,0.8310000419616699,
1991-07-24,16.40999984741211,0.8239999771118164,
1991-07-25,15.739999771118164,0.8199999809265137,
1991-07-26,15.449999809265137,0.8199999809265137,
1991-07-29,15.670000076293945,0.8199999809265137,
1991-07-30,15.470000267028809,0.8210000038146973,
1991-07-31,15.180000305175781,0.8199999809265137,
1991-08-01,15.470000267028809,0.8199999809265137,
1991-08-02,15.260000228881836,0.80600004196167,
1991-08-05,15.920000076293945,0.8039999961853027,
1991-08-06,15.539999961853027,0.7969999790191651,
1991-08-07,15.5600004196167,0.7929999828338623,
1991-08-08,15.979999542236328,0.7980000019073487,
1991-08-09,15.449999809265137,0.7980000019073487,
1991-08-12,15.260000228881836,0.7949999809265137,
1991-08-13,14.729999542236328,0.7909999847412109,
1991-08-14,15.09000015258789,0.7820000171661377,
1991-08-15,15.1899995803833,0.784000015258789,
1991-08-16,16.010000228881836,0.784000015258789,
1991-08-19,21.190000534057617,0.7829999923706055,
1991-08-20,18.860000610351562,0.7809999942779541,
1991-08-21,15.619999885559082,0.7800000190734864,
1991-08-22,14.59000015258789,0.778000020980835,
1991-08-23,14.40999984741211,0.7880000114440918,
1991-08-26,14.8100004196167,0.7909999847412109,
1991-08-27,15.460000038146973,0.7889999866485595,
1991-08-28,15.3100004196167,0.7820000171661377,
1991-08-29,14.819999694824219,0.7739999771118165,
1991-08-30,14.460000038146973,0.7820000171661377,
1991-09-03,16.56999969482422,0.7809999942779541,
1991-09-04,17.18000030517578,0.7809999942779541,
1991-09-05,17.309999465942383,0.7829999923706055,
1991-09-06,16.760000228881836,0.7760000228881836,
1991-09-09,17.729999542236328,0.7730000019073486,
1991-09-10,18.219999313354492,0.7730000019073486,
1991-09-11,17.959999084472656,0.7739999771118165,
1991-09-12,16.209999084472656,0.7670000076293946,
1991-09-13,17.8799991607666,0.7659999847412109,
1991-09-16,17.81999969482422,0.7630000114440918,
1991-09-17,17.68000030517578,0.7619999885559082,
1991-09-18,17.559999465942383,0.7619999885559082,
1991-09-19,17.559999465942383,0.7610000133514404,
1991-09-20,17.079999923706055,0.7570000171661377,
1991-09-23,16.3799991607666,0.7550000190734864,
1991-09-24,16.040000915527344,0.7559999942779541,
1991-09-25,15.680000305175781,0.7579999923706054,
1991-09-26,15.350000381469727,0.7559999942779541,
1991-09-27,16.309999465942383,0.7489999771118164,
1991-09-30,15.850000381469727,0.746999979019165,
1991-10-01,14.8100004196167,0.7449999809265136,
1991-10-02,15.8100004196167,0.746999979019165,
1991-10-03,17.040000915527344,0.746999979019165,
1991-10-04,15.630000114440918,0.7389999866485596,
1991-10-07,18.579999923706055,0.7400000095367432,
1991-10-08,17.809999465942383,0.7429999828338623,
1991-10-09,18.540000915527344,0.7510000228881836,
1991-10-10,17.799999237060547,0.7579999923706054,
1991-10-11,17.600000381469727,0.7489999771118164,
1991-10-14,16.709999084472656,,
1991-10-15,16.219999313354492,0.7460000038146972,
1991-10-16,14.850000381469727,0.7449999809265136,
1991-10-17,16.31999969482422,0.7550000190734864,
1991-10-18,15.869999885559082,0.753000020980835,
1991-10-21,16.65999984741211,0.7619999885559082,
1991-10-22,16.549999237060547,0.7670000076293946,
1991-10-23,16.260000228881836,0.7690000057220459,
1991-10-24,15.619999885559082,0.7650000095367432,
1991-10-25,15.75,0.7679999828338623,
1991-10-28,15.449999809265137,0.7650000095367432,
1991-10-29,15.550000190734863,0.7510000228881836,
1991-10-30,15.460000038146973,0.7480000019073486,
1991-10-31,15.479999542236328,0.746999979019165,
1991-11-01,15.600000381469727,0.7480000019073486,
1991-11-04,16.350000381469727,0.75,
1991-11-05,16.479999542236328,0.7559999942779541,
1991-11-06,16.469999313354492,0.7510000228881836,
1991-11-07,15.970000267028809,0.7429999828338623,
1991-11-08,15.430000305175781,0.740999984741211,
1991-11-11,14.890000343322754,,
1991-11-12,14.039999961853027,0.7369999885559082,
1991-11-13,13.949999809265137,0.740999984741211,
1991-11-14,13.960000038146973,0.7349999904632568,
1991-11-15,21.18000030517578,0.7329999923706054,
1991-11-18,18.280000686645508,0.7329999923706054,
1991-11-19,20.34000015258789,0.7369999885559082,
1991-11-20,20.399999618530273,0.7380000114440918,
1991-11-21,19.110000610351562,0.7389999866485596,
1991-11-22,21.200000762939453,0.7440000057220459,
1991-11-25,21.920000076293945,0.7449999809265136,
1991-11-26,19.799999237060547,0.7420000076293946,
1991-11-27,19.84000015258789,0.7420000076293946,
1991-11-29,20.260000228881836,0.7380000114440918,
1991-12-02,20.18000030517578,0.7320000171661377,
1991-12-03,19.700000762939453,0.7280000209808349,
1991-12-04,19.540000915527344,0.7170000076293945,
1991-12-05,20.190000534057617,0.7210000038146973,
1991-12-06,19.040000915527344,0.7260000228881835,
1991-12-09,19.739999771118164,0.721999979019165,
1991-12-10,19.889999389648438,0.7210000038146973,
1991-12-11,20.56999969482422,0.721999979019165,
1991-12-12,19.079999923706055,0.7190000057220459,
1991-12-13,17.8799991607666,0.721999979019165,
1991-12-16,17.6200008392334,0.7210000038146973,
1991-12-17,18.1200008392334,0.7179999828338623,
1991-12-18,17.780000686645508,0.7190000057220459,
1991-12-19,17.959999084472656,0.7110000133514405,
1991-12-20,17.649999618530273,0.696999979019165,
1991-12-23,16.610000610351562,0.6880000114440918,
1991-12-24,15.670000076293945,0.6880000114440918,
1991-12-26,15.4399995803833,0.6849999904632569,
1991-12-27,15.699999809265137,0.6820000171661377,
1991-12-30,17.6299991607666,0.6760000228881836,
1991-12-31,19.309999465942383,0.6710000038146973,
1992-01-02,18.950000762939453,0.678000020980835,
1992-01-03,18.75,0.6849999904632569,
1992-01-06,18.959999084472656,0.6820000171661377,
1992-01-07,19.229999542236328,0.6760000228881836,
1992-01-08,18.719999313354492,0.6769999980926513,
1992-01-09,18.959999084472656,0.6789999961853027,
1992-01-10,18.450000762939453,0.6849999904632569,
1992-01-13,18.010000228881836,0.6920000076293945,
1992-01-14,17.010000228881836,0.7030000209808349,
1992-01-15,17.389999389648438,0.7050000190734863,
1992-01-16,17.639999389648438,0.7130000114440918,
1992-01-17,16.31999969482422,0.7090000152587891,
1992-01-20,16.420000076293945,,
1992-01-21,17.920000076293945,0.7030000209808349,
1992-01-22,16.75,0.7090000152587891,
1992-01-23,16.459999084472656,0.7199999809265136,
1992-01-24,16.239999771118164,0.725,
1992-01-27,16.670000076293945,0.7239999771118164,
1992-01-28,17.670000076293945,0.715999984741211,
1992-01-29,17.6200008392334,0.725,
1992-01-30,17.489999771118164,0.7309999942779541,
1992-01-31,17.399999618530273,0.7309999942779541,
1992-02-03,18.200000762939453,0.7360000133514404,
1992-02-04,17.959999084472656,0.7289999961853028,
1992-02-05,18.219999313354492,0.7210000038146973,
1992-02-06,18.790000915527344,0.7199999809265136,
1992-02-07,18.510000228881836,0.7199999809265136,
1992-02-10,18.559999465942383,0.7210000038146973,
1992-02-11,17.700000762939453,0.7230000019073486,
1992-02-12,17.3700008392334,0.7300000190734863,
1992-02-13,17.450000762939453,0.7400000095367432,
1992-02-14,17.030000686645508,0.740999984741211,
1992-02-18,18.219999313354492,0.746999979019165,
1992-02-19,17.15999984741211,0.7420000076293946,
1992-02-20,16.719999313354492,0.740999984741211,
1992-02-21,16.8700008392334,0.7449999809265136,
1992-02-24,17.1299991607666,0.746999979019165,
1992-02-25,16.350000381469727,0.7440000057220459,
1992-02-26,16.639999389648438,0.7329999923706054,
1992-02-27,16.510000228881836,0.7349999904632568,
1992-02-28,16.68000030517578,0.7269999980926514,
1992-03-02,16.8799991607666,0.7380000114440918,
1992-03-03,17.260000228881836,0.7429999828338623,
1992-03-04,17.889999389648438,0.7429999828338623,
1992-03-05,18.469999313354492,0.7510000228881836,
1992-03-06,19.75,0.7480000019073486,
1992-03-09,19.68000030517578,0.7420000076293946,
1992-03-10,18.68000030517578,0.7429999828338623,
1992-03-11,19.790000915527344,0.7510000228881836,
1992-03-12,19.719999313354492,0.7619999885559082,
1992-03-13,18.350000381469727,0.7710000038146972,
1992-03-16,18.459999084472656,0.7690000057220459,
1992-03-17,16.790000915527344,0.7619999885559082,
1992-03-18,16.690000534057617,0.7619999885559082,
1992-03-19,16.520000457763672,0.7570000171661377,
1992-03-20,16.81999969482422,0.7639999866485596,
1992-03-23,16.729999542236328,0.7619999885559082,
1992-03-24,16.31999969482422,0.753000020980835,
1992-03-25,16.190000534057617,0.753000020980835,
1992-03-26,16.290000915527344,0.7570000171661377,
1992-03-27,16.020000457763672,0.7539999961853028,
1992-03-30,15.970000267028809,0.7539999961853028,
1992-03-31,16.18000030517578,0.7539999961853028,
1992-04-01,16.479999542236328,0.7460000038146972,
1992-04-02,17.059999465942383,0.746999979019165,
1992-04-03,16.719999313354492,0.7420000076293946,
1992-04-06,16.719999313354492,0.740999984741211,
1992-04-07,18.809999465942383,0.740999984741211,
1992-04-08,20.149999618530273,0.7440000057220459,
1992-04-09,17.889999389648438,0.7349999904632568,
1992-04-10,16.850000381469727,0.7369999885559082,
1992-04-13,16.989999771118164,0.7329999923706054,
1992-04-14,15.979999542236328,0.7349999904632568,
1992-04-15,15.149999618530273,0.7369999885559082,
1992-04-16,14.850000381469727,0.7449999809265136,
1992-04-20,15.930000305175781,0.759000015258789,
1992-04-21,16.530000686645508,0.7579999923706054,
1992-04-22,15.960000038146973,0.7570000171661377,
1992-04-23,15.829999923706055,0.759000015258789,
1992-04-24,15.710000038146973,0.7550000190734864,
1992-04-27,16.489999771118164,0.7599999904632568,
1992-04-28,16.239999771118164,0.7570000171661377,
1992-04-29,15.949999809265137,0.7599999904632568,
1992-04-30,15.529999732971191,0.7610000133514404,
1992-05-01,16.610000610351562,0.7559999942779541,
1992-05-04,16.920000076293945,0.7579999923706054,
1992-05-05,16.65999984741211,0.7559999942779541,
1992-05-06,16.809999465942383,0.7460000038146972,
1992-05-07,16.540000915527344,0.7489999771118164,
1992-05-08,15.649999618530273,0.740999984741211,
1992-05-11,15.170000076293945,0.7400000095367432,
1992-05-12,15.680000305175781,0.7360000133514404,
1992-05-13,15.1899995803833,0.7340000152587891,
1992-05-14,15.489999771118164,0.7340000152587891,
1992-05-15,14.819999694824219,0.7280000209808349,
1992-05-18,14.619999885559082,0.7280000209808349,
1992-05-19,13.569999694824219,0.7199999809265136,
1992-05-20,13.619999885559082,0.725,
1992-05-21,13.920000076293945,0.7389999866485596,
1992-05-22,13.729999542236328,0.7349999904632568,
1992-05-26,14.920000076293945,0.7460000038146972,
1992-05-27,13.989999771118164,0.7440000057220459,
1992-05-28,13.770000457763672,0.7360000133514404,
1992-05-29,13.859999656677246,0.7329999923706054,
1992-06-01,14.430000305175781,0.7389999866485596,
1992-06-02,14.569999694824219,0.7349999904632568,
1992-06-03,14.350000381469727,0.7340000152587891,
1992-06-04,13.65999984741211,0.7340000152587891,
1992-06-05,14.649999618530273,0.7309999942779541,
1992-06-08,15.1899995803833,0.7309999942779541,
1992-06-09,15.970000267028809,0.7329999923706054,
1992-06-10,16.6200008392334,0.7349999904632568,
1992-06-11,16.290000915527344,0.7329999923706054,
1992-06-12,14.949999809265137,0.7289999961853028,
1992-06-15,14.760000228881836,0.7280000209808349,
1992-06-16,15.220000267028809,0.7239999771118164,
1992-06-17,18.079999923706055,0.7230000019073486,
1992-06-18,18.200000762939453,0.7190000057220459,
1992-06-19,16.309999465942383,0.7239999771118164,
1992-06-22,16.65999984741211,0.7239999771118164,
1992-06-23,14.529999732971191,0.725,
1992-06-24,14.399999618530273,0.7199999809265136,
1992-06-25,14.399999618530273,0.7139999866485596,
1992-06-26,14.670000076293945,0.7150000095367431,
1992-06-29,13.210000038146973,0.7119999885559082,
1992-06-30,13.350000381469727,0.7139999866485596,
1992-07-01,13.34000015258789,0.7099999904632568,
1992-07-02,13.880000114440918,0.6929999828338623,
1992-07-06,14.869999885559082,0.6900000095367431,
1992-07-07,15.829999923706055,0.6869999885559082,
1992-07-08,15.529999732971191,0.6909999847412109,
1992-07-09,14.600000381469727,0.6909999847412109,
1992-07-10,13.699999809265137,0.6929999828338623,
1992-07-13,14.010000228881836,0.696999979019165,
1992-07-14,13.5,0.696999979019165,
1992-07-15,12.520000457763672,0.6900000095367431,
1992-07-16,12.270000457763672,0.6869999885559082,
1992-07-17,12.600000381469727,0.6900000095367431,
1992-07-20,12.65999984741211,0.6900000095367431,
1992-07-21,12.600000381469727,0.6889999866485595,
1992-07-22,13.569999694824219,0.6849999904632569,
1992-07-23,13.329999923706055,0.6719999790191651,
1992-07-24,13.369999885559082,0.6730000019073487,
1992-07-27,13.899999618530273,0.6690000057220459,
1992-07-28,13.050000190734863,0.6630000114440918,
1992-07-29,13.4399995803833,0.6599999904632569,
1992-07-30,13.5,0.6690000057220459,
1992-07-31,13.170000076293945,0.6719999790191651,
1992-08-03,13.829999923706055,0.6719999790191651,
1992-08-04,13.579999923706055,0.6659999847412109,
1992-08-05,13.819999694824219,0.6639999866485595,
1992-08-06,14.229999542236328,0.6650000095367432,
1992-08-07,13.9399995803833,0.6570000171661377,
1992-08-10,14.510000228881836,0.6519999980926514,
1992-08-11,15.09000015258789,0.65,
1992-08-12,14.880000114440918,0.6480000019073486,
1992-08-13,15.34000015258789,0.6550000190734864,
1992-08-14,14.65999984741211,0.653000020980835,
1992-08-17,14.609999656677246,0.6559999942779541,
1992-08-18,13.84000015258789,0.6480000019073486,
1992-08-19,14.350000381469727,0.6469999790191651,
1992-08-20,14.479999542236328,0.6460000038146972,
1992-08-21,15.010000228881836,0.653000020980835,
1992-08-24,16.190000534057617,0.6679999828338623,
1992-08-25,15.619999885559082,0.6730000019073487,
1992-08-26,14.5,0.6679999828338623,
1992-08-27,13.65999984741211,0.6639999866485595,
1992-08-28,13.140000343322754,0.6630000114440918,
1992-08-31,13.579999923706055,0.6619999885559082,
1992-09-01,13.399999618530273,0.6559999942779541,
1992-09-02,12.729999542236328,0.6539999961853027,
1992-09-03,12.880000114440918,0.6539999961853027,
1992-09-04,12.979999542236328,0.6400000095367432,
1992-09-08,13.649999618530273,0.6289999961853028,
1992-09-09,13.359999656677246,0.6309999942779541,
1992-09-10,12.920000076293945,0.6309999942779541,
1992-09-11,12.470000267028809,0.6369999885559082,
1992-09-14,13.0,0.6320000171661377,
1992-09-15,13.630000114440918,0.6400000095367432,
1992-09-16,14.720000267028809,0.6409999847412109,
1992-09-17,14.3100004196167,0.6400000095367432,
1992-09-18,13.739999771118164,0.6409999847412109,
1992-09-21,13.449999809265137,0.6420000076293946,
1992-09-22,13.880000114440918,0.65,
1992-09-23,13.829999923706055,0.6539999961853027,
1992-09-24,13.4399995803833,0.6480000019073486,
1992-09-25,14.800000190734863,0.6409999847412109,
1992-09-28,15.1899995803833,0.6369999885559082,
1992-09-29,14.970000267028809,0.6369999885559082,
1992-09-30,14.279999732971191,0.6369999885559082,
1992-10-01,16.309999465942383,0.6230000019073486,
1992-10-02,17.790000915527344,0.6260000228881836,
1992-10-05,20.010000228881836,0.6239999771118164,
1992-10-06,19.950000762939453,0.6300000190734864,
1992-10-07,21.020000457763672,0.6460000038146972,
1992-10-08,19.260000228881836,0.6409999847412109,
1992-10-09,20.510000228881836,0.6519999980926514,
1992-10-12,19.489999771118164,,
1992-10-13,17.899999618530273,0.6510000228881836,
1992-10-14,18.420000076293945,0.6510000228881836,
1992-10-15,17.110000610351562,0.653000020980835,
1992-10-16,17.010000228881836,0.6599999904632569,
1992-10-19,17.309999465942383,0.6690000057220459,
1992-10-20,16.8700008392334,0.6860000133514405,
1992-10-21,16.6200008392334,0.6800000190734863,
1992-10-22,15.84000015258789,0.6739999771118164,
1992-10-23,16.459999084472656,0.6829999923706055,
1992-10-26,16.31999969482422,0.6829999923706055,
1992-10-27,16.239999771118164,0.678000020980835,
1992-10-28,15.949999809265137,0.6760000228881836,
1992-10-29,15.470000267028809,0.6710000038146973,
1992-10-30,16.149999618530273,0.6800000190734863,
1992-11-02,16.670000076293945,0.6880000114440918,
1992-11-03,17.329999923706055,0.6869999885559082,
1992-11-04,16.280000686645508,0.6889999866485595,
1992-11-05,15.380000114440918,0.6869999885559082,
1992-11-06,14.6899995803833,0.696999979019165,
1992-11-09,14.229999542236328,0.7,
1992-11-10,14.369999885559082,0.6909999847412109,
1992-11-11,13.989999771118164,,
1992-11-12,14.369999885559082,0.6789999961853027,
1992-11-13,14.609999656677246,0.6820000171661377,
1992-11-16,14.859999656677246,0.6900000095367431,
1992-11-17,15.010000228881836,0.6860000133514405,
1992-11-18,14.550000190734863,0.678000020980835,
1992-11-19,14.329999923706055,0.6809999942779541,
1992-11-20,13.670000076293945,0.6840000152587891,
1992-11-23,13.399999618530273,0.6860000133514405,
1992-11-24,12.65999984741211,0.6820000171661377,
1992-11-25,12.5,0.6840000152587891,
1992-11-27,12.579999923706055,0.6929999828338623,
1992-11-30,13.010000228881836,0.6949999809265137,
1992-12-01,12.800000190734863,0.6940000057220459,
1992-12-02,12.5600004196167,0.6929999828338623,
1992-12-03,12.029999732971191,0.6909999847412109,
1992-12-04,11.8100004196167,0.6840000152587891,
1992-12-07,12.0,0.678000020980835,
1992-12-08,11.729999542236328,0.6730000019073487,
1992-12-09,12.579999923706055,0.6760000228881836,
1992-12-10,12.75,0.6769999980926513,
1992-12-11,12.34000015258789,0.6800000190734863,
1992-12-14,12.65999984741211,0.6829999923706055,
1992-12-15,12.40999984741211,0.6829999923706055,
1992-12-16,12.579999923706055,0.6769999980926513,
1992-12-17,12.140000343322754,0.6769999980926513,
1992-12-18,11.65999984741211,0.6760000228881836,
1992-12-21,11.649999618530273,0.6710000038146973,
1992-12-22,11.75,0.6650000095367432,
1992-12-23,11.510000228881836,0.6679999828338623,
1992-12-24,11.569999694824219,0.6690000057220459,
1992-12-28,12.220000267028809,0.6719999790191651,
1992-12-29,12.289999961853027,0.6690000057220459,
1992-12-30,12.600000381469727,0.6679999828338623,
1992-12-31,12.569999694824219,0.6699999809265137,
1993-01-04,13.359999656677246,0.6599999904632569,
1993-01-05,13.350000381469727,0.6610000133514404,
1993-01-06,13.369999885559082,0.6630000114440918,
1993-01-07,14.720000267028809,0.6760000228881836,
1993-01-08,13.770000457763672,0.675,
1993-01-11,12.859999656677246,0.6710000038146973,
1993-01-12,12.779999732971191,0.6719999790191651,
1993-01-13,12.420000076293945,0.6710000038146973,
1993-01-14,11.989999771118164,0.6650000095367432,
1993-01-15,11.569999694824219,0.6599999904632569,
1993-01-18,11.489999771118164,,
1993-01-19,12.0600004196167,0.659000015258789,
1993-01-20,12.149999618530273,0.6610000133514404,
1993-01-21,11.6899995803833,0.6599999904632569,
1993-01-22,11.300000190734863,0.6570000171661377,
1993-01-25,11.380000114440918,0.6480000019073486,
1993-01-26,11.449999809265137,0.65,
1993-01-27,12.010000228881836,0.6480000019073486,
1993-01-28,12.039999961853027,0.6440000057220459,
1993-01-29,12.420000076293945,0.6389999866485596,
1993-02-01,12.329999923706055,0.6380000114440918,
1993-02-02,12.25,0.6460000038146972,
1993-02-03,12.119999885559082,0.6449999809265137,
1993-02-04,12.289999961853027,0.6389999866485596,
1993-02-05,12.899999618530273,0.6320000171661377,
1993-02-08,13.220000267028809,0.6369999885559082,
1993-02-09,13.479999542236328,0.6409999847412109,
1993-02-10,13.430000305175781,0.6400000095367432,
1993-02-11,12.6899995803833,0.6369999885559082,
1993-02-12,12.380000114440918,0.6349999904632568,
1993-02-16,15.760000228881836,0.634000015258789,
1993-02-17,15.899999618530273,0.628000020980835,
1993-02-18,15.5600004196167,0.6170000076293946,
1993-02-19,15.020000457763672,0.6150000095367432,
1993-02-22,14.699999809265137,0.6090000152587891,
1993-02-23,15.039999961853027,0.5920000076293945,
1993-02-24,14.720000267028809,0.6010000228881835,
1993-02-25,13.760000228881836,0.6030000209808349,
1993-02-26,13.15999984741211,0.6030000209808349,
1993-03-01,13.600000381469727,0.5940000057220459,
1993-03-02,12.489999771118164,0.5949999809265136,
1993-03-03,13.130000114440918,0.5880000114440918,
1993-03-04,13.4399995803833,0.5829999923706055,
1993-03-05,14.079999923706055,0.5900000095367431,
1993-03-08,16.219999313354492,0.5849999904632568,
1993-03-09,14.170000076293945,0.590999984741211,
1993-03-10,13.90999984741211,0.596999979019165,
1993-03-11,14.260000228881836,0.5960000038146973,
1993-03-12,15.65999984741211,0.6110000133514404,
1993-03-15,14.739999771118164,0.6170000076293946,
1993-03-16,14.510000228881836,0.6059999942779541,
1993-03-17,14.529999732971191,0.6019999980926514,
1993-03-18,14.170000076293945,0.5929999828338623,
1993-03-19,13.229999542236328,0.5949999809265136,
1993-03-22,13.65999984741211,0.5960000038146973,
1993-03-23,13.020000457763672,0.590999984741211,
1993-03-24,12.4399995803833,0.5949999809265136,
1993-03-25,12.079999923706055,0.5980000019073486,
1993-03-26,12.210000038146973,0.6090000152587891,
1993-03-29,12.630000114440918,0.6059999942779541,
1993-03-30,12.229999542236328,0.6019999980926514,
1993-03-31,12.529999732971191,0.6030000209808349,
1993-04-01,13.020000457763672,0.6059999942779541,
1993-04-02,14.5,0.615999984741211,
1993-04-05,14.119999885559082,0.6130000114440918,
1993-04-06,14.239999771118164,0.6079999923706054,
1993-04-07,13.640000343322754,0.6070000171661377,
1993-04-08,12.829999923706055,0.596999979019165,
1993-04-12,11.930000305175781,0.5920000076293945,
1993-04-13,11.699999809265137,0.5929999828338623,
1993-04-14,11.760000228881836,0.5900000095367431,
1993-04-15,10.960000038146973,0.5880000114440918,
1993-04-16,11.289999961853027,0.5889999866485596,
1993-04-19,12.0600004196167,0.5869999885559082,
1993-04-20,11.9399995803833,0.5869999885559082,
1993-04-21,12.109999656677246,0.5860000133514405,
1993-04-22,12.680000305175781,0.5849999904632568,
1993-04-23,13.359999656677246,0.5889999866485596,
1993-04-26,15.25,0.5940000057220459,
1993-04-27,13.930000305175781,0.6019999980926514,
1993-04-28,13.119999885559082,0.6030000209808349,
1993-04-29,12.800000190734863,0.5989999771118164,
1993-04-30,12.420000076293945,0.6050000190734863,
1993-05-03,12.899999618530273,0.5960000038146973,
1993-05-04,12.140000343322754,0.5920000076293945,
1993-05-05,12.380000114440918,0.5929999828338623,
1993-05-06,13.220000267028809,0.5889999866485596,
1993-05-07,13.010000228881836,0.5920000076293945,
1993-05-10,13.720000267028809,0.5889999866485596,
1993-05-11,13.350000381469727,0.5889999866485596,
1993-05-12,13.5600004196167,0.5960000038146973,
1993-05-13,14.760000228881836,0.6019999980926514,
1993-05-14,14.390000343322754,0.6030000209808349,
1993-05-17,14.130000114440918,0.6070000171661377,
1993-05-18,14.1899995803833,0.6150000095367432,
1993-05-19,14.289999961853027,0.6110000133514404,
1993-05-20,13.979999542236328,0.6090000152587891,
1993-05-21,14.510000228881836,0.615999984741211,
1993-05-24,14.100000381469727,0.615999984741211,
1993-05-25,14.039999961853027,0.6170000076293946,
1993-05-26,12.880000114440918,0.6119999885559082,
1993-05-27,13.100000381469727,0.6110000133514404,
1993-05-28,13.470000267028809,0.615999984741211,
1993-06-01,13.670000076293945,0.6070000171661377,
1993-06-02,13.479999542236328,0.6059999942779541,
1993-06-03,13.539999961853027,0.6019999980926514,
1993-06-04,12.859999656677246,0.6110000133514404,
1993-06-07,14.069999694824219,0.6079999923706054,
1993-06-08,14.739999771118164,0.6090000152587891,
1993-06-09,13.960000038146973,0.6070000171661377,
1993-06-10,13.3100004196167,0.6070000171661377,
1993-06-11,12.710000038146973,0.596999979019165,
1993-06-14,12.329999923706055,0.596999979019165,
1993-06-15,11.989999771118164,0.5960000038146973,
1993-06-16,11.869999885559082,0.5960000038146973,
1993-06-17,11.65999984741211,0.5929999828338623,
1993-06-18,12.239999771118164,0.596999979019165,
1993-06-21,12.25,0.5920000076293945,
1993-06-22,11.649999618530273,0.590999984741211,
1993-06-23,12.039999961853027,0.590999984741211,
1993-06-24,12.25,0.5880000114440918,
1993-06-25,11.25,0.5840000152587891,
1993-06-28,11.109999656677246,0.5800000190734863,
1993-06-29,11.289999961853027,0.5789999961853027,
1993-06-30,11.260000228881836,0.5800000190734863,
1993-07-01,11.510000228881836,0.5800000190734863,
1993-07-02,11.329999923706055,0.5760000228881836,
1993-07-06,13.869999885559082,0.5800000190734863,
1993-07-07,13.050000190734863,0.5800000190734863,
1993-07-08,12.239999771118164,0.5780000209808349,
1993-07-09,10.800000190734863,0.5760000228881836,
1993-07-12,10.850000381469727,0.575,
1993-07-13,11.020000457763672,0.5780000209808349,
1993-07-14,10.779999732971191,0.571999979019165,
1993-07-15,10.600000381469727,0.571999979019165,
1993-07-16,10.960000038146973,0.5710000038146973,
1993-07-19,11.460000038146973,0.5710000038146973,
1993-07-20,11.050000190734863,0.575,
1993-07-21,11.970000267028809,0.5829999923706055,
1993-07-22,11.6899995803833,0.5900000095367431,
1993-07-23,11.319999694824219,0.5949999809265136,
1993-07-26,11.319999694824219,0.5929999828338623,
1993-07-27,11.34000015258789,0.5920000076293945,
1993-07-28,11.369999885559082,0.5900000095367431,
1993-07-29,11.25,0.5809999942779541,
1993-07-30,11.729999542236328,0.5829999923706055,
1993-08-02,11.470000267028809,0.5849999904632568,
1993-08-03,11.489999771118164,0.5829999923706055,
1993-08-04,11.710000038146973,0.5869999885559082,
1993-08-05,12.029999732971191,0.5860000133514405,
1993-08-06,12.329999923706055,0.5860000133514405,
1993-08-09,12.390000343322754,0.5820000171661377,
1993-08-10,12.3100004196167,0.5820000171661377,
1993-08-11,12.069999694824219,0.575,
1993-08-12,12.380000114440918,0.5769999980926513,
1993-08-13,12.1899995803833,0.571999979019165,
1993-08-16,12.010000228881836,0.5679999828338623,
1993-08-17,11.59000015258789,0.5699999809265137,
1993-08-18,11.520000457763672,0.5690000057220459,
1993-08-19,11.630000114440918,0.5639999866485595,
1993-08-20,11.619999885559082,0.5610000133514405,
1993-08-23,12.149999618530273,0.5599999904632569,
1993-08-24,11.800000190734863,0.5539999961853027,
1993-08-25,12.100000381469727,0.5510000228881836,
1993-08-26,12.140000343322754,0.5420000076293945,
1993-08-27,11.90999984741211,0.5480000019073487,
1993-08-30,11.739999771118164,0.5440000057220459,
1993-08-31,11.850000381469727,0.5449999809265137,
1993-09-01,11.479999542236328,0.5460000038146973,
1993-09-02,11.869999885559082,0.5409999847412109,
1993-09-03,11.15999984741211,0.5309999942779541,
1993-09-07,12.899999618530273,0.5230000019073486,
1993-09-08,13.239999771118164,0.5230000019073486,
1993-09-09,12.670000076293945,0.5349999904632569,
1993-09-10,11.699999809265137,0.5289999961853027,
1993-09-13,12.15999984741211,0.5260000228881836,
1993-09-14,13.149999618530273,0.5369999885559082,
1993-09-15,12.699999809265137,0.5389999866485595,
1993-09-16,13.359999656677246,0.5369999885559082,
1993-09-17,13.390000343322754,0.5380000114440918,
1993-09-20,14.600000381469727,0.5420000076293945,
1993-09-21,17.299999237060547,0.5469999790191651,
1993-09-22,13.75,0.5449999809265137,
1993-09-23,13.359999656677246,0.5420000076293945,
1993-09-24,12.470000267028809,0.5420000076293945,
1993-09-27,12.489999771118164,0.5300000190734864,
1993-09-28,12.1899995803833,0.528000020980835,
1993-09-29,12.630000114440918,0.5349999904632569,
1993-09-30,12.989999771118164,0.5400000095367432,
1993-10-01,11.829999923706055,0.534000015258789,
1993-10-04,12.850000381469727,0.534000015258789,
1993-10-05,12.970000267028809,0.5349999904632569,
1993-10-06,12.680000305175781,0.5349999904632569,
1993-10-07,13.140000343322754,0.5329999923706055,
1993-10-08,12.039999961853027,0.5260000228881836,
1993-10-11,12.260000228881836,,
1993-10-12,12.40999984741211,0.5269999980926514,
1993-10-13,11.380000114440918,0.5269999980926514,
1993-10-14,11.0,0.5230000019073486,
1993-10-15,10.869999885559082,0.5190000057220459,
1993-10-18,11.329999923706055,0.5269999980926514,
1993-10-19,11.609999656677246,0.5269999980926514,
1993-10-20,11.319999694824219,0.5260000228881836,
1993-10-21,11.199999809265137,0.5349999904632569,
1993-10-22,11.479999542236328,0.5420000076293945,
1993-10-25,11.829999923706055,0.5469999790191651,
1993-10-26,11.829999923706055,0.5429999828338623,
1993-10-27,12.010000228881836,0.5440000057220459,
1993-10-28,11.880000114440918,0.5409999847412109,
1993-10-29,11.460000038146973,0.5388000011444092,
1993-11-01,11.779999732971191,0.5559999942779541,
1993-11-02,11.739999771118164,0.5605999946594238,
1993-11-03,13.260000228881836,0.5605999946594238,
1993-11-04,14.680000305175781,0.5664999961853028,
1993-11-05,14.970000267028809,0.5728000164031982,
1993-11-08,14.3100004196167,0.5669000148773193,
1993-11-09,13.9399995803833,0.5623000144958497,
1993-11-10,13.720000267028809,0.5681000232696534,
1993-11-11,13.880000114440918,,
1993-11-12,13.329999923706055,0.5643000125885009,
1993-11-15,14.460000038146973,0.5664000034332275,
1993-11-16,15.109999656677246,0.5626999855041503,
1993-11-17,15.569999694824219,0.5622000217437744,
1993-11-18,14.649999618530273,0.5693999767303467,
1993-11-19,15.029999732971191,0.5828999996185302,
1993-11-22,15.899999618530273,0.5863999843597412,
1993-11-23,14.270000457763672,0.5787000179290771,
1993-11-24,13.510000228881836,0.5816999912261963,
1993-11-26,13.770000457763672,0.5749000072479248,
1993-11-29,14.119999885559082,0.573199987411499,
1993-11-30,13.760000228881836,0.5795000076293946,
1993-12-01,13.829999923706055,0.5782999992370605,
1993-12-02,13.510000228881836,0.5777999877929687,
1993-12-03,12.6899995803833,0.5782999992370605,
1993-12-06,12.84000015258789,0.5681000232696534,
1993-12-07,12.40999984741211,0.5677000045776367,
1993-12-08,12.460000038146973,0.567199993133545,
1993-12-09,12.430000305175781,0.5643000125885009,
1993-12-10,12.600000381469727,0.5693999767303467,
1993-12-13,10.979999542236328,0.5749000072479248,
1993-12-14,11.130000114440918,0.577899980545044,
1993-12-15,11.029999732971191,0.5790999889373779,
1993-12-16,10.899999618530273,0.5803999900817871,
1993-12-17,11.079999923706055,0.577400016784668,
1993-12-20,10.75,0.5796000003814697,
1993-12-21,10.079999923706055,0.582200002670288,
1993-12-22,9.3100004196167,0.571500015258789,
1993-12-23,9.479999542236328,0.5681000232696534,
1993-12-27,9.699999809265137,0.5677000045776367,
1993-12-28,9.819999694824219,0.5684999942779541,
1993-12-29,10.460000038146973,0.5693999767303467,
1993-12-30,10.6899995803833,0.5787000179290771,
1993-12-31,11.65999984741211,0.5782999992370605,
1994-01-03,12.569999694824219,0.5887000083923339,
1994-01-04,11.90999984741211,0.5861000061035156,
1994-01-05,10.9399995803833,0.5864999771118165,
1994-01-06,11.270000457763672,0.5804999828338623,
1994-01-07,10.960000038146973,0.565500020980835,
1994-01-10,10.739999771118164,0.5620999813079834,
1994-01-11,11.289999961853027,0.5620999813079834,
1994-01-12,11.649999618530273,0.5553999900817871,
1994-01-13,12.079999923706055,0.5664000034332275,
1994-01-14,11.149999618530273,0.5728000164031982,
1994-01-17,11.880000114440918,,
1994-01-18,11.630000114440918,0.5697999954223633,
1994-01-19,11.760000228881836,0.5705999851226806,
1994-01-20,11.15999984741211,0.5664000034332275,
1994-01-21,11.09000015258789,0.5677000045776367,
1994-01-24,11.600000381469727,0.5689000129699707,
1994-01-25,11.380000114440918,0.5723999977111817,
1994-01-26,11.170000076293945,0.5718999862670898,
1994-01-27,10.300000190734863,0.567199993133545,
1994-01-28,9.9399995803833,0.5617000102996826,
1994-01-31,10.630000114440918,0.5638000011444092,
1994-02-01,10.649999618530273,0.571500015258789,
1994-02-02,10.609999656677246,0.571500015258789,
1994-02-03,10.75,0.5757999897003174,
1994-02-04,15.25,0.5888000011444092,
1994-02-07,13.960000038146973,0.590999984741211,
1994-02-08,13.65999984741211,0.5953999996185303,
1994-02-09,13.300000190734863,0.5927999973297119,
1994-02-10,14.239999771118164,0.590399980545044,
1994-02-11,14.460000038146973,0.5870999813079834,
1994-02-14,14.279999732971191,0.5882999897003174,
1994-02-15,13.399999618530273,0.5867000102996827,
1994-02-16,13.130000114440918,0.5875,
1994-02-17,13.789999961853027,0.5984000205993653,
1994-02-18,14.699999809265137,0.6077000141143799,
1994-02-22,13.520000457763672,0.6039000034332276,
1994-02-23,13.90999984741211,0.6124000072479248,
1994-02-24,15.960000038146973,0.6202000141143799,
1994-02-25,14.800000190734863,0.6192999839782715,
1994-02-28,14.869999885559082,0.6150000095367432,
1994-03-01,15.829999923706055,0.628000020980835,
1994-03-02,16.079999923706055,0.6289000034332275,
1994-03-03,16.360000610351562,0.6341000080108643,
1994-03-04,16.0,0.636299991607666,
1994-03-07,14.260000228881836,0.6307000160217285,
1994-03-08,16.229999542236328,0.6359000205993652,
1994-03-09,14.40999984741211,0.6368000030517578,
1994-03-10,16.549999237060547,0.6473999977111816,
1994-03-11,14.869999885559082,0.6452000141143799,
1994-03-14,16.610000610351562,0.6479000091552735,
1994-03-15,14.779999732971191,0.6456999778747559,
1994-03-16,14.510000228881836,0.6376999855041504,
1994-03-17,12.760000228881836,0.6381999969482421,
1994-03-18,13.319999694824219,0.6479000091552735,
1994-03-21,14.34000015258789,0.6537000179290772,
1994-03-22,13.390000343322754,0.6434999942779541,
1994-03-23,12.3100004196167,0.6418000221252441,
1994-03-24,13.430000305175781,0.6568999767303467,
1994-03-25,13.670000076293945,0.6592000007629395,
1994-03-28,14.899999618530273,0.6605999946594239,
1994-03-29,16.489999771118164,0.6701000213623047,
1994-03-30,18.59000015258789,0.6764999866485596,
1994-03-31,20.450000762939453,0.677400016784668,
1994-04-04,23.8700008392334,0.7151999950408936,
1994-04-05,18.1299991607666,0.6949999809265137,
1994-04-06,17.3799991607666,0.6903999805450439,
1994-04-07,16.979999542236328,0.6848999977111816,
1994-04-08,16.920000076293945,0.6933000087738037,
1994-04-11,16.610000610351562,0.6909999847412109,
1994-04-12,16.420000076293945,0.6849999904632569,
1994-04-13,17.020000457763672,0.6914999961853028,
1994-04-14,16.270000457763672,0.6960999965667725,
1994-04-15,15.979999542236328,0.6947999954223633,
1994-04-18,17.219999313354492,0.7117000102996827,
1994-04-19,16.93000030517578,0.7085000038146972,
1994-04-20,17.010000228881836,0.7041999816894531,
1994-04-21,14.930000305175781,0.6883999824523925,
1994-04-22,14.9399995803833,0.6912000179290771,
1994-04-25,14.260000228881836,0.6856999874114991,
1994-04-26,13.800000190734863,0.6828999996185303,
1994-04-28,14.510000228881836,0.7015999794006348,
1994-04-29,13.770000457763672,0.7034999847412109,
1994-05-02,14.109999656677246,0.7078000068664551,
1994-05-03,13.8100004196167,0.7111999988555908,
1994-05-04,14.289999961853027,0.7136000156402588,
1994-05-05,14.5600004196167,0.7092999935150146,
1994-05-06,15.079999923706055,0.7334000110626221,
1994-05-09,16.15999984741211,0.7474999904632569,
1994-05-10,15.1899995803833,0.7281000137329101,
1994-05-11,15.550000190734863,0.7412000179290772,
1994-05-12,15.460000038146973,0.7348000049591065,
1994-05-13,14.539999961853027,0.7276999950408936,
1994-05-16,14.670000076293945,0.723199987411499,
1994-05-17,14.079999923706055,0.7085999965667724,
1994-05-18,12.550000190734863,0.7015999794006348,
1994-05-19,12.329999923706055,0.6947000026702881,
1994-05-20,12.789999961853027,0.701200008392334,
1994-05-23,13.489999771118164,0.7178999900817871,
1994-05-24,12.729999542236328,0.7147999763488769,
1994-05-25,12.430000305175781,0.7117000102996827,
1994-05-26,12.5,0.7085999965667724,
1994-05-27,12.489999771118164,0.710699987411499,
1994-05-31,13.029999732971191,0.7151999950408936,
1994-06-01,12.720000267028809,0.710699987411499,
1994-06-02,12.729999542236328,0.705900001525879,
1994-06-03,12.1899995803833,0.6962999820709228,
1994-06-06,13.029999732971191,0.6888999938964844,
1994-06-07,13.050000190734863,0.6935999870300293,
1994-06-08,13.319999694824219,0.6945000171661377,
1994-06-09,13.210000038146973,0.6958000183105468,
1994-06-10,12.6899995803833,0.7013999938964843,
1994-06-13,11.920000076293945,0.7053999900817871,
1994-06-14,11.600000381469727,0.698799991607666,
1994-06-15,11.520000457763672,0.7076000213623047,
1994-06-16,11.220000267028809,0.7058000087738037,
1994-06-17,12.3100004196167,0.711899995803833,
1994-06-20,13.960000038146973,0.7145999908447266,
1994-06-21,14.699999809265137,0.7203999996185303,
1994-06-22,14.020000457763672,0.7105999946594238,
1994-06-23,14.119999885559082,0.7084000110626221,
1994-06-24,16.719999313354492,0.7198999881744385,
1994-06-27,15.529999732971191,0.7150000095367431,
1994-06-28,15.039999961853027,0.724399995803833,
1994-06-29,14.420000076293945,0.7230000019073486,
1994-06-30,14.970000267028809,0.7328999996185303,
1994-07-01,14.359999656677246,0.7320000171661377,
1994-07-05,14.920000076293945,0.7297999858856201,
1994-07-06,14.699999809265137,0.7302000045776367,
1994-07-07,14.010000228881836,0.7275000095367432,
1994-07-08,13.260000228881836,0.7401999950408935,
1994-07-11,13.829999923706055,0.7456999778747558,
1994-07-12,13.399999618530273,0.7410999774932862,
1994-07-13,12.420000076293945,0.7396999835968018,
1994-07-14,11.640000343322754,0.7230000019073486,
1994-07-15,11.279999732971191,0.7230000019073486,
1994-07-18,11.4399995803833,0.7181000232696533,
1994-07-19,11.649999618530273,0.7123000144958496,
1994-07-20,11.699999809265137,0.7224999904632569,
1994-07-21,11.649999618530273,0.7251999855041504,
1994-07-22,11.220000267028809,0.7269999980926514,
1994-07-25,11.460000038146973,0.7243000030517578,
1994-07-26,11.65999984741211,0.7251999855041504,
1994-07-27,11.930000305175781,0.7320000171661377,
1994-07-28,12.029999732971191,0.7269999980926514,
1994-07-29,11.130000114440918,0.7094999790191651,
1994-08-01,11.170000076293945,0.711299991607666,
1994-08-02,11.270000457763672,0.7085999965667724,
1994-08-03,11.350000381469727,0.7081999778747559,
1994-08-04,12.180000305175781,0.7099999904632568,
1994-08-05,12.34000015258789,0.7256999969482422,
1994-08-08,12.40999984741211,0.7256999969482422,
1994-08-09,12.539999961853027,0.7302000045776367,
1994-08-10,11.90999984741211,0.7302000045776367,
1994-08-11,12.130000114440918,0.7343999862670898,
1994-08-12,11.09000015258789,0.726800012588501,
1994-08-15,12.0600004196167,0.7285999774932861,
1994-08-16,11.390000343322754,0.7170000076293945,
1994-08-17,11.539999961853027,0.7135000228881836,
1994-08-18,12.069999694824219,0.726800012588501,
1994-08-19,12.829999923706055,0.7263000011444092,
1994-08-22,12.619999885559082,0.7308000087738037,
1994-08-23,11.75,0.7271999835968017,
1994-08-24,11.569999694824219,0.7196000099182129,
1994-08-25,12.020000457763672,0.7271999835968017,
1994-08-26,12.1899995803833,0.723199987411499,
1994-08-29,11.819999694824219,0.7236000061035156,
1994-08-30,11.229999542236328,0.7190999984741211,
1994-08-31,11.970000267028809,0.7164999961853027,
1994-09-01,11.859999656677246,0.7173999786376953,
1994-09-02,11.399999618530273,0.7196000099182129,
1994-09-06,11.6899995803833,0.7252999782562256,
1994-09-07,11.8100004196167,0.7284999847412109,
1994-09-08,11.859999656677246,0.7284999847412109,
1994-09-09,13.119999885559082,0.7428999900817871,
1994-09-12,14.010000228881836,0.7442999839782715,
1994-09-13,13.770000457763672,0.7423999786376954,
1994-09-14,13.09000015258789,0.739300012588501,
1994-09-15,11.880000114440918,0.7337999820709229,
1994-09-16,12.800000190734863,0.7506999969482422,
1994-09-19,13.0600004196167,0.7474999904632569,
1994-09-20,14.449999809265137,0.7511000156402587,
1994-09-21,14.489999771118164,0.7552999973297119,
1994-09-22,13.890000343322754,0.7543000221252442,
1994-09-23,14.529999732971191,0.7552999973297119,
1994-09-26,14.5600004196167,0.7557000160217285,
1994-09-27,14.130000114440918,0.759000015258789,
1994-09-28,13.25,0.7552999973297119,
1994-09-29,13.970000267028809,0.7617000102996826,
1994-09-30,14.279999732971191,0.7598999977111817,
1994-10-03,15.4399995803833,0.7650000095367432,
1994-10-04,16.65999984741211,0.7677999973297119,
1994-10-05,15.920000076293945,0.7748000144958496,
1994-10-06,16.239999771118164,0.7752999782562255,
1994-10-07,14.920000076293945,0.7683000087738037,
1994-10-10,14.720000267028809,,
1994-10-11,13.550000190734863,0.7623000144958496,
1994-10-12,14.510000228881836,0.7673999786376953,
1994-10-13,14.899999618530273,0.7623000144958496,
1994-10-14,13.319999694824219,0.759000015258789,
1994-10-17,14.760000228881836,0.7599999904632568,
1994-10-18,14.59000015258789,0.7613999843597412,
1994-10-19,15.130000114440918,0.7651000022888184,
1994-10-20,15.989999771118164,0.7782999992370605,
1994-10-21,15.90999984741211,0.7782999992370605,
1994-10-24,16.969999313354492,0.7829999923706055,
1994-10-25,16.1299991607666,0.7859000205993653,
1994-10-26,15.699999809265137,0.7859000205993653,
1994-10-27,15.670000076293945,0.7859000205993653,
1994-10-28,14.5600004196167,0.7793000221252442,
1994-10-31,14.5600004196167,0.7793000221252442,
1994-11-01,14.84000015258789,0.789300012588501,
1994-11-02,15.34000015258789,0.7927000045776367,
1994-11-03,15.579999923706055,0.7946000099182129,
1994-11-04,16.75,0.8013999938964844,
1994-11-07,17.3700008392334,0.802299976348877,
1994-11-08,16.299999237060547,0.7985000133514404,
1994-11-09,16.420000076293945,0.7922999858856201,
1994-11-10,16.0,0.7961999893188476,
1994-11-11,16.5,0.7980999946594238,
1994-11-14,16.68000030517578,0.7925000190734863,
1994-11-15,16.65999984741211,0.789300012588501,
1994-11-16,15.5600004196167,0.7961999893188476,
1994-11-17,15.90999984741211,0.8012999534606934,
1994-11-18,16.0,0.8003999710083007,
1994-11-21,16.1299991607666,0.8017000198364258,
1994-11-22,17.239999771118164,0.7985000133514404,
1994-11-23,18.40999984741211,0.7801000118255615,
1994-11-25,17.440000534057617,0.7788000106811523,
1994-11-28,16.829999923706055,0.7874000072479248,
1994-11-29,16.149999618530273,0.7939000129699707,
1994-11-30,15.949999809265137,0.7888000011444092,
1994-12-01,16.690000534057617,0.7910999774932861,
1994-12-02,16.549999237060547,0.7791999816894531,
1994-12-05,16.100000381469727,0.7822999954223633,
1994-12-06,16.049999237060547,0.7718999862670899,
1994-12-07,16.280000686645508,0.7801000118255615,
1994-12-08,18.149999618530273,0.7809999942779541,
1994-12-09,16.040000915527344,0.7777999877929688,
1994-12-12,15.460000038146973,0.7841000080108642,
1994-12-13,14.479999542236328,0.7814000129699707,
1994-12-14,13.029999732971191,0.7772999763488769,
1994-12-15,12.869999885559082,0.7776999950408936,
1994-12-16,12.789999961853027,0.7800000190734864,
1994-12-19,13.020000457763672,0.7795000076293945,
1994-12-20,12.979999542236328,0.7800000190734864,
1994-12-21,12.050000190734863,0.7785999774932861,
1994-12-22,12.420000076293945,0.7827000141143798,
1994-12-23,11.819999694824219,0.7827000141143798,
1994-12-27,12.069999694824219,0.7744999885559082,
1994-12-28,12.8100004196167,0.7785999774932861,
1994-12-29,12.859999656677246,0.7798999786376953,
1994-12-30,13.199999809265137,0.7827000141143798,
1995-01-03,14.25,0.7876999855041504,
1995-01-04,13.529999732971191,0.7813000202178955,
1995-01-05,13.5,0.7868000030517578,
1995-01-06,13.130000114440918,0.7849999904632569,
1995-01-09,13.329999923706055,0.7881999969482422,
1995-01-10,12.520000457763672,0.7822000026702881,
1995-01-11,12.149999618530273,0.7776000022888183,
1995-01-12,12.829999923706055,0.7794000148773194,
1995-01-13,11.100000381469727,0.7679999828338623,
1995-01-16,11.140000343322754,0.7679999828338623,
1995-01-17,11.789999961853027,0.768400001525879,
1995-01-18,11.569999694824219,0.7697999954223633,
1995-01-19,11.859999656677246,0.7716000080108643,
1995-01-20,12.149999618530273,0.7808000087738037,
1995-01-23,12.789999961853027,0.7822000026702881,
1995-01-24,11.9399995803833,0.784499979019165,
1995-01-25,11.460000038146973,0.778499984741211,
1995-01-26,11.25,0.7743000030517578,
1995-01-27,11.25,0.7616000175476074,
1995-01-30,12.260000228881836,0.7633999824523926,
1995-01-31,11.960000038146973,0.7592999935150146,
1995-02-01,11.729999542236328,0.7638000011444092,
1995-02-02,11.130000114440918,0.7670000076293946,
1995-02-03,10.979999542236328,0.7456999778747558,
1995-02-06,11.220000267028809,0.7506999969482422,
1995-02-07,11.170000076293945,0.7511000156402587,
1995-02-08,11.420000076293945,0.7511000156402587,
1995-02-09,11.630000114440918,0.7572000026702881,
1995-02-10,11.279999732971191,0.7618000030517578,
1995-02-13,11.40999984741211,0.759499979019165,
1995-02-14,11.430000305175781,0.7504000186920166,
1995-02-15,11.520000457763672,0.7441999912261963,
1995-02-16,11.609999656677246,0.7388000011444091,
1995-02-17,11.710000038146973,0.7419000148773194,
1995-02-21,12.050000190734863,0.7432000160217285,
1995-02-22,11.390000343322754,0.7321000099182129,
1995-02-23,11.149999618530273,0.7329999923706054,
1995-02-24,10.84000015258789,0.7324999809265137,
1995-02-27,12.510000228881836,0.7236000061035156,
1995-02-28,11.75,0.7210000038146973,
1995-03-01,11.649999618530273,0.7214000225067139,
1995-03-02,12.020000457763672,0.7289000034332276,
1995-03-03,11.449999809265137,0.7355999946594238,
1995-03-06,12.170000076293945,0.7400000095367432,
1995-03-07,14.220000267028809,0.7431000232696533,
1995-03-08,13.720000267028809,0.7355000019073487,
1995-03-09,13.359999656677246,0.7280000209808349,
1995-03-10,12.380000114440918,0.7217999935150147,
1995-03-13,12.149999618530273,0.7173999786376953,
1995-03-14,12.100000381469727,0.7077000141143799,
1995-03-15,12.420000076293945,0.7077000141143799,
1995-03-16,11.949999809265137,0.7038000106811524,
1995-03-17,11.800000190734863,0.7103000164031983,
1995-03-20,11.34000015258789,0.7111999988555908,
1995-03-21,11.529999732971191,0.7151000022888183,
1995-03-22,11.289999961853027,0.7195000171661377,
1995-03-23,11.430000305175781,0.7203000068664551,
1995-03-24,11.1899995803833,0.7085000038146972,
1995-03-27,11.829999923706055,0.7032000064849854,
1995-03-28,11.329999923706055,0.7140999794006347,
1995-03-29,12.510000228881836,0.7140999794006347,
1995-03-30,12.619999885559082,0.7158999919891358,
1995-03-31,13.369999885559082,0.7189000129699707,
1995-04-03,13.5,0.7131999969482422,
1995-04-04,12.619999885559082,0.7105999946594238,
1995-04-05,12.960000038146973,0.7105999946594238,
1995-04-06,12.8100004196167,0.7074999809265137,
1995-04-07,12.850000381469727,0.7092000007629394,
1995-04-10,12.789999961853027,0.7096000194549561,
1995-04-11,12.729999542236328,0.7073999881744385,
1995-04-12,12.039999961853027,0.7047999858856201,
1995-04-13,11.479999542236328,0.7,
1995-04-17,12.329999923706055,0.7020999908447265,
1995-04-18,12.960000038146973,0.7020999908447265,
1995-04-19,13.09000015258789,0.7033999919891357,
1995-04-20,12.100000381469727,0.6999000072479248,
1995-04-21,11.859999656677246,0.699399995803833,
1995-04-24,11.920000076293945,0.6986000061035156,
1995-04-25,12.40999984741211,0.6986000061035156,
1995-04-26,12.279999732971191,0.699399995803833,
1995-04-27,11.930000305175781,0.7025000095367432,
1995-04-28,11.75,0.7046000003814697,
1995-05-01,12.140000343322754,0.707200002670288,
1995-05-02,11.880000114440918,0.702400016784668,
1995-05-03,11.6899995803833,0.6940999984741211,
1995-05-04,12.640000343322754,0.6833000183105469,
1995-05-05,12.0600004196167,0.6665999889373779,
1995-05-08,12.220000267028809,0.6673999786376953,
1995-05-09,12.75,0.6580999851226806,
1995-05-10,13.079999923706055,0.6636000156402588,
1995-05-11,12.979999542236328,0.6672999858856201,
1995-05-12,11.84000015258789,0.6664999961853028,
1995-05-15,12.380000114440918,0.6617000102996826,
1995-05-16,12.199999809265137,0.6552000045776367,
1995-05-17,12.359999656677246,0.6526000022888183,
1995-05-18,13.130000114440918,0.6604000091552734,
1995-05-19,12.8100004196167,0.6598999977111817,
1995-05-22,11.680000305175781,0.6611999988555908,
1995-05-23,11.550000190734863,0.6551000118255615,
1995-05-24,11.260000228881836,0.6427000045776368,
1995-05-25,11.630000114440918,0.6380000114440918,
1995-05-26,12.199999809265137,0.6388000011444092,
1995-05-30,12.520000457763672,0.6294000148773193,
1995-05-31,12.850000381469727,0.6285999774932861,
1995-06-01,12.210000038146973,0.6184999942779541,
1995-06-02,12.979999542236328,0.6079999923706054,
1995-06-05,13.449999809265137,0.6059000015258789,
1995-06-06,13.0,0.6076000213623047,
1995-06-07,12.84000015258789,0.6158999919891357,
1995-06-08,12.890000343322754,0.6201000213623047,
1995-06-09,12.760000228881836,0.6379000186920166,
1995-06-12,11.90999984741211,0.6366000175476074,
1995-06-13,11.289999961853027,0.6125,
1995-06-14,11.289999961853027,0.6129000186920166,
1995-06-15,11.229999542236328,0.6157999992370605,
1995-06-16,10.75,0.6196000099182128,
1995-06-19,11.210000038146973,0.6107999801635742,
1995-06-20,11.15999984741211,0.6140999794006348,
1995-06-21,11.319999694824219,0.6116000175476074,
1995-06-22,11.4399995803833,0.6015999794006348,
1995-06-23,11.119999885559082,0.6045000076293945,
1995-06-26,11.800000190734863,0.6090000152587891,
1995-06-27,12.369999885559082,0.6131999969482422,
1995-06-28,11.739999771118164,0.6093999862670898,
1995-06-29,11.59000015258789,0.625,
1995-06-30,11.380000114440918,0.620300006866455,
1995-07-03,11.569999694824219,0.620300006866455,
1995-07-05,12.100000381469727,0.6177999973297119,
1995-07-06,11.520000457763672,0.6043000221252441,
1995-07-07,11.770000457763672,0.601800012588501,
1995-07-10,12.1899995803833,0.6021999835968017,
1995-07-11,12.25,0.6089000225067138,
1995-07-12,12.3100004196167,0.6089000225067138,
1995-07-13,12.5600004196167,0.6072000026702881,
1995-07-14,12.079999923706055,0.6135000228881836,
1995-07-17,12.260000228881836,0.6202000141143799,
1995-07-18,12.680000305175781,0.6256999969482422,
1995-07-19,13.489999771118164,0.6412000179290771,
1995-07-20,12.779999732971191,0.6407000064849854,
1995-07-21,12.369999885559082,0.649399995803833,
1995-07-24,12.550000190734863,0.6436999797821045,
1995-07-25,12.770000457763672,0.6410999774932862,
1995-07-26,13.180000305175781,0.6462999820709229,
1995-07-27,13.180000305175781,0.6415999889373779,
1995-07-28,13.180000305175781,0.6472000122070313,
1995-07-31,13.489999771118164,0.6428999900817871,
1995-08-01,13.5600004196167,0.6488999843597412,
1995-08-02,13.65999984741211,0.6428999900817871,
1995-08-03,13.779999732971191,0.6506999969482422,
1995-08-04,13.210000038146973,0.6472000122070313,
1995-08-07,13.100000381469727,0.6454999923706055,
1995-08-08,13.0600004196167,0.6449999809265137,
1995-08-09,12.75,0.6475999832153321,
1995-08-10,13.0,0.6513000011444092,
1995-08-11,12.899999618530273,0.6585999965667725,
1995-08-14,13.239999771118164,0.6578000068664551,
1995-08-15,12.350000381469727,0.6578000068664551,
1995-08-16,12.449999809265137,0.6533999919891358,
1995-08-17,12.130000114440918,0.6565000057220459,
1995-08-18,12.029999732971191,0.6559999942779541,
1995-08-21,13.420000076293945,0.6526000022888183,
1995-08-22,12.600000381469727,0.6556000232696533,
1995-08-23,13.170000076293945,0.6577000141143798,
1995-08-24,12.9399995803833,0.6486999988555908,
1995-08-25,12.329999923706055,0.6380000114440918,
1995-08-28,12.479999542236328,0.6328000068664551,
1995-08-29,12.649999618530273,0.6357999801635742,
1995-08-30,12.029999732971191,0.6323999881744384,
1995-08-31,11.520000457763672,0.6272999763488769,
1995-09-01,11.289999961853027,0.6210000038146972,
1995-09-05,11.649999618530273,0.6163000106811524,
1995-09-06,11.649999618530273,0.6168000221252441,
1995-09-07,11.850000381469727,0.6201000213623047,
1995-09-08,11.15999984741211,0.6234000205993653,
1995-09-11,11.510000228881836,0.6222000122070312,
1995-09-12,11.460000038146973,0.6150000095367432,
1995-09-13,11.350000381469727,0.6175000190734863,
1995-09-14,11.100000381469727,0.6071000099182129,
1995-09-15,11.579999923706055,0.6104000091552735,
1995-09-18,12.34000015258789,0.6165999889373779,
1995-09-19,12.670000076293945,0.6132999897003174,
1995-09-20,12.350000381469727,0.6094999790191651,
1995-09-21,12.5,0.6199999809265136,
1995-09-22,12.460000038146973,0.6232999801635742,
1995-09-25,13.220000267028809,0.6229000091552734,
1995-09-26,12.899999618530273,0.6258999824523925,
1995-09-27,12.899999618530273,0.6270999908447266,
1995-09-28,12.460000038146973,0.6258999824523925,
1995-09-29,12.739999771118164,0.6157000064849854,
1995-10-02,13.949999809265137,0.6144000053405761,
1995-10-03,14.5,0.6114999771118164,
1995-10-04,14.859999656677246,0.6085000038146973,
1995-10-05,15.739999771118164,0.6068999767303467,
1995-10-06,13.979999542236328,0.6059999942779541,
1995-10-09,14.850000381469727,,
1995-10-10,14.970000267028809,0.6064000129699707,
1995-10-11,14.569999694824219,0.6076000213623047,
1995-10-12,14.239999771118164,0.6046999931335449,
1995-10-13,13.670000076293945,0.5939000129699707,
1995-10-16,14.619999885559082,0.5954999923706055,
1995-10-17,14.029999732971191,0.5942999839782714,
1995-10-18,14.050000190734863,0.5967000007629395,
1995-10-19,13.550000190734863,0.595900011062622,
1995-10-20,13.460000038146973,0.6017000198364257,
1995-10-23,14.170000076293945,0.6050000190734863,
1995-10-24,13.850000381469727,0.5995999813079834,
1995-10-25,14.489999771118164,0.5991000175476074,
1995-10-26,15.59000015258789,0.6050000190734863,
1995-10-27,14.630000114440918,0.6024000167846679,
1995-10-30,14.260000228881836,0.6024000167846679,
1995-10-31,13.829999923706055,0.6002999782562256,
1995-11-01,13.40999984741211,0.5961999893188477,
1995-11-02,13.1899995803833,0.5902999877929688,
1995-11-03,12.260000228881836,0.5914999961853027,
1995-11-06,12.739999771118164,0.5940000057220459,
1995-11-07,13.050000190734863,0.5973000049591064,
1995-11-08,12.15999984741211,0.5902999877929688,
1995-11-09,12.460000038146973,0.5952000141143798,
1995-11-10,12.970000267028809,0.5985000133514404,
1995-11-13,13.199999809265137,0.5955999851226806,
1995-11-14,13.380000114440918,0.5952000141143798,
1995-11-15,12.949999809265137,0.5980999946594239,
1995-11-16,12.569999694824219,0.5914000034332275,
1995-11-17,12.489999771118164,0.5896999835968018,
1995-11-20,12.369999885559082,0.5914000034332275,
1995-11-21,11.739999771118164,0.5934000015258789,
1995-11-22,11.8100004196167,0.5925000190734864,
1995-11-24,11.869999885559082,0.5895999908447266,
1995-11-27,12.430000305175781,0.5869999885559082,
1995-11-28,11.569999694824219,0.5875,
1995-11-29,11.649999618530273,0.5836999893188477,
1995-11-30,11.579999923706055,0.5744999885559082,
1995-12-01,11.109999656677246,0.5703999996185303,
1995-12-04,10.65999984741211,0.5618000030517578,
1995-12-05,11.649999618530273,0.5650000095367431,
1995-12-06,12.699999809265137,0.5666999816894531,
1995-12-07,12.739999771118164,0.5711999893188476,
1995-12-08,11.119999885559082,0.5728000164031982,
1995-12-11,11.0600004196167,0.5695000171661377,
1995-12-12,10.630000114440918,0.5711999893188476,
1995-12-13,10.359999656677246,0.573199987411499,
1995-12-14,11.069999694824219,0.5736000061035156,
1995-12-15,11.4399995803833,0.5739999771118164,
1995-12-18,14.550000190734863,0.5841000080108643,
1995-12-19,13.15999984741211,0.573199987411499,
1995-12-20,12.199999809265137,0.5739999771118164,
1995-12-21,10.770000457763672,0.5749000072479248,
1995-12-22,11.510000228881836,0.5690000057220459,
1995-12-26,11.489999771118164,0.5677999973297119,
1995-12-27,11.979999542236328,0.5644999980926514,
1995-12-28,12.25,0.5619999885559082,
1995-12-29,12.520000457763672,0.5574999809265136,
1996-01-02,12.1899995803833,0.5586999893188477,
1996-01-03,12.100000381469727,0.5565999984741211,
1996-01-04,13.779999732971191,0.561899995803833,
1996-01-05,13.579999923706055,0.5677000045776367,
1996-01-08,13.109999656677246,0.5672999858856201,
1996-01-09,15.210000038146973,0.5672999858856201,
1996-01-10,16.399999618530273,0.5738999843597412,
1996-01-11,14.6899995803833,0.575600004196167,
1996-01-12,14.229999542236328,0.5751999855041504,
1996-01-15,14.989999771118164,,
1996-01-16,14.09000015258789,0.5656000137329101,
1996-01-17,14.25,0.5557000160217285,
1996-01-18,13.579999923706055,0.5515999794006348,
1996-01-19,12.699999809265137,0.5514999866485596,
1996-01-22,13.34000015258789,0.5589000225067139,
1996-01-23,13.5600004196167,0.5635000228881836,
1996-01-24,12.539999961853027,0.5592999935150147,
1996-01-25,12.9399995803833,0.5679999828338623,
1996-01-26,12.0,0.5625999927520752,
1996-01-29,12.1899995803833,0.567199993133545,
1996-01-30,12.420000076293945,0.5613999843597413,
1996-01-31,12.529999732971191,0.5580999851226807,
1996-02-01,12.649999618530273,0.560099983215332,
1996-02-02,13.229999542236328,0.5642000198364258,
1996-02-05,13.460000038146973,0.5679999828338623,
1996-02-06,14.59000015258789,0.565500020980835,
1996-02-07,14.109999656677246,0.5658999919891358,
1996-02-08,13.890000343322754,0.5657999992370606,
1996-02-09,14.630000114440918,0.5650000095367431,
1996-02-12,14.6899995803833,0.5596000194549561,
1996-02-13,14.9399995803833,0.5566999912261963,
1996-02-14,15.59000015258789,0.561299991607666,
1996-02-15,16.1299991607666,0.5690999984741211,
1996-02-16,15.369999885559082,0.575,
1996-02-20,16.799999237060547,0.5991000175476074,
1996-02-21,14.470000267028809,0.5973999977111817,
1996-02-22,14.5600004196167,0.590999984741211,
1996-02-23,14.779999732971191,0.596500015258789,
1996-02-26,16.3799991607666,0.5994999885559082,
1996-02-27,16.6299991607666,0.6046999931335449,
1996-02-28,16.719999313354492,0.610699987411499,
1996-02-29,17.040000915527344,0.6111999988555908,
1996-03-01,16.719999313354492,0.5978000164031982,
1996-03-04,16.670000076293945,0.5906000137329102,
1996-03-05,16.100000381469727,0.5953000068664551,
1996-03-06,16.559999465942383,0.6039000034332276,
1996-03-07,16.489999771118164,0.6059999942779541,
1996-03-08,20.700000762939453,0.6412000179290771,
1996-03-11,19.399999618530273,0.6304999828338623,
1996-03-12,19.09000015258789,0.6341000080108643,
1996-03-13,18.1299991607666,0.6335999965667725,
1996-03-14,16.93000030517578,0.6349999904632568,
1996-03-15,16.540000915527344,0.6453000068664551,
1996-03-18,17.309999465942383,0.6421999931335449,
1996-03-19,18.350000381469727,0.6394999980926513,
1996-03-20,18.65999984741211,0.6328000068664551,
1996-03-21,17.739999771118164,0.6270999908447266,
1996-03-22,17.049999237060547,0.6310999870300293,
1996-03-25,17.84000015258789,0.6227000236511231,
1996-03-26,17.799999237060547,0.6231999874114991,
1996-03-27,17.889999389648438,0.6311999797821045,
1996-03-28,18.15999984741211,0.6405000209808349,
1996-03-29,18.8799991607666,0.6334000110626221,
1996-04-01,17.899999618530273,0.6308000087738037,
1996-04-02,16.450000762939453,0.6236999988555908,
1996-04-03,16.329999923706055,0.6255000114440918,
1996-04-04,16.18000030517578,0.6326000213623046,
1996-04-08,18.719999313354492,0.6611000061035156,
1996-04-09,17.31999969482422,0.6551000118255615,
1996-04-10,20.219999313354492,0.6614999771118164,
1996-04-11,19.649999618530273,0.6671000003814698,
1996-04-12,17.3799991607666,0.6498000144958496,
1996-04-15,16.829999923706055,0.6461999893188477,
1996-04-16,16.450000762939453,0.6458000183105469,
1996-04-17,17.06999969482422,0.6506999969482422,
1996-04-18,16.40999984741211,0.6558000087738037,
1996-04-19,15.119999885559082,0.6513000011444092,
1996-04-22,15.380000114440918,0.6467999935150146,
1996-04-23,15.010000228881836,0.6494999885559082,
1996-04-24,14.90999984741211,0.6553999900817871,
1996-04-25,14.720000267028809,0.654099988937378,
1996-04-26,14.75,0.6519000053405761,
1996-04-29,15.449999809265137,0.6568999767303467,
1996-04-30,15.829999923706055,0.6632999897003173,
1996-05-01,16.06999969482422,0.6665999889373779,
1996-05-02,18.6200008392334,0.6833000183105469,
1996-05-03,16.700000762939453,0.6875999927520752,
1996-05-06,16.920000076293945,0.6839000225067139,
1996-05-07,16.8700008392334,0.6848000049591064,
1996-05-08,15.779999732971191,0.6796999931335449,
1996-05-09,16.989999771118164,0.6830999851226807,
1996-05-10,15.609999656677246,0.6739999771118164,
1996-05-13,15.15999984741211,0.6705999851226807,
1996-05-14,14.899999618530273,0.6645999908447265,
1996-05-15,15.59000015258789,0.6632999897003173,
1996-05-16,15.710000038146973,0.6692999839782715,
1996-05-17,15.130000114440918,0.6644999980926514,
1996-05-20,15.800000190734863,0.6611000061035156,
1996-05-21,16.0,0.6636000156402588,
1996-05-22,15.5,0.661899995803833,
1996-05-23,16.170000076293945,0.6675000190734863,
1996-05-24,15.539999961853027,0.6639999866485595,
1996-05-28,16.920000076293945,0.6657000064849854,
1996-05-29,17.149999618530273,0.6764999866485596,
1996-05-30,16.020000457763672,0.6756999969482422,
1996-05-31,16.06999969482422,0.6843999862670899,
1996-06-03,16.860000610351562,0.6861000061035156,
1996-06-04,16.18000030517578,0.6842999935150147,
1996-06-05,16.040000915527344,0.6816999912261963,
1996-06-06,16.84000015258789,0.6747000217437744,
1996-06-07,16.100000381469727,0.6918000221252442,
1996-06-10,16.780000686645508,0.6958000183105468,
1996-06-11,16.68000030517578,0.6980000019073487,
1996-06-12,17.0,0.7014999866485596,
1996-06-13,17.1200008392334,0.7001999855041504,
1996-06-14,18.639999389648438,0.6935999870300293,
1996-06-17,17.459999084472656,0.688700008392334,
1996-06-18,17.450000762939453,0.6913000106811523,
1996-06-19,17.540000915527344,0.6953000068664551,
1996-06-20,16.969999313354492,0.6961999893188476,
1996-06-21,15.800000190734863,0.6943999767303467,
1996-06-24,15.90999984741211,0.6927000045776367,
1996-06-25,15.430000305175781,0.6895999908447266,
1996-06-26,15.229999542236328,0.6895999908447266,
1996-06-27,14.1899995803833,0.6815999984741211,
1996-06-28,13.680000305175781,0.6710999965667724,
1996-07-01,13.779999732971191,0.6723999977111816,
1996-07-02,14.1899995803833,0.6785999774932862,
1996-07-03,14.210000038146973,0.6755000114440918,
1996-07-05,16.09000015258789,0.7046999931335449,
1996-07-08,16.420000076293945,0.7046999931335449,
1996-07-09,15.489999771118164,0.7001999855041504,
1996-07-10,15.510000228881836,0.6929999828338623,
1996-07-11,17.809999465942383,0.6886000156402587,
1996-07-12,17.09000015258789,0.683400011062622,
1996-07-15,20.110000610351562,0.6873000144958497,
1996-07-16,20.100000381469727,0.6808000087738038,
1996-07-17,19.219999313354492,0.6821000099182128,
1996-07-18,17.93000030517578,0.6709000110626221,
1996-07-19,17.260000228881836,0.677299976348877,
1996-07-22,20.40999984741211,0.6824999809265136,
1996-07-23,21.549999237060547,0.6795000076293946,
1996-07-24,21.440000534057617,0.6863999843597413,
1996-07-25,19.389999389648438,0.685099983215332,
1996-07-26,17.450000762939453,0.6836999893188477,
1996-07-29,20.09000015258789,0.691599988937378,
1996-07-30,20.530000686645508,0.6872000217437744,
1996-07-31,19.459999084472656,0.6789999961853027,
1996-08-01,18.760000228881836,0.6625999927520752,
1996-08-02,16.190000534057617,0.649399995803833,
1996-08-05,17.360000610351562,0.6511000156402588,
1996-08-06,16.93000030517578,0.6532000064849853,
1996-08-07,16.239999771118164,0.6539999961853027,
1996-08-08,16.040000915527344,0.6557000160217286,
1996-08-09,15.770000457763672,0.6488999843597412,
1996-08-12,15.569999694824219,0.6475999832153321,
1996-08-13,16.40999984741211,0.6565000057220459,
1996-08-14,15.960000038146973,0.6565000057220459,
1996-08-15,15.460000038146973,0.6607999801635742,
1996-08-16,14.8100004196167,0.6543000221252442,
1996-08-19,15.270000457763672,0.6572999954223633,
1996-08-20,14.729999542236328,0.6572999954223633,
1996-08-21,14.520000457763672,0.6603000164031982,
1996-08-22,13.710000038146973,0.6611000061035156,
1996-08-23,14.180000305175781,0.6701000213623047,
1996-08-26,15.380000114440918,0.6791999816894532,
1996-08-27,15.109999656677246,0.6765999794006348,
1996-08-28,15.100000381469727,0.6782999992370605,
1996-08-29,16.219999313354492,0.6848999977111816,
1996-08-30,17.010000228881836,0.6935999870300293,
1996-09-03,18.469999313354492,0.6892000198364258,
1996-09-04,18.639999389648438,0.6927000045776367,
1996-09-05,20.510000228881836,0.6962999820709228,
1996-09-06,17.100000381469727,0.6922999858856201,
1996-09-09,16.360000610351562,0.6882999897003174,
1996-09-10,16.25,0.6918000221252442,
1996-09-11,16.059999465942383,0.6922999858856201,
1996-09-12,15.970000267028809,0.6861000061035156,
1996-09-13,15.199999809265137,0.672100019454956,
1996-09-16,15.430000305175781,0.6708000183105469,
1996-09-17,15.739999771118164,0.6790999889373779,
1996-09-18,15.859999656677246,0.6813000202178955,
1996-09-19,16.030000686645508,0.6842999935150147,
1996-09-20,15.649999618530273,0.6826000213623047,
1996-09-23,16.459999084472656,0.6808000087738038,
1996-09-24,16.450000762939453,0.6742000102996826,
1996-09-25,16.219999313354492,0.6685999870300293,
1996-09-26,16.110000610351562,0.6638000011444092,
1996-09-27,16.100000381469727,0.6668000221252441,
1996-09-30,16.950000762939453,0.6698999881744385,
1996-10-01,17.049999237060547,0.6629000186920166,
1996-10-02,16.780000686645508,0.659000015258789,
1996-10-03,16.770000457763672,0.659000015258789,
1996-10-04,14.800000190734863,0.6460999965667724,
1996-10-07,15.109999656677246,0.6513000011444092,
1996-10-08,15.579999923706055,0.6520999908447266,
1996-10-09,16.09000015258789,0.6543000221252442,
1996-10-10,16.260000228881836,0.6598999977111817,
1996-10-11,15.069999694824219,0.6546999931335449,
1996-10-14,15.130000114440918,,
1996-10-15,15.829999923706055,0.6546999931335449,
1996-10-16,15.600000381469727,0.6565000057220459,
1996-10-17,15.40999984741211,0.65,
1996-10-18,15.079999923706055,0.6482999801635743,
1996-10-21,15.979999542236328,0.6504000186920166,
1996-10-22,16.399999618530273,0.6551000118255615,
1996-10-23,16.450000762939453,0.6546999931335449,
1996-10-24,16.889999389648438,0.6564000129699707,
1996-10-25,17.290000915527344,0.653000020980835,
1996-10-28,18.34000015258789,0.6543000221252442,
1996-10-29,18.280000686645508,0.6388000011444092,
1996-10-30,18.479999542236328,0.6383999824523926,
1996-10-31,18.110000610351562,0.6348999977111817,
1996-11-01,17.889999389648438,0.6361999988555909,
1996-11-04,18.040000915527344,0.6341000080108643,
1996-11-05,17.649999618530273,0.6272999763488769,
1996-11-06,16.969999313354492,0.6281000137329101,
1996-11-07,17.209999084472656,0.6243000030517578,
1996-11-08,15.779999732971191,0.6255000114440918,
1996-11-11,14.039999961853027,,
1996-11-12,15.359999656677246,0.6171000003814697,
1996-11-13,14.890000343322754,0.6188000202178955,
1996-11-14,13.789999961853027,0.6142000198364258,
1996-11-15,14.359999656677246,0.6166999816894532,
1996-11-18,15.119999885559082,0.6183000087738038,
1996-11-19,15.229999542236328,0.615399980545044,
1996-11-20,15.9399995803833,0.6116000175476074,
1996-11-21,15.770000457763672,0.6119999885559082,
1996-11-22,14.920000076293945,0.6127999782562256,
1996-11-25,15.90999984741211,0.6114999771118164,
1996-11-26,16.969999313354492,0.6114999771118164,
1996-11-27,16.959999084472656,0.611899995803833,
1996-11-29,17.139999389648438,0.6039999961853028,
1996-12-02,17.93000030517578,0.6052000045776367,
1996-12-03,18.68000030517578,0.6044000148773193,
1996-12-04,17.93000030517578,0.6098000049591065,
1996-12-05,18.139999389648438,0.6206999778747558,
1996-12-06,18.81999969482422,0.6241000175476075,
1996-12-09,17.75,0.6193999767303466,
1996-12-10,17.8799991607666,0.620300006866455,
1996-12-11,19.68000030517578,0.6347000122070312,
1996-12-12,20.450000762939453,0.6376999855041504,
1996-12-13,21.09000015258789,0.6313000202178956,
1996-12-16,21.989999771118164,0.6360000133514404,
1996-12-17,20.770000457763672,0.6394000053405762,
1996-12-18,19.420000076293945,0.6438000202178955,
1996-12-19,18.770000457763672,0.6337999820709228,
1996-12-20,18.850000381469727,0.6334000110626221,
1996-12-23,19.5,0.6324999809265137,
1996-12-24,18.68000030517578,0.6329999923706054,
1996-12-26,18.59000015258789,0.6334000110626221,
1996-12-27,19.1299991607666,0.6282000064849853,
1996-12-30,19.510000228881836,0.6285999774932861,
1996-12-31,20.920000076293945,0.6407000064849854,
1997-01-02,21.139999389648438,0.652400016784668,
1997-01-03,19.1299991607666,0.6498000144958496,
1997-01-06,19.889999389648438,0.6519999980926514,
1997-01-07,19.350000381469727,0.6554999828338623,
1997-01-08,20.239999771118164,0.6567999839782714,
1997-01-09,20.90999984741211,0.6506999969482422,
1997-01-10,19.6299991607666,0.6607999801635742,
1997-01-13,19.84000015258789,0.6604000091552734,
1997-01-14,19.270000457763672,0.6511000156402588,
1997-01-15,19.399999618530273,0.6511000156402588,
1997-01-16,19.610000610351562,0.6559999942779541,
1997-01-17,18.6299991607666,0.652899980545044,
1997-01-20,18.600000381469727,,
1997-01-21,17.809999465942383,0.649399995803833,
1997-01-22,17.09000015258789,0.652899980545044,
1997-01-23,18.469999313354492,0.6564000129699707,
1997-01-24,19.329999923706055,0.6612999916076661,
1997-01-27,20.15999984741211,0.6657000064849854,
1997-01-28,20.739999771118164,0.6622000217437745,
1997-01-29,20.229999542236328,0.6604000091552734,
1997-01-30,19.469999313354492,0.6581999778747558,
1997-01-31,19.469999313354492,0.6502999782562255,
1997-02-03,19.579999923706055,0.6436999797821045,
1997-02-04,19.43000030517578,0.6427999973297119,
1997-02-05,21.059999465942383,0.6436999797821045,
1997-02-06,20.15999984741211,0.6453999996185302,
1997-02-07,18.899999618530273,0.639300012588501,
1997-02-10,20.649999618530273,0.639799976348877,
1997-02-11,19.969999313354492,0.6401999950408935,
1997-02-12,19.479999542236328,0.6414999961853027,
1997-02-13,19.229999542236328,0.6309999942779541,
1997-02-14,19.18000030517578,0.6263000011444092,
1997-02-18,19.700000762939453,0.6267000198364258,
1997-02-19,20.610000610351562,0.6283999919891358,
1997-02-20,21.40999984741211,0.634000015258789,
1997-02-21,20.549999237060547,0.6348000049591065,
1997-02-24,19.84000015258789,0.6377999782562256,
1997-02-25,19.979999542236328,0.6382999897003174,
1997-02-26,20.739999771118164,0.6552000045776367,
1997-02-27,21.079999923706055,0.6560999870300293,
1997-02-28,21.100000381469727,0.653499984741211,
1997-03-03,20.889999389648438,0.6557000160217286,
1997-03-04,20.6200008392334,0.6583000183105469,
1997-03-05,19.489999771118164,0.6578999996185303,
1997-03-06,20.479999542236328,0.6605000019073486,
1997-03-07,19.31999969482422,0.6552000045776367,
1997-03-10,19.0,0.6547999858856202,
1997-03-11,19.25,0.6557000160217286,
1997-03-12,19.610000610351562,0.6583000183105469,
1997-03-13,19.790000915527344,0.6711999893188476,
1997-03-14,19.809999465942383,0.6684999942779541,
1997-03-17,20.950000762939453,0.6698999881744385,
1997-03-18,21.260000228881836,0.6711999893188476,
1997-03-19,21.739999771118164,0.672599983215332,
1997-03-20,21.219999313354492,0.672599983215332,
1997-03-21,19.690000534057617,0.6730000019073487,
1997-03-24,20.059999465942383,0.6708000183105469,
1997-03-25,19.260000228881836,0.6748000144958496,
1997-03-26,18.31999969482422,0.6783999919891357,
1997-03-27,20.5,0.6883999824523925,
1997-03-31,22.139999389648438,0.6907000064849853,
1997-04-01,20.84000015258789,0.6880000114440918,
1997-04-02,21.299999237060547,0.6861999988555908,
1997-04-03,21.190000534057617,0.6853000164031983,
1997-04-04,19.229999542236328,0.6907999992370606,
1997-04-07,18.510000228881836,0.6857999801635742,
1997-04-08,18.440000534057617,0.6889999866485595,
1997-04-09,18.559999465942383,0.6889999866485595,
1997-04-10,19.010000228881836,0.6894000053405762,
1997-04-11,19.760000228881836,0.6962999820709228,
1997-04-14,19.09000015258789,0.6964000225067138,
1997-04-15,18.25,0.6868000030517578,
1997-04-16,17.639999389648438,0.6886000156402587,
1997-04-17,18.709999084472656,0.684499979019165,
1997-04-18,18.75,0.6822999954223633,
1997-04-21,20.100000381469727,0.6859000205993653,
1997-04-22,19.520000457763672,0.682800006866455,
1997-04-23,20.479999542236328,0.686899995803833,
1997-04-24,20.829999923706055,0.6909999847412109,
1997-04-25,21.149999618530273,0.6927999973297119,
1997-04-28,21.34000015258789,0.6901000022888184,
1997-04-29,19.809999465942383,0.6750999927520752,
1997-04-30,20.059999465942383,0.6702000141143799,
1997-05-01,19.8700008392334,0.6679999828338623,
1997-05-02,17.510000228881836,0.6665999889373779,
1997-05-05,20.1299991607666,0.6652999877929687,
1997-05-06,20.850000381469727,0.6649000167846679,
1997-05-07,21.34000015258789,0.6724999904632568,
1997-05-08,21.260000228881836,0.6706999778747559,
1997-05-09,20.110000610351562,0.6651000022888184,
1997-05-12,20.25,0.6633999824523926,
1997-05-13,20.809999465942383,0.6698999881744385,
1997-05-14,21.09000015258789,0.6672999858856201,
1997-05-15,19.90999984741211,0.6655000209808349,
1997-05-16,21.56999969482422,0.6690000057220459,
1997-05-19,21.479999542236328,0.6693999767303467,
1997-05-20,19.260000228881836,0.6690000057220459,
1997-05-21,19.280000686645508,0.6724999904632568,
1997-05-22,18.770000457763672,0.6742000102996826,
1997-05-23,18.079999923706055,0.6729000091552735,
1997-05-27,19.360000610351562,0.6782000064849854,
1997-05-28,19.280000686645508,0.6782000064849854,
1997-05-29,19.020000457763672,0.673799991607666,
1997-05-30,19.190000534057617,0.6663000106811523,
1997-06-02,20.850000381469727,0.6645999908447265,
1997-06-03,20.010000228881836,0.6616000175476074,
1997-06-04,20.100000381469727,0.6611000061035156,
1997-06-05,20.360000610351562,0.660699987411499,
1997-06-06,18.940000534057617,0.6489999771118165,
1997-06-09,19.459999084472656,0.6538000106811523,
1997-06-10,19.040000915527344,0.6550000190734864,
1997-06-11,18.850000381469727,0.6541999816894531,
1997-06-12,18.510000228881836,0.6464000225067139,
1997-06-13,19.270000457763672,0.6413000106811524,
1997-06-16,19.770000457763672,0.638700008392334,
1997-06-17,20.170000076293945,0.6413000106811524,
1997-06-18,20.450000762939453,0.6382999897003174,
1997-06-19,20.100000381469727,0.6382999897003174,
1997-06-20,20.200000762939453,0.635699987411499,
1997-06-23,21.190000534057617,0.6390999794006348,
1997-06-24,20.739999771118164,0.639900016784668,
1997-06-25,21.5,0.643400001525879,
1997-06-26,21.81999969482422,0.6480999946594238,
1997-06-27,21.219999313354492,0.6446000099182129,
1997-06-30,21.530000686645508,0.6501999855041504,
1997-07-01,21.0,0.6438000202178955,
1997-07-02,19.700000762939453,0.6402999877929687,
1997-07-03,17.81999969482422,0.6288000106811523,
1997-07-07,19.1299991607666,0.625,
1997-07-08,18.760000228881836,0.6257999897003174,
1997-07-09,20.399999618530273,0.6232999801635742,
1997-07-10,19.920000076293945,0.6241000175476075,
1997-07-11,19.059999465942383,0.621999979019165,
1997-07-14,19.579999923706055,0.6236999988555908,
1997-07-15,19.0,0.6244999885559082,
1997-07-16,19.360000610351562,0.6182000160217285,
1997-07-17,20.540000915527344,0.6181000232696533,
1997-07-18,22.280000686645508,0.6231999874114991,
1997-07-21,23.510000228881836,0.6252999782562256,
1997-07-22,21.770000457763672,0.614300012588501,
1997-07-23,21.299999237060547,0.6122000217437744,
1997-07-24,20.959999084472656,0.6135000228881836,
1997-07-25,20.81999969482422,0.6164000034332275,
1997-07-28,21.84000015258789,0.6138000011444091,
1997-07-29,22.020000457763672,0.6087999820709229,
1997-07-30,21.389999389648438,0.6041999816894531,
1997-07-31,21.479999542236328,0.6004000186920166,
1997-08-01,22.290000915527344,0.6179999828338623,
1997-08-04,21.940000534057617,0.6214000225067139,
1997-08-05,20.639999389648438,0.6222000122070312,
1997-08-06,20.049999237060547,0.6204999923706055,
1997-08-07,19.770000457763672,0.6223000049591064,
1997-08-08,22.459999084472656,0.6363999843597412,
1997-08-11,22.770000457763672,0.635099983215332,
1997-08-12,23.75,0.6373000144958496,
1997-08-13,24.520000457763672,0.6342999935150146,
1997-08-14,23.110000610351562,0.6261000156402587,
1997-08-15,24.450000762939453,0.6248000144958497,
1997-08-18,24.3700008392334,0.6201000213623047,
1997-08-19,22.639999389648438,0.6204999923706055,
1997-08-20,21.09000015258789,0.6227000236511231,
1997-08-21,23.829999923706055,0.629099988937378,
1997-08-22,24.739999771118164,0.6363999843597412,
1997-08-25,24.100000381469727,0.6381999969482421,
1997-08-26,24.729999542236328,0.6373000144958496,
1997-08-27,24.260000228881836,0.636899995803833,
1997-08-28,24.510000228881836,0.629099988937378,
1997-08-29,24.760000228881836,0.6329999923706054,
1997-09-02,24.530000686645508,0.6295000076293945,
1997-09-03,24.950000762939453,0.6303999900817872,
1997-09-04,25.270000457763672,0.6316999912261962,
1997-09-05,24.309999465942383,0.6342999935150146,
1997-09-08,24.399999618530273,0.6316999912261962,
1997-09-09,23.889999389648438,0.6326000213623046,
1997-09-10,24.639999389648438,0.6342999935150146,
1997-09-11,25.989999771118164,0.6373000144958496,
1997-09-12,25.170000076293945,0.6277999877929688,
1997-09-15,25.739999771118164,0.6264999866485595,
1997-09-16,23.770000457763672,0.6093999862670898,
1997-09-17,24.100000381469727,0.6085999965667724,
1997-09-18,23.479999542236328,0.6090000152587891,
1997-09-19,22.739999771118164,0.6077000141143799,
1997-09-22,22.079999923706055,0.6047999858856201,
1997-09-23,22.0,0.6080999851226807,
1997-09-24,22.639999389648438,0.6034999847412109,
1997-09-25,22.959999084472656,0.6114999771118164,
1997-09-26,22.260000228881836,0.6072999954223632,
1997-09-29,22.229999542236328,0.6080999851226807,
1997-09-30,22.90999984741211,0.610699987411499,
1997-10-01,22.31999969482422,0.6026000022888184,
1997-10-02,22.270000457763672,0.6000999927520752,
1997-10-03,21.540000915527344,0.5995999813079834,
1997-10-06,21.610000610351562,0.5953999996185303,
1997-10-07,20.290000915527344,0.5925000190734864,
1997-10-08,20.770000457763672,0.6072999954223632,
1997-10-09,22.309999465942383,0.6080999851226807,
1997-10-10,19.75,0.6136000156402588,
1997-10-13,20.260000228881836,,
1997-10-14,19.989999771118164,0.6059999942779541,
1997-10-15,20.049999237060547,0.6093999862670898,
1997-10-16,20.530000686645508,0.6080999851226807,
1997-10-17,21.690000534057617,0.6144999980926513,
1997-10-20,20.719999313354492,0.6131999969482422,
1997-10-21,19.530000686645508,0.6127999782562256,
1997-10-22,19.860000610351562,0.6114999771118164,
1997-10-23,22.989999771118164,0.6017000198364257,
1997-10-24,23.170000076293945,0.6,
1997-10-27,31.1200008392334,0.589900016784668,
1997-10-28,31.219999313354492,0.5966000080108642,
1997-10-29,33.75,0.5902999877929688,
1997-10-30,38.20000076293945,0.5835999965667724,
1997-10-31,35.09000015258789,0.5818999767303467,
1997-11-03,32.09000015258789,0.5894000053405761,
1997-11-04,32.2400016784668,0.5935999870300293,
1997-11-05,32.18000030517578,0.5932000160217286,
1997-11-06,32.56999969482422,0.5888999938964844,
1997-11-07,36.27000045776367,0.5885000228881836,
1997-11-10,36.630001068115234,0.5906000137329102,
1997-11-11,36.380001068115234,,
1997-11-12,37.84000015258789,0.5885000228881836,
1997-11-13,36.63999938964844,0.5860000133514405,
1997-11-14,33.65999984741211,0.5847000122070313,
1997-11-17,31.579999923706055,0.5834000110626221,
1997-11-18,31.549999237060547,0.5834000110626221,
1997-11-19,29.93000030517578,0.5801000118255615,
1997-11-20,27.31999969482422,0.5826000213623047,
1997-11-21,26.649999618530273,0.5804999828338623,
1997-11-24,29.799999237060547,0.5850999832153321,
1997-11-25,28.950000762939453,0.5837999820709229,
1997-11-26,28.950000762939453,0.5850999832153321,
1997-11-28,27.43000030517578,0.5850999832153321,
1997-12-01,26.010000228881836,0.5846000194549561,
1997-12-02,25.65999984741211,0.5846000194549561,
1997-12-03,23.920000076293945,0.5824999809265137,
1997-12-04,23.84000015258789,0.5834000110626221,
1997-12-05,22.649999618530273,0.5892000198364258,
1997-12-08,23.219999313354492,0.5942999839782714,
1997-12-09,23.360000610351562,0.5939000129699707,
1997-12-10,24.549999237060547,0.5892000198364258,
1997-12-11,27.6299991607666,0.5811999797821045,
1997-12-12,27.920000076293945,0.573199987411499,
1997-12-15,27.3700008392334,0.5765999794006348,
1997-12-16,26.110000610351562,0.5761000156402588,
1997-12-17,26.329999923706055,0.5790999889373779,
1997-12-18,27.190000534057617,0.5749000072479248,
1997-12-19,29.18000030517578,0.5710999965667725,
1997-12-22,28.559999465942383,0.5710999965667725,
1997-12-23,29.860000610351562,0.5718999862670898,
1997-12-24,30.270000457763672,0.572700023651123,
1997-12-26,29.270000457763672,0.5735000133514404,
1997-12-29,26.790000915527344,0.5748000144958496,
1997-12-30,24.3799991607666,0.5785999774932862,
1997-12-31,24.010000228881836,0.5738999843597412,
1998-01-02,23.420000076293945,0.565500020980835,
1998-01-05,24.360000610351562,0.5498000144958496,
1998-01-06,25.65999984741211,0.5473000049591065,
1998-01-07,25.06999969482422,0.5526999950408935,
1998-01-08,26.010000228881836,0.5465000152587891,
1998-01-09,28.690000534057617,0.5379000186920166,
1998-01-12,28.020000457763672,0.5369999885559082,
1998-01-13,25.170000076293945,0.5399000167846679,
1998-01-14,23.75,0.5439000129699707,
1998-01-15,23.450000762939453,0.5460000038146973,
1998-01-16,21.649999618530273,0.5513000011444091,
1998-01-20,21.649999618530273,0.5546000003814697,
1998-01-21,22.530000686645508,0.5525000095367432,
1998-01-22,23.15999984741211,0.5532999992370605,
1998-01-23,23.31999969482422,0.5683000087738037,
1998-01-26,23.969999313354492,0.5616000175476075,
1998-01-27,22.270000457763672,0.5683000087738037,
1998-01-28,22.059999465942383,0.5678999900817872,
1998-01-29,21.649999618530273,0.5557000160217285,
1998-01-30,21.469999313354492,0.551200008392334,
1998-02-02,21.360000610351562,0.5557000160217285,
1998-02-03,20.670000076293945,0.5545000076293946,
1998-02-04,20.549999237060547,0.5548999786376954,
1998-02-05,21.290000915527344,0.5598999977111816,
1998-02-06,20.510000228881836,0.5602000236511231,
1998-02-09,21.549999237060547,0.5639999866485595,
1998-02-10,20.65999984741211,0.5623000144958497,
1998-02-11,20.3799991607666,0.5572999954223633,
1998-02-12,19.729999542236328,0.5525000095367432,
1998-02-13,19.84000015258789,0.5474999904632568,
1998-02-17,20.760000228881836,0.5429999828338623,
1998-02-18,19.65999984741211,0.5474999904632568,
1998-02-19,19.8799991607666,0.5495999813079834,
1998-02-20,19.0,0.552400016784668,
1998-02-23,18.989999771118164,0.5570000171661377,
1998-02-24,19.350000381469727,0.5673999786376953,
1998-02-25,18.6200008392334,0.5616000175476075,
1998-02-26,18.6299991607666,0.5640999794006347,
1998-02-27,18.549999237060547,0.5616000175476075,
1998-03-02,19.190000534057617,0.5703000068664551,
1998-03-03,19.040000915527344,0.5754000186920166,
1998-03-04,19.579999923706055,0.575,
1998-03-05,20.93000030517578,0.5767000198364258,
1998-03-06,19.139999389648438,0.5711999893188476,
1998-03-09,20.229999542236328,0.5657000064849853,
1998-03-10,19.43000030517578,0.5652999877929688,
1998-03-11,18.889999389648438,0.5616000175476075,
1998-03-12,18.25,0.5552999973297119,
1998-03-13,18.709999084472656,0.5570000171661377,
1998-03-16,18.510000228881836,0.5527999877929688,
1998-03-17,18.65999984741211,0.5548999786376954,
1998-03-18,18.290000915527344,0.5560999870300293,
1998-03-19,17.760000228881836,0.5573999881744385,
1998-03-20,18.690000534057617,0.5560999870300293,
1998-03-23,19.979999542236328,0.5560999870300293,
1998-03-24,20.510000228881836,0.5560999870300293,
1998-03-25,22.540000915527344,0.5624000072479248,
1998-03-26,22.809999465942383,0.5657999992370606,
1998-03-27,23.469999313354492,0.5670000076293945,
1998-03-30,24.65999984741211,0.5703999996185303,
1998-03-31,24.219999313354492,0.5662000179290771,
1998-04-01,23.3700008392334,0.5603000164031983,
1998-04-02,21.979999542236328,0.5545000076293946,
1998-04-03,21.81999969482422,0.5453000068664551,
1998-04-06,22.469999313354492,0.5494999885559082,
1998-04-07,23.65999984741211,0.5515999794006348,
1998-04-08,23.170000076293945,0.5570000171661377,
1998-04-09,21.510000228881836,0.5573999881744385,
1998-04-13,22.770000457763672,0.564900016784668,
1998-04-14,21.610000610351562,0.5616000175476075,
1998-04-15,20.889999389648438,0.559499979019165,
1998-04-16,22.059999465942383,0.5573999881744385,
1998-04-17,20.760000228881836,0.557800006866455,
1998-04-20,20.389999389648438,0.5629000186920166,
1998-04-21,19.90999984741211,0.5666999816894531,
1998-04-22,19.440000534057617,0.5671000003814697,
1998-04-23,20.600000381469727,0.5675000190734864,
1998-04-24,21.969999313354492,0.5653999805450439,
1998-04-27,26.09000015258789,0.5789999961853027,
1998-04-28,24.170000076293945,0.5794000148773193,
1998-04-29,22.780000686645508,0.5798999786376953,
1998-04-30,21.18000030517578,0.5666999816894531,
1998-05-01,19.34000015258789,0.5653999805450439,
1998-05-04,20.31999969482422,0.5653999805450439,
1998-05-05,21.459999084472656,0.5684000015258789,
1998-05-06,22.790000915527344,0.5658999919891358,
1998-05-07,23.389999389648438,0.5658999919891358,
1998-05-08,20.56999969482422,0.5697000026702881,
1998-05-11,21.049999237060547,0.5769000053405762,
1998-05-12,20.979999542236328,0.5688000202178956,
1998-05-13,20.440000534057617,0.5666999816894531,
1998-05-14,19.639999389648438,0.566599988937378,
1998-05-15,20.440000534057617,0.5670000076293945,
1998-05-18,21.690000534057617,0.5629000186920166,
1998-05-19,20.389999389648438,0.5645999908447266,
1998-05-20,19.889999389648438,0.5599999904632569,
1998-05-21,19.3799991607666,0.5640999794006347,
1998-05-22,18.989999771118164,0.5625,
1998-05-26,22.06999969482422,0.5574999809265136,
1998-05-27,22.59000015258789,0.5546000003814697,
1998-05-28,20.739999771118164,0.5571000099182128,
1998-05-29,21.31999969482422,0.5546000003814697,
1998-06-01,22.829999923706055,0.5520999908447266,
1998-06-02,22.0,0.5550000190734863,
1998-06-03,22.850000381469727,0.5558000087738038,
1998-06-04,21.219999313354492,0.5583000183105469,
1998-06-05,19.780000686645508,0.5571000099182128,
1998-06-08,20.579999923706055,0.5574999809265136,
1998-06-09,20.520000457763672,0.5574999809265136,
1998-06-10,21.479999542236328,0.5500999927520752,
1998-06-11,23.56999969482422,0.5431000232696533,
1998-06-12,22.780000686645508,0.5409999847412109,
1998-06-15,25.940000534057617,0.5369999885559082,
1998-06-16,24.799999237060547,0.5431000232696533,
1998-06-17,22.889999389648438,0.552899980545044,
1998-06-18,22.399999618530273,0.5492000102996826,
1998-06-19,21.920000076293945,0.5459000110626221,
1998-06-22,21.940000534057617,0.5451000213623047,
1998-06-23,20.170000076293945,0.5438000202178955,
1998-06-24,20.020000457763672,0.5451000213623047,
1998-06-25,20.25,0.5459000110626221,
1998-06-26,19.360000610351562,0.5441999912261963,
1998-06-29,19.56999969482422,0.5459000110626221,
1998-06-30,19.709999084472656,0.5434000015258789,
1998-07-01,18.0,0.5426000118255615,
1998-07-02,17.670000076293945,0.5401000022888184,
1998-07-06,18.6299991607666,0.538100004196167,
1998-07-07,18.6200008392334,0.5405000209808349,
1998-07-08,17.81999969482422,0.5421000003814698,
1998-07-09,18.15999984741211,0.539300012588501,
1998-07-10,17.920000076293945,0.5405000209808349,
1998-07-13,18.260000228881836,0.5449999809265137,
1998-07-14,17.8799991607666,0.5473999977111816,
1998-07-15,17.889999389648438,0.5469999790191651,
1998-07-16,16.969999313354492,0.5486999988555908,
1998-07-17,16.229999542236328,0.5499000072479248,
1998-07-20,17.34000015258789,0.5466000080108643,
1998-07-21,20.100000381469727,0.5436999797821045,
1998-07-22,20.31999969482422,0.5445000171661377,
1998-07-23,23.010000228881836,0.5428999900817871,
1998-07-24,23.010000228881836,0.544099998474121,
1998-07-27,23.1299991607666,0.5453000068664551,
1998-07-28,25.25,0.5478000164031982,
1998-07-29,24.790000915527344,0.5511000156402588,
1998-07-30,22.65999984741211,0.5489999771118164,
1998-07-31,24.799999237060547,0.549399995803833,
1998-08-03,25.979999542236328,0.5445000171661377,
1998-08-04,31.059999465942383,0.542799997329712,
1998-08-05,29.829999923706055,0.5420000076293945,
1998-08-06,28.200000762939453,0.5432000160217285,
1998-08-07,27.020000457763672,0.538700008392334,
1998-08-10,28.75,0.5399000167846679,
1998-08-11,31.90999984741211,0.5361999988555908,
1998-08-12,28.549999237060547,0.538700008392334,
1998-08-13,29.920000076293945,0.5423999786376953,
1998-08-14,34.34000015258789,0.5386000156402588,
1998-08-17,31.860000610351562,0.5389999866485595,
1998-08-18,28.399999618530273,0.5402999877929687,
1998-08-19,28.690000534057617,0.5410999774932861,
1998-08-20,30.0,0.5374000072479248,
1998-08-21,33.13999938964844,0.5315999984741211,
1998-08-24,31.799999237060547,0.5287000179290772,
1998-08-25,30.329999923706055,0.523799991607666,
1998-08-26,31.139999389648438,0.5190000057220459,
1998-08-27,38.54999923706055,0.510099983215332,
1998-08-28,39.599998474121094,0.5079999923706054,
1998-08-31,44.279998779296875,0.5032000064849853,
1998-09-01,36.47999954223633,0.5035999774932861,
1998-09-02,36.7599983215332,0.5076000213623046,
1998-09-03,41.43000030517578,0.5019999980926514,
1998-09-04,43.310001373291016,0.4999000072479248,
1998-09-08,37.900001525878906,0.5031000137329101,
1998-09-09,39.65999984741211,0.4934999942779541,
1998-09-10,45.290000915527344,0.473799991607666,
1998-09-11,43.7400016784668,0.48239998817443847,
1998-09-14,38.56999969482422,0.48470001220703124,
1998-09-15,36.58000183105469,0.4875,
1998-09-16,35.939998626708984,0.48509998321533204,
1998-09-17,39.22999954223633,0.47680001258850097,
1998-09-18,38.630001068115234,0.4677999973297119,
1998-09-21,38.58000183105469,0.46579999923706056,
1998-09-22,36.619998931884766,0.47129998207092283,
1998-09-23,32.470001220703125,0.46579999923706056,
1998-09-24,34.65999984741211,0.46069998741149903,
1998-09-25,34.54999923706055,0.4576000213623047,
1998-09-28,34.869998931884766,0.45869998931884765,
1998-09-29,36.08000183105469,0.4564000129699707,
1998-09-30,40.95000076293945,0.44099998474121094,
1998-10-01,43.47999954223633,0.4303999900817871,
1998-10-02,40.470001220703125,0.42800002098083495,
1998-10-05,42.810001373291016,0.414900016784668,
1998-10-06,41.20000076293945,0.42199997901916503,
1998-10-07,43.5099983215332,0.439300012588501,
1998-10-08,45.7400016784668,0.45460000038146975,
1998-10-09,42.20000076293945,0.47719998359680177,
1998-10-12,40.06999969482422,,
1998-10-13,40.22999954223633,0.47239999771118163,
1998-10-14,38.959999084472656,0.4556000232696533,
1998-10-15,33.34000015258789,0.4559999942779541,
1998-10-16,34.81999969482422,0.4416999816894531,
1998-10-19,33.130001068115234,0.4435999870300293,
1998-10-20,33.11000061035156,0.45199999809265134,
1998-10-21,33.209999084472656,0.45510001182556153,
1998-10-22,31.530000686645508,0.45819997787475586,
1998-10-23,32.27000045776367,0.46630001068115234,
1998-10-26,32.380001068115234,0.4697999954223633,
1998-10-27,32.95000076293945,0.45890002250671386,
1998-10-28,32.41999816894531,0.4577000141143799,
1998-10-29,29.5,0.4506999969482422,
1998-10-30,28.049999237060547,0.46030001640319823,
1998-11-02,27.260000228881836,0.474399995803833,
1998-11-03,27.760000228881836,0.4739999771118164,
1998-11-04,27.3700008392334,0.4879000186920166,
1998-11-05,26.010000228881836,0.4817999839782715,
1998-11-06,25.700000762939453,0.4921999931335449,
1998-11-09,28.09000015258789,0.4866000175476074,
1998-11-10,28.170000076293945,0.4817999839782715,
1998-11-11,28.469999313354492,,
1998-11-12,29.280000686645508,0.47699999809265137,
1998-11-13,29.030000686645508,0.48060002326965334,
1998-11-16,28.899999618530273,0.48379998207092284,
1998-11-17,27.950000762939453,0.4849999904632568,
1998-11-18,27.1299991607666,0.48420000076293945,
1998-11-19,25.5,0.48460001945495607,
1998-11-20,22.469999313354492,0.4809999942779541,
1998-11-23,21.84000015258789,0.4829999923706055,
1998-11-24,23.280000686645508,0.48420000076293945,
1998-11-25,22.149999618530273,0.48220000267028806,
1998-11-27,22.09000015258789,0.48020000457763673,
1998-11-30,26.010000228881836,0.47259998321533203,
1998-12-01,24.969999313354492,0.46589999198913573,
1998-12-02,25.43000030517578,0.4567999839782715,
1998-12-03,28.700000762939453,0.4564000129699707,
1998-12-04,25.309999465942383,0.46069998741149903,
1998-12-07,24.899999618530273,0.4677999973297119,
1998-12-08,25.579999923706055,0.45949997901916506,
1998-12-09,25.65999984741211,0.4547999858856201,
1998-12-10,26.809999465942383,0.4520999908447266,
1998-12-11,27.719999313354492,0.46030001640319823,
1998-12-14,31.309999465942383,0.4576000213623047,
1998-12-15,29.420000076293945,0.461899995803833,
1998-12-16,29.959999084472656,0.45710000991821287,
1998-12-17,27.959999084472656,0.4559999942779541,
1998-12-18,25.040000915527344,0.45710000991821287,
1998-12-21,23.860000610351562,0.4625999927520752,
1998-12-22,22.780000686645508,0.4690000057220459,
1998-12-23,20.209999084472656,0.47810001373291017,
1998-12-24,21.479999542236328,0.48460001945495607,
1998-12-28,23.5,0.4769000053405762,
1998-12-29,22.18000030517578,0.47010002136230467,
1998-12-30,23.34000015258789,0.4642000198364258,
1998-12-31,24.420000076293945,0.46380000114440917,
1999-01-04,26.170000076293945,0.4677000045776367,
1999-01-05,24.459999084472656,0.4729000091552734,
1999-01-06,23.34000015258789,0.47210001945495605,
1999-01-07,24.3700008392334,0.4764999866485596,
1999-01-08,23.280000686645508,0.48420000076293945,
1999-01-11,25.459999084472656,0.4874000072479248,
1999-01-12,28.100000381469727,0.4809999942779541,
1999-01-13,30.110000610351562,0.47210001945495605,
1999-01-14,32.97999954223633,0.4613999843597412,
1999-01-15,29.239999771118164,0.46690001487731936,
1999-01-19,29.239999771118164,0.47010002136230467,
1999-01-20,28.600000381469727,0.4744999885559082,
1999-01-21,30.920000076293945,0.4689000129699707,
1999-01-22,31.950000762939453,0.4629000186920166,
1999-01-25,31.1299991607666,0.46529998779296877,
1999-01-26,29.229999542236328,0.46810002326965333,
1999-01-27,29.729999542236328,0.4672999858856201,
1999-01-28,28.110000610351562,0.46649999618530275,
1999-01-29,26.25,0.46529998779296877,
1999-02-01,27.670000076293945,0.4744999885559082,
1999-02-02,28.15999984741211,0.4784999847412109,
1999-02-03,27.8799991607666,0.48220000267028806,
1999-02-04,29.479999542236328,0.48870000839233396,
1999-02-05,29.670000076293945,0.4932000160217285,
1999-02-08,30.270000457763672,0.4923999786376953,
1999-02-09,31.360000610351562,0.48909997940063477,
1999-02-10,30.450000762939453,0.49000000953674316,
1999-02-11,27.420000076293945,0.4907999992370605,
1999-02-12,29.760000228881836,0.5052000045776367,
1999-02-16,29.649999618530273,0.5027999877929688,
1999-02-17,30.649999618530273,0.49780001640319826,
1999-02-18,30.450000762939453,0.5027999877929688,
1999-02-19,29.299999237060547,0.5060999870300293,
1999-02-22,25.8700008392334,0.5015999794006347,
1999-02-23,26.489999771118164,0.5078000068664551,
1999-02-24,27.209999084472656,0.5162000179290771,
1999-02-25,28.010000228881836,0.5293000221252442,
1999-02-26,27.8799991607666,0.5271999835968018,
1999-03-01,28.3700008392334,0.5383999824523926,
1999-03-02,29.219999313354492,0.5341000080108642,
1999-03-03,29.040000915527344,0.5375999927520752,
1999-03-04,26.670000076293945,0.5401000022888184,
1999-03-05,24.079999923706055,0.5315999984741211,
1999-03-08,24.540000915527344,0.5277999877929688,
1999-03-09,25.020000457763672,0.5171999931335449,
1999-03-10,24.790000915527344,0.5189000129699707,
1999-03-11,24.3700008392334,0.519700002670288,
1999-03-12,24.84000015258789,0.5151000022888184,
1999-03-15,25.239999771118164,0.5130000114440918,
1999-03-16,25.149999618530273,0.5097000122070312,
1999-03-17,25.56999969482422,0.5122000217437744,
1999-03-18,24.1299991607666,0.510099983215332,
1999-03-19,24.31999969482422,0.514799976348877,
1999-03-22,25.0,0.5193999767303467,
1999-03-23,27.270000457763672,0.5185999870300293,
1999-03-24,26.600000381469727,0.5156000137329102,
1999-03-25,24.329999923706055,0.5203000068664551,
1999-03-26,24.040000915527344,0.5198999881744385,
1999-03-29,23.540000915527344,0.5258999824523926,
1999-03-30,22.729999542236328,0.5190999984741211,
1999-03-31,23.260000228881836,0.5234000205993652,
1999-04-01,22.059999465942383,0.5271999835968018,
1999-04-05,22.190000534057617,0.5183000087738037,
1999-04-06,22.649999618530273,0.5119999885559082,
1999-04-07,22.809999465942383,0.5124000072479248,
1999-04-08,22.59000015258789,0.5019000053405762,
1999-04-09,21.770000457763672,0.5035999774932861,
1999-04-12,21.93000030517578,0.5039999961853028,
1999-04-13,22.729999542236328,0.5098999977111817,
1999-04-14,24.940000534057617,0.5111999988555909,
1999-04-15,23.93000030517578,0.5150000095367432,
1999-04-16,23.899999618530273,0.5205999851226807,
1999-04-19,26.420000076293945,0.5168000221252441,
1999-04-20,25.020000457763672,0.5133999824523926,
1999-04-21,23.309999465942383,0.5133999824523926,
1999-04-22,22.6200008392334,0.5236000061035156,
1999-04-23,22.760000228881836,0.5236999988555908,
1999-04-26,23.530000686645508,0.5210999965667724,
1999-04-27,23.360000610351562,0.5206999778747559,
1999-04-28,24.399999618530273,0.5241000175476074,
1999-04-29,25.059999465942383,0.5190000057220459,
1999-04-30,25.06999969482422,0.5349999904632569,
1999-05-03,24.149999618530273,0.5359000205993653,
1999-05-04,25.6200008392334,0.5407000064849854,
1999-05-05,25.190000534057617,0.5385000228881835,
1999-05-06,27.440000534057617,0.5494999885559082,
1999-05-07,25.360000610351562,0.553499984741211,
1999-05-10,26.6200008392334,0.5513999938964844,
1999-05-11,25.6200008392334,0.5571000099182128,
1999-05-12,26.1299991607666,0.5558000087738038,
1999-05-13,25.020000457763672,0.5389999866485595,
1999-05-14,26.860000610351562,0.5603000164031983,
1999-05-17,27.280000686645508,0.564900016784668,
1999-05-18,27.260000228881836,0.5660999774932861,
1999-05-19,25.079999923706055,0.559499979019165,
1999-05-20,24.459999084472656,0.5581999778747558,
1999-05-21,24.399999618530273,0.5515999794006348,
1999-05-24,27.6200008392334,0.5492000102996826,
1999-05-25,28.899999618530273,0.5479000091552735,
1999-05-26,27.56999969482422,0.5537000179290772,
1999-05-27,28.1200008392334,0.5611999988555908,
1999-05-28,25.389999389648438,0.5611000061035156,
1999-06-01,26.6200008392334,0.5765999794006348,
1999-06-02,26.209999084472656,0.5782999992370605,
1999-06-03,26.200000762939453,0.5788000106811524,
1999-06-04,23.43000030517578,0.580900001525879,
1999-06-07,23.780000686645508,0.5796000003814697,
1999-06-08,24.020000457763672,0.5817999839782715,
1999-06-09,23.899999618530273,0.5855999946594238,
1999-06-10,25.31999969482422,0.591599988937378,
1999-06-11,25.899999618530273,0.5998000144958496,
1999-06-14,26.510000228881836,0.5967999935150147,
1999-06-15,25.90999984741211,0.595900011062622,
1999-06-16,22.399999618530273,0.5938000202178955,
1999-06-17,21.950000762939453,0.5776000022888184,
1999-06-18,21.75,0.582200002670288,
1999-06-21,21.809999465942383,0.5890999794006347,
1999-06-22,21.700000762939453,0.5929999828338623,
1999-06-23,21.31999969482422,0.6002999782562256,
1999-06-24,23.059999465942383,0.6028999805450439,
1999-06-25,21.760000228881836,0.601200008392334,
1999-06-28,22.6299991607666,0.5958000183105469,
1999-06-29,22.510000228881836,0.5926000118255615,
1999-06-30,21.09000015258789,0.5809999942779541,
1999-07-01,19.690000534057617,0.5840000152587891,
1999-07-02,18.65999984741211,0.5822999954223633,
1999-07-06,20.729999542236328,0.5866000175476074,
1999-07-07,20.350000381469727,0.5892000198364258,
1999-07-08,20.239999771118164,0.5831999778747559,
1999-07-09,17.959999084472656,0.5822999954223633,
1999-07-12,19.729999542236328,0.572100019454956,
1999-07-13,19.950000762939453,0.5691999912261962,
1999-07-14,19.709999084472656,0.572100019454956,
1999-07-15,18.68000030517578,0.5709000110626221,
1999-07-16,17.420000076293945,0.5671000003814697,
1999-07-19,19.06999969482422,0.5650000095367431,
1999-07-20,21.790000915527344,0.5629000186920166,
1999-07-21,21.459999084472656,0.5650000095367431,
1999-07-22,23.049999237060547,0.5769000053405762,
1999-07-23,23.31999969482422,0.5828999996185302,
1999-07-26,24.979999542236328,0.5846000194549561,
1999-07-27,23.229999542236328,0.5798999786376953,
1999-07-28,22.850000381469727,0.5785999774932862,
1999-07-29,24.520000457763672,0.586299991607666,
1999-07-30,24.639999389648438,0.5907000064849853,
1999-08-02,25.59000015258789,0.5910999774932861,
1999-08-03,26.270000457763672,0.5941999912261963,
1999-08-04,27.399999618530273,0.5946000099182129,
1999-08-05,27.010000228881836,0.5876999855041504,
1999-08-06,26.600000381469727,0.6006999969482422,
1999-08-09,27.65999984741211,0.6118000030517579,
1999-08-10,28.450000762939453,0.6144000053405761,
1999-08-11,25.389999389648438,0.6109000205993652,
1999-08-12,25.030000686645508,0.6066999912261963,
1999-08-13,22.309999465942383,0.5974999904632569,
1999-08-16,23.06999969482422,0.5966000080108642,
1999-08-17,21.670000076293945,0.5874000072479248,
1999-08-18,23.299999237060547,0.5866000175476074,
1999-08-19,24.389999389648438,0.5882999897003174,
1999-08-20,22.950000762939453,0.5869999885559082,
1999-08-23,22.549999237060547,0.5882999897003174,
1999-08-24,22.399999618530273,0.5836999893188477,
1999-08-25,20.959999084472656,0.5717000007629395,
1999-08-26,21.209999084472656,0.573799991607666,
1999-08-27,21.829999923706055,0.5841000080108643,
1999-08-30,24.6299991607666,0.5940999984741211,
1999-08-31,24.450000762939453,0.5979000091552734,
1999-09-01,22.93000030517578,0.5973999977111817,
1999-09-02,24.530000686645508,0.601200008392334,
1999-09-03,20.979999542236328,0.5882999897003174,
1999-09-07,23.440000534057617,0.5936999797821045,
1999-09-08,23.81999969482422,0.5920000076293945,
1999-09-09,23.010000228881836,0.5958000183105469,
1999-09-10,22.030000686645508,0.5890999794006347,
1999-09-13,22.889999389648438,0.5907999992370605,
1999-09-14,23.770000457763672,0.5949999809265136,
1999-09-15,24.559999465942383,0.5928999900817871,
1999-09-16,25.25,0.5890999794006347,
1999-09-17,23.299999237060547,0.5854000091552735,
1999-09-20,24.030000686645508,0.5901999950408936,
1999-09-21,25.649999618530273,0.5922999858856202,
1999-09-22,25.190000534057617,0.5914999961853027,
1999-09-23,27.84000015258789,0.585200023651123,
1999-09-24,27.790000915527344,0.5738999843597412,
1999-09-27,26.399999618530273,0.5817999839782715,
1999-09-28,26.059999465942383,0.5872000217437744,
1999-09-29,26.489999771118164,0.5947999954223633,
1999-09-30,25.40999984741211,0.5885000228881836,
1999-10-01,24.93000030517578,0.5986000061035156,
1999-10-04,24.459999084472656,0.5934999942779541,
1999-10-05,24.790000915527344,0.6019999980926514,
1999-10-06,22.059999465942383,0.6032999992370606,
1999-10-07,23.579999923706055,0.6032999992370606,
1999-10-08,20.489999771118164,0.6024000167846679,
1999-10-11,20.6299991607666,,
1999-10-12,22.84000015258789,0.6058000087738037,
1999-10-13,25.959999084472656,0.6113999843597412,
1999-10-14,26.049999237060547,0.6157000064849854,
1999-10-15,28.75,0.6066999912261963,
1999-10-18,28.190000534057617,0.6110000133514404,
1999-10-19,26.559999465942383,0.6165999889373779,
1999-10-20,23.899999618530273,0.6178999900817871,
1999-10-21,24.020000457763672,0.6183000087738038,
1999-10-22,21.639999389648438,0.6191999912261963,
1999-10-25,23.600000381469727,0.6204999923706055,
1999-10-26,24.260000228881836,0.6227000236511231,
1999-10-27,24.200000762939453,0.6183000087738038,
1999-10-28,21.34000015258789,0.6105999946594238,
1999-10-29,22.200000762939453,0.6002999782562256,
1999-11-01,22.09000015258789,0.6046000003814698,
1999-11-02,23.100000381469727,0.6019999980926514,
1999-11-03,23.15999984741211,0.5999000072479248,
1999-11-04,23.0,0.5942999839782714,
1999-11-05,21.65999984741211,0.590500020980835,
1999-11-08,21.8700008392334,0.5934999942779541,
1999-11-09,22.700000762939453,0.5947000026702881,
1999-11-10,22.260000228881836,0.5980999946594239,
1999-11-11,22.06999969482422,,
1999-11-12,21.649999618530273,0.5913000106811523,
1999-11-15,22.739999771118164,0.5916999816894531,
1999-11-16,20.729999542236328,0.5952000141143798,
1999-11-17,20.959999084472656,0.6024000167846679,
1999-11-18,19.760000228881836,0.6050000190734863,
1999-11-19,19.110000610351562,0.6050000190734863,
1999-11-22,19.979999542236328,0.6085000038146973,
1999-11-23,21.0,0.6076000213623047,
1999-11-24,20.260000228881836,0.6076000213623047,
1999-11-26,22.329999923706055,0.6105999946594238,
1999-11-29,23.56999969482422,0.6189000129699707,
1999-11-30,24.18000030517578,0.6163000106811524,
1999-12-01,22.229999542236328,0.6192999839782715,
1999-12-02,21.770000457763672,0.6223999977111816,
1999-12-03,19.31999969482422,0.6163000106811524,
1999-12-06,20.579999923706055,0.6140999794006348,
1999-12-07,21.09000015258789,0.6098000049591065,
1999-12-08,21.25,0.6132999897003174,
1999-12-09,21.190000534057617,0.6119999885559082,
1999-12-10,21.479999542236328,0.6067999839782715,
1999-12-13,21.719999313354492,0.6089000225067138,
1999-12-14,23.059999465942383,0.620300006866455,
1999-12-15,22.030000686645508,0.6242000102996826,
1999-12-16,21.90999984741211,0.6295000076293945,
1999-12-17,21.350000381469727,0.6287000179290771,
1999-12-20,23.780000686645508,0.634000015258789,
1999-12-21,22.65999984741211,0.6357999801635742,
1999-12-22,22.43000030517578,0.6375999927520752,
1999-12-23,21.1200008392334,0.6394000053405762,
1999-12-27,23.06999969482422,0.6385000228881836,
1999-12-28,22.969999313354492,0.6416999816894531,
1999-12-29,23.09000015258789,0.6386000156402588,
1999-12-30,24.760000228881836,0.6368000030517578,
1999-12-31,24.639999389648438,0.6434999942779541,
2000-01-03,24.209999084472656,0.6547999858856202,
2000-01-04,27.010000228881836,0.6485000133514405,
2000-01-05,26.40999984741211,0.6598999977111817,
2000-01-06,25.729999542236328,0.6548999786376953,
2000-01-07,21.719999313354492,0.6504000186920166,
2000-01-10,21.709999084472656,0.6558000087738037,
2000-01-11,22.5,0.6664000034332276,
2000-01-12,22.84000015258789,0.6696000099182129,
2000-01-13,21.709999084472656,0.6618000030517578,
2000-01-14,19.65999984741211,0.6673999786376953,
2000-01-18,21.5,0.6748000144958496,
2000-01-19,21.719999313354492,0.6724999904632568,
2000-01-20,21.75,0.6748000144958496,
2000-01-21,20.81999969482422,0.6781000137329102,
2000-01-24,24.06999969482422,0.6684000015258789,
2000-01-25,23.020000457763672,0.6684000015258789,
2000-01-26,23.030000686645508,0.6679999828338623,
2000-01-27,23.540000915527344,0.6684999942779541,
2000-01-28,26.139999389648438,0.664799976348877,
2000-01-31,24.950000762939453,0.6666999816894531,
2000-02-01,23.450000762939453,0.6617000102996826,
2000-02-02,23.1200008392334,0.6598000049591064,
2000-02-03,22.010000228881836,0.6474999904632568,
2000-02-04,21.540000915527344,0.6517000198364258,
2000-02-07,22.790000915527344,0.663100004196167,
2000-02-08,21.25,0.6598999977111817,
2000-02-09,22.899999618530273,0.6669000148773193,
2000-02-10,23.06999969482422,0.6656000137329101,
2000-02-11,24.420000076293945,0.6620999813079834,
2000-02-14,24.3799991607666,0.6539000034332275,
2000-02-15,22.920000076293945,0.6552000045776367,
2000-02-16,23.510000228881836,0.6546999931335449,
2000-02-17,23.170000076293945,0.6568999767303467,
2000-02-18,26.0,0.6482999801635743,
2000-02-22,25.860000610351562,0.6342000007629395,
2000-02-23,23.889999389648438,0.6427000045776368,
2000-02-24,24.3799991607666,0.634600019454956,
2000-02-25,25.200000762939453,0.6341000080108643,
2000-02-28,24.68000030517578,0.6414000034332276,
2000-02-29,23.3700008392334,0.6408999919891357,
2000-03-01,21.639999389648438,0.6379000186920166,
2000-03-02,21.059999465942383,0.6395999908447265,
2000-03-03,19.209999084472656,0.6370999813079834,
2000-03-06,21.5,0.6408999919891357,
2000-03-07,24.309999465942383,0.6382999897003174,
2000-03-08,23.81999969482422,0.6375,
2000-03-09,22.209999084472656,0.6341000080108643,
2000-03-10,21.239999771118164,0.638700008392334,
2000-03-13,22.850000381469727,0.6361999988555909,
2000-03-14,24.40999984741211,0.6297999858856201,
2000-03-15,22.34000015258789,0.6276000022888184,
2000-03-16,20.770000457763672,0.623799991607666,
2000-03-17,22.3700008392334,0.6188000202178955,
2000-03-20,22.959999084472656,0.6171000003814697,
2000-03-21,21.700000762939453,0.613700008392334,
2000-03-22,21.489999771118164,0.6119999885559082,
2000-03-23,22.260000228881836,0.6070000171661377,
2000-03-24,23.309999465942383,0.6173999786376954,
2000-03-27,24.530000686645508,0.6195000171661377,
2000-03-28,24.860000610351562,0.6170000076293946,
2000-03-29,24.100000381469727,0.614900016784668,
2000-03-30,25.469999313354492,0.6065000057220459,
2000-03-31,24.110000610351562,0.602299976348877,
2000-04-03,24.030000686645508,0.5986000061035156,
2000-04-04,27.1200008392334,0.5841000080108643,
2000-04-05,28.40999984741211,0.5881999969482422,
2000-04-06,27.149999618530273,0.5914999961853027,
2000-04-07,24.389999389648438,0.5848999977111816,
2000-04-10,25.989999771118164,0.5791999816894531,
2000-04-11,27.25,0.5876999855041504,
2000-04-12,28.979999542236328,0.5967999935150147,
2000-04-13,29.399999618530273,0.5914000034332275,
2000-04-14,33.4900016784668,0.5885000228881836,
2000-04-17,28.950000762939453,0.5992000102996826,
2000-04-18,26.1200008392334,0.6046000003814698,
2000-04-19,27.020000457763672,0.5974999904632569,
2000-04-20,25.850000381469727,0.5987999916076661,
2000-04-24,27.3700008392334,0.5986999988555908,
2000-04-25,25.239999771118164,0.6117000102996826,
2000-04-26,26.969999313354492,0.6130000114440918,
2000-04-27,26.190000534057617,0.6235000133514405,
2000-04-28,26.200000762939453,0.6214000225067139,
2000-05-01,25.8799991607666,0.6255000114440918,
2000-05-02,28.5,0.6311999797821045,
2000-05-03,31.6299991607666,0.6402999877929687,
2000-05-04,30.770000457763672,0.6446000099182129,
2000-05-05,27.530000686645508,0.6506999969482422,
2000-05-08,28.200000762939453,0.6559999942779541,
2000-05-09,28.93000030517578,0.652400016784668,
2000-05-10,29.8700008392334,0.6436999797821045,
2000-05-11,27.760000228881836,0.6407000064849854,
2000-05-12,26.049999237060547,0.6498000144958496,
2000-05-15,24.860000610351562,0.6459000110626221,
2000-05-16,24.34000015258789,0.6401999950408935,
2000-05-17,23.979999542236328,0.6462999820709229,
2000-05-18,23.959999084472656,0.6546000003814697,
2000-05-19,25.440000534057617,0.6511000156402588,
2000-05-22,26.0,0.6420000076293946,
2000-05-23,25.8700008392334,0.6446000099182129,
2000-05-24,24.31999969482422,0.6459000110626221,
2000-05-25,24.579999923706055,0.6372000217437744,
2000-05-26,24.469999313354492,0.6320000171661377,
2000-05-30,23.6200008392334,0.6367000102996826,
2000-05-31,23.649999618530273,0.6284999847412109,
2000-06-01,22.360000610351562,0.6195000171661377,
2000-06-02,21.479999542236328,0.614799976348877,
2000-06-05,22.709999084472656,0.610099983215332,
2000-06-06,23.049999237060547,0.6126999855041504,
2000-06-07,22.479999542236328,0.6113999843597412,
2000-06-08,22.770000457763672,0.6105000019073487,
2000-06-09,22.139999389648438,0.611299991607666,
2000-06-12,22.31999969482422,0.6074999809265137,
2000-06-13,21.670000076293945,0.610099983215332,
2000-06-14,21.479999542236328,0.6040999889373779,
2000-06-15,20.68000030517578,0.6037000179290771,
2000-06-16,20.5,0.5968999862670898,
2000-06-19,20.6299991607666,0.5989999771118164,
2000-06-20,20.8799991607666,0.6014999866485595,
2000-06-21,20.610000610351562,0.609600019454956,
2000-06-22,22.0,0.611299991607666,107.4000015258789
2000-06-23,22.34000015258789,0.6177000045776367,107.72000122070312
2000-06-26,22.450000762939453,0.6094999790191651,107.7699966430664
2000-06-27,21.799999237060547,0.6078000068664551,106.9800033569336
2000-06-28,20.290000915527344,0.6104000091552735,107.25
2000-06-29,19.700000762939453,0.6031000137329101,106.55999755859375
2000-06-30,19.540000915527344,0.601800012588501,106.58000183105469
2000-07-03,19.829999923706055,0.5980000019073486,106.66000366210938
2000-07-05,21.15999984741211,0.597599983215332,106.80000305175781
2000-07-06,20.940000534057617,0.6031000137329101,107.13999938964844
2000-07-07,19.219999313354492,0.5997000217437745,107.33999633789062
2000-07-10,20.329999923706055,0.6026000022888184,106.6500015258789
2000-07-11,20.110000610351562,0.6047999858856201,106.80000305175781
2000-07-12,20.030000686645508,0.6077000141143799,107.81999969482422
2000-07-13,20.030000686645508,0.5992000102996826,108.2699966430664
2000-07-14,19.31999969482422,0.6093999862670898,108.18000030517578
2000-07-17,19.450000762939453,0.6145999908447266,108.44999694824219
2000-07-18,19.75,0.6140999794006348,109.05999755859375
2000-07-19,19.649999618530273,0.6150000095367432,109.30999755859375
2000-07-20,18.940000534057617,0.6013000011444092,108.33999633789062
2000-07-21,18.940000534057617,0.6,108.22000122070312
2000-07-24,19.920000076293945,0.6025000095367432,108.44000244140625
2000-07-25,19.389999389648438,0.6020999908447265,108.08999633789062
2000-07-26,19.670000076293945,0.6020999908447265,107.88999938964844
2000-07-27,19.600000381469727,0.6,108.6500015258789
2000-07-28,20.84000015258789,0.6025000095367432,109.5199966430664
2000-07-31,20.739999771118164,0.6028999805450439,109.37000274658203
2000-08-01,20.549999237060547,0.5991000175476074,109.87999725341797
2000-08-02,20.0,0.5968999862670898,110.4800033569336
2000-08-03,19.989999771118164,0.5943999767303467,110.80000305175781
2000-08-04,18.6200008392334,0.5901000022888183,110.72000122070312
2000-08-07,19.030000686645508,0.5947999954223633,110.61000061035156
2000-08-08,18.790000915527344,0.5914000034332275,111.16999816894531
2000-08-09,19.18000030517578,0.5908999919891358,111.30000305175781
2000-08-10,19.190000534057617,0.575,110.73999786376953
2000-08-11,18.549999237060547,0.5787000179290771,111.05999755859375
2000-08-14,17.8799991607666,0.5770999908447265,111.01000213623047
2000-08-15,17.979999542236328,0.5800000190734863,110.3499984741211
2000-08-16,18.020000457763672,0.5816999912261963,110.08999633789062
2000-08-17,17.479999542236328,0.5803999900817871,110.01000213623047
2000-08-18,17.049999237060547,0.5765999794006348,110.93000030517578
2000-08-21,17.350000381469727,0.5770999908447265,111.37000274658203
2000-08-22,17.469999313354492,0.576200008392334,111.6500015258789
2000-08-23,17.3799991607666,0.5724999904632568,111.33000183105469
2000-08-24,17.040000915527344,0.5716000080108643,111.13999938964844
2000-08-25,16.530000686645508,0.572100019454956,111.23999786376953
2000-08-28,16.540000915527344,0.5765999794006348,111.4000015258789
2000-08-29,16.889999389648438,0.5808000087738037,112.1500015258789
2000-08-30,17.690000534057617,0.5800000190734863,112.08000183105469
2000-08-31,16.84000015258789,0.5729000091552734,112.56999969482422
2000-09-01,17.530000686645508,0.5675000190734864,111.33000183105469
2000-09-04,,,111.30000305175781
2000-09-05,19.81999969482422,0.5683000087738037,112.4000015258789
2000-09-06,20.790000915527344,0.5711999893188476,114.0999984741211
2000-09-07,19.420000076293945,0.5749000072479248,113.68000030517578
2000-09-08,18.459999084472656,0.5723999977111817,114.37000274658203
2000-09-11,18.399999618530273,0.5757999897003174,115.4000015258789
2000-09-12,18.59000015258789,0.5769999980926513,115.12999725341797
2000-09-13,18.31999969482422,0.5728000164031982,115.33999633789062
2000-09-14,18.260000228881836,0.577400016784668,115.18000030517578
2000-09-15,18.520000457763672,0.5833000183105469,115.97000122070312
2000-09-18,20.25,0.5870999813079834,116.01000213623047
2000-09-19,19.540000915527344,0.5849999904632568,116.12999725341797
2000-09-20,19.93000030517578,0.5892000198364258,116.29000091552734
2000-09-21,20.18000030517578,0.5870999813079834,115.0
2000-09-22,20.739999771118164,0.5828999996185302,113.33999633789062
2000-09-25,21.40999984741211,0.5833000183105469,113.83999633789062
2000-09-26,21.8799991607666,0.5798999786376953,113.01000213623047
2000-09-27,21.670000076293945,0.5820000171661377,112.87000274658203
2000-09-28,19.469999313354492,0.5811999797821045,113.16999816894531
2000-09-29,20.56999969482422,0.5777999877929687,113.0
2000-10-02,21.229999542236328,0.5820000171661377,113.55000305175781
2000-10-03,21.850000381469727,0.5867000102996827,114.0199966430664
2000-10-04,21.540000915527344,0.5892000198364258,113.87999725341797
2000-10-05,21.030000686645508,0.5854000091552735,114.54000091552734
2000-10-06,22.709999084472656,0.5815999984741211,114.5999984741211
2000-10-09,24.020000457763672,0.5815999984741211,114.5199966430664
2000-10-10,24.860000610351562,0.5795000076293946,114.05000305175781
2000-10-11,26.56999969482422,0.5769999980926513,114.2300033569336
2000-10-12,30.510000228881836,0.571500015258789,114.7300033569336
2000-10-13,27.600000381469727,0.571500015258789,115.70999908447266
2000-10-16,26.790000915527344,0.5739999771118164,116.2699966430664
2000-10-17,27.84000015258789,0.5664999961853028,115.70999908447266
2000-10-18,28.719999313354492,0.5657000064849853,117.26000213623047
2000-10-19,25.09000015258789,0.5651999950408936,116.8499984741211
2000-10-20,24.239999771118164,0.5636000156402587,117.05999755859375
2000-10-23,24.690000534057617,0.5581999778747558,117.44000244140625
2000-10-24,24.280000686645508,0.5623000144958497,117.33999633789062
2000-10-25,26.649999618530273,0.5685999870300293,118.44999694824219
2000-10-26,28.6200008392334,0.5672999858856201,118.41999816894531
2000-10-27,26.469999313354492,0.5710999965667725,117.30999755859375
2000-10-30,25.459999084472656,0.5728000164031982,117.19999694824219
2000-10-31,23.6299991607666,0.5756999969482421,116.62000274658203
2000-11-01,24.280000686645508,0.5736000061035156,115.5
2000-11-02,23.920000076293945,0.5739999771118164,115.55000305175781
2000-11-03,23.670000076293945,0.5803999900817871,114.87000274658203
2000-11-06,24.520000457763672,0.5855000019073486,115.62000274658203
2000-11-07,24.90999984741211,0.5859000205993652,115.45999908447266
2000-11-08,25.65999984741211,0.5849999904632568,116.18000030517578
2000-11-09,27.200000762939453,0.5808000087738037,115.19000244140625
2000-11-10,28.530000686645508,0.5795000076293946,115.75
2000-11-13,29.059999465942383,0.5761000156402588,115.55000305175781
2000-11-14,26.809999465942383,0.574399995803833,116.12999725341797
2000-11-15,26.149999618530273,0.5697999954223633,116.27999877929688
2000-11-16,25.049999237060547,0.5669000148773193,116.83000183105469
2000-11-17,24.809999465942383,0.5693999767303467,117.26000213623047
2000-11-20,27.43000030517578,0.5664000034332275,117.2300033569336
2000-11-21,26.6200008392334,0.5659999847412109,117.88999938964844
2000-11-22,27.709999084472656,0.5592999935150147,117.80000305175781
2000-11-23,,,117.9800033569336
2000-11-24,26.0,0.5622000217437744,118.44999694824219
2000-11-27,26.93000030517578,0.5625999927520752,117.0
2000-11-28,27.639999389648438,0.5589000225067139,116.54000091552734
2000-11-29,27.489999771118164,0.5543000221252441,116.55999755859375
2000-11-30,29.649999618530273,0.5439000129699707,115.0999984741211
2000-12-01,27.479999542236328,0.5513000011444091,114.73999786376953
2000-12-04,27.780000686645508,0.5521999835968018,113.6500015258789
2000-12-05,24.989999771118164,0.5429999828338623,114.45999908447266
2000-12-06,25.06999969482422,0.5318999767303467,113.26000213623047
2000-12-07,25.34000015258789,0.5298999786376953,113.51000213623047
2000-12-08,22.40999984741211,0.5343999862670898,113.97000122070312
2000-12-11,23.510000228881836,0.5360000133514404,114.2300033569336
2000-12-12,24.8799991607666,0.5342999935150147,114.2300033569336
2000-12-13,23.6299991607666,0.5277999877929688,114.69000244140625
2000-12-14,24.860000610351562,0.5212999820709229,113.41000366210938
2000-12-15,26.549999237060547,0.5176000118255615,112.9000015258789
2000-12-18,27.700000762939453,0.5156000137329102,113.0999984741211
2000-12-19,27.170000076293945,0.518400001525879,113.2300033569336
2000-12-20,31.739999771118164,0.5074999809265137,112.22000122070312
2000-12-21,29.65999984741211,0.5022999763488769,111.33999633789062
2000-12-22,27.549999237060547,0.5001999855041503,110.61000061035156
2000-12-26,28.729999542236328,0.5021999835968017,110.12999725341797
2000-12-27,28.139999389648438,0.5085999965667725,110.16000366210938
2000-12-28,26.56999969482422,0.5113999843597412,110.29000091552734
2000-12-29,26.850000381469727,0.5110000133514404,109.27999877929688
2001-01-02,29.989999771118164,0.4916999816894531,108.63999938964844
2001-01-03,26.600000381469727,0.5097000122070312,110.11000061035156
2001-01-04,26.969999313354492,0.5013000011444092,108.75
2001-01-05,28.670000076293945,0.4947999954223633,108.4800033569336
2001-01-08,29.84000015258789,0.4896999835968018,108.83999633789062
2001-01-09,27.989999771118164,0.4964000225067139,109.5
2001-01-10,26.799999237060547,0.5084000110626221,109.79000091552734
2001-01-11,25.790000915527344,0.5116000175476074,108.94999694824219
2001-01-12,24.559999465942383,0.5230000019073486,109.31999969482422
2001-01-15,,,109.98999786376953
2001-01-16,25.280000686645508,0.5234000205993652,110.04000091552734
2001-01-17,24.93000030517578,0.5156000137329102,110.7699966430664
2001-01-18,23.3700008392334,0.509499979019165,109.88999938964844
2001-01-19,23.239999771118164,0.5173999786376953,110.6500015258789
2001-01-22,23.25,0.5221000194549561,110.20999908447266
2001-01-23,21.56999969482422,0.527400016784668,110.27999877929688
2001-01-24,22.030000686645508,0.5302999973297119,111.72000122070312
2001-01-25,22.639999389648438,0.5269999980926514,111.5999984741211
2001-01-26,22.56999969482422,0.5252999782562255,111.4800033569336
2001-01-29,22.610000610351562,0.5295000076293945,111.81999969482422
2001-01-30,22.56999969482422,0.5211999893188477,110.97000122070312
2001-01-31,22.020000457763672,0.5178999900817871,110.52999877929688
2001-02-01,21.65999984741211,0.5060999870300293,109.68000030517578
2001-02-02,21.950000762939453,0.5138000011444092,110.30000305175781
2001-02-05,22.190000534057617,0.5145999908447265,109.94999694824219
2001-02-06,21.979999542236328,0.5195000171661377,110.80000305175781
2001-02-07,21.670000076293945,0.5178999900817871,110.91999816894531
2001-02-08,21.459999084472656,0.5098999977111817,112.08999633789062
2001-02-09,22.030000686645508,0.5015999794006347,111.54000091552734
2001-02-12,21.920000076293945,0.5047999858856201,111.16999816894531
2001-02-13,21.3700008392334,0.5067999839782715,111.97000122070312
2001-02-14,21.520000457763672,0.5105000019073487,112.02999877929688
2001-02-15,20.270000457763672,0.5177999973297119,113.26000213623047
2001-02-16,22.1200008392334,0.5092999935150146,112.29000091552734
2001-02-19,,,111.93000030517578
2001-02-20,24.690000534057617,0.5097000122070312,112.8499984741211
2001-02-21,25.75,0.5129000186920166,113.11000061035156
2001-02-22,26.760000228881836,0.515399980545044,113.30999755859375
2001-02-23,27.209999084472656,0.5079999923706054,112.06999969482422
2001-02-26,25.43000030517578,0.5035999774932861,112.80000305175781
2001-02-27,26.489999771118164,0.49559998512268066,112.37999725341797
2001-02-28,28.350000381469727,0.4907999992370605,112.0
2001-03-01,28.079999923706055,0.48559999465942383,111.29000091552734
2001-03-02,27.43000030517578,0.49429998397827146,111.19999694824219
2001-03-05,27.1200008392334,0.49629998207092285,111.5999984741211
2001-03-06,25.889999389648438,0.4971000194549561,111.23999786376953
2001-03-07,24.1200008392334,0.4919000148773193,111.86000061035156
2001-03-08,24.290000915527344,0.48870000839233396,111.52999877929688
2001-03-09,25.6200008392334,0.4931000232696533,111.4800033569336
2001-03-12,30.31999969482422,0.4919000148773193,112.05000305175781
2001-03-13,27.549999237060547,0.4931000232696533,113.0999984741211
2001-03-14,29.610000610351562,0.48509998321533204,113.76000213623047
2001-03-15,28.559999465942383,0.48039999008178713,114.72000122070312
2001-03-16,29.90999984741211,0.4751999855041504,115.23999786376953
2001-03-19,29.780000686645508,0.4815000057220459,115.33000183105469
2001-03-20,30.959999084472656,0.47909998893737793,114.2699966430664
2001-03-21,31.93000030517578,0.47680001258850097,115.66000366210938
2001-03-22,32.84000015258789,0.47080001831054685,116.4800033569336
2001-03-23,30.450000762939453,0.4798999786376953,116.12000274658203
2001-03-26,29.040000915527344,0.48470001220703124,115.33999633789062
2001-03-27,27.040000915527344,0.49829998016357424,115.55999755859375
2001-03-28,28.579999923706055,0.4971000194549561,116.12000274658203
2001-03-29,29.170000076293945,0.49629998207092285,116.79000091552734
2001-03-30,28.639999389648438,0.4914999961853027,117.62999725341797
2001-04-02,31.209999084472656,0.4971000194549561,117.5
2001-04-03,34.720001220703125,0.4934999942779541,115.8499984741211
2001-04-04,34.06999969482422,0.49229998588562013,115.26000213623047
2001-04-05,29.940000534057617,0.49629998207092285,115.55999755859375
2001-04-06,31.690000534057617,0.4874000072479248,114.9000015258789
2001-04-09,31.90999984741211,0.4906000137329102,115.4000015258789
2001-04-10,29.440000534057617,0.5067999839782715,116.06999969482422
2001-04-11,28.459999084472656,0.5109000205993652,116.22000122070312
2001-04-12,26.1200008392334,0.5145999908447265,115.62999725341797
2001-04-16,26.329999923706055,0.5275000095367431,116.26000213623047
2001-04-17,25.610000610351562,0.5188000202178955,116.62000274658203
2001-04-18,24.1299991607666,0.5118000030517578,116.2300033569336
2001-04-19,24.15999984741211,0.5232999801635743,115.16999816894531
2001-04-20,25.3799991607666,0.5263000011444092,114.4800033569336
2001-04-23,28.15999984741211,0.5188000202178955,114.9000015258789
2001-04-24,28.489999771118164,0.5188000202178955,115.33999633789062
2001-04-25,27.399999618530273,0.5254000186920166,115.16000366210938
2001-04-26,25.959999084472656,0.5191999912261963,114.58999633789062
2001-04-27,24.020000457763672,0.5313000202178955,115.80999755859375
2001-04-30,25.479999542236328,0.5337999820709228,115.94999694824219
2001-05-01,24.200000762939453,0.5288000106811523,115.45999908447266
2001-05-02,24.229999542236328,0.5283999919891358,115.31999969482422
2001-05-03,25.780000686645508,0.5201000213623047,115.52999877929688
2001-05-04,23.90999984741211,0.518400001525879,115.08999633789062
2001-05-07,24.860000610351562,0.5204999923706055,115.48999786376953
2001-05-08,24.440000534057617,0.5217000007629394,116.23999786376953
2001-05-09,24.350000381469727,0.5168000221252441,116.22000122070312
2001-05-10,24.0,0.5271999835968018,116.5199966430664
2001-05-11,23.540000915527344,0.5484000205993652,116.9800033569336
2001-05-14,24.260000228881836,0.5415999889373779,117.22000122070312
2001-05-15,23.709999084472656,0.5480000019073487,116.80000305175781
2001-05-16,21.889999389648438,0.5467000007629395,116.23999786376953
2001-05-17,21.469999313354492,0.5467000007629395,116.16000366210938
2001-05-18,21.229999542236328,0.5390999794006348,116.45999908447266
2001-05-21,20.760000228881836,0.5386000156402588,116.58000183105469
2001-05-22,21.350000381469727,0.5399000167846679,117.79000091552734
2001-05-23,22.079999923706055,0.5390999794006348,118.41000366210938
2001-05-24,20.56999969482422,0.5488999843597412,118.44999694824219
2001-05-25,20.600000381469727,0.5485000133514404,118.26000213623047
2001-05-29,22.139999389648438,0.5506999969482422,118.27999877929688
2001-05-30,22.760000228881836,0.5502999782562256,118.30999755859375
2001-05-31,22.639999389648438,0.5413000106811523,119.19000244140625
2001-06-01,21.59000015258789,0.5354000091552734,118.98999786376953
2001-06-04,21.3799991607666,0.5323999881744385,119.20999908447266
2001-06-05,19.579999923706055,0.5261000156402588,118.77999877929688
2001-06-06,20.389999389648438,0.5264999866485596,119.41999816894531
2001-06-07,19.670000076293945,0.5295000076293945,119.19000244140625
2001-06-08,19.920000076293945,0.5333000183105469,119.2699966430664
2001-06-11,20.700000762939453,0.5287000179290772,120.12000274658203
2001-06-12,20.700000762939453,0.5239999771118165,119.69000244140625
2001-06-13,21.450000762939453,0.5256999969482422,119.0999984741211
2001-06-14,23.1200008392334,0.5215000152587891,117.9800033569336
2001-06-15,22.809999465942383,0.5228000164031983,118.27999877929688
2001-06-18,23.170000076293945,0.5241000175476074,118.55000305175781
2001-06-19,22.34000015258789,0.5228000164031983,119.37999725341797
2001-06-20,21.709999084472656,0.5198999881744385,119.44000244140625
2001-06-21,19.3799991607666,0.5177999973297119,119.18000030517578
2001-06-22,20.020000457763672,0.5124000072479248,119.2300033569336
2001-06-25,20.670000076293945,0.5131999969482421,118.55000305175781
2001-06-26,21.200000762939453,0.5223999977111816,118.31999969482422
2001-06-27,20.8799991607666,0.5232999801635743,118.68000030517578
2001-06-28,20.010000228881836,0.5326000213623047,120.29000091552734
2001-06-29,19.059999465942383,0.5389999866485595,119.75
2001-07-02,18.760000228881836,0.5330999851226806,119.95999908447266
2001-07-03,18.920000076293945,0.5377999782562256,119.83000183105469
2001-07-04,,,120.16000366210938
2001-07-05,20.09000015258789,0.5412000179290771,121.20999908447266
2001-07-06,21.6299991607666,0.5374000072479248,120.1500015258789
2001-07-09,22.479999542236328,0.534000015258789,120.11000061035156
2001-07-10,23.25,0.5271999835968018,119.41999816894531
2001-07-11,24.010000228881836,0.528499984741211,118.94000244140625
2001-07-12,22.09000015258789,0.5230000019073486,119.33999633789062
2001-07-13,21.139999389648438,0.5234000205993652,119.62000274658203
2001-07-16,22.90999984741211,0.5175000190734863,119.5199966430664
2001-07-17,22.610000610351562,0.5178999900817871,119.16999816894531
2001-07-18,23.600000381469727,0.5086999893188476,117.5999984741211
2001-07-19,22.510000228881836,0.5104000091552734,117.52999877929688
2001-07-20,22.34000015258789,0.5111999988555909,117.41999816894531
2001-07-23,23.739999771118164,0.5107999801635742,118.02999877929688
2001-07-24,25.239999771118164,0.5086999893188476,117.30999755859375
2001-07-25,24.0,0.5107999801635742,116.80999755859375
2001-07-26,23.010000228881836,0.5150000095367432,116.93000030517578
2001-07-27,22.0,0.509600019454956,117.13999938964844
2001-07-30,22.690000534057617,0.509600019454956,117.41000366210938
2001-07-31,21.6200008392334,0.5037000179290771,117.38999938964844
2001-08-01,20.559999465942383,0.5065999984741211,116.69999694824219
2001-08-02,20.09000015258789,0.5125,116.41000366210938
2001-08-03,19.889999389648438,0.5158999919891357,116.30999755859375
2001-08-06,21.889999389648438,0.5176000118255615,116.56999969482422
2001-08-07,21.010000228881836,0.5171999931335449,117.0199966430664
2001-08-08,22.31999969482422,0.5053999900817872,116.6500015258789
2001-08-09,21.75,0.5027999877929688,115.41000366210938
2001-08-10,20.549999237060547,0.5015999794006347,115.41999816894531
2001-08-13,20.420000076293945,0.4960000038146973,115.16000366210938
2001-08-14,20.479999542236328,0.49679999351501464,114.4800033569336
2001-08-15,20.90999984741211,0.49920001029968264,113.26000213623047
2001-08-16,21.540000915527344,0.4935999870300293,113.19999694824219
2001-08-17,23.84000015258789,0.4841000080108643,113.12999725341797
2001-08-20,22.8700008392334,0.48959999084472655,113.5
2001-08-21,24.399999618530273,0.4875999927520752,113.37000274658203
2001-08-22,22.440000534057617,0.48959999084472655,113.41000366210938
2001-08-23,22.229999542236328,0.4875999927520752,113.19000244140625
2001-08-24,19.709999084472656,0.49120001792907714,113.44999694824219
2001-08-27,20.559999465942383,0.4932000160217285,113.45999908447266
2001-08-28,22.0,0.48480000495910647,113.5
2001-08-29,23.030000686645508,0.47769999504089355,113.55999755859375
2001-08-30,25.40999984741211,0.47810001373291017,112.87000274658203
2001-08-31,24.920000076293945,0.4815999984741211,113.54000091552734
2001-09-03,,,113.66999816894531
2001-09-04,25.850000381469727,0.49790000915527344,115.77999877929688
2001-09-05,26.350000381469727,0.49670000076293946,115.68000030517578
2001-09-06,28.610000610351562,0.48559999465942383,115.04000091552734
2001-09-07,30.989999771118164,0.4796000003814697,114.08999633789062
2001-09-10,31.84000015258789,0.48350000381469727,114.63999938964844
2001-09-11,,,114.94999694824219
2001-09-17,41.7599983215332,0.46110000610351565,111.86000061035156
2001-09-18,38.869998931884766,0.47049999237060547,112.3499984741211
2001-09-19,40.560001373291016,0.46810002326965333,112.08000183105469
2001-09-20,43.7400016784668,0.47280001640319824,112.37000274658203
2001-09-21,42.65999984741211,0.4689000129699707,113.62999725341797
2001-09-24,37.75,0.4699999809265137,113.41999816894531
2001-09-25,35.810001373291016,0.4699999809265137,112.69999694824219
2001-09-26,35.2599983215332,0.463700008392334,112.68000030517578
2001-09-27,34.0,0.4559000015258789,113.5
2001-09-28,31.93000030517578,0.45749998092651367,113.95999908447266
2001-10-01,32.31999969482422,0.4543000221252441,113.37000274658203
2001-10-02,31.18000030517578,0.451200008392334,113.37999725341797
2001-10-03,31.34000015258789,0.4458000183105469,113.66999816894531
2001-10-04,31.969999313354492,0.45079998970031737,113.55000305175781
2001-10-05,33.38999938964844,0.4504000186920166,113.30000305175781
2001-10-08,35.119998931884766,0.4504000186920166,112.95999908447266
2001-10-09,34.83000183105469,0.4573999881744385,113.77999877929688
2001-10-10,31.600000381469727,0.45890002250671386,114.0999984741211
2001-10-11,31.5,0.4664000034332275,114.8499984741211
2001-10-12,35.27000045776367,0.46589999198913573,114.27999877929688
2001-10-15,35.310001373291016,0.4607999801635742,114.16000366210938
2001-10-16,32.880001068115234,0.45689997673034666,114.22000122070312
2001-10-17,35.08000183105469,0.4560999870300293,114.77999877929688
2001-10-18,34.95000076293945,0.4560999870300293,114.73999786376953
2001-10-19,34.11000061035156,0.45999999046325685,115.18000030517578
2001-10-22,32.25,0.46040000915527346,116.0999984741211
2001-10-23,32.0,0.4635000228881836,116.2300033569336
2001-10-24,30.950000762939453,0.45840001106262207,115.95999908447266
2001-10-25,29.459999084472656,0.45370001792907716,115.88999938964844
2001-10-26,28.420000076293945,0.4520999908447266,115.9000015258789
2001-10-29,31.639999389648438,0.4467000007629395,114.70999908447266
2001-10-30,33.459999084472656,0.44120001792907715,114.66999816894531
2001-10-31,33.560001373291016,0.4263000011444092,115.1500015258789
2001-11-01,32.310001373291016,0.42170000076293945,114.6500015258789
2001-11-02,30.709999084472656,0.4346000194549561,114.7300033569336
2001-11-05,30.5,0.4296000003814697,115.25
2001-11-06,28.799999237060547,0.42690000534057615,115.02999877929688
2001-11-07,29.1299991607666,0.4201000213623047,115.25
2001-11-08,28.6200008392334,0.4302999973297119,115.37999725341797
2001-11-09,27.440000534057617,0.4307000160217285,115.31999969482422
2001-11-12,29.350000381469727,0.4314000129699707,115.55000305175781
2001-11-13,26.469999313354492,0.4368000030517578,116.62000274658203
2001-11-14,26.559999465942383,0.45149998664855956,116.4000015258789
2001-11-15,25.559999465942383,0.47280001640319824,116.73999786376953
2001-11-16,25.06999969482422,0.4885000228881836,116.52999877929688
2001-11-19,24.459999084472656,0.475600004196167,117.13999938964844
2001-11-20,24.1200008392334,0.48689999580383303,116.80999755859375
2001-11-21,24.190000534057617,0.49660000801086424,117.33999633789062
2001-11-22,,,117.43000030517578
2001-11-23,23.25,0.4991000175476074,117.47000122070312
2001-11-26,23.790000915527344,0.5002999782562256,117.16999816894531
2001-11-27,24.0,0.49499998092651365,116.9800033569336
2001-11-28,25.899999618530273,0.4946000099182129,116.2300033569336
2001-11-29,25.18000030517578,0.475600004196167,116.25
2001-11-30,23.84000015258789,0.474399995803833,115.55000305175781
2001-12-03,25.770000457763672,0.47030000686645507,116.06999969482422
2001-12-04,24.079999923706055,0.46479997634887693,116.12000274658203
2001-12-05,23.020000457763672,0.49010000228881834,116.5199966430664
2001-12-06,23.709999084472656,0.5002999782562256,115.66999816894531
2001-12-07,23.489999771118164,0.514799976348877,116.1500015258789
2001-12-10,25.6200008392334,0.5136000156402588,116.27999877929688
2001-12-11,25.299999237060547,0.5077000141143799,116.08000183105469
2001-12-12,24.8700008392334,0.49739999771118165,115.33999633789062
2001-12-13,25.90999984741211,0.509000015258789,115.80000305175781
2001-12-14,24.6299991607666,0.5160999774932862,114.9000015258789
2001-12-17,24.260000228881836,0.527400016784668,114.83999633789062
2001-12-18,23.290000915527344,0.5131999969482421,115.66999816894531
2001-12-19,22.579999923706055,0.5035999774932861,116.06999969482422
2001-12-20,23.670000076293945,0.5048999786376953,116.12000274658203
2001-12-21,22.5,0.5078000068664551,117.41000366210938
2001-12-24,22.6200008392334,0.5131999969482421,118.54000091552734
2001-12-26,22.290000915527344,0.5177999973297119,118.43000030517578
2001-12-27,21.59000015258789,0.509499979019165,118.08000183105469
2001-12-28,21.399999618530273,0.510699987411499,117.81999969482422
2001-12-31,23.799999237060547,0.5032000064849853,117.20999908447266
2002-01-02,22.709999084472656,0.5157000064849854,116.2699966430664
2002-01-03,21.34000015258789,0.5119999885559082,116.54000091552734
2002-01-04,20.450000762939453,0.5140999794006348,116.75
2002-01-07,21.940000534057617,0.5057000160217285,116.97000122070312
2002-01-08,21.829999923706055,0.5057000160217285,117.2300033569336
2002-01-09,22.1299991607666,0.5061999797821045,117.38999938964844
2002-01-10,22.360000610351562,0.4961999893188477,117.33000183105469
2002-01-11,22.600000381469727,0.4859000205993652,117.0199966430664
2002-01-14,23.579999923706055,0.4868000030517578,116.86000061035156
2002-01-15,22.700000762939453,0.48309998512268065,117.69999694824219
2002-01-16,23.450000762939453,0.4839000225067139,117.94999694824219
2002-01-17,22.25,0.4933000087738037,118.19000244140625
2002-01-18,22.520000457763672,0.4888000011444092,117.86000061035156
2002-01-21,,,118.0
2002-01-22,23.610000610351562,0.49000000953674316,118.05000305175781
2002-01-23,21.8799991607666,0.5,118.83999633789062
2002-01-24,21.149999618530273,0.5028999805450439,118.95999908447266
2002-01-25,21.010000228881836,0.5071000099182129,120.18000030517578
2002-01-28,21.139999389648438,0.5078999996185303,120.33000183105469
2002-01-29,24.350000381469727,0.4974999904632568,119.88999938964844
2002-01-30,23.219999313354492,0.4971000194549561,120.05000305175781
2002-01-31,21.09000015258789,0.5025000095367431,120.58999633789062
2002-02-01,21.1200008392334,0.49790000915527344,119.9800033569336
2002-02-04,24.8700008392334,0.48959999084472655,119.08999633789062
2002-02-05,25.450000762939453,0.49250001907348634,119.5999984741211
2002-02-06,26.09000015258789,0.4928999900817871,119.55000305175781
2002-02-07,25.110000610351562,0.4931000232696533,119.2699966430664
2002-02-08,23.260000228881836,0.4879000186920166,119.19999694824219
2002-02-11,21.780000686645508,0.489900016784668,118.66000366210938
2002-02-12,21.6200008392334,0.49670000076293946,118.41999816894531
2002-02-13,20.850000381469727,0.5002999782562256,118.95999908447266
2002-02-14,21.770000457763672,0.49590001106262205,118.56999969482422
2002-02-15,22.3700008392334,0.486299991607666,118.7699966430664
2002-02-18,,,118.87999725341797
2002-02-19,24.43000030517578,0.4882999897003174,118.4800033569336
2002-02-20,22.65999984741211,0.4879000186920166,119.06999969482422
2002-02-21,23.799999237060547,0.4870999813079834,119.26000213623047
2002-02-22,22.860000610351562,0.4827000141143799,118.62999725341797
2002-02-25,21.84000015258789,0.48509998321533204,119.20999908447266
2002-02-26,21.68000030517578,0.4914999961853027,119.91000366210938
2002-02-27,21.489999771118164,0.48470001220703124,119.6500015258789
2002-02-28,21.59000015258789,0.4859000205993652,119.27999877929688
2002-03-01,19.959999084472656,0.4971000194549561,119.48999786376953
2002-03-04,20.5,0.4999000072479248,118.91000366210938
2002-03-05,20.299999237060547,0.5007999897003174,118.62000274658203
2002-03-06,19.940000534057617,0.5032000064849853,118.0
2002-03-07,20.040000915527344,0.5211999893188477,116.80000305175781
2002-03-08,19.270000457763672,0.5315999984741211,118.0
2002-03-11,19.84000015258789,0.5320000171661377,117.79000091552734
2002-03-12,19.59000015258789,0.5303999900817871,117.83000183105469
2002-03-13,19.459999084472656,0.5262000083923339,118.01000213623047
2002-03-14,19.200000762939453,0.5395999908447265,117.33999633789062
2002-03-15,18.420000076293945,0.5362999916076661,117.22000122070312
2002-03-18,18.93000030517578,0.5303999900817871,117.69000244140625
2002-03-19,18.15999984741211,0.5324999809265136,117.94000244140625
2002-03-20,18.459999084472656,0.5396999835968017,117.63999938964844
2002-03-21,18.149999618530273,0.5383999824523926,117.91999816894531
2002-03-22,17.770000457763672,0.5388999938964844,118.51000213623047
2002-03-25,18.479999542236328,0.5406000137329101,118.52999877929688
2002-03-26,18.1299991607666,0.533400011062622,118.61000061035156
2002-03-27,17.700000762939453,0.5329999923706055,118.91000366210938
2002-03-28,17.399999618530273,0.5406000137329101,119.05999755859375
2002-04-01,18.729999542236328,0.542799997329712,118.19000244140625
2002-04-02,19.15999984741211,0.5348000049591064,118.23999786376953
2002-04-03,20.200000762939453,0.528499984741211,118.0
2002-04-04,19.780000686645508,0.5271999835968018,118.29000091552734
2002-04-05,19.1299991607666,0.5210000038146972,118.05999755859375
2002-04-08,19.610000610351562,0.5235000133514405,118.54000091552734
2002-04-09,19.469999313354492,0.5210000038146972,117.94000244140625
2002-04-10,18.190000534057617,0.5223000049591064,117.83000183105469
2002-04-11,20.299999237060547,0.5202000141143799,117.6500015258789
2002-04-12,19.420000076293945,0.5156000137329102,118.0199966430664
2002-04-15,19.81999969482422,0.5126999855041504,117.9800033569336
2002-04-16,18.110000610351562,0.5177000045776368,117.7300033569336
2002-04-17,18.43000030517578,0.5218999862670899,116.86000061035156
2002-04-18,19.290000915527344,0.5215000152587891,116.6500015258789
2002-04-19,18.299999237060547,0.5190000057220459,116.58999633789062
2002-04-22,19.770000457763672,0.5169000148773193,116.69999694824219
2002-04-23,20.280000686645508,0.5164999961853027,116.83000183105469
2002-04-24,20.770000457763672,0.509499979019165,116.36000061035156
2002-04-25,20.950000762939453,0.5091000080108643,115.75
2002-04-26,22.139999389648438,0.5058000087738037,115.2300033569336
2002-04-29,24.049999237060547,0.5098999977111817,115.12999725341797
2002-04-30,21.90999984741211,0.5091000080108643,115.4000015258789
2002-05-01,20.059999465942383,0.5058000087738037,114.79000091552734
2002-05-02,20.06999969482422,0.5098999977111817,115.0999984741211
2002-05-03,20.190000534057617,0.5061999797821045,113.87000274658203
2002-05-06,22.559999465942383,0.5078999996185303,113.87000274658203
2002-05-07,21.940000534057617,0.5072999954223633,114.18000030517578
2002-05-08,20.389999389648438,0.5210000038146972,115.13999938964844
2002-05-09,21.559999465942383,0.5186999797821045,114.7300033569336
2002-05-10,22.40999984741211,0.5126999855041504,114.18000030517578
2002-05-13,20.719999313354492,0.5219999790191651,114.30000305175781
2002-05-14,19.350000381469727,0.5294000148773194,115.25
2002-05-15,19.190000534057617,0.5251999855041504,114.30000305175781
2002-05-16,18.5,0.5186999797821045,114.33999633789062
2002-05-17,17.700000762939453,0.5241000175476074,113.18000030517578
2002-05-20,19.239999771118164,0.5189000129699707,112.93000030517578
2002-05-21,20.049999237060547,0.514799976348877,112.94000244140625
2002-05-22,19.579999923706055,0.5099999904632568,112.45999908447266
2002-05-23,18.229999542236328,0.514799976348877,112.94999694824219
2002-05-24,18.899999618530273,0.5138000011444092,112.88999938964844
2002-05-27,,,113.0999984741211
2002-05-28,20.309999465942383,0.5133999824523926,112.22000122070312
2002-05-29,20.389999389648438,0.5077000141143799,111.56999969482422
2002-05-30,20.610000610351562,0.5032000064849853,111.27999877929688
2002-05-31,19.979999542236328,0.5043000221252442,111.91000366210938
2002-06-03,23.3700008392334,0.5039999961853028,111.37999725341797
2002-06-04,23.889999389648438,0.501200008392334,111.16000366210938
2002-06-05,22.610000610351562,0.504099988937378,111.41000366210938
2002-06-06,24.15999984741211,0.5010000228881836,110.87000274658203
2002-06-07,23.510000228881836,0.5061999797821045,111.08000183105469
2002-06-10,23.719999313354492,0.5043000221252442,111.12000274658203
2002-06-11,24.450000762939453,0.4991000175476074,110.80999755859375
2002-06-12,24.149999618530273,0.49499998092651365,111.0999984741211
2002-06-13,25.020000457763672,0.49070000648498535,111.1500015258789
2002-06-14,25.959999084472656,0.48060002326965334,110.80000305175781
2002-06-17,24.639999389648438,0.48559999465942383,111.0
2002-06-18,24.239999771118164,0.48480000495910647,110.66000366210938
2002-06-19,26.059999465942383,0.47259998321533203,110.19000244140625
2002-06-20,27.479999542236328,0.4826000213623047,109.4800033569336
2002-06-21,27.229999542236328,0.4755000114440918,108.69999694824219
2002-06-24,26.979999542236328,0.48439998626708985,108.70999908447266
2002-06-25,27.84000015258789,0.4841000080108643,108.0999984741211
2002-06-26,28.420000076293945,0.47069997787475587,107.1500015258789
2002-06-27,26.290000915527344,0.4809999942779541,106.9000015258789
2002-06-28,25.399999618530273,0.48239998817443847,106.55000305175781
2002-07-01,27.110000610351562,0.4815000057220459,106.98999786376953
2002-07-02,28.959999084472656,0.4739999771118164,107.23999786376953
2002-07-03,29.420000076293945,0.474399995803833,107.55000305175781
2002-07-04,,,107.83999633789062
2002-07-05,27.110000610351562,0.4863999843597412,108.12000274658203
2002-07-08,28.25,0.4811999797821045,106.75
2002-07-09,30.219999313354492,0.47410001754760744,106.05000305175781
2002-07-10,34.099998474121094,0.4645999908447266,106.56999969482422
2002-07-11,33.849998474121094,0.4617000102996826,106.19000244140625
2002-07-12,32.939998626708984,0.45949997901916506,106.22000122070312
2002-07-15,35.029998779296875,0.4620999813079834,105.05000305175781
2002-07-16,36.650001525878906,0.4709000110626221,104.8499984741211
2002-07-17,35.45000076293945,0.46649999618530275,104.77999877929688
2002-07-18,35.119998931884766,0.4610000133514404,104.8499984741211
2002-07-19,38.16999816894531,0.4565000057220459,104.41999816894531
2002-07-22,41.869998931884766,0.4467000007629395,105.12999725341797
2002-07-23,44.91999816894531,0.4426000118255615,107.08000183105469
2002-07-24,39.86000061035156,0.44029998779296875,105.87000274658203
2002-07-25,39.27000045776367,0.4388000011444092,105.4800033569336
2002-07-26,35.5099983215332,0.43670001029968264,106.88999938964844
2002-07-29,31.329999923706055,0.45329999923706055,107.38999938964844
2002-07-30,31.920000076293945,0.4580999851226807,107.1500015258789
2002-07-31,32.029998779296875,0.4465000152587891,107.69999694824219
2002-08-01,36.95000076293945,0.44010000228881835,107.25
2002-08-02,41.290000915527344,0.4261000156402588,106.95999908447266
2002-08-05,45.08000183105469,0.423799991607666,107.58000183105469
2002-08-06,42.029998779296875,0.436899995803833,108.9800033569336
2002-08-07,38.72999954223633,0.4291999816894531,108.12999725341797
2002-08-08,36.33000183105469,0.4414999961853027,108.88999938964844
2002-08-09,35.33000183105469,0.4267000198364258,108.41999816894531
2002-08-12,37.04999923706055,0.42170000076293945,107.61000061035156
2002-08-13,35.81999969482422,0.41160001754760744,107.23999786376953
2002-08-14,32.36000061035156,0.4063000202178955,107.04000091552734
2002-08-15,29.43000030517578,0.41630001068115235,106.8499984741211
2002-08-16,28.809999465942383,0.4316999912261963,106.88999938964844
2002-08-19,28.610000610351562,0.42979998588562013,107.72000122070312
2002-08-20,29.59000015258789,0.41589999198913574,107.51000213623047
2002-08-21,28.229999542236328,0.4190000057220459,107.27999877929688
2002-08-22,27.75,0.4289999961853027,108.30000305175781
2002-08-23,29.31999969482422,0.42280001640319825,108.12999725341797
2002-08-26,29.889999389648438,0.42059998512268065,107.94999694824219
2002-08-27,30.110000610351562,0.42820000648498535,106.83999633789062
2002-08-28,33.31999969482422,0.4217999935150146,107.22000122070312
2002-08-29,33.66999816894531,0.41609997749328614,106.7300033569336
2002-08-30,32.63999938964844,0.413700008392334,107.08999633789062
2002-09-02,,,106.87000274658203
2002-09-03,39.970001220703125,0.39800000190734863,105.62000274658203
2002-09-04,37.439998626708984,0.39530000686645506,106.1500015258789
2002-09-05,38.86000061035156,0.3910000085830688,106.0199966430664
2002-09-06,36.33000183105469,0.40359997749328613,106.94000244140625
2002-09-09,36.45000076293945,0.40469999313354493,107.18000030517578
2002-09-10,35.08000183105469,0.398799991607666,107.55999755859375
2002-09-11,34.810001373291016,0.40580000877380373,107.68000030517578
2002-09-12,37.5,0.39670000076293943,107.16000366210938
2002-09-13,35.81999969482422,0.3900000095367432,108.05999755859375
2002-09-16,36.7400016784668,0.3874000072479248,108.2300033569336
2002-09-17,38.0099983215332,0.38629999160766604,108.80999755859375
2002-09-18,37.52000045776367,0.38489999771118166,108.25
2002-09-19,40.650001525878906,0.37799999713897703,107.4800033569336
2002-09-20,38.97999954223633,0.37760000228881835,108.0999984741211
2002-09-23,39.68000030517578,0.3680999994277954,108.41000366210938
2002-09-24,40.52000045776367,0.36459999084472655,108.0
2002-09-25,37.33000183105469,0.37590000629425047,108.2699966430664
2002-09-26,34.599998474121094,0.37660000324249265,108.1500015258789
2002-09-27,36.970001220703125,0.3688999891281128,107.94999694824219
2002-09-30,39.689998626708984,0.36070001125335693,107.26000213623047
2002-10-01,34.119998931884766,0.3698999881744385,107.4800033569336
2002-10-02,36.83000183105469,0.3700000047683716,107.54000091552734
2002-10-03,37.310001373291016,0.36840000152587893,107.36000061035156
2002-10-04,39.459999084472656,0.3684999942779541,108.0199966430664
2002-10-07,42.63999938964844,0.3630000114440918,107.9000015258789
2002-10-08,41.02000045776367,0.36359999179840086,108.48999786376953
2002-10-09,42.130001068115234,0.3579999923706055,107.26000213623047
2002-10-10,37.54999923706055,0.3654999971389771,107.5999984741211
2002-10-11,35.70000076293945,0.3812999963760376,107.5999984741211
2002-10-14,36.040000915527344,0.3811000108718872,107.5
2002-10-15,34.02000045776367,0.3996000051498413,108.12000274658203
2002-10-16,36.0,0.40339999198913573,107.98999786376953
2002-10-17,34.099998474121094,0.4136000156402588,108.72000122070312
2002-10-18,33.529998779296875,0.41339998245239257,108.87000274658203
2002-10-21,33.11000061035156,0.42210001945495607,108.54000091552734
2002-10-22,34.09000015258789,0.4251999855041504,108.19000244140625
2002-10-23,33.20000076293945,0.4236000061035156,108.25
2002-10-24,34.029998779296875,0.4142000198364258,108.11000061035156
2002-10-25,30.0,0.409499979019165,108.16999816894531
2002-10-28,31.06999969482422,0.4084000110626221,107.33999633789062
2002-10-29,32.27000045776367,0.3934000015258789,107.29000091552734
2002-10-30,31.229999542236328,0.39660000801086426,107.31999969482422
2002-10-31,31.139999389648438,0.39110000133514405,106.81999969482422
2002-11-01,29.299999237060547,0.3976999998092651,106.25
2002-11-04,30.81999969482422,0.40450000762939453,106.27999877929688
2002-11-05,31.229999542236328,0.40809998512268064,106.02999877929688
2002-11-06,30.729999542236328,0.40349998474121096,105.77999877929688
2002-11-07,31.420000076293945,0.3881999969482422,105.12999725341797
2002-11-08,29.40999984741211,0.3851999998092651,104.68000030517578
2002-11-11,31.299999237060547,0.3851999998092651,104.75
2002-11-12,30.579999923706055,0.38510000705718994,104.81999969482422
2002-11-13,31.239999771118164,0.38380000591278074,105.2699966430664
2002-11-14,28.670000076293945,0.4020999908447266,105.41999816894531
2002-11-15,26.649999618530273,0.40510001182556155,105.19000244140625
2002-11-18,27.65999984741211,0.4019000053405762,105.37999725341797
2002-11-19,27.40999984741211,0.39800000190734863,105.80000305175781
2002-11-20,25.31999969482422,0.4074999809265137,106.05000305175781
2002-11-21,23.809999465942383,0.41430001258850097,105.93000030517578
2002-11-22,23.15999984741211,0.41750001907348633,106.27999877929688
2002-11-25,24.06999969482422,0.4184000015258789,106.69000244140625
2002-11-26,25.969999313354492,0.4078999996185303,106.6500015258789
2002-11-27,27.25,0.4260000228881836,106.88999938964844
2002-11-28,,,106.62999725341797
2002-11-29,27.5,0.42129998207092284,106.5
2002-12-02,27.459999084472656,0.42189998626708985,106.44999694824219
2002-12-03,28.329999923706055,0.42329998016357423,106.44000244140625
2002-12-04,28.920000076293945,0.41719999313354494,106.23999786376953
2002-12-05,30.100000381469727,0.41139998435974123,106.19000244140625
2002-12-06,28.8799991607666,0.40929999351501467,105.37999725341797
2002-12-09,30.780000686645508,0.4050000190734863,105.2699966430664
2002-12-10,28.760000228881836,0.40489997863769533,105.4000015258789
2002-12-11,27.760000228881836,0.399399995803833,105.37000274658203
2002-12-12,27.290000915527344,0.400600004196167,104.52999877929688
2002-12-13,28.18000030517578,0.4061999797821045,103.9800033569336
2002-12-16,26.239999771118164,0.4130000114440918,104.13999938964844
2002-12-17,26.65999984741211,0.41139998435974123,104.0
2002-12-18,28.290000915527344,0.4053999900817871,104.0999984741211
2002-12-19,30.209999084472656,0.3948999881744385,103.9800033569336
2002-12-20,26.709999084472656,0.39530000686645506,104.0
2002-12-23,26.200000762939453,0.39670000076293943,104.08000183105469
2002-12-24,26.489999771118164,0.39360001087188723,103.68000030517578
2002-12-26,27.3700008392334,0.39140000343322756,103.19999694824219
2002-12-27,29.549999237060547,0.3812999963760376,102.77999877929688
2002-12-30,29.6200008392334,0.37839999198913576,102.45999908447266
2002-12-31,28.6200008392334,0.3818000078201294,102.26000213623047
2003-01-02,25.389999389648438,0.40320000648498533,103.47000122070312
2003-01-03,24.68000030517578,0.40380001068115234,102.86000061035156
2003-01-06,24.90999984741211,0.4065999984741211,102.38999938964844
2003-01-07,25.1299991607666,0.40250000953674314,102.94000244140625
2003-01-08,25.530000686645508,0.3980999946594238,102.23999786376953
2003-01-09,24.25,0.41479997634887694,102.29000091552734
2003-01-10,24.31999969482422,0.41519999504089355,101.55999755859375
2003-01-13,24.899999618530273,0.4127999782562256,101.83000183105469
2003-01-14,24.56999969482422,0.40850000381469725,101.52999877929688
2003-01-15,25.510000228881836,0.4072000026702881,101.69000244140625
2003-01-16,25.010000228881836,0.4067999839782715,101.12000274658203
2003-01-17,25.700000762939453,0.40149998664855957,100.88999938964844
2003-01-20,,,100.94999694824219
2003-01-21,27.59000015258789,0.3989000082015991,100.47000122070312
2003-01-22,29.010000228881836,0.392300009727478,100.52999877929688
2003-01-23,27.530000686645508,0.3947000026702881,100.16999816894531
2003-01-24,31.510000228881836,0.39030001163482664,99.44999694824219
2003-01-27,34.689998626708984,0.3957000017166138,99.54000091552734
2003-01-28,31.93000030517578,0.39779999256134035,99.73999786376953
2003-01-29,31.260000228881836,0.40329999923706056,99.52999877929688
2003-01-30,31.31999969482422,0.3990000009536743,99.75
2003-01-31,31.170000076293945,0.39749999046325685,100.13999938964844
2003-02-03,31.020000457763672,0.3992000102996826,100.12000274658203
2003-02-04,32.7599983215332,0.3930999994277954,99.29000091552734
2003-02-05,33.040000915527344,0.4000999927520752,99.9000015258789
2003-02-06,33.349998474121094,0.39449999332427976,99.69000244140625
2003-02-07,34.0099983215332,0.3924000024795532,99.7699966430664
2003-02-10,33.9900016784668,0.3976999998092651,100.4800033569336
2003-02-11,33.68000030517578,0.3957000017166138,100.62000274658203
2003-02-12,34.33000183105469,0.3911999940872192,100.7300033569336
2003-02-13,33.70000076293945,0.38710000514984133,99.72000122070312
2003-02-14,32.619998931884766,0.39519999027252195,100.25
2003-02-17,,,100.62000274658203
2003-02-18,31.110000610351562,0.39479999542236327,100.69999694824219
2003-02-19,31.309999465942383,0.38810000419616697,100.18000030517578
2003-02-20,31.15999984741211,0.38459999561309816,99.6500015258789
2003-02-21,30.25,0.38929998874664307,100.25
2003-02-24,31.979999542236328,0.38440001010894775,99.73999786376953
2003-02-25,31.739999771118164,0.3808000087738037,99.91000366210938
2003-02-26,31.940000534057617,0.37730000019073484,99.69000244140625
2003-02-27,30.530000686645508,0.3752000093460083,99.87000274658203
2003-02-28,29.6299991607666,0.3696000099182129,99.80999755859375
2003-03-03,30.43000030517578,0.3676000118255615,99.18000030517578
2003-03-04,31.829999923706055,0.3644999980926514,99.16000366210938
2003-03-05,30.3799991607666,0.3619999885559082,98.29000091552734
2003-03-06,31.3700008392334,0.36519999504089357,98.37000274658203
2003-03-07,31.079999923706055,0.3619999885559082,98.0999984741211
2003-03-10,33.310001373291016,0.35739998817443847,97.91999816894531
2003-03-11,33.61000061035156,0.35859999656677244,98.08000183105469
2003-03-12,33.5099983215332,0.35889999866485595,98.19000244140625
2003-03-13,31.760000228881836,0.37320001125335694,99.61000061035156
2003-03-14,30.979999542236328,0.37070000171661377,100.05000305175781
2003-03-17,31.75,0.38159999847412107,99.69000244140625
2003-03-18,30.43000030517578,0.38980000019073485,101.4000015258789
2003-03-19,31.540000915527344,0.39649999141693115,102.11000061035156
2003-03-20,30.440000534057617,0.400600004196167,101.62999725341797
2003-03-21,28.670000076293945,0.409499979019165,102.44999694824219
2003-03-24,30.389999389648438,0.39730000495910645,101.43000030517578
2003-03-25,28.75,0.39609999656677247,101.37000274658203
2003-03-26,28.229999542236328,0.3944000005722046,101.06999969482422
2003-03-27,27.959999084472656,0.39260001182556153,101.12000274658203
2003-03-28,27.75,0.3895999908447266,100.3499984741211
2003-03-31,29.149999618530273,0.38229999542236326,99.48999786376953
2003-04-01,28.360000610351562,0.382699990272522,99.58000183105469
2003-04-02,28.020000457763672,0.3931999921798706,100.55000305175781
2003-04-03,28.209999084472656,0.3915999889373779,100.77999877929688
2003-04-04,29.1299991607666,0.3944000005722046,100.87999725341797
2003-04-07,28.450000762939453,0.4013999938964844,101.4800033569336
2003-04-08,27.1299991607666,0.39360001087188723,100.9000015258789
2003-04-09,27.110000610351562,0.39010000228881836,100.52999877929688
2003-04-10,25.600000381469727,0.3934000015258789,100.19999694824219
2003-04-11,24.440000534057617,0.3980999946594238,100.55999755859375
2003-04-14,23.40999984741211,0.4020999908447266,100.30999755859375
2003-04-15,22.559999465942383,0.39709999561309817,100.05000305175781
2003-04-16,22.520000457763672,0.3937999963760376,99.29000091552734
2003-04-17,21.5,0.3957000017166138,99.55999755859375
2003-04-21,21.950000762939453,0.39790000915527346,99.9000015258789
2003-04-22,20.700000762939453,0.39830000400543214,98.98999786376953
2003-04-23,20.799999237060547,0.3994999885559082,99.0199966430664
2003-04-24,20.329999923706055,0.39049999713897704,98.55999755859375
2003-04-25,20.799999237060547,0.3885999917984009,98.62000274658203
2003-04-28,20.84000015258789,0.3900000095367432,98.91999816894531
2003-04-29,20.760000228881836,0.3928999900817871,98.19999694824219
2003-04-30,21.209999084472656,0.38570001125335696,97.37999725341797
2003-05-01,21.59000015258789,0.38559999465942385,96.87999725341797
2003-05-02,20.6299991607666,0.39130001068115233,96.94000244140625
2003-05-05,21.1299991607666,0.388700008392334,96.52999877929688
2003-05-06,20.799999237060547,0.3808000087738037,95.58000183105469
2003-05-07,21.0,0.3693000078201294,95.76000213623047
2003-05-08,21.239999771118164,0.3671000003814697,95.11000061035156
2003-05-09,19.690000534057617,0.3690999984741211,95.16000366210938
2003-05-12,19.520000457763672,0.36389999389648436,94.72000122070312
2003-05-13,19.90999984741211,0.3622999906539917,94.87999725341797
2003-05-14,20.0,0.35369999408721925,94.7300033569336
2003-05-15,19.239999771118164,0.35369999408721925,95.41000366210938
2003-05-16,18.399999618530273,0.34619998931884766,94.18000030517578
2003-05-19,20.510000228881836,0.34519999027252196,93.9000015258789
2003-05-20,21.290000915527344,0.3374000072479248,93.4000015258789
2003-05-21,21.209999084472656,0.3390000104904175,93.68000030517578
2003-05-22,19.780000686645508,0.333899998664856,93.70999908447266
2003-05-23,19.170000076293945,0.33329999446868896,93.12999725341797
2003-05-27,19.989999771118164,0.34010000228881837,92.80999755859375
2003-05-28,20.030000686645508,0.3430999994277954,93.58000183105469
2003-05-29,20.43000030517578,0.333899998664856,92.83999633789062
2003-05-30,19.469999313354492,0.33499999046325685,93.30999755859375
2003-06-02,20.850000381469727,0.3428999900817871,93.45999908447266
2003-06-03,20.84000015258789,0.33420000076293943,93.55999755859375
2003-06-04,20.6200008392334,0.3290999889373779,93.79000091552734
2003-06-05,20.829999923706055,0.33310000896453856,92.58999633789062
2003-06-06,21.25,0.3351999998092651,93.55999755859375
2003-06-09,22.149999618530273,0.32790000438690187,93.37999725341797
2003-06-10,20.639999389648438,0.3194000005722046,93.62000274658203
2003-06-11,20.209999084472656,0.3187999963760376,93.0199966430664
2003-06-12,20.40999984741211,0.31679999828338623,92.88999938964844
2003-06-13,20.65999984741211,0.31040000915527344,92.25
2003-06-16,20.219999313354492,0.3170000076293945,92.22000122070312
2003-06-17,20.010000228881836,0.32660000324249266,93.06999969482422
2003-06-18,19.760000228881836,0.33599998950958254,93.61000061035156
2003-06-19,19.799999237060547,0.33410000801086426,93.63999938964844
2003-06-20,19.139999389648438,0.3395999908447266,94.44999694824219
2003-06-23,20.579999923706055,0.3315000057220459,94.47000122070312
2003-06-24,20.75,0.3265000104904175,94.83000183105469
2003-06-25,20.809999465942383,0.33610000610351565,94.55000305175781
2003-06-26,19.399999618530273,0.35339999198913574,95.4000015258789
2003-06-27,19.15999984741211,0.3581000089645386,95.48999786376953
2003-06-30,19.520000457763672,0.35280001163482666,95.11000061035156
2003-07-01,19.459999084472656,0.3549000024795532,94.6500015258789
2003-07-02,19.030000686645508,0.353600001335144,94.4000015258789
2003-07-03,19.389999389648438,0.3654999971389771,94.75
2003-07-04,,,94.9000015258789
2003-07-07,20.059999465942383,0.37070000171661377,95.9000015258789
2003-07-08,19.479999542236328,0.3733000040054321,96.19000244140625
2003-07-09,18.93000030517578,0.3706000089645386,95.88999938964844
2003-07-10,19.190000534057617,0.36770000457763674,95.66999816894531
2003-07-11,18.469999313354492,0.36400001049041747,96.12999725341797
2003-07-14,19.59000015258789,0.37139999866485596,96.37000274658203
2003-07-15,19.549999237060547,0.39140000343322756,97.22000122070312
2003-07-16,19.760000228881836,0.39449999332427976,97.0
2003-07-17,20.219999313354492,0.3953999996185303,97.19000244140625
2003-07-18,19.110000610351562,0.39690001010894777,96.81999969482422
2003-07-21,19.780000686645508,0.4173999786376953,96.41999816894531
2003-07-22,19.170000076293945,0.41500000953674315,96.66999816894531
2003-07-23,18.639999389648438,0.41020002365112307,95.5999984741211
2003-07-24,18.600000381469727,0.4166999816894531,95.58999633789062
2003-07-25,17.75,0.4177999973297119,95.12000274658203
2003-07-28,18.360000610351562,0.42839999198913575,95.27999877929688
2003-07-29,18.670000076293945,0.43979997634887696,95.5
2003-07-30,18.850000381469727,0.4315000057220459,96.30000305175781
2003-07-31,19.489999771118164,0.44739999771118166,97.13999938964844
2003-08-01,20.75,0.4414999961853027,96.87000274658203
2003-08-04,21.270000457763672,0.4320000171661377,96.36000061035156
2003-08-05,22.68000030517578,0.44409999847412107,96.37000274658203
2003-08-06,21.5,0.42880001068115237,96.41999816894531
2003-08-07,20.260000228881836,0.4229000091552734,95.95999908447266
2003-08-08,19.59000015258789,0.42890000343322754,96.56999969482422
2003-08-11,19.75,0.4370999813079834,95.9800033569336
2003-08-12,17.940000534057617,0.435699987411499,96.33999633789062
2003-08-13,18.770000457763672,0.4559999942779541,96.3499984741211
2003-08-14,18.469999313354492,0.45859999656677247,96.81999969482422
2003-08-15,18.270000457763672,0.45279998779296876,96.80000305175781
2003-08-18,18.18000030517578,0.44770002365112305,97.44999694824219
2003-08-19,17.860000610351562,0.438100004196167,97.4800033569336
2003-08-20,17.81999969482422,0.44409999847412107,97.51000213623047
2003-08-21,17.84000015258789,0.4506999969482422,98.69999694824219
2003-08-22,18.549999237060547,0.44590001106262206,99.0
2003-08-25,19.530000686645508,0.45269999504089353,98.93000030517578
2003-08-26,19.489999771118164,0.44860000610351564,98.83999633789062
2003-08-27,19.1299991607666,0.4535999774932861,98.98999786376953
2003-08-28,18.479999542236328,0.4429999828338623,98.94000244140625
2003-08-29,18.6299991607666,0.4453999996185303,98.0999984741211
2003-09-02,19.020000457763672,0.460099983215332,99.05999755859375
2003-09-03,19.440000534057617,0.4598999977111816,98.80999755859375
2003-09-04,18.709999084472656,0.45130000114440916,98.2699966430664
2003-09-05,18.170000076293945,0.43540000915527344,97.12999725341797
2003-09-08,18.260000228881836,0.4388999938964844,97.19999694824219
2003-09-09,18.850000381469727,0.4370999813079834,96.43000030517578
2003-09-10,20.010000228881836,0.42690000534057615,96.51000213623047
2003-09-11,19.25,0.43340001106262205,96.55999755859375
2003-09-12,18.68000030517578,0.42690000534057615,96.02999877929688
2003-09-15,19.280000686645508,0.4244999885559082,96.08000183105469
2003-09-16,18.030000686645508,0.42909998893737794,97.12000274658203
2003-09-17,18.149999618530273,0.4190999984741211,96.13999938964844
2003-09-18,17.56999969482422,0.4184000015258789,96.30999755859375
2003-09-19,17.540000915527344,0.4162000179290771,95.33999633789062
2003-09-22,19.649999618530273,0.4241000175476074,94.20999908447266
2003-09-23,19.469999313354492,0.4214000225067139,94.33999633789062
2003-09-24,21.219999313354492,0.4135000228881836,94.06999969482422
2003-09-25,22.260000228881836,0.41020002365112307,94.13999938964844
2003-09-26,22.229999542236328,0.40229997634887693,94.25
2003-09-29,21.670000076293945,0.4077000141143799,93.44000244140625
2003-09-30,22.719999313354492,0.3937000036239624,93.19999694824219
2003-10-01,21.06999969482422,0.3931999921798706,92.69999694824219
2003-10-02,20.799999237060547,0.40089998245239256,92.7300033569336
2003-10-03,19.5,0.4195000171661377,93.52999877929688
2003-10-06,19.510000228881836,0.4151000022888184,92.80000305175781
2003-10-07,19.40999984741211,0.42439999580383303,92.18000030517578
2003-10-08,19.18000030517578,0.42420001029968263,92.04000091552734
2003-10-09,18.81999969482422,0.43020000457763674,92.33000183105469
2003-10-10,18.450000762939453,0.4248000144958496,91.79000091552734
2003-10-13,17.549999237060547,0.4255000114440918,92.16999816894531
2003-10-14,17.3700008392334,0.4349999904632568,92.1500015258789
2003-10-15,17.690000534057617,0.43969998359680174,92.72000122070312
2003-10-16,17.190000534057617,0.44549999237060545,92.9000015258789
2003-10-17,17.6200008392334,0.4388000011444092,92.5999984741211
2003-10-20,17.040000915527344,0.4380000114440918,92.7300033569336
2003-10-21,16.549999237060547,0.4366000175476074,92.63999938964844
2003-10-22,17.670000076293945,0.42729997634887695,91.52999877929688
2003-10-23,17.68000030517578,0.4315999984741211,91.68000030517578
2003-10-24,17.709999084472656,0.42119998931884767,91.51000213623047
2003-10-27,18.049999237060547,0.4264999866485596,91.8499984741211
2003-10-28,16.81999969482422,0.4189000129699707,92.0999984741211
2003-10-29,16.43000030517578,0.42750000953674316,92.12000274658203
2003-10-30,16.329999923706055,0.4339000225067139,92.45999908447266
2003-10-31,16.100000381469727,0.4301000118255615,92.87999725341797
2003-11-03,16.549999237060547,0.4368000030517578,93.87000274658203
2003-11-04,16.549999237060547,0.4304999828338623,93.44999694824219
2003-11-05,16.860000610351562,0.4349999904632568,93.81999969482422
2003-11-06,16.739999771118164,0.44180002212524416,94.0999984741211
2003-11-07,16.93000030517578,0.44499998092651366,93.19999694824219
2003-11-10,17.6200008392334,0.4460000038146973,93.16999816894531
2003-11-11,17.540000915527344,,93.26000213623047
2003-11-12,16.75,0.44120001792907715,92.41999816894531
2003-11-13,16.469999313354492,0.42709999084472655,91.73999786376953
2003-11-14,16.940000534057617,0.42329998016357423,91.5999984741211
2003-11-17,18.600000381469727,0.41880002021789553,91.66999816894531
2003-11-18,19.110000610351562,0.4166999816894531,90.41000366210938
2003-11-19,18.799999237060547,0.42350001335144044,91.0
2003-11-20,19.479999542236328,0.41539998054504396,90.72000122070312
2003-11-21,18.979999542236328,0.41469998359680177,90.75
2003-11-24,17.440000534057617,0.422700023651123,91.7300033569336
2003-11-25,16.709999084472656,0.4185999870300293,91.56999969482422
2003-11-26,16.229999542236328,0.42420001029968263,90.72000122070312
2003-11-27,,,90.83000183105469
2003-11-28,16.31999969482422,0.4320000171661377,90.27999877929688
2003-12-01,16.770000457763672,0.43920001983642576,90.43000030517578
2003-12-02,16.270000457763672,0.4380000114440918,89.66999816894531
2003-12-03,16.6299991607666,0.44099998474121094,89.56999969482422
2003-12-04,16.299999237060547,0.436899995803833,89.62999725341797
2003-12-05,17.09000015258789,0.42150001525878905,89.19000244140625
2003-12-08,16.540000915527344,0.42779998779296874,88.75
2003-12-09,17.6299991607666,0.43520002365112304,88.63999938964844
2003-12-10,17.8700008392334,0.43179998397827146,88.87999725341797
2003-12-11,16.729999542236328,0.423799991607666,88.88999938964844
2003-12-12,16.40999984741211,0.42420001029968263,88.45999908447266
2003-12-15,17.229999542236328,0.42750000953674316,88.51000213623047
2003-12-16,15.930000305175781,0.4234000205993652,88.73999786376953
2003-12-17,15.579999923706055,0.4189000129699707,88.30000305175781
2003-12-18,16.15999984741211,0.41409997940063475,88.23999786376953
2003-12-19,16.420000076293945,0.4132999897003174,88.52999877929688
2003-12-22,16.940000534057617,0.41640000343322753,88.38999938964844
2003-12-23,16.489999771118164,0.42690000534057615,88.37000274658203
2003-12-24,16.65999984741211,0.4186999797821045,87.88999938964844
2003-12-26,17.450000762939453,0.41479997634887694,87.93000030517578
2003-12-29,17.09000015258789,0.42300000190734866,87.73999786376953
2003-12-30,17.68000030517578,0.42789998054504397,87.37000274658203
2003-12-31,18.309999465942383,0.4256999969482422,87.26000213623047
2004-01-02,18.219999313354492,0.4373000144958496,86.93000030517578
2004-01-05,17.489999771118164,0.438700008392334,86.3499984741211
2004-01-06,16.729999542236328,0.42769999504089357,85.93000030517578
2004-01-07,15.5,0.4245999813079834,86.5199966430664
2004-01-08,15.609999656677246,0.4249000072479248,85.87999725341797
2004-01-09,16.75,0.4085999965667725,85.38999938964844
2004-01-12,16.81999969482422,0.40830001831054685,85.86000061035156
2004-01-13,18.040000915527344,0.40279998779296877,85.77999877929688
2004-01-14,16.75,0.39860000610351565,86.31999969482422
2004-01-15,15.5600004196167,0.39709999561309817,86.87000274658203
2004-01-16,15.0,0.4013999938964844,88.05000305175781
2004-01-19,,,87.93000030517578
2004-01-20,15.210000038146973,0.4057000160217285,86.9800033569336
2004-01-21,14.34000015258789,0.40370001792907717,86.5999984741211
2004-01-22,14.710000038146973,0.39690001010894777,86.08999633789062
2004-01-23,14.84000015258789,0.4065999984741211,86.8499984741211
2004-01-26,14.550000190734863,0.4139999866485596,87.51000213623047
2004-01-27,15.350000381469727,0.40869998931884766,86.54000091552734
2004-01-28,16.780000686645508,0.4195000171661377,87.23999786376953
2004-01-29,17.139999389648438,0.41970000267028806,87.81999969482422
2004-01-30,16.6299991607666,0.4138000011444092,87.41999816894531
2004-02-02,17.110000610351562,0.4151000022888184,87.79000091552734
2004-02-03,17.34000015258789,0.40999999046325686,86.9800033569336
2004-02-04,17.8700008392334,0.4124000072479248,87.0199966430664
2004-02-05,17.709999084472656,0.4173999786376953,87.12000274658203
2004-02-06,16.0,0.40890002250671387,86.19999694824219
2004-02-09,16.389999389648438,0.4065000057220459,86.16999816894531
2004-02-10,15.9399995803833,0.41020002365112307,86.04000091552734
2004-02-11,15.390000343322754,0.4020999908447266,85.36000061035156
2004-02-12,15.3100004196167,0.40580000877380373,85.47000122070312
2004-02-13,15.579999923706055,0.4047999858856201,85.68000030517578
2004-02-17,15.399999618530273,0.4047999858856201,85.12000274658203
2004-02-18,15.59000015258789,0.40489997863769533,86.0199966430664
2004-02-19,15.800000190734863,0.4052000045776367,86.04000091552734
2004-02-20,16.040000915527344,0.40980000495910646,87.4000015258789
2004-02-23,16.290000915527344,0.4050000190734863,87.16999816894531
2004-02-24,15.899999618530273,0.40289998054504395,86.2300033569336
2004-02-25,14.930000305175781,0.40149998664855957,87.31999969482422
2004-02-26,14.829999923706055,0.4046000003814697,87.79000091552734
2004-02-27,14.550000190734863,0.3983999967575073,87.41999816894531
2004-03-01,14.4399995803833,0.3992000102996826,87.62000274658203
2004-03-02,14.859999656677246,0.4046000003814697,88.93000030517578
2004-03-03,14.550000190734863,0.4059999942779541,89.13999938964844
2004-03-04,14.399999618530273,0.40289998054504395,89.22000122070312
2004-03-05,14.479999542236328,0.38310000896453855,88.2300033569336
2004-03-08,15.789999961853027,0.37760000228881835,88.04000091552734
2004-03-09,16.600000381469727,0.37190001010894774,88.38999938964844
2004-03-10,18.670000076293945,0.3734999895095825,89.0199966430664
2004-03-11,20.670000076293945,0.3746999979019165,88.48999786376953
2004-03-12,18.299999237060547,0.3759999990463257,89.08999633789062
2004-03-15,21.1299991607666,0.37679998874664306,89.19000244140625
2004-03-16,20.34000015258789,0.3687999963760376,89.0199966430664
2004-03-17,18.110000610351562,0.3683000087738037,89.05000305175781
2004-03-18,18.530000686645508,0.3749000072479248,88.1500015258789
2004-03-19,19.149999618530273,0.3788000106811523,88.54000091552734
2004-03-22,21.579999923706055,0.37239999771118165,88.19999694824219
2004-03-23,20.670000076293945,0.37109999656677245,88.22000122070312
2004-03-24,19.809999465942383,0.37139999866485596,89.3499984741211
2004-03-25,17.8799991607666,0.37390000820159913,89.31999969482422
2004-03-26,17.329999923706055,0.38429999351501465,89.27999877929688
2004-03-29,16.5,0.3890000104904175,88.9800033569336
2004-03-30,16.280000686645508,0.39019999504089353,88.77999877929688
2004-03-31,16.739999771118164,0.38369998931884763,87.94999694824219
2004-04-01,16.649999618530273,0.38980000019073485,87.52999877929688
2004-04-02,15.640000343322754,0.4139999866485596,88.8499984741211
2004-04-05,14.970000267028809,0.42199997901916503,89.58000183105469
2004-04-06,15.319999694824219,0.4171000003814697,89.08000183105469
2004-04-07,15.760000228881836,0.4166999816894531,88.55000305175781
2004-04-08,16.260000228881836,0.41970000267028806,89.29000091552734
2004-04-12,15.279999732971191,0.42300000190734866,89.22000122070312
2004-04-13,17.260000228881836,0.43400001525878906,90.18000030517578
2004-04-14,15.619999885559082,0.4381999969482422,90.55999755859375
2004-04-15,15.739999771118164,0.44050002098083496,90.36000061035156
2004-04-16,14.9399995803833,0.43520002365112304,90.23999786376953
2004-04-19,15.420000076293945,0.4372000217437744,90.11000061035156
2004-04-20,16.670000076293945,0.4414999961853027,90.75
2004-04-21,15.600000381469727,0.44229998588562014,91.41999816894531
2004-04-22,14.609999656677246,0.4370999813079834,91.0999984741211
2004-04-23,14.010000228881836,0.44520001411437987,91.36000061035156
2004-04-26,14.770000457763672,0.4433000087738037,90.8499984741211
2004-04-27,15.069999694824219,0.4403999805450439,90.62999725341797
2004-04-28,16.290000915527344,0.4467000007629395,91.43000030517578
2004-04-29,16.600000381469727,0.45399999618530273,90.80000305175781
2004-04-30,17.190000534057617,0.4500999927520752,90.68000030517578
2004-05-03,16.6200008392334,0.4500999927520752,91.0199966430664
2004-05-04,16.549999237060547,0.4543000221252441,90.05000305175781
2004-05-05,15.770000457763672,0.45710000991821287,89.5
2004-05-06,17.049999237060547,0.46020002365112306,90.08999633789062
2004-05-07,18.1299991607666,0.47659997940063475,91.30999755859375
2004-05-10,19.770000457763672,0.47810001373291017,91.75
2004-05-11,18.56999969482422,0.47680001258850097,91.83999633789062
2004-05-12,18.139999389648438,0.47969999313354494,91.44000244140625
2004-05-13,18.860000610351562,0.48509998321533204,92.1500015258789
2004-05-14,18.469999313354492,0.47880001068115235,91.77999877929688
2004-05-17,19.959999084472656,0.46989998817443845,91.16000366210938
2004-05-18,19.329999923706055,0.4736000061035156,91.41000366210938
2004-05-19,18.93000030517578,0.4794000148773193,90.66000366210938
2004-05-20,18.670000076293945,0.47179999351501467,91.1500015258789
2004-05-21,18.489999771118164,0.47639999389648435,90.56999969482422
2004-05-24,18.079999923706055,0.4739999771118164,90.58999633789062
2004-05-25,15.960000038146973,0.47239999771118163,89.88999938964844
2004-05-26,15.970000267028809,0.4671000003814697,89.80999755859375
2004-05-27,15.279999732971191,0.4587999820709229,88.70999908447266
2004-05-28,15.5,0.465500020980835,88.9800033569336
2004-06-01,16.299999237060547,0.4703999996185303,88.91000366210938
2004-06-02,16.079999923706055,0.47300000190734864,88.9000015258789
2004-06-03,17.030000686645508,0.47119998931884766,89.0
2004-06-04,16.780000686645508,0.477400016784668,88.58999633789062
2004-06-07,15.390000343322754,0.4764999866485596,88.29000091552734
2004-06-08,15.010000228881836,0.47709999084472654,88.55999755859375
2004-06-09,15.390000343322754,0.4811999797821045,89.75
2004-06-10,15.039999961853027,0.47909998893737793,89.27999877929688
2004-06-11,,,90.0
2004-06-14,16.06999969482422,0.4869999885559082,89.83999633789062
2004-06-15,15.050000190734863,0.4685999870300293,89.41999816894531
2004-06-16,14.789999961853027,0.47319998741149905,90.41999816894531
2004-06-17,15.149999618530273,0.46919999122619627,89.94999694824219
2004-06-18,14.989999771118164,0.47100000381469725,89.43000030517578
2004-06-21,15.260000228881836,0.4690000057220459,89.5999984741211
2004-06-22,14.3100004196167,0.4703999996185303,89.7699966430664
2004-06-23,13.979999542236328,0.4697999954223633,89.7300033569336
2004-06-24,14.8100004196167,0.4645999908447266,89.02999877929688
2004-06-25,15.1899995803833,0.46449999809265136,89.22000122070312
2004-06-28,16.06999969482422,0.47389998435974123,89.01000213623047
2004-06-29,15.470000267028809,0.4695000171661377,89.69999694824219
2004-06-30,14.34000015258789,0.4617000102996826,89.0
2004-07-01,15.199999809265137,0.4564000129699707,89.08000183105469
2004-07-02,15.079999923706055,0.4458000183105469,88.18000030517578
2004-07-06,16.25,0.4480000019073486,88.3499984741211
2004-07-07,15.8100004196167,0.44720001220703126,87.87999725341797
2004-07-08,16.200000762939453,0.44699997901916505,87.76000213623047
2004-07-09,15.779999732971191,0.44660000801086425,87.66999816894531
2004-07-12,14.960000038146973,0.4442999839782715,87.6500015258789
2004-07-13,14.460000038146973,0.44790000915527345,88.01000213623047
2004-07-14,13.760000228881836,0.44840002059936523,87.76000213623047
2004-07-15,14.710000038146973,0.4485000133514404,88.19999694824219
2004-07-16,14.34000015258789,0.4361000061035156,87.30000305175781
2004-07-19,15.170000076293945,0.4361000061035156,87.3499984741211
2004-07-20,14.170000076293945,0.44479999542236326,87.95999908447266
2004-07-21,16.40999984741211,0.4486999988555908,88.7699966430664
2004-07-22,15.75,0.44619998931884763,88.62999725341797
2004-07-23,16.5,0.44320001602172854,89.45999908447266
2004-07-26,17.299999237060547,0.44749999046325684,89.22000122070312
2004-07-27,16.549999237060547,0.45949997901916506,89.9800033569336
2004-07-28,16.149999618530273,0.45850000381469724,89.94000244140625
2004-07-29,15.680000305175781,0.45729999542236327,90.13999938964844
2004-07-30,15.319999694824219,0.44749999046325684,90.11000061035156
2004-08-02,15.369999885559082,0.44549999237060545,89.93000030517578
2004-08-03,16.030000686645508,0.4421999931335449,89.69999694824219
2004-08-04,16.209999084472656,0.4428999900817871,89.83000183105469
2004-08-05,18.31999969482422,0.4400000095367432,89.77999877929688
2004-08-06,19.34000015258789,0.42189998626708985,88.45999908447266
2004-08-09,18.889999389648438,0.42439999580383303,88.48999786376953
2004-08-10,17.469999313354492,0.42870001792907714,88.93000030517578
2004-08-11,18.040000915527344,0.42750000953674316,88.9800033569336
2004-08-12,19.079999923706055,0.425,88.80000305175781
2004-08-13,17.979999542236328,0.42129998207092284,87.97000122070312
2004-08-16,17.56999969482422,0.4257999897003174,88.02999877929688
2004-08-17,17.020000457763672,0.42059998512268065,88.1500015258789
2004-08-18,16.229999542236328,0.422700023651123,88.1500015258789
2004-08-19,16.959999084472656,0.42109999656677244,87.81999969482422
2004-08-20,16.0,0.42309999465942383,88.2300033569336
2004-08-23,15.880000114440918,0.42789998054504397,89.18000030517578
2004-08-24,15.329999923706055,0.4282999992370605,89.55000305175781
2004-08-25,14.979999542236328,0.4261000156402588,89.47000122070312
2004-08-26,14.90999984741211,0.422700023651123,89.3499984741211
2004-08-27,14.710000038146973,0.422700023651123,89.80000305175781
2004-08-30,15.4399995803833,0.41880002021789553,89.73999786376953
2004-08-31,15.289999961853027,0.41319999694824217,88.95999908447266
2004-09-01,14.90999984741211,0.41230001449584963,88.91999816894531
2004-09-02,14.279999732971191,0.4193999767303467,89.0199966430664
2004-09-03,13.90999984741211,0.42930002212524415,89.66000366210938
2004-09-07,14.069999694824219,0.4245999813079834,89.23999786376953
2004-09-08,14.0600004196167,0.41630001068115235,88.80000305175781
2004-09-09,14.010000228881836,0.41989998817443847,88.83000183105469
2004-09-10,13.760000228881836,0.4179999828338623,88.37000274658203
2004-09-13,13.170000076293945,0.4151000022888184,88.72000122070312
2004-09-14,13.5600004196167,0.4132999897003174,88.72000122070312
2004-09-15,14.640000343322754,0.41700000762939454,89.4000015258789
2004-09-16,14.390000343322754,0.40689997673034667,88.98999786376953
2004-09-17,14.029999732971191,0.4126999855041504,89.0999984741211
2004-09-20,14.430000305175781,0.40580000877380373,89.18000030517578
2004-09-21,13.65999984741211,0.40370001792907717,88.30999755859375
2004-09-22,14.739999771118164,0.3989000082015991,88.68000030517578
2004-09-23,14.800000190734863,0.40279998779296877,88.62000274658203
2004-09-24,14.279999732971191,0.40310001373291016,88.58999633789062
2004-09-27,14.619999885559082,0.3996999979019165,88.4800033569336
2004-09-28,13.829999923706055,0.401200008392334,88.2699966430664
2004-09-29,13.210000038146973,0.40900001525878904,88.29000091552734
2004-09-30,13.34000015258789,0.411899995803833,87.51000213623047
2004-10-01,12.75,0.4190999984741211,87.76000213623047
2004-10-04,13.40999984741211,0.4172999858856201,88.54000091552734
2004-10-05,13.949999809265137,0.4172999858856201,88.29000091552734
2004-10-06,13.279999732971191,0.42239999771118164,88.6500015258789
2004-10-07,14.5,0.42439999580383303,88.51000213623047
2004-10-08,15.050000190734863,0.4132999897003174,87.55000305175781
2004-10-11,14.710000038146973,0.4132999897003174,87.66999816894531
2004-10-12,15.050000190734863,0.41020002365112307,88.1500015258789
2004-10-13,15.420000076293945,0.40780000686645507,88.0199966430664
2004-10-14,16.43000030517578,0.40149998664855957,87.6500015258789
2004-10-15,15.039999961853027,0.4052999973297119,87.22000122070312
2004-10-18,14.710000038146973,0.4052999973297119,87.1500015258789
2004-10-19,15.130000114440918,0.40380001068115234,86.93000030517578
2004-10-20,14.850000381469727,0.3990999937057495,86.44999694824219
2004-10-21,14.539999961853027,0.3996999979019165,86.12000274658203
2004-10-22,15.279999732971191,0.3983999967575073,85.97000122070312
2004-10-25,16.579999923706055,0.39709999561309817,85.08000183105469
2004-10-26,16.389999389648438,0.3989000082015991,85.29000091552734
2004-10-27,15.720000267028809,0.40879998207092283,85.55000305175781
2004-10-28,15.390000343322754,0.40799999237060547,85.36000061035156
2004-10-29,16.270000457763672,0.40289998054504395,84.9800033569336
2004-11-01,16.270000457763672,0.40900001525878904,85.33999633789062
2004-11-02,16.18000030517578,0.4074999809265137,85.56999969482422
2004-11-03,14.039999961853027,0.4070000171661377,84.76000213623047
2004-11-04,13.970000267028809,0.4067999839782715,84.62999725341797
2004-11-05,13.84000015258789,0.4185999870300293,84.06999969482422
2004-11-08,13.800000190734863,0.42150001525878905,84.16999816894531
2004-11-09,13.609999656677246,0.4217999935150146,84.26000213623047
2004-11-10,13.079999923706055,0.42529997825622556,84.5
2004-11-11,13.039999961853027,0.42529997825622556,84.44000244140625
2004-11-12,13.329999923706055,0.4197999954223633,83.70999908447266
2004-11-15,13.380000114440918,0.4190000057220459,84.05000305175781
2004-11-16,13.210000038146973,0.42080001831054686,83.87000274658203
2004-11-17,13.210000038146973,0.4144000053405762,83.33999633789062
2004-11-18,12.979999542236328,0.4117000102996826,83.72000122070312
2004-11-19,13.5,0.4196000099182129,83.31999969482422
2004-11-22,12.970000267028809,0.41649999618530276,83.2300033569336
2004-11-23,12.670000076293945,0.4184000015258789,82.98999786376953
2004-11-24,12.720000267028809,0.4195000171661377,82.45999908447266
2004-11-25,,,82.19999694824219
2004-11-26,12.779999732971191,0.423799991607666,81.80999755859375
2004-11-29,13.300000190734863,0.4329999923706055,81.95999908447266
2004-11-30,13.239999771118164,0.43579998016357424,81.81999969482422
2004-12-01,12.970000267028809,0.4375,81.55999755859375
2004-12-02,12.979999542236328,0.43969998359680174,81.97000122070312
2004-12-03,12.960000038146973,0.4269999980926514,80.9800033569336
2004-12-06,13.1899995803833,0.4239999771118164,81.31999969482422
2004-12-07,13.670000076293945,0.422700023651123,81.26000213623047
2004-12-08,13.1899995803833,0.41339998245239257,81.93000030517578
2004-12-09,12.880000114440918,0.41609997749328614,82.05999755859375
2004-12-10,12.760000228881836,0.41560001373291017,82.58999633789062
2004-12-13,12.539999961853027,0.4151000022888184,82.31999969482422
2004-12-14,12.729999542236328,0.41319999694824217,82.44000244140625
2004-12-15,12.350000381469727,0.40760002136230467,81.76000213623047
2004-12-16,12.270000457763672,0.4184999942779541,82.62000274658203
2004-12-17,11.949999809265137,0.4206999778747559,82.2300033569336
2004-12-20,11.829999923706055,0.41989998817443847,81.75
2004-12-21,11.550000190734863,0.41680002212524414,82.05999755859375
2004-12-22,11.449999809265137,0.4201000213623047,82.01000213623047
2004-12-23,11.229999542236328,0.4217999935150146,81.55000305175781
2004-12-24,,,81.30999755859375
2004-12-27,12.140000343322754,0.42909998893737794,80.77999877929688
2004-12-28,12.0,0.42909998893737794,80.80000305175781
2004-12-29,11.619999885559082,0.4322000026702881,81.0999984741211
2004-12-30,12.5600004196167,0.4263000011444092,80.5999984741211
2004-12-31,13.289999961853027,0.4216000080108643,81.0
2005-01-03,14.079999923706055,0.42199997901916503,81.41000366210938
2005-01-04,13.979999542236328,0.4282999992370605,82.69999694824219
2005-01-05,14.09000015258789,0.42769999504089357,82.6500015258789
2005-01-06,13.579999923706055,0.4271999835968018,83.23999786376953
2005-01-07,13.489999771118164,0.4284999847412109,83.72000122070312
2005-01-10,13.229999542236328,0.42779998779296874,83.36000061035156
2005-01-11,13.1899995803833,0.42439999580383303,83.06999969482422
2005-01-12,12.5600004196167,0.4236000061035156,82.18000030517578
2005-01-13,12.84000015258789,0.4186999797821045,82.56999969482422
2005-01-14,12.430000305175781,0.4216000080108643,83.12999725341797
2005-01-18,12.470000267028809,0.4195000171661377,83.45999908447266
2005-01-19,13.180000305175781,0.4186999797821045,83.63999938964844
2005-01-20,13.829999923706055,0.41649999618530276,83.93000030517578
2005-01-21,14.359999656677246,0.4142000198364258,83.33999633789062
2005-01-24,14.649999618530273,0.4122000217437744,83.2699966430664
2005-01-25,14.0600004196167,0.4189000129699707,84.06999969482422
2005-01-26,13.4399995803833,0.4191999912261963,83.37000274658203
2005-01-27,13.239999771118164,0.4206999778747559,83.47000122070312
2005-01-28,13.239999771118164,0.4138000011444092,83.52999877929688
2005-01-31,12.819999694824219,0.4132999897003174,83.63999938964844
2005-02-01,12.029999732971191,0.4136000156402588,83.47000122070312
2005-02-02,11.65999984741211,0.4139999866485596,83.55000305175781
2005-02-03,11.789999961853027,0.41630001068115235,84.02999877929688
2005-02-04,11.210000038146973,0.4072999954223633,84.44999694824219
2005-02-07,11.729999542236328,0.4052000045776367,85.0999984741211
2005-02-08,11.600000381469727,0.40370001792907717,85.13999938964844
2005-02-09,12.0,0.3976999998092651,85.06999969482422
2005-02-10,11.510000228881836,0.4072999954223633,84.56999969482422
2005-02-11,11.430000305175781,0.409499979019165,84.61000061035156
2005-02-14,11.520000457763672,0.4072999954223633,84.0
2005-02-15,11.270000457763672,0.40980000495910646,83.5999984741211
2005-02-16,11.100000381469727,0.41579999923706057,83.72000122070312
2005-02-17,11.770000457763672,0.4184999942779541,83.4800033569336
2005-02-18,11.180000305175781,0.4260000228881836,83.5199966430664
2005-02-22,13.140000343322754,0.4284999847412109,82.41000366210938
2005-02-23,12.390000343322754,0.426800012588501,82.66999816894531
2005-02-24,11.569999694824219,0.4281000137329102,82.88999938964844
2005-02-25,11.489999771118164,0.4271999835968018,82.6500015258789
2005-02-28,12.079999923706055,0.4359000205993652,82.51000213623047
2005-03-01,12.039999961853027,0.4372000217437744,82.76000213623047
2005-03-02,12.5,0.4379000186920166,83.0999984741211
2005-03-03,12.930000305175781,0.43829998970031736,83.30999755859375
2005-03-04,11.9399995803833,0.4309999942779541,82.52999877929688
2005-03-07,12.260000228881836,0.4303999900817871,82.77999877929688
2005-03-08,12.399999618530273,0.4375,81.97000122070312
2005-03-09,12.699999809265137,0.4513999938964844,81.62000274658203
2005-03-10,12.489999771118164,0.44590001106262206,81.55000305175781
2005-03-11,12.800000190734863,0.45349998474121095,81.41999816894531
2005-03-14,12.390000343322754,0.4515999794006348,81.87999725341797
2005-03-15,13.149999618530273,0.45419998168945314,82.12999725341797
2005-03-16,13.489999771118164,0.451800012588501,81.58000183105469
2005-03-17,13.289999961853027,0.44699997901916505,81.80999755859375
2005-03-18,13.140000343322754,0.4511000156402588,82.0999984741211
2005-03-21,13.609999656677246,0.4525000095367432,82.83999633789062
2005-03-22,14.270000457763672,0.4610000133514404,83.3499984741211
2005-03-23,14.0600004196167,0.46069998741149903,84.01000213623047
2005-03-24,13.420000076293945,0.45910000801086426,84.11000061035156
2005-03-28,13.75,0.4624000072479248,84.61000061035156
2005-03-29,14.489999771118164,0.45910000801086426,84.30000305175781
2005-03-30,13.640000343322754,0.4558000087738037,84.25
2005-03-31,14.020000457763672,0.4495999813079834,84.05000305175781
2005-04-01,14.09000015258789,0.4451000213623047,84.4000015258789
2005-04-04,14.109999656677246,0.4455999851226807,84.77999877929688
2005-04-05,13.680000305175781,0.44699997901916505,84.5999984741211
2005-04-06,13.149999618530273,0.4435999870300293,84.68000030517578
2005-04-07,12.329999923706055,0.44720001220703126,84.87999725341797
2005-04-08,12.619999885559082,0.4491000175476074,84.41000366210938
2005-04-11,11.979999542236328,0.4445000171661377,84.12000274658203
2005-04-12,11.300000190734863,0.43600001335144045,84.4000015258789
2005-04-13,13.3100004196167,0.4374000072479248,84.4000015258789
2005-04-14,14.529999732971191,0.43579998016357424,84.98999786376953
2005-04-15,17.739999771118164,0.42709999084472655,84.5
2005-04-18,16.559999465942383,0.4249000072479248,83.97000122070312
2005-04-19,14.960000038146973,0.4203000068664551,83.70999908447266
2005-04-20,16.920000076293945,0.42109999656677244,83.4800033569336
2005-04-21,14.40999984741211,0.43000001907348634,83.70999908447266
2005-04-22,15.380000114440918,0.4255000114440918,83.44999694824219
2005-04-25,14.619999885559082,0.4250999927520752,83.79000091552734
2005-04-26,14.90999984741211,0.4267000198364258,83.94000244140625
2005-04-27,14.869999885559082,0.42369999885559084,84.0999984741211
2005-04-28,16.860000610351562,0.4172999858856201,84.36000061035156
2005-04-29,15.3100004196167,0.4201000213623047,84.41999816894531
2005-05-02,15.119999885559082,0.4193999767303467,84.44999694824219
2005-05-03,14.529999732971191,0.4185999870300293,84.45999908447266
2005-05-04,13.850000381469727,0.4185999870300293,83.94999694824219
2005-05-05,13.979999542236328,0.4162000179290771,83.94000244140625
2005-05-06,14.050000190734863,0.42659997940063477,84.62000274658203
2005-05-09,13.75,0.42779998779296874,84.5999984741211
2005-05-10,14.90999984741211,0.42220001220703124,84.44999694824219
2005-05-11,14.449999809265137,0.4202000141143799,84.94999694824219
2005-05-12,16.1200008392334,0.4184000015258789,85.5199966430664
2005-05-13,16.31999969482422,0.4120999813079834,86.0999984741211
2005-05-16,15.680000305175781,0.4125,86.12000274658203
2005-05-17,14.569999694824219,0.4117000102996826,86.19999694824219
2005-05-18,13.630000114440918,0.4067999839782715,85.80999755859375
2005-05-19,13.319999694824219,0.4107999801635742,86.0999984741211
2005-05-20,13.140000343322754,0.4125,86.66999816894531
2005-05-23,12.949999809265137,0.4072000026702881,86.37000274658203
2005-05-24,12.6899995803833,0.40370001792907717,86.38999938964844
2005-05-25,12.579999923706055,0.4072000026702881,86.3499984741211
2005-05-26,12.239999771118164,0.40809998512268064,86.87000274658203
2005-05-27,12.149999618530273,0.4072999954223633,86.41000366210938
2005-05-31,13.289999961853027,0.400600004196167,87.80000305175781
2005-06-01,12.359999656677246,0.3907000064849854,88.13999938964844
2005-06-02,11.84000015258789,0.3890000104904175,87.73999786376953
2005-06-03,12.149999618530273,0.39790000915527346,88.04000091552734
2005-06-06,12.279999732971191,0.39619998931884765,87.5999984741211
2005-06-07,12.390000343322754,0.39110000133514405,87.4800033569336
2005-06-08,12.699999809265137,0.3940000057220459,87.9000015258789
2005-06-09,12.079999923706055,0.39649999141693115,88.05000305175781
2005-06-10,11.960000038146973,0.40469999313354493,88.72000122070312
2005-06-13,11.649999618530273,0.4085999965667725,89.25
2005-06-14,11.789999961853027,0.4126999855041504,89.16000366210938
2005-06-15,11.460000038146973,0.4114999771118164,88.55000305175781
2005-06-16,11.149999618530273,0.40760002136230467,88.62000274658203
2005-06-17,11.479999542236328,0.40780000686645507,87.55999755859375
2005-06-20,11.470000267028809,0.41030001640319824,88.36000061035156
2005-06-21,11.079999923706055,0.40489997863769533,88.04000091552734
2005-06-22,11.050000190734863,0.39449999332427976,88.44000244140625
2005-06-23,12.130000114440918,0.39590001106262207,89.0199966430664
2005-06-24,12.180000305175781,0.39140000343322756,88.69999694824219
2005-06-27,12.520000457763672,0.39019999504089353,88.29000091552734
2005-06-28,11.579999923706055,0.39760000705718995,88.83999633789062
2005-06-29,11.770000457763672,0.3990000009536743,88.97000122070312
2005-06-30,12.039999961853027,0.39449999332427976,88.9800033569336
2005-07-01,11.399999618530273,0.40489997863769533,90.0
2005-07-05,11.680000305175781,0.40989999771118163,90.33000183105469
2005-07-06,12.270000457763672,0.4074999809265137,90.25
2005-07-07,12.489999771118164,0.40310001373291016,90.19999694824219
2005-07-08,11.449999809265137,0.41090002059936526,90.1500015258789
2005-07-11,11.279999732971191,0.41020002365112307,89.33000183105469
2005-07-12,10.949999809265137,0.41409997940063475,88.27999877929688
2005-07-13,10.84000015258789,0.41630001068115235,89.16999816894531
2005-07-14,10.8100004196167,0.4179999828338623,89.2699966430664
2005-07-15,10.329999923706055,0.41750001907348633,89.62000274658203
2005-07-18,10.770000457763672,0.42230000495910647,89.5199966430664
2005-07-19,10.449999809265137,0.4189000129699707,89.73999786376953
2005-07-20,10.229999542236328,0.41770000457763673,89.19999694824219
2005-07-21,10.970000267028809,0.42820000648498535,88.83999633789062
2005-07-22,10.520000457763672,0.42230000495910647,89.5199966430664
2005-07-25,11.100000381469727,0.4247000217437744,89.5
2005-07-26,10.989999771118164,0.4238999843597412,89.91999816894531
2005-07-27,10.359999656677246,0.4261000156402588,89.61000061035156
2005-07-28,10.520000457763672,0.4196000099182129,89.2300033569336
2005-07-29,11.569999694824219,0.42859997749328616,89.2300033569336
2005-08-01,12.079999923706055,0.4318999767303467,88.69999694824219
2005-08-02,11.75,0.43359999656677245,88.63999938964844
2005-08-03,11.829999923706055,0.43000001907348634,87.8499984741211
2005-08-04,12.520000457763672,0.4318999767303467,87.69999694824219
2005-08-05,12.479999542236328,0.43920001983642576,87.94999694824219
2005-08-08,13.210000038146973,0.44190001487731934,87.81999969482422
2005-08-09,12.399999618530273,0.43940000534057616,87.80000305175781
2005-08-10,12.380000114440918,0.4403999805450439,87.56999969482422
2005-08-11,12.420000076293945,0.43340001106262205,86.9800033569336
2005-08-12,12.739999771118164,0.423799991607666,86.83000183105469
2005-08-15,12.260000228881836,0.4269999980926514,87.22000122070312
2005-08-16,13.520000457763672,0.422700023651123,87.3499984741211
2005-08-17,13.300000190734863,0.42729997634887695,87.93000030517578
2005-08-18,13.420000076293945,0.4216000080108643,88.54000091552734
2005-08-19,13.420000076293945,0.42109999656677244,88.48999786376953
2005-08-22,13.420000076293945,0.42189998626708985,88.05999755859375
2005-08-23,13.34000015258789,0.4186999797821045,88.01000213623047
2005-08-24,14.170000076293945,0.41789999008178713,87.81999969482422
2005-08-25,13.729999542236328,0.4159999847412109,87.55999755859375
2005-08-26,13.720000267028809,0.4189000129699707,87.83000183105469
2005-08-29,13.520000457763672,0.4172999858856201,88.18000030517578
2005-08-30,13.649999618530273,0.40900001525878904,88.31999969482422
2005-08-31,12.600000381469727,0.40199999809265136,87.54000091552734
2005-09-01,13.149999618530273,0.4019000053405762,86.4800033569336
2005-09-02,13.569999694824219,0.40289998054504395,86.25
2005-09-06,12.930000305175781,0.40850000381469725,86.54000091552734
2005-09-07,12.520000457763672,0.4138000011444092,86.91999816894531
2005-09-08,12.930000305175781,0.41389999389648435,87.0
2005-09-09,11.979999542236328,0.41230001449584963,86.88999938964844
2005-09-12,11.649999618530273,0.4169000148773193,87.69999694824219
2005-09-13,12.390000343322754,0.41339998245239257,87.76000213623047
2005-09-14,12.90999984741211,0.41680002212524414,87.69000244140625
2005-09-15,12.489999771118164,0.4214000225067139,88.12000274658203
2005-09-16,11.220000267028809,0.42620000839233396,88.04000091552734
2005-09-19,12.140000343322754,0.4247000217437744,88.22000122070312
2005-09-20,12.640000343322754,0.4243000030517578,88.37999725341797
2005-09-21,13.789999961853027,0.41880002021789553,87.88999938964844
2005-09-22,13.329999923706055,0.4176000118255615,88.36000061035156
2005-09-23,12.960000038146973,0.4248000144958496,88.9800033569336
2005-09-26,13.039999961853027,0.4294000148773193,88.9000015258789
2005-09-27,12.760000228881836,0.4301000118255615,89.38999938964844
2005-09-28,12.630000114440918,0.42620000839233396,89.27999877929688
2005-09-29,12.239999771118164,0.42890000343322754,89.22000122070312
2005-09-30,11.920000076293945,0.4328000068664551,89.3499984741211
2005-10-03,12.460000038146973,0.4386000156402588,89.93000030517578
2005-10-04,13.199999809265137,0.4375999927520752,89.9000015258789
2005-10-05,14.550000190734863,0.4361000061035156,89.76000213623047
2005-10-06,14.960000038146973,0.4366000175476074,88.47000122070312
2005-10-07,14.59000015258789,0.4361000061035156,88.94999694824219
2005-10-10,15.550000190734863,,89.2300033569336
2005-10-11,15.630000114440918,0.4383999824523926,89.79000091552734
2005-10-12,16.219999313354492,0.44409999847412107,89.44999694824219
2005-10-13,16.469999313354492,0.44749999046325684,89.61000061035156
2005-10-14,14.869999885559082,0.4491000175476074,89.18000030517578
2005-10-17,14.670000076293945,0.4488999843597412,89.62999725341797
2005-10-18,15.329999923706055,0.44809999465942385,90.0999984741211
2005-10-19,13.5,0.44629998207092286,89.80000305175781
2005-10-20,16.110000610351562,0.44590001106262206,89.76000213623047
2005-10-21,16.1299991607666,0.43899998664855955,90.18000030517578
2005-10-24,14.739999771118164,0.4446000099182129,89.94999694824219
2005-10-25,14.529999732971191,0.45079998970031737,89.04000091552734
2005-10-26,14.59000015258789,0.45910000801086426,89.30999755859375
2005-10-27,16.020000457763672,0.4558000087738037,88.91999816894531
2005-10-28,14.25,0.4566999912261963,89.45999908447266
2005-10-31,15.319999694824219,0.4559000015258789,89.93000030517578
2005-11-01,14.850000381469727,0.4577000141143799,89.91999816894531
2005-11-02,13.479999542236328,0.4610000133514404,89.56999969482422
2005-11-03,13.0,0.4644000053405762,90.33999633789062
2005-11-04,13.170000076293945,0.46570000648498533,91.16000366210938
2005-11-07,13.100000381469727,0.4638999938964844,91.16999816894531
2005-11-08,13.079999923706055,0.4565000057220459,91.23999786376953
2005-11-09,12.800000190734863,0.4635000228881836,91.38999938964844
2005-11-10,11.899999618530273,0.4564000129699707,91.95999908447266
2005-11-11,11.630000114440918,,91.88999938964844
2005-11-14,12.180000305175781,0.46040000915527346,92.04000091552734
2005-11-15,12.229999542236328,0.4557000160217285,91.9800033569336
2005-11-16,12.260000228881836,0.44840002059936523,92.26000213623047
2005-11-17,11.25,0.44590001106262206,91.80999755859375
2005-11-18,11.119999885559082,0.4501999855041504,91.87000274658203
2005-11-21,10.819999694824219,0.44609999656677246,91.94000244140625
2005-11-22,10.600000381469727,0.4427999973297119,91.4000015258789
2005-11-23,10.960000038146973,0.44739999771118166,91.43000030517578
2005-11-24,,,91.44000244140625
2005-11-25,10.880000114440918,0.4431000232696533,91.9800033569336
2005-11-28,11.84000015258789,0.44060001373291013,90.9000015258789
2005-11-29,11.890000343322754,0.448199987411499,91.58999633789062
2005-11-30,12.0600004196167,0.45,91.51000213623047
2005-12-01,11.239999771118164,0.4520999908447266,91.7699966430664
2005-12-02,11.010000228881836,0.45190000534057617,91.87999725341797
2005-12-05,11.600000381469727,0.4566999912261963,91.44999694824219
2005-12-06,11.520000457763672,0.449399995803833,91.38999938964844
2005-12-07,12.180000305175781,0.45170001983642577,91.86000061035156
2005-12-08,12.210000038146973,0.44640002250671384,91.22000122070312
2005-12-09,11.6899995803833,0.45370001792907716,91.20999908447266
2005-12-12,11.470000267028809,0.4546999931335449,90.30999755859375
2005-12-13,11.109999656677246,0.45349998474121095,90.33999633789062
2005-12-14,10.479999542236328,0.44499998092651366,89.77999877929688
2005-12-15,10.729999542236328,0.44679999351501465,90.02999877929688
2005-12-16,10.680000305175781,0.44479999542236326,89.66999816894531
2005-12-19,11.380000114440918,0.4441999912261963,89.86000061035156
2005-12-20,11.1899995803833,0.44660000801086425,90.51000213623047
2005-12-21,10.8100004196167,0.44860000610351564,90.69000244140625
2005-12-22,10.289999961853027,0.4433000087738037,90.45999908447266
2005-12-23,10.270000457763672,0.4380000114440918,90.55000305175781
2005-12-27,11.569999694824219,0.43410000801086424,90.91999816894531
2005-12-28,11.350000381469727,0.4377999782562256,91.05000305175781
2005-12-29,11.609999656677246,0.4375999927520752,90.8499984741211
2005-12-30,12.069999694824219,0.4394999980926514,90.95999908447266
2006-01-03,11.140000343322754,0.4369999885559082,89.56999969482422
2006-01-04,11.369999885559082,0.43559999465942384,88.91000366210938
2006-01-05,11.3100004196167,0.43559999465942384,89.08000183105469
2006-01-06,11.0,0.4379000186920166,88.62000274658203
2006-01-09,11.130000114440918,0.4379000186920166,89.0
2006-01-10,10.859999656677246,0.4427999973297119,89.06999969482422
2006-01-11,10.9399995803833,0.4458000183105469,88.75
2006-01-12,11.199999809265137,0.44099998474121094,89.2300033569336
2006-01-13,11.229999542236328,0.4349999904632568,88.66000366210938
2006-01-16,,,88.33999633789062
2006-01-17,11.90999984741211,0.43319997787475584,89.08000183105469
2006-01-18,12.25,0.43400001525878906,89.08000183105469
2006-01-19,11.979999542236328,0.4379000186920166,89.20999908447266
2006-01-20,14.5600004196167,0.4361000061035156,88.77999877929688
2006-01-23,13.930000305175781,0.435699987411499,87.7699966430664
2006-01-24,13.3100004196167,0.43899998664855955,87.87999725341797
2006-01-25,12.869999885559082,0.44790000915527345,88.16000366210938
2006-01-26,12.420000076293945,0.452299976348877,88.45999908447266
2006-01-27,11.970000267028809,0.4502999782562256,89.19000244140625
2006-01-30,12.390000343322754,0.45349998474121095,89.27999877929688
2006-01-31,12.949999809265137,0.45269999504089353,88.80999755859375
2006-02-01,12.359999656677246,0.4560999870300293,89.37000274658203
2006-02-02,13.229999542236328,0.4560999870300293,89.25
2006-02-03,12.960000038146973,0.45329999923706055,89.73999786376953
2006-02-06,13.039999961853027,0.4545000076293945,90.18000030517578
2006-02-07,13.59000015258789,0.4566999912261963,90.12999725341797
2006-02-08,12.829999923706055,0.45949997901916506,90.31999969482422
2006-02-09,13.119999885559082,0.4540999889373779,90.18000030517578
2006-02-10,12.869999885559082,0.4580999851226807,90.47000122070312
2006-02-13,13.350000381469727,0.4583000183105469,90.43000030517578
2006-02-14,12.25,0.4613999843597412,90.44000244140625
2006-02-15,12.3100004196167,0.4605999946594238,90.6500015258789
2006-02-16,11.479999542236328,0.45960001945495604,90.62000274658203
2006-02-17,12.010000228881836,0.4540999889373779,90.55999755859375
2006-02-20,,,90.36000061035156
2006-02-21,12.40999984741211,0.4563000202178955,90.45999908447266
2006-02-22,11.880000114440918,0.45310001373291015,90.62000274658203
2006-02-23,11.869999885559082,0.4566999912261963,90.3499984741211
2006-02-24,11.460000038146973,0.4566999912261963,90.58000183105469
2006-02-27,11.59000015258789,0.4590000152587891,90.5999984741211
2006-02-28,12.34000015258789,0.4546999931335449,90.08000183105469
2006-03-01,11.539999961853027,0.45890002250671386,90.18000030517578
2006-03-02,11.720000267028809,0.46380000114440917,89.5
2006-03-03,11.960000038146973,0.4684000015258789,89.62999725341797
2006-03-06,12.739999771118164,0.473799991607666,89.87999725341797
2006-03-07,12.65999984741211,0.4736000061035156,90.79000091552734
2006-03-08,12.319999694824219,0.47340002059936526,90.62999725341797
2006-03-09,12.680000305175781,0.47300000190734864,90.77999877929688
2006-03-10,11.850000381469727,0.4755000114440918,90.87999725341797
2006-03-13,11.369999885559082,0.47750000953674315,90.79000091552734
2006-03-14,10.739999771118164,0.4696000099182129,89.56999969482422
2006-03-15,11.350000381469727,0.4730999946594238,89.2699966430664
2006-03-16,11.979999542236328,0.4645999908447266,88.66000366210938
2006-03-17,12.119999885559082,0.46739997863769533,88.52999877929688
2006-03-20,11.789999961853027,0.46560001373291016,88.76000213623047
2006-03-21,11.619999885559082,0.47170000076293944,89.26000213623047
2006-03-22,11.210000038146973,0.47030000686645507,89.3499984741211
2006-03-23,11.170000076293945,0.47389998435974123,90.12000274658203
2006-03-24,11.1899995803833,0.4675000190734863,89.69000244140625
2006-03-27,11.460000038146973,0.47010002136230467,89.69000244140625
2006-03-28,11.579999923706055,0.47779998779296873,89.91999816894531
2006-03-29,10.949999809265137,0.4809999942779541,89.9000015258789
2006-03-30,11.569999694824219,0.48550000190734866,89.05999755859375
2006-03-31,11.390000343322754,0.48530001640319825,89.38999938964844
2006-04-03,11.569999694824219,0.4874000072479248,89.30000305175781
2006-04-04,11.140000343322754,0.4872000217437744,88.5199966430664
2006-04-05,11.130000114440918,0.4839000225067139,88.30000305175781
2006-04-06,11.449999809265137,0.489300012588501,88.62999725341797
2006-04-07,12.260000228881836,0.49629998207092285,89.30999755859375
2006-04-10,12.1899995803833,0.49629998207092285,89.43000030517578
2006-04-11,13.0,0.4932000160217285,89.1500015258789
2006-04-12,12.760000228881836,0.49759998321533205,89.30999755859375
2006-04-13,12.380000114440918,0.5035999774932861,89.37000274658203
2006-04-17,12.579999923706055,0.5006999969482422,88.36000061035156
2006-04-18,11.399999618530273,0.49739999771118165,87.94000244140625
2006-04-19,11.319999694824219,0.5027999877929688,87.5
2006-04-20,11.640000343322754,0.5039000034332275,87.95999908447266
2006-04-21,11.59000015258789,0.501200008392334,87.7699966430664
2006-04-24,11.75,0.49850001335144045,87.20999908447266
2006-04-25,11.75,0.5071000099182129,87.08999633789062
2006-04-26,11.760000228881836,0.5105000019073487,86.98999786376953
2006-04-27,11.84000015258789,0.5084000110626221,86.4000015258789
2006-04-28,11.59000015258789,0.5068999767303467,85.87999725341797
2006-05-01,12.539999961853027,0.513100004196167,85.77999877929688
2006-05-02,11.989999771118164,0.5110000133514404,85.55999755859375
2006-05-03,11.989999771118164,0.5144000053405762,85.62999725341797
2006-05-04,11.859999656677246,0.5150000095367432,85.1500015258789
2006-05-05,11.619999885559082,0.5107999801635742,84.91999816894531
2006-05-08,12.0,0.511899995803833,85.05999755859375
2006-05-09,11.989999771118164,0.5125,84.62999725341797
2006-05-10,11.779999732971191,0.5125,84.30999755859375
2006-05-11,12.489999771118164,0.5155000209808349,84.06999969482422
2006-05-12,14.1899995803833,0.5185999870300293,83.83000183105469
2006-05-15,13.569999694824219,0.5152999877929687,84.38999938964844
2006-05-16,13.350000381469727,0.5105000019073487,84.01000213623047
2006-05-17,16.260000228881836,0.5152999877929687,84.70999908447266
2006-05-18,16.989999771118164,0.5072999954223633,84.41000366210938
2006-05-19,17.18000030517578,0.5053999900817872,84.7300033569336
2006-05-22,17.719999313354492,0.5035999774932861,84.2300033569336
2006-05-23,18.260000228881836,0.5065999984741211,84.2300033569336
2006-05-24,17.360000610351562,0.5033999919891358,84.87000274658203
2006-05-25,15.5,0.5073999881744384,84.58999633789062
2006-05-26,14.260000228881836,0.5052000045776367,85.19000244140625
2006-05-30,18.65999984741211,0.5085999965667725,84.18000030517578
2006-05-31,16.440000534057617,0.511299991607666,84.6500015258789
2006-06-01,14.520000457763672,0.5107999801635742,84.73999786376953
2006-06-02,14.319999694824219,0.499399995803833,84.0
2006-06-05,16.649999618530273,0.5026000022888184,84.08000183105469
2006-06-06,17.34000015258789,0.500600004196167,84.68000030517578
2006-06-07,17.799999237060547,0.5026000022888184,84.94999694824219
2006-06-08,18.350000381469727,0.49920001029968264,85.88999938964844
2006-06-09,18.1200008392334,0.49809999465942384,85.70999908447266
2006-06-12,20.959999084472656,0.4986999988555908,85.81999969482422
2006-06-13,23.809999465942383,0.49609999656677245,86.44000244140625
2006-06-14,21.459999084472656,0.5050000190734864,86.1500015258789
2006-06-15,15.899999618530273,0.5098000049591065,86.05999755859375
2006-06-16,17.25,0.5127999782562256,85.94000244140625
2006-06-19,17.829999923706055,0.5144999980926513,86.23999786376953
2006-06-20,16.690000534057617,0.5157000064849854,85.76000213623047
2006-06-21,15.520000457763672,0.5155000209808349,85.33999633789062
2006-06-22,15.880000114440918,0.5197999954223633,86.01000213623047
2006-06-23,15.890000343322754,0.5228000164031983,86.44999694824219
2006-06-26,15.619999885559082,0.5238999843597412,86.0999984741211
2006-06-27,16.399999618530273,0.5210000038146972,86.0999984741211
2006-06-28,15.789999961853027,0.5244999885559082,86.2699966430664
2006-06-29,13.029999732971191,0.5199999809265137,85.5
2006-06-30,13.079999923706055,0.5138000011444092,84.9000015258789
2006-07-03,13.050000190734863,0.5151000022888184,84.8499984741211
2006-07-04,,,84.80000305175781
2006-07-05,14.149999618530273,0.522700023651123,85.25
2006-07-06,13.649999618530273,0.5184999942779541,85.02999877929688
2006-07-07,13.970000267028809,0.5131999969482421,84.63999938964844
2006-07-10,14.020000457763672,0.5130000114440918,85.16000366210938
2006-07-11,13.140000343322754,0.5099999904632568,85.02999877929688
2006-07-12,14.489999771118164,0.5099999904632568,85.5999984741211
2006-07-13,17.790000915527344,0.5071000099182129,85.51000213623047
2006-07-14,18.049999237060547,0.5059000015258789,85.77999877929688
2006-07-17,18.639999389648438,0.5068999767303467,86.68000030517578
2006-07-18,17.739999771118164,0.5130000114440918,86.7300033569336
2006-07-19,15.550000190734863,0.5059000015258789,86.18000030517578
2006-07-20,16.209999084472656,0.5027999877929688,85.94000244140625
2006-07-21,17.399999618530273,0.5045000076293945,85.66999816894531
2006-07-24,14.979999542236328,0.5044000148773193,86.08000183105469
2006-07-25,14.850000381469727,0.5065000057220459,86.41000366210938
2006-07-26,14.619999885559082,0.5035999774932861,85.66000366210938
2006-07-27,14.9399995803833,0.5039999961853028,85.62999725341797
2006-07-28,14.329999923706055,0.49899997711181643,85.19000244140625
2006-07-31,14.949999809265137,0.498799991607666,85.08999633789062
2006-08-01,15.050000190734863,0.49829998016357424,84.81999969482422
2006-08-02,14.34000015258789,0.49609999656677245,84.83000183105469
2006-08-03,14.460000038146973,0.4951000213623047,84.80000305175781
2006-08-04,14.34000015258789,0.49010000228881834,84.37999725341797
2006-08-07,15.229999542236328,0.4921000003814697,84.52999877929688
2006-08-08,15.229999542236328,0.49229998588562013,84.4800033569336
2006-08-09,15.199999809265137,0.4936999797821045,84.5
2006-08-10,14.460000038146973,0.49270000457763674,84.94999694824219
2006-08-11,14.300000190734863,0.49670000076293946,85.38999938964844
2006-08-14,14.260000228881836,0.5000999927520752,85.47000122070312
2006-08-15,13.420000076293945,0.4931000232696533,85.05000305175781
2006-08-16,12.40999984741211,0.4870999813079834,84.7699966430664
2006-08-17,12.239999771118164,0.48670001029968263,84.93000030517578
2006-08-18,11.640000343322754,0.48350000381469727,84.9800033569336
2006-08-21,12.220000267028809,0.4818999767303467,84.52999877929688
2006-08-22,12.1899995803833,0.4810999870300293,85.08000183105469
2006-08-23,12.399999618530273,0.4818999767303467,84.97000122070312
2006-08-24,12.399999618530273,0.4802999973297119,85.16999816894531
2006-08-25,12.3100004196167,0.47909998893737793,85.30000305175781
2006-08-28,12.180000305175781,0.47969999313354494,85.16000366210938
2006-08-29,12.279999732971191,0.47829999923706057,84.80999755859375
2006-08-30,12.220000267028809,0.4763000011444092,84.9000015258789
2006-08-31,12.3100004196167,0.47319998741149905,85.0199966430664
2006-09-01,11.960000038146973,0.47259998321533203,84.88999938964844
2006-09-05,12.630000114440918,0.47810001373291017,84.97000122070312
2006-09-06,13.739999771118164,0.4801000118255615,85.04000091552734
2006-09-07,13.880000114440918,0.47950000762939454,85.4800033569336
2006-09-08,13.15999984741211,0.47709999084472654,85.95999908447266
2006-09-11,12.989999771118164,0.4798999786376953,85.8499984741211
2006-09-12,11.920000076293945,0.47729997634887694,85.91000366210938
2006-09-13,11.180000305175781,0.4764999866485596,85.83000183105469
2006-09-14,11.550000190734863,0.47930002212524414,85.66000366210938
2006-09-15,11.760000228881836,0.4797999858856201,86.01000213623047
2006-09-18,11.779999732971191,0.4809999942779541,85.93000030517578
2006-09-19,11.979999542236328,0.47369999885559083,85.61000061035156
2006-09-20,11.390000343322754,0.4729000091552734,85.44000244140625
2006-09-21,12.25,0.46479997634887693,84.83000183105469
2006-09-22,12.59000015258789,0.45970001220703127,84.87000274658203
2006-09-25,12.119999885559082,0.4554999828338623,84.95999908447266
2006-09-26,11.529999732971191,0.45850000381469724,85.31999969482422
2006-09-27,11.579999923706055,0.45939998626708983,85.31999969482422
2006-09-28,11.720000267028809,0.4625999927520752,85.41999816894531
2006-09-29,11.979999542236328,0.4632999897003174,85.68000030517578
2006-10-02,12.569999694824219,0.46180000305175783,85.27999877929688
2006-10-03,12.239999771118164,0.46160001754760743,85.43000030517578
2006-10-04,11.859999656677246,0.4565000057220459,85.55999755859375
2006-10-05,11.979999542236328,0.4607999801635742,85.66000366210938
2006-10-06,11.5600004196167,0.4696000099182129,86.19999694824219
2006-10-09,11.680000305175781,,86.25
2006-10-10,11.520000457763672,0.47480001449584963,86.7699966430664
2006-10-11,11.619999885559082,0.47839999198913574,86.88999938964844
2006-10-12,11.09000015258789,0.47779998779296873,86.70999908447266
2006-10-13,10.75,0.48060002326965334,86.87000274658203
2006-10-16,11.09000015258789,0.47880001068115235,86.7699966430664
2006-10-17,11.729999542236328,0.47779998779296873,86.63999938964844
2006-10-18,11.34000015258789,0.47639999389648435,86.66999816894531
2006-10-19,10.899999618530273,0.47859997749328614,86.0199966430664
2006-10-20,10.630000114440918,0.47839999198913574,86.05999755859375
2006-10-23,11.079999923706055,0.4826000213623047,86.5
2006-10-24,10.779999732971191,0.48239998817443847,86.41999816894531
2006-10-25,10.65999984741211,0.47729997634887694,86.18000030517578
2006-10-26,10.5600004196167,0.47210001945495605,85.70999908447266
2006-10-27,10.800000190734863,0.4675000190734863,85.33999633789062
2006-10-30,11.199999809265137,0.4672999858856201,85.37999725341797
2006-10-31,11.100000381469727,0.4605999946594238,85.11000061035156
2006-11-01,11.510000228881836,0.4560999870300293,85.0999984741211
2006-11-02,11.420000076293945,0.45960001945495604,85.18000030517578
2006-11-03,11.15999984741211,0.47150001525878904,85.54000091552734
2006-11-06,11.15999984741211,0.4709000110626221,85.55999755859375
2006-11-07,11.09000015258789,0.46589999198913573,85.23999786376953
2006-11-08,10.75,0.4632999897003174,85.23999786376953
2006-11-09,11.010000228881836,0.4632999897003174,85.02999877929688
2006-11-10,10.789999961853027,0.45859999656677247,84.87999725341797
2006-11-13,10.859999656677246,0.46050000190734863,85.19000244140625
2006-11-14,10.5,0.4567999839782715,85.08000183105469
2006-11-15,10.3100004196167,0.4614999771118164,85.20999908447266
2006-11-16,10.15999984741211,0.465500020980835,85.37999725341797
2006-11-17,10.050000190734863,0.46069998741149903,85.29000091552734
2006-11-20,9.970000267028809,0.45949997901916506,85.27999877929688
2006-11-21,9.899999618530273,0.45780000686645506,85.12000274658203
2006-11-22,10.140000343322754,0.4567999839782715,84.52999877929688
2006-11-23,,,84.31999969482422
2006-11-24,10.729999542236328,0.4547999858856201,83.5999984741211
2006-11-27,12.300000190734863,0.45380001068115233,83.41000366210938
2006-11-28,11.619999885559082,0.4508999824523926,83.11000061035156
2006-11-29,10.829999923706055,0.4520999908447266,83.3499984741211
2006-11-30,10.90999984741211,0.4458000183105469,82.8499984741211
2006-12-01,11.65999984741211,0.44250001907348635,82.41999816894531
2006-12-04,11.229999542236328,0.4433000087738037,82.41999816894531
2006-12-05,11.270000457763672,0.4441999912261963,82.4000015258789
2006-12-06,11.329999923706055,0.44809999465942385,82.7300033569336
2006-12-07,12.670000076293945,0.4482999801635742,82.7699966430664
2006-12-08,12.069999694824219,0.4552000045776367,83.30000305175781
2006-12-11,10.710000038146973,0.45199999809265134,83.08999633789062
2006-12-12,10.649999618530273,0.4491000175476074,82.95999908447266
2006-12-13,10.180000305175781,0.4577000141143799,83.37999725341797
2006-12-14,9.970000267028809,0.45949997901916506,83.66999816894531
2006-12-15,10.050000190734863,0.45970001220703127,84.06999969482422
2006-12-18,10.600000381469727,0.45869998931884765,84.19999694824219
2006-12-19,10.300000190734863,0.4598999977111816,83.16000366210938
2006-12-20,10.260000228881836,0.45949997901916506,83.25
2006-12-21,10.529999732971191,0.4548999786376953,83.26000213623047
2006-12-22,11.359999656677246,0.4624000072479248,83.66999816894531
2006-12-26,11.260000228881836,0.46030001640319823,83.81999969482422
2006-12-27,10.640000343322754,0.46539998054504395,83.69000244140625
2006-12-28,10.989999771118164,0.4690000057220459,83.55999755859375
2006-12-29,11.5600004196167,0.47100000381469725,83.43000030517578
2007-01-02,,,82.97000122070312
2007-01-03,12.039999961853027,0.4664000034332275,83.68000030517578
2007-01-04,11.510000228881836,0.46180000305175783,84.08999633789062
2007-01-05,12.140000343322754,0.4645999908447266,84.4000015258789
2007-01-08,12.0,0.46599998474121096,84.37000274658203
2007-01-09,11.90999984741211,0.46560001373291016,84.5199966430664
2007-01-10,11.470000267028809,0.4682000160217285,84.8499984741211
2007-01-11,10.869999885559082,0.47369999885559083,85.08999633789062
2007-01-12,10.149999618530273,0.47709999084472654,84.81999969482422
2007-01-16,10.739999771118164,0.4750999927520752,84.8499984741211
2007-01-17,10.59000015258789,0.4787000179290771,84.76000213623047
2007-01-18,10.850000381469727,0.4750999927520752,84.7300033569336
2007-01-19,10.399999618530273,0.47729997634887694,84.68000030517578
2007-01-22,10.770000457763672,0.47589998245239257,84.83999633789062
2007-01-23,10.34000015258789,0.48039999008178713,84.4800033569336
2007-01-24,9.890000343322754,0.4809999942779541,84.73999786376953
2007-01-25,11.220000267028809,0.48670001029968263,84.94999694824219
2007-01-26,11.130000114440918,0.4879000186920166,85.11000061035156
2007-01-29,11.449999809265137,0.4892000198364258,84.94000244140625
2007-01-30,10.960000038146973,0.4875,84.86000061035156
2007-01-31,10.420000076293945,0.4826000213623047,84.43000030517578
2007-02-01,10.3100004196167,0.48369998931884767,84.45999908447266
2007-02-02,10.079999923706055,0.4827000141143799,84.79000091552734
2007-02-05,10.550000190734863,0.4808000087738037,84.91999816894531
2007-02-06,10.649999618530273,0.4764999866485596,84.63999938964844
2007-02-07,10.319999694824219,0.4744999885559082,84.61000061035156
2007-02-08,10.4399995803833,0.47300000190734864,84.54000091552734
2007-02-09,11.100000381469727,0.47839999198913574,84.75
2007-02-12,11.609999656677246,0.48039999008178713,85.0
2007-02-13,10.34000015258789,0.4814000129699707,84.58999633789062
2007-02-14,10.229999542236328,0.47300000190734864,84.05999755859375
2007-02-15,10.220000267028809,0.47059998512268064,83.91000366210938
2007-02-16,10.020000457763672,0.4690000057220459,83.98999786376953
2007-02-20,10.239999771118164,0.4679999828338623,84.08000183105469
2007-02-21,10.199999809265137,0.46919999122619627,84.11000061035156
2007-02-22,10.180000305175781,0.47300000190734864,84.22000122070312
2007-02-23,10.579999923706055,0.4677999973297119,83.98999786376953
2007-02-26,11.149999618530273,0.463100004196167,83.83999633789062
2007-02-27,18.309999465942383,0.45130000114440916,83.37999725341797
2007-02-28,15.420000076293945,0.4550000190734863,83.5
2007-03-01,15.819999694824219,0.4556000232696533,83.58999633789062
2007-03-02,18.610000610351562,0.45149998664855956,83.63999938964844
2007-03-05,19.6299991607666,0.451800012588501,84.11000061035156
2007-03-06,15.960000038146973,0.45279998779296876,84.01000213623047
2007-03-07,15.239999771118164,0.44970002174377444,83.7300033569336
2007-03-08,14.289999961853027,0.4508999824523926,84.05999755859375
2007-03-09,14.09000015258789,0.45890002250671386,84.20999908447266
2007-03-12,13.989999771118164,0.45529999732971194,83.8499984741211
2007-03-13,18.1299991607666,0.4494999885559082,83.72000122070312
2007-03-14,17.270000457763672,0.45219998359680175,83.58000183105469
2007-03-15,16.43000030517578,0.4535999774932861,83.66000366210938
2007-03-16,16.790000915527344,0.4545000076293945,83.2300033569336
2007-03-19,14.59000015258789,0.45710000991821287,83.30000305175781
2007-03-20,13.270000457763672,0.4546999931335449,82.80999755859375
2007-03-21,12.1899995803833,0.451800012588501,82.48999786376953
2007-03-22,12.930000305175781,0.45890002250671386,82.80999755859375
2007-03-23,12.949999809265137,0.461299991607666,83.0
2007-03-26,13.15999984741211,0.45869998931884765,82.80000305175781
2007-03-27,13.479999542236328,0.4611999988555908,82.72000122070312
2007-03-28,14.979999542236328,0.4619999885559082,82.76000213623047
2007-03-29,15.140000343322754,0.4631999969482422,82.80999755859375
2007-03-30,14.640000343322754,0.46479997634887693,82.66000366210938
2007-04-02,14.529999732971191,0.4642000198364258,82.62000274658203
2007-04-03,13.460000038146973,0.4664000034332275,82.91000366210938
2007-04-04,13.239999771118164,0.46519999504089354,82.70999908447266
2007-04-05,13.229999542236328,0.46739997863769533,82.44999694824219
2007-04-09,13.140000343322754,0.4744999885559082,82.88500213623047
2007-04-10,12.680000305175781,0.47239999771118163,82.4800033569336
2007-04-11,13.489999771118164,0.47389998435974123,82.44000244140625
2007-04-12,12.710000038146973,0.47369999885559083,82.16000366210938
2007-04-13,12.199999809265137,0.4761000156402588,81.92500305175781
2007-04-16,11.979999542236328,0.47350001335144043,81.87000274658203
2007-04-17,12.140000343322754,0.4688000202178955,81.62999725341797
2007-04-18,12.420000076293945,0.46539998054504395,81.5199966430664
2007-04-19,12.539999961853027,0.46700000762939453,81.47000122070312
2007-04-20,12.069999694824219,0.46719999313354493,81.44999694824219
2007-04-23,13.039999961853027,0.46500000953674314,81.55000305175781
2007-04-24,13.119999885559082,0.4622000217437744,81.36000061035156
2007-04-25,13.210000038146973,0.4645999908447266,81.25
2007-04-26,12.789999961853027,0.4684000015258789,81.56999969482422
2007-04-27,12.449999809265137,0.4697999954223633,81.3499984741211
2007-04-30,14.220000267028809,0.4630000114440918,81.30000305175781
2007-05-01,13.510000228881836,0.4642000198364258,81.43000030517578
2007-05-02,13.079999923706055,0.4645999908447266,81.58999633789062
2007-05-03,13.09000015258789,0.46739997863769533,81.81999969482422
2007-05-04,12.90999984741211,0.46399998664855957,81.62000274658203
2007-05-07,13.149999618530273,0.46360001564025877,81.54000091552734
2007-05-08,13.210000038146973,0.46339998245239256,81.80999755859375
2007-05-09,12.880000114440918,0.46680002212524413,81.88999938964844
2007-05-10,13.600000381469727,0.46479997634887693,82.18000030517578
2007-05-11,12.949999809265137,0.46700000762939453,82.0199966430664
2007-05-14,13.960000038146973,0.4690000057220459,81.97000122070312
2007-05-15,14.010000228881836,0.47119998931884766,81.66000366210938
2007-05-16,13.5,0.47080001831054685,82.05000305175781
2007-05-17,13.510000228881836,0.475600004196167,82.2300033569336
2007-05-18,12.760000228881836,0.48039999008178713,82.11000061035156
2007-05-21,13.300000190734863,0.47880001068115235,82.26000213623047
2007-05-22,13.0600004196167,0.48309998512268065,82.30999755859375
2007-05-23,13.239999771118164,0.4859000205993652,82.22000122070312
2007-05-24,14.079999923706055,0.485699987411499,82.33999633789062
2007-05-25,13.34000015258789,0.4861000061035156,82.2699966430664
2007-05-29,13.529999732971191,0.4881999969482422,82.23999786376953
2007-05-30,12.829999923706055,0.48779997825622556,82.3499984741211
2007-05-31,13.050000190734863,0.4889999866485596,82.25
2007-06-01,12.779999732971191,0.49559998512268066,82.29000091552734
2007-06-04,13.289999961853027,0.4928999900817871,82.0
2007-06-05,13.630000114440918,0.49759998321533205,81.86000061035156
2007-06-06,14.869999885559082,0.49699997901916504,81.83999633789062
2007-06-07,17.059999465942383,0.5098999977111817,82.29000091552734
2007-06-08,14.84000015258789,0.5118000030517578,82.69000244140625
2007-06-11,14.710000038146973,0.513700008392334,82.70999908447266
2007-06-12,16.670000076293945,0.5248000144958496,82.88999938964844
2007-06-13,14.729999542236328,0.5199999809265137,83.01000213623047
2007-06-14,13.640000343322754,0.5217000007629394,83.1500015258789
2007-06-15,13.9399995803833,0.5171000003814697,82.86000061035156
2007-06-18,13.420000076293945,0.5142000198364258,82.78399658203125
2007-06-19,12.850000381469727,0.5085999965667725,82.30999755859375
2007-06-20,14.670000076293945,0.5123000144958496,82.2699966430664
2007-06-21,14.210000038146973,0.5163000106811524,82.48999786376953
2007-06-22,15.75,0.5138000011444092,82.11000061035156
2007-06-25,16.649999618530273,0.5078000068664551,82.11000061035156
2007-06-26,18.889999389648438,0.510099983215332,82.05000305175781
2007-06-27,15.529999732971191,0.5070000171661377,82.05999755859375
2007-06-28,15.539999961853027,0.5118000030517578,82.0999984741211
2007-06-29,16.229999542236328,0.5032999992370606,81.69000244140625
2007-07-02,15.399999618530273,0.4998000144958496,81.16999816894531
2007-07-03,14.920000076293945,0.5050000190734864,81.19999694824219
2007-07-05,15.479999542236328,0.5144000053405762,81.30999755859375
2007-07-06,14.720000267028809,0.5195000171661377,81.26000213623047
2007-07-09,15.15999984741211,0.5158999919891357,81.20999908447266
2007-07-10,17.56999969482422,0.5038000106811523,80.6500015258789
2007-07-11,16.639999389648438,0.5079999923706054,80.5250015258789
2007-07-12,15.539999961853027,0.5116000175476074,80.44999694824219
2007-07-13,15.149999618530273,0.510699987411499,80.38999938964844
2007-07-16,15.59000015258789,0.504099988937378,80.33999633789062
2007-07-17,15.630000114440918,0.5078000068664551,80.37000274658203
2007-07-18,16.0,0.5010000228881836,80.25
2007-07-19,15.229999542236328,0.5027999877929688,80.2699966430664
2007-07-20,16.950000762939453,0.49559998512268066,80.1500015258789
2007-07-23,16.809999465942383,0.4964000225067139,80.22000122070312
2007-07-24,18.549999237060547,0.4943999767303467,79.93000030517578
2007-07-25,18.100000381469727,0.49039998054504397,80.5199966430664
2007-07-26,20.739999771118164,0.47769999504089355,80.30000305175781
2007-07-27,24.170000076293945,0.47880001068115235,80.80999755859375
2007-07-30,20.8700008392334,0.48039999008178713,80.72000122070312
2007-07-31,23.520000457763672,0.47709999084472654,80.66000366210938
2007-08-01,23.670000076293945,0.47589998245239257,80.75
2007-08-02,21.219999313354492,0.4752999782562256,80.6050033569336
2007-08-03,25.15999984741211,0.4699999809265137,80.05999755859375
2007-08-06,22.940000534057617,0.4730999946594238,80.13999938964844
2007-08-07,21.559999465942383,0.4743000030517578,80.37000274658203
2007-08-08,21.450000762939453,0.48600001335144044,80.2249984741211
2007-08-09,26.479999542236328,0.47899999618530276,80.66000366210938
2007-08-10,28.299999237060547,0.4776000022888184,80.59500122070312
2007-08-13,26.56999969482422,0.47779998779296873,80.97000122070312
2007-08-14,27.68000030517578,0.47319998741149905,81.43000030517578
2007-08-15,30.670000076293945,0.47059998512268064,81.76000213623047
2007-08-16,30.829999923706055,0.45999999046325685,81.72000122070312
2007-08-17,29.989999771118164,0.4672999858856201,81.36000061035156
2007-08-20,26.329999923706055,0.46339998245239256,81.37999725341797
2007-08-21,25.25,0.4590000152587891,81.47000122070312
2007-08-22,22.889999389648438,0.4619999885559082,81.22000122070312
2007-08-23,22.6200008392334,0.46180000305175783,81.11000061035156
2007-08-24,20.719999313354492,0.4632999897003174,80.61000061035156
2007-08-27,22.719999313354492,0.45960001945495604,80.70999908447266
2007-08-28,26.299999237060547,0.45300002098083497,80.72000122070312
2007-08-29,23.809999465942383,0.45529999732971194,80.63999938964844
2007-08-30,25.059999465942383,0.4501999855041504,80.76000213623047
2007-08-31,23.3799991607666,0.45370001792907716,80.74500274658203
2007-09-04,22.780000686645508,0.4558000087738037,80.8499984741211
2007-09-05,24.579999923706055,0.44730000495910643,80.56999969482422
2007-09-06,23.989999771118164,0.45,80.44999694824219
2007-09-07,26.229999542236328,0.4368000030517578,79.91000366210938
2007-09-10,27.3799991607666,0.4323999881744385,79.80999755859375
2007-09-11,25.270000457763672,0.4363999843597412,79.66999816894531
2007-09-12,24.959999084472656,0.44079999923706054,79.33999633789062
2007-09-13,24.760000228881836,0.448199987411499,79.4800033569336
2007-09-14,24.920000076293945,0.44619998931884763,79.62000274658203
2007-09-17,26.479999542236328,0.44699997901916505,79.6520004272461
2007-09-18,20.350000381469727,0.4480000019073486,79.05999755859375
2007-09-19,20.030000686645508,0.45240001678466796,79.19000244140625
2007-09-20,20.450000762939453,0.46719999313354493,78.4800033569336
2007-09-21,19.0,0.4631999969482422,78.4800033569336
2007-09-24,19.3700008392334,0.4624000072479248,78.41999816894531
2007-09-25,18.600000381469727,0.4613999843597412,78.19499969482422
2007-09-26,17.6299991607666,0.4619999885559082,78.4000015258789
2007-09-27,17.0,0.45729999542236327,78.24500274658203
2007-09-28,18.0,0.4578999996185303,77.625
2007-10-01,17.84000015258789,0.4557000160217285,77.80999755859375
2007-10-02,18.489999771118164,0.45289998054504393,78.19999694824219
2007-10-03,18.799999237060547,0.4543000221252441,78.45999908447266
2007-10-04,18.440000534057617,0.452299976348877,78.37999725341797
2007-10-05,16.90999984741211,0.46399998664855957,78.23500061035156
2007-10-08,17.459999084472656,0.46380000114440917,78.55000305175781
2007-10-09,16.1200008392334,0.46510000228881837,78.41000366210938
2007-10-10,16.670000076293945,0.46469998359680176,78.30000305175781
2007-10-11,18.8799991607666,0.46589999198913573,78.0
2007-10-12,17.729999542236328,0.4686999797821045,78.16000366210938
2007-10-15,19.25,0.4672999858856201,78.0250015258789
2007-10-16,20.020000457763672,0.465500020980835,78.19000244140625
2007-10-17,18.540000915527344,0.45460000038146975,78.04000091552734
2007-10-18,18.5,0.4502999782562256,77.5199966430664
2007-10-19,22.959999084472656,0.44010000228881835,77.37000274658203
2007-10-22,21.639999389648438,0.439300012588501,78.0250015258789
2007-10-23,20.40999984741211,0.44050002098083496,77.5250015258789
2007-10-24,20.799999237060547,0.43309998512268066,77.52999877929688
2007-10-25,21.170000076293945,0.43520002365112304,77.2300033569336
2007-10-26,19.559999465942383,0.4388999938964844,76.9800033569336
2007-10-29,19.8700008392334,0.43829998970031736,76.79000091552734
2007-10-30,21.06999969482422,0.43829998970031736,76.7300033569336
2007-10-31,18.530000686645508,0.44749999046325684,76.45999908447266
2007-11-01,23.209999084472656,0.4361000061035156,76.55999755859375
2007-11-02,23.010000228881836,0.42909998893737794,76.30000305175781
2007-11-05,24.309999465942383,0.43179998397827146,76.38999938964844
2007-11-06,21.389999389648438,0.435699987411499,76.02999877929688
2007-11-07,26.489999771118164,0.43340001106262205,75.41000366210938
2007-11-08,26.15999984741211,0.42729997634887695,75.45500183105469
2007-11-09,28.5,0.4224999904632568,75.38999938964844
2007-11-12,31.09000015258789,0.42109999656677244,75.91500091552734
2007-11-13,24.100000381469727,0.425600004196167,75.9000015258789
2007-11-14,25.940000534057617,0.42690000534057615,75.80999755859375
2007-11-15,28.059999465942383,0.41589999198913574,76.06999969482422
2007-11-16,25.489999771118164,0.41500000953674315,75.83999633789062
2007-11-19,26.010000228881836,0.4078999996185303,75.80000305175781
2007-11-20,24.8799991607666,0.4053999900817871,75.20999908447266
2007-11-21,26.84000015258789,0.40240001678466797,75.08999633789062
2007-11-23,25.610000610351562,0.401200008392334,75.06999969482422
2007-11-26,28.90999984741211,0.38469998836517333,74.86000061035156
2007-11-27,26.280000686645508,0.3944000005722046,75.08000183105469
2007-11-28,24.110000610351562,0.40250000953674314,75.1050033569336
2007-11-29,23.969999313354492,0.3940000057220459,75.62000274658203
2007-11-30,22.8700008392334,0.39719998836517334,76.16999816894531
2007-12-03,23.610000610351562,0.38949999809265134,75.93000030517578
2007-12-04,23.790000915527344,0.3888999938964844,75.7249984741211
2007-12-05,22.530000686645508,0.39110000133514405,76.44999694824219
2007-12-06,20.959999084472656,0.3997999906539917,76.41999816894531
2007-12-07,20.850000381469727,0.4119999885559082,76.33999633789062
2007-12-10,20.739999771118164,0.414900016784668,76.0999984741211
2007-12-11,23.59000015258789,0.3990000009536743,76.26000213623047
2007-12-12,22.469999313354492,0.40760002136230467,76.16000366210938
2007-12-13,22.559999465942383,0.41700000762939454,76.58499908447266
2007-12-14,23.270000457763672,0.423199987411499,77.44000244140625
2007-12-17,24.520000457763672,0.4192999839782715,77.46499633789062
2007-12-18,22.639999389648438,0.4119999885559082,77.43000030517578
2007-12-19,21.68000030517578,0.4070000171661377,77.62000274658203
2007-12-20,20.579999923706055,0.40260000228881837,77.80999755859375
2007-12-21,18.469999313354492,0.41680002212524414,77.73999786376953
2007-12-24,18.600000381469727,0.42119998931884767,77.55999755859375
2007-12-26,18.65999984741211,0.4281000137329102,77.18000030517578
2007-12-27,20.260000228881836,0.41989998817443847,76.5999984741211
2007-12-28,20.739999771118164,0.40960001945495605,76.23500061035156
2007-12-31,22.5,0.40349998474121096,76.61000061035156
2008-01-02,23.170000076293945,0.39010000228881836,76.01000213623047
2008-01-03,22.489999771118164,0.39010000228881836,75.91999816894531
2008-01-04,23.940000534057617,0.38540000915527345,75.81999969482422
2008-01-07,23.790000915527344,0.38389999866485597,76.19999694824219
2008-01-08,25.43000030517578,0.38399999141693114,76.12000274658203
2008-01-09,24.1200008392334,0.37909998893737795,76.45999908447266
2008-01-10,23.450000762939453,0.388700008392334,76.0
2008-01-11,23.68000030517578,0.3809999942779541,76.04000091552734
2008-01-14,22.899999618530273,0.37929999828338623,75.69999694824219
2008-01-15,23.34000015258789,0.37009999752044676,75.66000366210938
2008-01-16,24.3799991607666,0.3711999893188477,76.36000061035156
2008-01-17,28.459999084472656,0.36400001049041747,76.30000305175781
2008-01-18,27.18000030517578,0.3648000001907349,76.5
2008-01-22,31.010000228881836,0.3483999967575073,76.54000091552734
2008-01-23,29.020000457763672,0.34260001182556155,76.57499694824219
2008-01-24,27.780000686645508,0.36400001049041747,75.87000274658203
2008-01-25,29.079999923706055,0.3584000110626221,76.11499786376953
2008-01-28,27.780000686645508,0.35859999656677244,75.69999694824219
2008-01-29,27.31999969482422,0.3657999992370605,75.66500091552734
2008-01-30,27.6200008392334,0.3733000040054321,75.13999938964844
2008-01-31,26.200000762939453,0.36389999389648436,75.28500366210938
2008-02-01,24.020000457763672,0.3599999904632568,75.56500244140625
2008-02-04,25.989999771118164,0.36429998874664304,75.47000122070312
2008-02-05,28.239999771118164,0.35869998931884767,76.28500366210938
2008-02-06,28.969999313354492,0.3614000082015991,76.30000305175781
2008-02-07,27.65999984741211,0.3736000061035156,77.12000274658203
2008-02-08,28.010000228881836,0.36540000438690184,76.81999969482422
2008-02-11,27.600000381469727,0.3618000030517578,76.73500061035156
2008-02-12,26.329999923706055,0.3678999900817871,76.44999694824219
2008-02-13,24.8799991607666,0.36940000057220457,76.52999877929688
2008-02-14,25.540000915527344,0.3818000078201294,76.23999786376953
2008-02-15,25.020000457763672,0.37799999713897703,76.20999908447266
2008-02-19,25.59000015258789,0.3875,76.07499694824219
2008-02-20,24.399999618530273,0.391700005531311,76.22000122070312
2008-02-21,25.1200008392334,0.37839999198913576,75.6500015258789
2008-02-22,24.059999465942383,0.3789999961853027,75.57499694824219
2008-02-25,23.030000686645508,0.39019999504089353,75.55000305175781
2008-02-26,21.899999618530273,0.38599998950958253,74.79000091552734
2008-02-27,22.690000534057617,0.38499999046325684,74.26499938964844
2008-02-28,23.530000686645508,0.37149999141693113,73.7750015258789
2008-02-29,26.540000915527344,0.35339999198913574,73.75
2008-03-03,26.280000686645508,0.35339999198913574,73.73500061035156
2008-03-04,25.520000457763672,0.35789999961853025,73.69499969482422
2008-03-05,24.600000381469727,0.3693000078201294,73.48999786376953
2008-03-06,27.549999237060547,0.3621999979019165,73.04000091552734
2008-03-07,27.489999771118164,0.35409998893737793,73.04499816894531
2008-03-10,29.3799991607666,0.3437999963760376,73.0199966430664
2008-03-11,26.360000610351562,0.35959999561309813,73.29000091552734
2008-03-12,27.219999313354492,0.34830000400543215,72.43000030517578
2008-03-13,27.290000915527344,0.35339999198913574,72.08000183105469
2008-03-14,31.15999984741211,0.3421000003814697,71.67500305175781
2008-03-17,32.2400016784668,0.3313999891281128,71.30400085449219
2008-03-18,25.790000915527344,0.3450999975204468,72.04000091552734
2008-03-19,29.84000015258789,0.3361999988555908,72.62000274658203
2008-03-20,26.6200008392334,0.33280000686645506,73.2300033569336
2008-03-24,25.729999542236328,0.35220000743865965,73.33000183105469
2008-03-25,25.719999313354492,0.3492000102996826,72.69000244140625
2008-03-26,26.079999923706055,0.349399995803833,71.87999725341797
2008-03-27,25.8799991607666,0.35339999198913574,72.04000091552734
2008-03-28,25.709999084472656,0.34660000801086427,72.1050033569336
2008-03-31,25.610000610351562,0.3431999921798706,72.16500091552734
2008-04-01,22.68000030517578,0.35450000762939454,72.96499633789062
2008-04-02,23.43000030517578,0.358299994468689,72.66999816894531
2008-04-03,23.209999084472656,0.3591000080108643,72.48500061035156
2008-04-04,22.450000762939453,0.3480999946594238,72.36000061035156
2008-04-07,22.420000076293945,0.3555999994277954,72.5
2008-04-08,22.360000610351562,0.3558000087738037,72.52999877929688
2008-04-09,22.809999465942383,0.34660000801086427,72.12000274658203
2008-04-10,21.979999542236328,0.35320000648498534,72.41999816894531
2008-04-11,23.459999084472656,0.3470999956130981,72.06500244140625
2008-04-14,23.81999969482422,0.3503000020980835,72.12999725341797
2008-04-15,22.780000686645508,0.3569999933242798,72.29000091552734
2008-04-16,20.530000686645508,0.3696000099182129,71.6449966430664
2008-04-17,20.3700008392334,0.37290000915527344,71.92500305175781
2008-04-18,20.1299991607666,0.3743000030517578,72.25499725341797
2008-04-21,20.5,0.3711999893188477,71.87999725341797
2008-04-22,20.8700008392334,0.37200000286102297,71.54000091552734
2008-04-23,20.260000228881836,0.3730000019073486,72.05000305175781
2008-04-24,20.059999465942383,0.382699990272522,72.7750015258789
2008-04-25,19.59000015258789,0.3865999937057495,73.02999877929688
2008-04-28,19.639999389648438,0.3835000038146973,72.80000305175781
2008-04-29,20.239999771118164,0.3825000047683716,73.1050033569336
2008-04-30,20.790000915527344,0.37590000629425047,72.72000122070312
2008-05-01,18.8799991607666,0.3749000072479248,73.4800033569336
2008-05-02,18.18000030517578,0.3845000028610229,73.69000244140625
2008-05-05,18.899999618530273,0.3845000028610229,73.375
2008-05-06,18.209999084472656,0.38929998874664307,73.17500305175781
2008-05-07,19.729999542236328,0.3867000102996826,73.69000244140625
2008-05-08,19.399999618530273,0.3805000066757202,73.66500091552734
2008-05-09,19.40999984741211,0.3766999959945679,73.2249984741211
2008-05-12,17.790000915527344,0.3775000095367432,73.12000274658203
2008-05-13,17.979999542236328,0.3908999919891357,73.43499755859375
2008-05-14,17.65999984741211,0.3937999963760376,73.56500244140625
2008-05-15,16.299999237060547,0.38429999351501465,73.48999786376953
2008-05-16,16.469999313354492,0.38499999046325684,72.95999908447266
2008-05-19,17.010000228881836,0.38389999866485597,73.17500305175781
2008-05-20,17.579999923706055,0.37760000228881835,72.5199966430664
2008-05-21,18.59000015258789,0.3822000026702881,72.08000183105469
2008-05-22,18.049999237060547,0.39210000038146975,72.4000015258789
2008-05-23,19.549999237060547,0.38310000896453855,71.97000122070312
2008-05-27,19.639999389648438,0.39210000038146975,72.41999816894531
2008-05-28,19.06999969482422,0.40089998245239256,72.625
2008-05-29,18.139999389648438,0.4078999996185303,73.1050033569336
2008-05-30,17.829999923706055,0.4046000003814697,72.94999694824219
2008-06-02,19.829999923706055,0.39709999561309817,72.98999786376953
2008-06-03,20.239999771118164,0.38980000019073485,73.30000305175781
2008-06-04,20.799999237060547,0.3940000057220459,73.50499725341797
2008-06-05,18.6299991607666,0.40250000953674314,73.07499694824219
2008-06-06,23.559999465942383,0.3937999963760376,72.43000030517578
2008-06-09,23.1200008392334,0.3992000102996826,72.875
2008-06-10,23.18000030517578,0.40989999771118163,73.73999786376953
2008-06-11,24.1200008392334,0.4072999954223633,73.23500061035156
2008-06-12,23.329999923706055,0.4204999923706055,73.87999725341797
2008-06-13,21.219999313354492,0.4261000156402588,74.16999816894531
2008-06-16,20.950000762939453,0.4244999885559082,73.68499755859375
2008-06-17,21.1299991607666,0.4224999904632568,73.92500305175781
2008-06-18,22.239999771118164,0.41539998054504396,73.83999633789062
2008-06-19,21.579999923706055,0.41989998817443847,73.87000274658203
2008-06-20,22.8700008392334,0.413700008392334,73.37999725341797
2008-06-23,22.639999389648438,0.41680002212524414,73.81500244140625
2008-06-24,22.420000076293945,0.41050000190734864,73.5999984741211
2008-06-25,21.139999389648438,0.4114999771118164,73.29000091552734
2008-06-26,23.93000030517578,0.40329999923706056,72.79000091552734
2008-06-27,23.440000534057617,0.3990000009536743,72.66999816894531
2008-06-30,23.950000762939453,0.39790000915527346,72.80000305175781
2008-07-01,23.649999618530273,0.3992000102996826,72.66999816894531
2008-07-02,25.920000076293945,0.39590001106262207,72.33499908447266
2008-07-03,24.780000686645508,0.39730000495910645,73.07499694824219
2008-07-07,25.780000686645508,0.3930000066757202,72.97000122070312
2008-07-08,23.149999618530273,0.3880000114440918,73.31500244140625
2008-07-09,25.229999542236328,0.38340001106262206,72.87000274658203
2008-07-10,25.59000015258789,0.3811000108718872,72.76499938964844
2008-07-11,27.489999771118164,0.3940000057220459,72.34500122070312
2008-07-14,28.479999542236328,0.3880000114440918,72.16999816894531
2008-07-15,28.540000915527344,0.38440001010894775,
2008-07-16,25.100000381469727,0.3934000015258789,72.33499908447266
2008-07-17,25.010000228881836,0.40380001068115234,72.49500274658203
2008-07-18,24.049999237060547,0.40809998512268064,72.42500305175781
2008-07-21,23.049999237060547,0.40669999122619627,72.22000122070312
2008-07-22,21.18000030517578,0.40970001220703123,72.67500305175781
2008-07-23,21.309999465942383,0.41479997634887694,73.04000091552734
2008-07-24,23.440000534057617,0.40159997940063474,73.125
2008-07-25,22.90999984741211,0.4111000061035156,73.07499694824219
2008-07-28,24.229999542236328,0.40180001258850095,72.86000061035156
2008-07-29,22.030000686645508,0.40440001487731936,73.50499725341797
2008-07-30,21.209999084472656,0.4047999858856201,73.51000213623047
2008-07-31,22.940000534057617,0.39790000915527346,73.41999816894531
2008-08-01,22.56999969482422,0.39479999542236327,73.5999984741211
2008-08-04,23.489999771118164,0.39719998836517334,73.62000274658203
2008-08-05,21.139999389648438,0.4006999969482422,74.05500030517578
2008-08-06,20.229999542236328,0.4047999858856201,74.41000366210938
2008-08-07,21.149999618530273,0.3934999942779541,74.7249984741211
2008-08-08,20.65999984741211,0.3950000047683716,76.01000213623047
2008-08-11,20.1200008392334,0.40019998550415037,76.31500244140625
2008-08-12,21.170000076293945,0.39179999828338624,76.31999969482422
2008-08-13,21.549999237060547,0.3947000026702881,76.38500213623047
2008-08-14,20.34000015258789,0.3891999959945679,76.83499908447266
2008-08-15,19.579999923706055,0.3851999998092651,77.3499984741211
2008-08-18,20.979999542236328,0.38159999847412107,77.2699966430664
2008-08-19,21.280000686645508,0.3842000007629395,76.98500061035156
2008-08-20,20.420000076293945,0.37990000247955324,77.09500122070312
2008-08-21,19.81999969482422,0.38380000591278074,76.33000183105469
2008-08-22,18.809999465942383,0.3867000102996826,76.8949966430664
2008-08-25,20.969999313354492,0.37909998893737795,76.90499877929688
2008-08-26,20.489999771118164,0.37839999198913576,77.34500122070312
2008-08-27,19.760000228881836,0.37720000743865967,77.19499969482422
2008-08-28,19.43000030517578,0.3795000076293945,77.25499725341797
2008-08-29,20.649999618530273,0.3812999963760376,77.5
2008-09-02,21.989999771118164,0.3746000051498413,78.13999938964844
2008-09-03,21.43000030517578,0.3697000026702881,78.16500091552734
2008-09-04,24.030000686645508,0.36429998874664304,78.68499755859375
2008-09-05,23.059999465942383,0.36600000858306886,79.0
2008-09-08,22.639999389648438,0.3664999961853027,79.65499877929688
2008-09-09,25.469999313354492,0.35959999561309813,79.29000091552734
2008-09-10,24.520000457763672,0.3641000032424927,79.875
2008-09-11,24.389999389648438,0.3621999979019165,80.1500015258789
2008-09-12,25.65999984741211,0.3730000019073486,78.9749984741211
2008-09-15,31.700000762939453,0.34830000400543215,78.79000091552734
2008-09-16,30.299999237060547,0.3490999937057495,79.52999877929688
2008-09-17,36.220001220703125,0.34100000858306884,78.08999633789062
2008-09-18,33.099998474121094,0.3437000036239624,78.06500244140625
2008-09-19,32.06999969482422,0.37690000534057616,77.94000244140625
2008-09-22,33.849998474121094,0.38259999752044677,76.375
2008-09-23,35.720001220703125,0.38410000801086425,76.6500015258789
2008-09-24,35.189998626708984,0.37709999084472656,76.87999725341797
2008-09-25,32.81999969482422,0.3861999988555908,77.11000061035156
2008-09-26,34.7400016784668,0.382699990272522,77.04499816894531
2008-09-29,46.720001220703125,0.3631999969482422,77.52999877929688
2008-09-30,39.38999938964844,0.382699990272522,79.36000061035156
2008-10-01,39.810001373291016,0.37679998874664306,79.53500366210938
2008-10-02,45.2599983215332,0.36459999084472655,80.63999938964844
2008-10-03,45.13999938964844,0.36440000534057615,80.58000183105469
2008-10-06,52.04999923706055,0.34260001182556155,81.94999694824219
2008-10-07,53.68000030517578,0.350600004196167,81.22000122070312
2008-10-08,57.529998779296875,0.37149999141693113,81.04499816894531
2008-10-09,63.91999816894531,0.38340001106262206,81.36499786376953
2008-10-10,69.94999694824219,0.38610000610351564,83.30999755859375
2008-10-13,54.9900016784668,0.38610000610351564,82.21499633789062
2008-10-14,55.130001068115234,0.40229997634887693,81.63999938964844
2008-10-15,69.25,0.40110001564025877,82.34500122070312
2008-10-16,67.61000061035156,0.39360001087188723,82.77999877929688
2008-10-17,70.33000183105469,0.3937999963760376,82.83499908447266
2008-10-20,52.970001220703125,0.3885999917984009,83.4749984741211
2008-10-21,53.11000061035156,0.3703000068664551,84.41500091552734
2008-10-22,69.6500015258789,0.3618000030517578,85.79000091552734
2008-10-23,67.80000305175781,0.35339999198913574,85.79000091552734
2008-10-24,79.12999725341797,0.3697000026702881,86.94999694824219
2008-10-27,80.05999755859375,0.37290000915527344,87.61000061035156
2008-10-28,66.95999908447266,0.3819999933242798,87.5999984741211
2008-10-29,69.95999908447266,0.3874000072479248,85.63500213623047
2008-10-30,62.900001525878906,0.3938999891281128,85.25499725341797
2008-10-31,59.88999938964844,0.39700000286102294,86.34500122070312
2008-11-03,53.68000030517578,0.39040000438690187,86.98500061035156
2008-11-04,47.72999954223633,0.3765000104904175,85.37000274658203
2008-11-05,54.560001373291016,0.36940000057220457,85.12999725341797
2008-11-06,63.68000030517578,0.37070000171661377,86.45999908447266
2008-11-07,56.099998474121094,0.37799999713897703,86.44999694824219
2008-11-10,59.97999954223633,0.3759999990463257,86.38999938964844
2008-11-11,61.439998626708984,0.3755000114440918,87.69000244140625
2008-11-12,66.45999908447266,0.3664999961853027,88.05000305175781
2008-11-13,59.83000183105469,0.3818000078201294,87.40499877929688
2008-11-14,66.30999755859375,0.375,86.78500366210938
2008-11-17,69.1500015258789,0.36840000152587893,87.13999938964844
2008-11-18,67.63999938964844,0.35350000858306885,87.75
2008-11-19,74.26000213623047,0.3391000032424927,87.56500244140625
2008-11-20,80.86000061035156,0.31440000534057616,88.29499816894531
2008-11-21,72.66999816894531,0.31670000553131106,88.41500091552734
2008-11-24,64.69999694824219,0.33399999141693115,86.27999877929688
2008-11-25,60.900001525878906,0.30920000076293946,85.05999755859375
2008-11-26,54.91999816894531,0.3000999927520752,85.73500061035156
2008-11-28,55.279998779296875,0.29570000171661376,86.70500183105469
2008-12-01,68.51000213623047,0.27190001010894777,86.9000015258789
2008-12-02,62.97999954223633,0.2693000078201294,86.81999969482422
2008-12-03,60.720001220703125,0.26760001182556153,87.16500091552734
2008-12-04,63.63999938964844,0.2569999933242798,86.54499816894531
2008-12-05,59.93000030517578,0.2657000064849854,87.19000244140625
2008-12-08,58.4900016784668,0.2733999967575073,85.5999984741211
2008-12-09,58.90999984741211,0.2668999910354614,85.875
2008-12-10,55.72999954223633,0.2684000015258789,85.55000305175781
2008-12-11,55.779998779296875,0.26480000019073485,83.88999938964844
2008-12-12,54.279998779296875,0.25889999866485597,83.62999725341797
2008-12-15,56.7599983215332,0.25329999923706054,82.26300048828125
2008-12-16,52.369998931884766,0.23629999160766602,81.59500122070312
2008-12-17,49.84000015258789,0.2190000057220459,80.07499694824219
2008-12-18,47.34000015258789,0.20739998817443847,80.61499786376953
2008-12-19,44.93000030517578,0.21310000419616698,82.43499755859375
2008-12-22,44.560001373291016,0.21410000324249268,82.08000183105469
2008-12-23,45.02000045776367,0.21630001068115234,82.18499755859375
2008-12-24,44.209999084472656,0.21789999008178712,81.9749984741211
2008-12-26,43.380001068115234,0.213700008392334,81.69000244140625
2008-12-29,43.900001525878906,0.20959999561309814,81.5250015258789
2008-12-30,41.630001068115234,0.20869998931884765,81.77999877929688
2008-12-31,40.0,0.22439999580383302,82.1500015258789
2009-01-02,39.189998626708984,0.24159998893737794,82.80500030517578
2009-01-05,39.08000183105469,0.24879999160766603,83.57499694824219
2009-01-06,38.560001373291016,0.2505000114440918,83.72000122070312
2009-01-07,43.38999938964844,0.249399995803833,83.11499786376953
2009-01-08,42.560001373291016,0.2444999933242798,82.33499908447266
2009-01-09,42.81999969482422,0.24070000648498535,83.45500183105469
2009-01-12,45.84000015258789,0.23090000152587892,83.74500274658203
2009-01-13,43.27000045776367,0.22969999313354492,84.99500274658203
2009-01-14,49.13999938964844,0.22130000591278076,85.16999816894531
2009-01-15,51.0,0.2200999975204468,85.15499877929688
2009-01-16,46.11000061035156,0.2303999900817871,84.83499908447266
2009-01-20,56.650001525878906,0.23450000286102296,86.86499786376953
2009-01-21,46.41999816894531,0.25260000228881835,86.51499938964844
2009-01-22,47.290000915527344,0.25940001010894775,86.12999725341797
2009-01-23,47.27000045776367,0.2621999979019165,86.19000244140625
2009-01-26,45.689998626708984,0.26429998874664307,85.20500183105469
2009-01-27,42.25,0.25190000534057616,84.93000030517578
2009-01-28,39.65999984741211,0.26559998989105227,85.20999908447266
2009-01-29,42.630001068115234,0.2815000057220459,85.75499725341797
2009-01-30,44.84000015258789,0.2844000101089478,86.45999908447266
2009-02-02,45.52000045776367,0.27190001010894777,86.4800033569336
2009-02-03,43.060001373291016,0.28420000076293944,85.43000030517578
2009-02-04,43.849998474121094,0.29140000343322753,86.07499694824219
2009-02-05,43.72999954223633,0.29000000953674315,86.36000061035156
2009-02-06,43.369998931884766,0.2979000091552734,85.6449966430664
2009-02-09,43.63999938964844,0.30269999504089357,85.05000305175781
2009-02-10,46.66999816894531,0.28469998836517335,86.13500213623047
2009-02-11,44.529998779296875,0.276200008392334,86.125
2009-02-12,41.25,0.2726999998092651,86.90499877929688
2009-02-13,42.93000030517578,0.28819999694824217,86.32499694824219
2009-02-17,48.65999984741211,0.2661999940872192,87.91999816894531
2009-02-18,48.459999084472656,0.27279999256134035,88.33000183105469
2009-02-19,47.08000183105469,0.2857000112533569,87.75
2009-02-20,49.29999923706055,0.2772000074386597,86.69999694824219
2009-02-23,52.619998931884766,0.27769999504089354,87.43000030517578
2009-02-24,45.4900016784668,0.2799000024795532,87.05000305175781
2009-02-25,44.66999816894531,0.2944999933242798,88.12000274658203
2009-02-26,44.65999984741211,0.2977999925613403,87.875
2009-02-27,46.349998474121094,0.30409998893737794,88.1500015258789
2009-03-02,52.650001525878906,0.29189999103546144,89.06999969482422
2009-03-03,50.93000030517578,0.2937999963760376,89.0199966430664
2009-03-04,47.560001373291016,0.30109999179840086,88.69999694824219
2009-03-05,50.16999816894531,0.2819000005722046,89.19999694824219
2009-03-06,49.33000183105469,0.28280000686645507,88.55000305175781
2009-03-09,49.68000030517578,0.2885999917984009,89.0
2009-03-10,44.369998931884766,0.29820001125335693,88.94000244140625
2009-03-11,43.61000061035156,0.29159998893737793,87.88500213623047
2009-03-12,41.18000030517578,0.28919999599456786,87.66500091552734
2009-03-13,42.36000061035156,0.2884999990463257,87.45500183105469
2009-03-16,43.7400016784668,0.2950999975204468,86.88999938964844
2009-03-17,40.79999923706055,0.3003000020980835,87.34500122070312
2009-03-18,40.060001373291016,0.25329999923706054,84.9800033569336
2009-03-19,43.68000030517578,0.25969998836517333,83.63999938964844
2009-03-20,45.88999938964844,0.2625,84.33999633789062
2009-03-23,43.22999954223633,0.2660000085830688,83.94999694824219
2009-03-24,42.93000030517578,0.26540000438690187,84.33000183105469
2009-03-25,42.25,0.2772000074386597,84.29499816894531
2009-03-26,40.36000061035156,0.27330000400543214,84.61000061035156
2009-03-27,41.040000915527344,0.2760999917984009,85.58000183105469
2009-03-30,45.540000915527344,0.271399998664856,86.30000305175781
2009-03-31,44.13999938964844,0.2684999942779541,85.8949966430664
2009-04-01,42.279998779296875,0.26579999923706055,85.95999908447266
2009-04-02,42.040000915527344,0.2752000093460083,84.88999938964844
2009-04-03,39.70000076293945,0.29070000648498534,84.55500030517578
2009-04-06,40.93000030517578,0.29389998912811277,85.07499694824219
2009-04-07,40.38999938964844,0.29089999198913574,85.66500091552734
2009-04-08,38.849998474121094,0.28469998836517335,85.70999908447266
2009-04-09,36.529998779296875,0.2926000118255615,86.07499694824219
2009-04-13,37.810001373291016,0.28450000286102295,84.93000030517578
2009-04-14,37.66999816894531,0.27860000133514407,84.92500305175781
2009-04-15,36.16999816894531,0.2759000062942505,85.36000061035156
2009-04-16,35.790000915527344,0.28299999237060547,85.5
2009-04-17,33.939998626708984,0.29300000667572024,86.29499816894531
2009-04-20,39.18000030517578,0.28429999351501467,86.9800033569336
2009-04-21,37.13999938964844,0.29019999504089355,86.88999938964844
2009-04-22,38.099998474121094,0.29639999866485595,86.48500061035156
2009-04-23,37.150001525878906,0.29270000457763673,85.75499725341797
2009-04-24,36.81999969482422,0.2996000051498413,84.91999816894531
2009-04-27,38.31999969482422,0.2921000003814697,85.91999816894531
2009-04-28,37.95000076293945,0.3002000093460083,85.32499694824219
2009-04-29,36.08000183105469,0.30959999561309814,84.65499877929688
2009-04-30,36.5,0.3124000072479248,84.7750015258789
2009-05-01,35.29999923706055,0.31740000247955324,84.70500183105469
2009-05-04,34.529998779296875,0.31570000648498536,84.11499786376953
2009-05-05,33.36000061035156,0.31570000648498536,84.29499816894531
2009-05-06,32.45000076293945,0.3151999950408936,83.94000244140625
2009-05-07,33.439998626708984,0.3295000076293945,84.1050033569336
2009-05-08,32.04999923706055,0.32929999828338624,82.63999938964844
2009-05-11,32.869998931884766,0.3180000066757202,82.79499816894531
2009-05-12,31.799999237060547,0.3174999952316284,82.41999816894531
2009-05-13,33.650001525878906,0.3105000019073486,82.625
2009-05-14,31.3700008392334,0.31070001125335694,82.37000274658203
2009-05-15,33.119998931884766,0.3122999906539917,83.1500015258789
2009-05-18,30.239999771118164,0.32109999656677246,82.75499725341797
2009-05-19,28.799999237060547,0.3243000030517578,82.05500030517578
2009-05-20,29.030000686645508,0.320199990272522,81.08000183105469
2009-05-21,31.350000381469727,0.33529999256134035,80.63999938964844
2009-05-22,32.630001068115234,0.3447999954223633,80.05500030517578
2009-05-26,30.6200008392334,0.3493000030517578,80.20500183105469
2009-05-27,32.36000061035156,0.3694999933242798,80.41500091552734
2009-05-28,31.670000076293945,0.3671999931335449,80.5
2009-05-29,28.920000076293945,0.34649999141693116,79.43000030517578
2009-06-01,30.040000915527344,0.37149999141693113,79.16000366210938
2009-06-02,29.6299991607666,0.36440000534057615,78.47000122070312
2009-06-03,31.020000457763672,0.3551000118255615,79.53500366210938
2009-06-04,30.18000030517578,0.37160000801086424,79.44999694824219
2009-06-05,29.6200008392334,0.3861999988555908,80.7300033569336
2009-06-08,29.770000457763672,0.3888999938964844,80.97000122070312
2009-06-09,28.270000457763672,0.38580000400543213,79.82499694824219
2009-06-10,28.459999084472656,0.39360001087188723,80.33999633789062
2009-06-11,28.110000610351562,0.3861999988555908,79.43000030517578
2009-06-12,28.149999618530273,0.3788000106811523,80.17500305175781
2009-06-15,30.809999465942383,0.3713000059127808,80.86100006103516
2009-06-16,32.68000030517578,0.36740000247955323,81.12999725341797
2009-06-17,31.540000915527344,0.36470000743865966,80.57499694824219
2009-06-18,30.030000686645508,0.38340001106262206,81.01000213623047
2009-06-19,27.989999771118164,0.37890000343322755,80.62999725341797
2009-06-22,31.170000076293945,0.3693000078201294,81.13999938964844
2009-06-23,30.579999923706055,0.36400001049041747,80.17500305175781
2009-06-24,29.049999237060547,0.3684999942779541,80.87999725341797
2009-06-25,26.360000610351562,0.3546000003814697,80.69000244140625
2009-06-26,25.93000030517578,0.350600004196167,80.1050033569336
2009-06-29,25.350000381469727,0.3492000102996826,80.11499786376953
2009-06-30,26.350000381469727,0.3523000001907349,80.42500305175781
2009-07-01,26.219999313354492,0.35439999103546144,79.875
2009-07-02,27.950000762939453,0.3494999885559082,80.49500274658203
2009-07-06,29.0,0.350600004196167,80.69499969482422
2009-07-07,30.850000381469727,0.34600000381469725,80.86499786376953
2009-07-08,31.299999237060547,0.32890000343322756,81.00499725341797
2009-07-09,29.780000686645508,0.34130001068115234,80.05000305175781
2009-07-10,29.020000457763672,0.3295000076293945,80.43000030517578
2009-07-13,26.309999465942383,0.33459999561309817,80.30000305175781
2009-07-14,25.020000457763672,0.3447000026702881,80.37000274658203
2009-07-15,25.889999389648438,0.35959999561309813,79.45999908447266
2009-07-16,25.420000076293945,0.3556999921798706,79.37000274658203
2009-07-17,24.34000015258789,0.36510000228881834,79.50499725341797
2009-07-20,24.399999618530273,0.35850000381469727,79.05000305175781
2009-07-21,23.8700008392334,0.34769999980926514,79.08999633789062
2009-07-22,23.469999313354492,0.35539999008178713,78.86000061035156
2009-07-23,23.43000030517578,0.37090001106262205,78.97000122070312
2009-07-24,23.09000015258789,0.36700000762939455,78.8949966430664
2009-07-27,24.280000686645508,0.3713000059127808,78.75499725341797
2009-07-28,25.010000228881836,0.3687999963760376,79.0
2009-07-29,25.610000610351562,0.36640000343322754,79.78500366210938
2009-07-30,25.399999618530273,0.3641000032424927,79.40499877929688
2009-07-31,25.920000076293945,0.3500999927520752,78.44999694824219
2009-08-03,25.559999465942383,0.36389999389648436,77.75
2009-08-04,24.889999389648438,0.3678999900817871,77.87999725341797
2009-08-05,24.899999618530273,0.3763999938964844,77.6050033569336
2009-08-06,25.670000076293945,0.3746000051498413,78.15499877929688
2009-08-07,24.760000228881836,0.38540000915527345,79.1050033569336
2009-08-10,24.989999771118164,0.37709999084472656,79.38500213623047
2009-08-11,25.989999771118164,0.3693000078201294,79.28500366210938
2009-08-12,25.450000762939453,0.37009999752044676,78.9000015258789
2009-08-13,24.709999084472656,0.3591000080108643,78.58000183105469
2009-08-14,24.270000457763672,0.3558000087738037,79.00499725341797
2009-08-17,27.889999389648438,0.3490999937057495,79.4000015258789
2009-08-18,26.18000030517578,0.3526000022888184,79.03500366210938
2009-08-19,26.260000228881836,0.34630000591278076,78.54499816894531
2009-08-20,25.09000015258789,0.3434999942779541,78.44999694824219
2009-08-21,25.010000228881836,0.3555999994277954,78.0999984741211
2009-08-24,25.139999389648438,0.349399995803833,78.33000183105469
2009-08-25,24.920000076293945,0.34500000476837156,78.29499816894531
2009-08-26,24.950000762939453,0.3437999963760376,78.72000122070312
2009-08-27,24.68000030517578,0.34619998931884766,78.05500030517578
2009-08-28,24.760000228881836,0.3450999975204468,78.38500213623047
2009-08-31,26.010000228881836,0.34010000228881837,78.22000122070312
2009-09-01,29.149999618530273,0.3375,78.80500030517578
2009-09-02,28.899999618530273,0.3295000076293945,78.43499755859375
2009-09-03,27.100000381469727,0.33280000686645506,78.5199966430664
2009-09-04,25.260000228881836,0.34419999122619627,78.16500091552734
2009-09-08,25.6200008392334,0.3469000101089478,77.33999633789062
2009-09-09,24.31999969482422,0.3479000091552734,77.0999984741211
2009-09-10,23.549999237060547,0.33420000076293943,76.83000183105469
2009-09-11,24.149999618530273,0.33429999351501466,76.63999938964844
2009-09-14,23.860000610351562,0.3405999898910522,76.73200225830078
2009-09-15,23.420000076293945,0.34519999027252196,76.78500366210938
2009-09-16,23.690000534057617,0.3470999956130981,76.4749984741211
2009-09-17,23.649999618530273,0.33980000019073486,76.43000030517578
2009-09-18,23.920000076293945,0.34739999771118163,76.66999816894531
2009-09-21,24.059999465942383,0.34869999885559083,77.0
2009-09-22,23.079999923706055,0.3456000089645386,76.3499984741211
2009-09-23,23.489999771118164,0.34179999828338625,76.29499816894531
2009-09-24,24.950000762939453,0.338100004196167,77.11499786376953
2009-09-25,25.610000610351562,0.3328999996185303,77.01499938964844
2009-09-28,24.8799991607666,0.3302000045776367,77.2699966430664
2009-09-29,25.190000534057617,0.329200005531311,77.36000061035156
2009-09-30,25.610000610351562,0.3306999921798706,76.86000061035156
2009-10-01,28.270000457763672,0.3194000005722046,77.41500091552734
2009-10-02,28.68000030517578,0.32209999561309816,77.21499633789062
2009-10-05,26.84000015258789,0.32239999771118166,76.83499908447266
2009-10-06,25.700000762939453,0.3247999906539917,76.49500274658203
2009-10-07,24.68000030517578,0.3174999952316284,76.66500091552734
2009-10-08,24.18000030517578,0.3255000114440918,76.12999725341797
2009-10-09,23.1200008392334,0.3384000062942505,76.62000274658203
2009-10-12,23.010000228881836,0.3380000114440918,76.29000091552734
2009-10-13,22.989999771118164,0.3312000036239624,76.16500091552734
2009-10-14,22.860000610351562,0.34230000972747804,75.7249984741211
2009-10-15,21.719999313354492,0.34700000286102295,75.66000366210938
2009-10-16,21.43000030517578,0.341700005531311,75.7699966430664
2009-10-19,21.489999771118164,0.33949999809265136,75.50499725341797
2009-10-20,20.899999618530273,0.33369998931884765,75.7300033569336
2009-10-21,22.219999313354492,0.34110000133514407,75.11000061035156
2009-10-22,20.690000534057617,0.3421000003814697,75.23999786376953
2009-10-23,22.270000457763672,0.34749999046325686,75.5999984741211
2009-10-26,24.309999465942383,0.35539999008178713,76.19499969482422
2009-10-27,24.829999923706055,0.34619998931884766,76.27999877929688
2009-10-28,27.90999984741211,0.34110000133514407,76.58499908447266
2009-10-29,24.760000228881836,0.3500999927520752,76.06500244140625
2009-10-30,30.690000534057617,0.33919999599456785,76.4749984741211
2009-11-02,29.780000686645508,0.34219999313354493,76.45999908447266
2009-11-03,28.809999465942383,0.34730000495910646,76.56999969482422
2009-11-04,27.719999313354492,0.3546000003814697,75.82499694824219
2009-11-05,25.43000030517578,0.35329999923706057,75.86499786376953
2009-11-06,24.190000534057617,0.3503000020980835,75.94000244140625
2009-11-09,23.149999618530273,0.3486000061035156,75.13500213623047
2009-11-10,22.84000015258789,0.3482000112533569,75.11000061035156
2009-11-11,23.040000915527344,0.34739999771118163,75.26000213623047
2009-11-12,24.239999771118164,0.3446000099182129,75.69499969482422
2009-11-13,23.360000610351562,0.3428999900817871,75.42500305175781
2009-11-16,22.889999389648438,0.33310000896453856,74.91999816894531
2009-11-17,22.40999984741211,0.3319000005722046,75.46499633789062
2009-11-18,21.6299991607666,0.3365999937057495,75.26499938964844
2009-11-19,22.6299991607666,0.3348999977111816,75.37000274658203
2009-11-20,22.190000534057617,0.3355999946594238,75.7300033569336
2009-11-23,21.15999984741211,0.3364000082015991,75.16999816894531
2009-11-24,20.469999313354492,0.3316999912261963,75.125
2009-11-25,20.479999542236328,0.32790000438690187,74.32499694824219
2009-11-27,24.739999771118164,0.32309999465942385,75.04000091552734
2009-11-30,24.510000228881836,0.32009999752044677,74.93499755859375
2009-12-01,21.920000076293945,0.3275000095367432,74.41500091552734
2009-12-02,21.1200008392334,0.33229999542236327,74.70500183105469
2009-12-03,22.459999084472656,0.3380000114440918,74.66999816894531
2009-12-04,21.25,0.34830000400543215,75.97000122070312
2009-12-07,22.100000381469727,0.3447999954223633,75.80999755859375
2009-12-08,23.690000534057617,0.33919999599456785,76.33000183105469
2009-12-09,22.65999984741211,0.34230000972747804,76.05500030517578
2009-12-10,22.31999969482422,0.3482000112533569,76.06999969482422
2009-12-11,21.59000015258789,0.35399999618530276,76.58499908447266
2009-12-14,21.149999618530273,0.3546000003814697,76.41400146484375
2009-12-15,21.489999771118164,0.3602999925613403,77.30000305175781
2009-12-16,20.540000915527344,0.35959999561309813,77.33499908447266
2009-12-17,22.510000228881836,0.34869999885559083,78.08999633789062
2009-12-18,21.68000030517578,0.3546000003814697,78.19499969482422
2009-12-21,20.489999771118164,0.3681999921798706,78.41999816894531
2009-12-22,19.540000915527344,0.374399995803833,78.61000061035156
2009-12-23,19.709999084472656,0.3747999906539917,78.2300033569336
2009-12-24,19.469999313354492,0.3806999921798706,78.17500305175781
2009-12-28,19.93000030517578,0.3842000007629395,78.01499938964844
2009-12-29,20.010000228881836,0.3809000015258789,78.18499755859375
2009-12-30,19.959999084472656,0.37839999198913576,78.2750015258789
2009-12-31,21.68000030517578,0.38429999351501465,78.22000122070312
2010-01-04,20.040000915527344,0.38410000801086425,77.83000183105469
2010-01-05,19.350000381469727,0.3755000114440918,77.8499984741211
2010-01-06,19.15999984741211,0.3808000087738037,77.65499877929688
2010-01-07,19.059999465942383,0.3822000026702881,78.1050033569336
2010-01-08,18.1299991607666,0.3808000087738037,77.65499877929688
2010-01-11,17.549999237060547,0.3818000078201294,77.16000366210938
2010-01-12,18.25,0.37190001010894774,77.12000274658203
2010-01-13,17.850000381469727,0.37829999923706054,76.98999786376953
2010-01-14,17.6299991607666,0.37339999675750735,76.88500213623047
2010-01-15,17.90999984741211,0.3676000118255615,77.4800033569336
2010-01-19,17.579999923706055,0.37070000171661377,77.6500015258789
2010-01-20,18.68000030517578,0.36589999198913575,78.5
2010-01-21,22.270000457763672,0.3611000061035156,78.51499938964844
2010-01-22,27.309999465942383,0.35980000495910647,78.43000030517578
2010-01-25,25.40999984741211,0.3630000114440918,78.3499984741211
2010-01-26,24.549999237060547,0.3630000114440918,78.61000061035156
2010-01-27,23.139999389648438,0.36440000534057615,78.87000274658203
2010-01-28,23.729999542236328,0.3657999992370605,79.0999984741211
2010-01-29,24.6200008392334,0.36089999675750734,79.6500015258789
2010-02-01,22.59000015258789,0.36540000438690184,79.41999816894531
2010-02-02,21.479999542236328,0.3634999990463257,79.18000030517578
2010-02-03,21.600000381469727,0.3703000068664551,79.55000305175781
2010-02-04,26.079999923706055,0.3609999895095825,80.07499694824219
2010-02-05,26.110000610351562,0.3546000003814697,80.59500122070312
2010-02-08,26.510000228881836,0.35920000076293945,80.44000244140625
2010-02-09,26.0,0.3632999897003174,79.98999786376953
2010-02-10,25.399999618530273,0.36940000057220457,80.13999938964844
2010-02-11,23.959999084472656,0.3733000040054321,80.0999984741211
2010-02-12,22.729999542236328,0.3693000078201294,80.41000366210938
2010-02-16,22.25,0.36640000343322754,79.75499725341797
2010-02-17,21.719999313354492,0.37420001029968264,80.4749984741211
2010-02-18,20.6299991607666,0.3802999973297119,80.46499633789062
2010-02-19,20.020000457763672,0.37820000648498536,80.72000122070312
2010-02-22,19.940000534057617,0.37990000247955324,80.58499908447266
2010-02-23,21.3700008392334,0.3690999984741211,80.91000366210938
2010-02-24,20.270000457763672,0.3694999933242798,80.91500091552734
2010-02-25,20.100000381469727,0.36419999599456787,80.86000061035156
2010-02-26,19.5,0.35950000286102296,80.44000244140625
2010-03-01,19.260000228881836,0.36059999465942383,80.70500183105469
2010-03-02,19.059999465942383,0.3614000082015991,80.57499694824219
2010-03-03,18.829999923706055,0.3625,80.0199966430664
2010-03-04,18.719999313354492,0.36059999465942383,80.58499908447266
2010-03-05,17.420000076293945,0.3681999921798706,80.45999908447266
2010-03-08,17.790000915527344,0.37079999446868894,80.45500183105469
2010-03-09,17.920000076293945,0.37009999752044676,80.6050033569336
2010-03-10,18.56999969482422,0.37200000286102297,80.46499633789062
2010-03-11,18.059999465942383,0.37200000286102297,80.31500244140625
2010-03-12,17.579999923706055,0.3710000038146973,79.83999633789062
2010-03-15,18.0,0.37039999961853026,80.17500305175781
2010-03-16,17.690000534057617,0.36530001163482667,79.99500274658203
2010-03-17,16.90999984741211,0.36419999599456787,79.8499984741211
2010-03-18,16.6200008392334,0.3671999931335449,80.44000244140625
2010-03-19,16.969999313354492,0.3687000036239624,80.9749984741211
2010-03-22,16.8700008392334,0.36630001068115237,80.88300323486328
2010-03-23,16.350000381469727,0.3680000066757202,81.11799621582031
2010-03-24,17.549999237060547,0.3828999996185303,82.10600280761719
2010-03-25,18.399999618530273,0.39010000228881836,82.40499877929688
2010-03-26,17.770000457763672,0.3855000019073486,81.97799682617188
2010-03-29,17.59000015258789,0.38640000820159914,81.6240005493164
2010-03-30,17.1299991607666,0.3868000030517578,81.73799896240234
2010-03-31,17.59000015258789,0.38329999446868895,81.29100036621094
2010-04-01,17.469999313354492,0.3858999967575073,80.97200012207031
2010-04-05,17.020000457763672,0.399399995803833,81.25399780273438
2010-04-06,16.229999542236328,0.39679999351501466,81.56999969482422
2010-04-07,16.6200008392334,0.38629999160766604,81.61199951171875
2010-04-08,16.479999542236328,0.3895999908447266,81.70099639892578
2010-04-09,16.139999389648438,0.38880000114440916,81.24099731445312
2010-04-12,15.579999923706055,0.38459999561309816,80.69200134277344
2010-04-13,16.200000762939453,0.3811000108718872,80.625
2010-04-14,15.59000015258789,0.3855000019073486,80.29100036621094
2010-04-15,15.890000343322754,0.38480000495910643,80.58499908447266
2010-04-16,18.360000610351562,0.3769999980926514,80.94400024414062
2010-04-19,17.34000015258789,0.3806999921798706,81.1050033569336
2010-04-20,15.729999542236328,0.3805000066757202,81.14099884033203
2010-04-21,16.31999969482422,0.373799991607666,81.26599884033203
2010-04-22,16.469999313354492,0.37720000743865967,81.68199920654297
2010-04-23,16.6200008392334,0.3816999912261963,81.49800109863281
2010-04-26,17.469999313354492,0.3815000057220459,81.61499786376953
2010-04-27,22.809999465942383,0.3690000057220459,82.30999755859375
2010-04-28,21.079999923706055,0.37730000019073484,82.53500366210938
2010-04-29,18.440000534057617,0.37279999256134033,82.16100311279297
2010-04-30,22.049999237060547,0.36630001068115237,81.99099731445312
2010-05-03,20.190000534057617,0.3704999923706055,82.39900207519531
2010-05-04,23.84000015258789,0.361299991607666,83.4209976196289
2010-05-05,24.90999984741211,0.3549999952316284,84.19999694824219
2010-05-06,32.79999923706055,0.33980000019073486,85.0469970703125
2010-05-07,40.95000076293945,0.3428999900817871,84.65899658203125
2010-05-10,28.84000015258789,0.35390000343322753,84.33499908447266
2010-05-11,28.31999969482422,0.35350000858306885,84.61299896240234
2010-05-12,25.520000457763672,0.3566999912261963,84.96700286865234
2010-05-13,26.68000030517578,0.35639998912811277,85.34200286865234
2010-05-14,31.239999771118164,0.34419999122619627,86.23100280761719
2010-05-17,30.84000015258789,0.34719998836517335,86.37699890136719
2010-05-18,33.54999923706055,0.3375999927520752,87.31500244140625
2010-05-19,35.31999969482422,0.3358999967575073,86.54000091552734
2010-05-20,45.790000915527344,0.3263999938964844,85.70600128173828
2010-05-21,40.099998474121094,0.3200000047683716,85.53700256347656
2010-05-24,38.31999969482422,0.3226999998092651,86.33699798583984
2010-05-25,34.61000061035156,0.31579999923706054,86.88800048828125
2010-05-26,35.02000045776367,0.32179999351501465,87.24400329589844
2010-05-27,29.68000030517578,0.33380000591278075,86.28199768066406
2010-05-28,32.06999969482422,0.33010001182556153,86.58200073242188
2010-06-01,35.540000915527344,0.32960000038146975,86.7249984741211
2010-06-02,30.170000076293945,0.33340001106262207,86.87699890136719
2010-06-03,29.459999084472656,0.3378999948501587,87.21399688720703
2010-06-04,35.47999954223633,0.3194999933242798,88.31500244140625
2010-06-07,36.56999969482422,0.3184000015258789,88.46299743652344
2010-06-08,33.70000076293945,0.31679999828338623,88.4729995727539
2010-06-09,33.72999954223633,0.3187000036239624,87.93499755859375
2010-06-10,30.56999969482422,0.3319000005722046,87.16600036621094
2010-06-11,28.790000915527344,0.32160000801086425,87.51699829101562
2010-06-14,28.579999923706055,0.3275000095367432,86.50399780273438
2010-06-15,25.8700008392334,0.3309999942779541,86.29000091552734
2010-06-16,25.920000076293945,0.3282000064849854,86.38600158691406
2010-06-17,25.049999237060547,0.3190000057220459,85.98200225830078
2010-06-18,23.950000762939453,0.32230000495910643,85.97599792480469
2010-06-21,24.8799991607666,0.3243000030517578,86.23899841308594
2010-06-22,27.049999237060547,0.31659998893737795,86.40799713134766
2010-06-23,26.90999984741211,0.3115000009536743,86.0479965209961
2010-06-24,29.739999771118164,0.3122999906539917,86.01699829101562
2010-06-25,28.530000686645508,0.311299991607666,85.5790023803711
2010-06-28,29.0,0.30320000648498535,85.9219970703125
2010-06-29,34.130001068115234,0.29670000076293945,86.33999633789062
2010-06-30,34.540000915527344,0.2950999975204468,86.28099822998047
2010-07-01,32.86000061035156,0.29270000457763673,84.98400115966797
2010-07-02,30.1200008392334,0.2979000091552734,84.66999816894531
2010-07-06,29.649999618530273,0.2931999921798706,84.30599975585938
2010-07-07,26.84000015258789,0.29800000190734866,84.03800201416016
2010-07-08,25.709999084472656,0.3019999980926514,84.03600311279297
2010-07-09,24.979999542236328,0.3055999994277954,84.1520004272461
2010-07-12,24.43000030517578,0.3046000003814697,84.40699768066406
2010-07-13,24.559999465942383,0.31140000820159913,83.82099914550781
2010-07-14,24.889999389648438,0.3049999952316284,83.5979995727539
2010-07-15,25.139999389648438,0.2977999925613403,82.74299621582031
2010-07-16,26.25,0.29389998912811277,82.65799713134766
2010-07-19,25.969999313354492,0.29639999866485595,82.70500183105469
2010-07-20,23.93000030517578,0.2931999921798706,82.92900085449219
2010-07-21,25.639999389648438,0.28919999599456786,83.59300231933594
2010-07-22,24.6299991607666,0.2931999921798706,82.78199768066406
2010-07-23,23.469999313354492,0.29939999580383303,82.62899780273438
2010-07-26,22.729999542236328,0.29939999580383303,82.24199676513672
2010-07-27,23.190000534057617,0.3046999931335449,82.3280029296875
2010-07-28,24.25,0.3000999927520752,82.30999755859375
2010-07-29,24.1299991607666,0.2999000072479248,81.75399780273438
2010-07-30,23.5,0.29070000648498534,81.65499877929688
2010-08-02,22.010000228881836,0.2963000059127808,81.05500030517578
2010-08-03,22.6299991607666,0.29140000343322753,80.68399810791016
2010-08-04,22.209999084472656,0.295199990272522,80.99199676513672
2010-08-05,22.100000381469727,0.29149999618530276,80.93000030517578
2010-08-06,21.739999771118164,0.28239998817443845,80.49600219726562
2010-08-09,22.139999389648438,0.2822000026702881,80.78900146484375
2010-08-10,22.3700008392334,0.2780999898910522,80.92400360107422
2010-08-11,25.389999389648438,0.2684999942779541,82.4280014038086
2010-08-12,25.729999542236328,0.27349998950958254,82.76699829101562
2010-08-13,26.239999771118164,0.2687999963760376,83.03800201416016
2010-08-16,26.100000381469727,0.2575000047683716,82.63500213623047
2010-08-17,24.329999923706055,0.26449999809265134,82.3239974975586
2010-08-18,24.59000015258789,0.26410000324249266,82.30999755859375
2010-08-19,26.440000534057617,0.2578999996185303,82.54000091552734
2010-08-20,25.489999771118164,0.2611999988555908,83.16000366210938
2010-08-23,25.65999984741211,0.26070001125335696,83.22799682617188
2010-08-24,27.459999084472656,0.2499000072479248,83.20600128173828
2010-08-25,26.700000762939453,0.2538000106811523,83.33100128173828
2010-08-26,27.3700008392334,0.2499000072479248,82.98300170898438
2010-08-27,24.450000762939453,0.26519999504089353,82.96800231933594
2010-08-30,27.209999084472656,0.2545000076293945,83.22599792480469
2010-08-31,26.049999237060547,0.24769999980926513,83.25399780273438
2010-09-01,23.889999389648438,0.2582000017166138,82.54900360107422
2010-09-02,23.190000534057617,0.2628000020980835,82.5009994506836
2010-09-03,21.309999465942383,0.27060000896453856,82.1240005493164
2010-09-07,23.799999237060547,0.2608999967575073,82.84400177001953
2010-09-08,23.25,0.26540000438690187,82.58000183105469
2010-09-09,22.809999465942383,0.2760999917984009,82.69000244140625
2010-09-10,21.989999771118164,0.27950000762939453,82.70099639892578
2010-09-13,21.209999084472656,0.2740999937057495,82.09200286865234
2010-09-14,21.559999465942383,0.2665999889373779,81.33899688720703
2010-09-15,22.100000381469727,0.27230000495910645,81.7509994506836
2010-09-16,21.719999313354492,0.2759000062942505,81.5009994506836
2010-09-17,22.010000228881836,0.2746000051498413,81.64099884033203
2010-09-20,21.5,0.27060000896453856,81.58200073242188
2010-09-21,22.350000381469727,0.25940001010894775,80.6729965209961
2010-09-22,22.510000228881836,0.254800009727478,80.06400299072266
2010-09-23,23.8700008392334,0.2555000066757202,80.24700164794922
2010-09-24,21.709999084472656,0.2611999988555908,79.5989990234375
2010-09-27,22.540000915527344,0.2516999959945679,79.55400085449219
2010-09-28,22.600000381469727,0.24560000896453857,79.21199798583984
2010-09-29,23.25,0.250600004196167,78.90499877929688
2010-09-30,23.700000762939453,0.2516999959945679,78.93800354003906
2010-10-01,22.5,0.25260000228881835,78.31300354003906
2010-10-04,23.530000686645508,0.24790000915527344,78.65799713134766
2010-10-05,21.760000228881836,0.24739999771118165,77.96700286865234
2010-10-06,21.489999771118164,0.23989999294281006,77.62000274658203
2010-10-07,21.559999465942383,0.23959999084472655,77.64199829101562
2010-10-08,20.709999084472656,0.238100004196167,77.56300354003906
2010-10-11,18.959999084472656,,77.66400146484375
2010-10-12,18.93000030517578,0.24219999313354493,77.58799743652344
2010-10-13,19.06999969482422,0.24309999942779542,77.28700256347656
2010-10-14,19.8799991607666,0.24949998855590821,76.88099670410156
2010-10-15,19.030000686645508,0.25759999752044677,77.26799774169922
2010-10-18,19.09000015258789,0.2490999937057495,77.13700103759766
2010-10-19,20.6299991607666,0.24749999046325682,78.4209976196289
2010-10-20,19.790000915527344,0.24700000286102294,77.41400146484375
2010-10-21,19.270000457763672,0.25309998989105226,77.63400268554688
2010-10-22,18.780000686645508,0.2562999963760376,77.68499755859375
2010-10-25,19.850000381469727,0.2553999900817871,77.3030014038086
2010-10-26,20.219999313354492,0.2635999917984009,77.91000366210938
2010-10-27,20.709999084472656,0.27119998931884765,78.37699890136719
2010-10-28,20.8799991607666,0.26610000133514405,77.50299835205078
2010-10-29,21.200000762939453,0.2611999988555908,77.45700073242188
2010-11-01,21.829999923706055,0.2628000020980835,77.48100280761719
2010-11-02,21.56999969482422,0.25940001010894775,76.89199829101562
2010-11-03,19.559999465942383,0.261899995803833,76.62300109863281
2010-11-04,18.520000457763672,0.24839999675750732,76.0
2010-11-05,18.260000228881836,0.25360000133514404,76.69100189208984
2010-11-08,18.290000915527344,0.2562999963760376,77.16400146484375
2010-11-09,19.079999923706055,0.2658999919891357,77.58399963378906
2010-11-10,18.469999313354492,0.26480000019073485,77.7699966430664
2010-11-11,18.639999389648438,0.26480000019073485,78.35600280761719
2010-11-12,20.610000610351562,0.275600004196167,78.23100280761719
2010-11-15,20.200000762939453,0.291100001335144,78.6729965209961
2010-11-16,22.579999923706055,0.28469998836517335,79.33300018310547
2010-11-17,21.760000228881836,0.2864000082015991,79.20999908447266
2010-11-18,18.75,0.29019999504089355,78.72899627685547
2010-11-19,18.040000915527344,0.2875,78.59400177001953
2010-11-22,18.3700008392334,0.2812999963760376,78.76799774169922
2010-11-23,20.6299991607666,0.276200008392334,79.76200103759766
2010-11-24,19.559999465942383,0.29140000343322753,79.93900299072266
2010-11-26,22.219999313354492,0.2864000082015991,80.43299865722656
2010-11-29,21.530000686645508,0.2822000026702881,80.9020004272461
2010-11-30,23.540000915527344,0.27969999313354493,81.27100372314453
2010-12-01,21.360000610351562,0.29639999866485595,80.76200103759766
2010-12-02,19.389999389648438,0.3,80.33599853515625
2010-12-03,18.010000228881836,0.30169999599456787,79.40699768066406
2010-12-06,18.020000457763672,0.2940999984741211,79.5989990234375
2010-12-07,17.989999771118164,0.3164999961853027,79.86399841308594
2010-12-08,17.739999771118164,0.32360000610351564,80.00800323486328
2010-12-09,17.25,0.32230000495910643,80.08499908447266
2010-12-10,17.610000610351562,0.32960000038146975,80.06600189208984
2010-12-13,17.549999237060547,0.32829999923706055,79.63999938964844
2010-12-14,17.610000610351562,0.34549999237060547,79.69000244140625
2010-12-15,17.940000534057617,0.35199999809265137,80.58200073242188
2010-12-16,17.389999389648438,0.34769999980926514,80.54900360107422
2010-12-17,16.110000610351562,0.33299999237060546,80.75199890136719
2010-12-20,16.40999984741211,0.3348999977111816,80.97200012207031
2010-12-21,16.489999771118164,0.3325999975204468,81.06900024414062
2010-12-22,15.449999809265137,0.33459999561309817,81.072998046875
2010-12-23,16.469999313354492,0.3392999887466431,80.83200073242188
2010-12-27,17.670000076293945,0.33510000705718995,80.67900085449219
2010-12-28,17.520000457763672,0.3480999946594238,80.66999816894531
2010-12-29,17.280000686645508,0.33410000801086426,80.10199737548828
2010-12-30,17.520000457763672,0.336899995803833,79.7979965209961
2010-12-31,17.75,0.3305000066757202,79.28800201416016
2011-01-03,17.610000610351562,0.33420000076293943,79.38400268554688
2011-01-04,17.3799991607666,0.33459999561309817,79.6989974975586
2011-01-05,17.020000457763672,0.34830000400543215,80.53800201416016
2011-01-06,17.399999618530273,0.3418999910354614,81.09300231933594
2011-01-07,17.139999389648438,0.33280000686645506,81.32099914550781
2011-01-10,17.540000915527344,0.3303999900817871,81.16300201416016
2011-01-11,16.889999389648438,0.33410000801086426,81.13500213623047
2011-01-12,16.239999771118164,0.33550000190734863,80.25
2011-01-13,16.389999389648438,0.33010001182556153,79.40599822998047
2011-01-14,15.460000038146973,0.33329999446868896,79.36599731445312
2011-01-18,15.869999885559082,0.3364000082015991,79.16000366210938
2011-01-19,17.309999465942383,0.33369998931884765,78.81099700927734
2011-01-20,17.989999771118164,0.3459000110626221,78.98400115966797
2011-01-21,18.469999313354492,0.3415999889373779,78.37000274658203
2011-01-24,17.649999618530273,0.34079999923706056,78.19300079345703
2011-01-25,17.59000015258789,0.3319000005722046,78.1449966430664
2011-01-26,16.639999389648438,0.3427999973297119,78.03500366210938
2011-01-27,16.149999618530273,0.33849999904632566,77.85399627685547
2011-01-28,20.040000915527344,0.3328999996185303,78.27999877929688
2011-01-31,19.530000686645508,0.3378000020980835,77.86499786376953
2011-02-01,17.6299991607666,0.3443000078201294,77.19300079345703
2011-02-02,17.299999237060547,0.3489000082015991,77.27799987792969
2011-02-03,16.690000534057617,0.35409998893737793,77.86699676513672
2011-02-04,15.930000305175781,0.36519999504089357,78.15699768066406
2011-02-07,16.280000686645508,0.36440000534057615,78.12200164794922
2011-02-08,15.8100004196167,0.3724999904632568,78.09400177001953
2011-02-09,15.869999885559082,0.36419999599456787,77.72100067138672
2011-02-10,16.09000015258789,0.37079999446868894,78.3270034790039
2011-02-11,15.6899995803833,0.36459999084472655,78.56500244140625
2011-02-14,15.949999809265137,0.3614000082015991,78.71700286865234
2011-02-15,16.3700008392334,0.3615999937057495,78.66000366210938
2011-02-16,16.719999313354492,0.3621000051498413,78.2770004272461
2011-02-17,16.59000015258789,0.35739998817443847,78.06500244140625
2011-02-18,16.43000030517578,0.35889999866485595,77.72000122070312
2011-02-22,20.799999237060547,0.3460999965667725,77.822998046875
2011-02-23,22.1299991607666,0.34869999885559083,77.44400024414062
2011-02-24,21.31999969482422,0.3437999963760376,77.09600067138672
2011-02-25,19.219999313354492,0.34249999523162844,77.30000305175781
2011-02-28,18.350000381469727,0.3414000034332275,76.9209976196289
2011-03-01,21.010000228881836,0.3414000034332275,77.08300018310547
2011-03-02,20.700000762939453,0.34639999866485593,76.68900299072266
2011-03-03,18.600000381469727,0.35720000267028806,76.49500274658203
2011-03-04,19.059999465942383,0.3492000102996826,76.41600036621094
2011-03-07,20.65999984741211,0.3496999979019165,76.51399993896484
2011-03-08,19.81999969482422,0.35439999103546144,76.80000305175781
2011-03-09,20.219999313354492,0.3469000101089478,76.71900177001953
2011-03-10,21.8799991607666,0.3392999887466431,77.27400207519531
2011-03-11,20.079999923706055,0.3392999887466431,76.7699966430664
2011-03-14,21.1299991607666,0.33469998836517334,76.46199798583984
2011-03-15,24.31999969482422,0.33229999542236327,76.65599822998047
2011-03-16,29.399999618530273,0.32119998931884763,76.98600006103516
2011-03-17,26.3700008392334,0.3247999906539917,76.33999633789062
2011-03-18,24.440000534057617,0.32769999504089353,75.97100067138672
2011-03-21,20.610000610351562,0.33229999542236327,75.65499877929688
2011-03-22,20.209999084472656,0.3332000017166138,75.6729965209961
2011-03-23,19.170000076293945,0.33480000495910645,76.0459976196289
2011-03-24,18.0,0.3404000043869019,75.88800048828125
2011-03-25,17.90999984741211,0.3444000005722046,76.48500061035156
2011-03-28,19.440000534057617,0.3447999954223633,76.3759994506836
2011-03-29,18.15999984741211,0.3490999937057495,76.50199890136719
2011-03-30,17.709999084472656,0.34549999237060547,76.35700225830078
2011-03-31,17.739999771118164,0.3453999996185303,76.0719985961914
2011-04-01,17.399999618530273,0.3450999975204468,76.08300018310547
2011-04-04,17.5,0.3430999994277954,76.15899658203125
2011-04-05,17.25,0.34869999885559083,76.11100006103516
2011-04-06,16.899999618530273,0.35450000762939454,75.75700378417969
2011-04-07,17.110000610351562,0.35550000667572024,75.80999755859375
2011-04-08,17.8700008392334,0.3569999933242798,75.27300262451172
2011-04-11,16.59000015258789,0.3569999933242798,75.28199768066406
2011-04-12,17.09000015258789,0.35,75.06500244140625
2011-04-13,16.920000076293945,0.34660000801086427,75.19000244140625
2011-04-14,16.270000457763672,0.3484999895095825,74.88800048828125
2011-04-15,15.319999694824219,0.34100000858306884,75.02799987792969
2011-04-18,16.959999084472656,0.3371000051498413,75.7300033569336
2011-04-19,15.829999923706055,0.3355999946594238,75.2490005493164
2011-04-20,15.069999694824219,0.34000000953674314,74.56700134277344
2011-04-21,14.6899995803833,0.34000000953674314,74.18000030517578
2011-04-25,15.770000457763672,0.336299991607666,74.18099975585938
2011-04-26,15.619999885559082,0.33199999332427976,74.0250015258789
2011-04-27,15.350000381469727,0.33680000305175783,73.69100189208984
2011-04-28,14.619999885559082,0.3312000036239624,73.31099700927734
2011-04-29,14.75,0.32960000038146975,73.10700225830078
2011-05-02,15.989999771118164,0.32860000133514405,73.13899993896484
2011-05-03,16.700000762939453,0.3255000114440918,73.31500244140625
2011-05-04,17.079999923706055,0.32230000495910643,73.21299743652344
2011-05-05,18.200000762939453,0.31679999828338623,74.375
2011-05-06,18.399999618530273,0.31570000648498536,75.08000183105469
2011-05-09,17.15999984741211,0.3141999959945679,74.9000015258789
2011-05-10,15.90999984741211,0.3194999933242798,74.78199768066406
2011-05-11,16.950000762939453,0.31570000648498536,75.51699829101562
2011-05-12,16.030000686645508,0.3230000019073486,75.41699981689453
2011-05-13,17.06999969482422,0.3187000036239624,75.93800354003906
2011-05-16,18.239999771118164,0.31489999294281007,75.6510009765625
2011-05-17,17.549999237060547,0.3121000051498413,75.54499816894531
2011-05-18,16.229999542236328,0.31710000038146974,75.63200378417969
2011-05-19,15.520000457763672,0.31710000038146974,75.2770004272461
2011-05-20,17.43000030517578,0.3151999950408936,75.5790023803711
2011-05-23,18.270000457763672,0.31340000629425047,76.23400115966797
2011-05-24,17.81999969482422,0.3122999906539917,76.02300262451172
2011-05-25,17.06999969482422,0.3128999948501587,76.02999877929688
2011-05-26,16.09000015258789,0.3061000108718872,75.63200378417969
2011-05-27,15.979999542236328,0.3063999891281128,75.01799774169922
2011-05-31,15.449999809265137,0.3049999952316284,74.69599914550781
2011-06-01,18.299999237060547,0.2966000080108643,74.73100280761719
2011-06-02,18.09000015258789,0.3029999971389771,74.375
2011-06-03,17.950000762939453,0.2996999979019165,73.80699920654297
2011-06-06,18.489999771118164,0.3002000093460083,73.9990005493164
2011-06-07,18.06999969482422,0.30109999179840086,73.52799987792969
2011-06-08,18.790000915527344,0.29619998931884767,73.93900299072266
2011-06-09,17.770000457763672,0.2997999906539917,74.20099639892578
2011-06-10,18.860000610351562,0.29709999561309813,74.7979965209961
2011-06-13,19.610000610351562,0.2990999937057495,74.59600067138672
2011-06-14,18.260000228881836,0.30989999771118165,74.69200134277344
2011-06-15,21.31999969482422,0.29730000495910647,76.0719985961914
2011-06-16,22.729999542236328,0.29089999198913574,76.2239990234375
2011-06-17,21.850000381469727,0.2944000005722046,75.46099853515625
2011-06-20,19.989999771118164,0.2963000059127808,75.5
2011-06-21,18.860000610351562,0.2984999895095825,74.93099975585938
2011-06-22,18.520000457763672,0.2993000030517578,75.18800354003906
2011-06-23,19.290000915527344,0.29089999198913574,75.90399932861328
2011-06-24,21.100000381469727,0.2871000051498413,76.20999908447266
2011-06-27,20.559999465942383,0.29270000457763673,75.8280029296875
2011-06-28,19.170000076293945,0.30450000762939455,75.48999786376953
2011-06-29,17.270000457763672,0.3108000040054321,75.0739974975586
2011-06-30,16.520000457763672,0.31579999923706054,74.63500213623047
2011-07-01,15.869999885559082,0.3197000026702881,74.67400360107422
2011-07-05,16.059999465942383,0.31359999179840087,74.98500061035156
2011-07-06,16.34000015258789,0.30950000286102297,75.44000244140625
2011-07-07,15.949999809265137,0.31489999294281007,75.25700378417969
2011-07-08,15.949999809265137,0.3016000032424927,75.51399993896484
2011-07-11,18.389999389648438,0.29170000553131104,76.3740005493164
2011-07-12,19.8700008392334,0.29079999923706057,76.23400115966797
2011-07-13,19.90999984741211,0.2891000032424927,75.5469970703125
2011-07-14,20.799999237060547,0.2944000005722046,75.56199645996094
2011-07-15,19.530000686645508,0.29079999923706057,75.5199966430664
2011-07-18,20.950000762939453,0.29089999198913574,75.79299926757812
2011-07-19,19.209999084472656,0.2891000032424927,75.51300048828125
2011-07-20,19.09000015258789,0.2933000087738037,75.09400177001953
2011-07-21,17.559999465942383,0.3009999990463257,74.23100280761719
2011-07-22,17.520000457763672,0.29639999866485595,74.41200256347656
2011-07-25,19.350000381469727,0.30039999485015867,74.25399780273438
2011-07-26,20.229999542236328,0.2950999975204468,73.62899780273438
2011-07-27,22.979999542236328,0.29800000190734866,74.27300262451172
2011-07-28,23.739999771118164,0.2950999975204468,74.39099884033203
2011-07-29,25.25,0.2805000066757202,74.03600311279297
2011-08-01,23.65999984741211,0.2740000009536743,74.45600128173828
2011-08-02,24.790000915527344,0.2624000072479248,74.66600036621094
2011-08-03,23.3799991607666,0.25989999771118166,74.1989974975586
2011-08-04,31.65999984741211,0.24579999446868897,75.36000061035156
2011-08-05,32.0,0.2558000087738037,74.802001953125
2011-08-08,48.0,0.23389999866485595,74.93800354003906
2011-08-09,35.060001373291016,0.2181999921798706,74.7239990234375
2011-08-10,42.9900016784668,0.213700008392334,74.76899719238281
2011-08-11,39.0,0.23359999656677247,74.80999755859375
2011-08-12,36.36000061035156,0.22369999885559083,74.74299621582031
2011-08-15,31.8700008392334,0.22850000858306885,73.92900085449219
2011-08-16,32.849998474121094,0.22139999866485596,74.09300231933594
2011-08-17,31.579999923706055,0.21649999618530275,73.75800323486328
2011-08-18,42.66999816894531,0.20829999446868896,74.31500244140625
2011-08-19,43.04999923706055,0.2071000099182129,74.10600280761719
2011-08-22,42.439998626708984,0.20880000591278075,74.16799926757812
2011-08-23,36.27000045776367,0.213700008392334,73.96099853515625
2011-08-24,35.900001525878906,0.22599999904632567,74.08699798583984
2011-08-25,39.7599983215332,0.22219998836517335,74.36199951171875
2011-08-26,35.59000015258789,0.2187999963760376,73.86900329589844
2011-08-29,32.279998779296875,0.22709999084472657,73.7770004272461
2011-08-30,32.88999938964844,0.21760001182556152,73.99600219726562
2011-08-31,31.6200008392334,0.22179999351501464,74.1729965209961
2011-09-01,31.81999969482422,0.21459999084472656,74.55699920654297
2011-09-02,33.91999816894531,0.1996000051498413,74.83899688720703
2011-09-06,37.0,0.19789999723434448,76.05699920654297
2011-09-07,33.380001068115234,0.20360000133514405,75.56600189208984
2011-09-08,34.31999969482422,0.19859999418258667,76.35199737548828
2011-09-09,38.52000045776367,0.19149999618530272,77.30000305175781
2011-09-12,38.59000015258789,0.19299999475479127,77.66600036621094
2011-09-13,36.90999984741211,0.199399995803833,76.99700164794922
2011-09-14,34.599998474121094,0.20109999179840088,76.875
2011-09-15,31.969999313354492,0.20850000381469727,76.26699829101562
2011-09-16,30.979999542236328,0.20759999752044678,76.59300231933594
2011-09-19,32.72999954223633,0.1940000057220459,77.43499755859375
2011-09-20,32.86000061035156,0.19470000267028809,77.52799987792969
2011-09-21,37.31999969482422,0.1875,77.85900115966797
2011-09-22,41.349998474121094,0.1715000033378601,79.0999984741211
2011-09-23,41.25,0.18079999685287476,79.22799682617188
2011-09-26,39.02000045776367,0.19040000438690186,79.06300354003906
2011-09-27,37.709999084472656,0.20160000324249266,78.02799987792969
2011-09-28,41.08000183105469,0.2002000093460083,78.42900085449219
2011-09-29,38.84000015258789,0.19570000171661378,78.60299682617188
2011-09-30,42.959999084472656,0.19240000247955322,79.07499694824219
2011-10-03,45.45000076293945,0.1784999966621399,79.93699645996094
2011-10-04,40.81999969482422,0.1781000018119812,80.10399627685547
2011-10-05,37.810001373291016,0.19049999713897706,79.38500213623047
2011-10-06,36.27000045776367,0.19859999418258667,79.08799743652344
2011-10-07,36.20000076293945,0.2068000078201294,79.14900207519531
2011-10-10,33.02000045776367,0.20759999752044678,77.81099700927734
2011-10-11,32.86000061035156,0.21600000858306884,77.90799713134766
2011-10-12,31.260000228881836,0.22260000705718994,77.27400207519531
2011-10-13,30.700000762939453,0.21689999103546143,77.28399658203125
2011-10-14,28.239999771118164,0.22320001125335692,76.90699768066406
2011-10-17,33.38999938964844,0.21549999713897705,77.4280014038086
2011-10-18,31.559999465942383,0.21510000228881837,77.41200256347656
2011-10-19,34.439998626708984,0.21589999198913573,77.41600036621094
2011-10-20,34.779998779296875,0.21800000667572023,77.23600006103516
2011-10-21,31.31999969482422,0.22030000686645507,76.62799835205078
2011-10-24,29.260000228881836,0.22339999675750732,76.26200103759766
2011-10-25,32.220001220703125,0.2128000020980835,76.32099914550781
2011-10-26,29.860000610351562,0.22030000686645507,76.4729995727539
2011-10-27,25.459999084472656,0.23949999809265138,75.01100158691406
2011-10-28,24.530000686645508,0.2305999994277954,75.21600341796875
2011-10-31,29.959999084472656,0.2174999952316284,76.30599975585938
2011-11-01,34.77000045776367,0.20009999275207518,77.38999938964844
2011-11-02,32.7400016784668,0.200600004196167,77.18099975585938
2011-11-03,30.5,0.20659999847412108,76.85600280761719
2011-11-04,30.15999984741211,0.20499999523162843,77.16200256347656
2011-11-07,29.850000381469727,0.199399995803833,77.14099884033203
2011-11-08,27.479999542236328,0.2065000057220459,76.7509994506836
2011-11-09,36.15999984741211,0.1955000042915344,78.16699981689453
2011-11-10,32.810001373291016,0.20559999942779542,77.9729995727539
2011-11-11,30.040000915527344,0.20559999942779542,77.13099670410156
2011-11-14,31.1299991607666,0.20429999828338624,77.75299835205078
2011-11-15,31.219999313354492,0.20569999217987062,78.06199645996094
2011-11-16,33.5099983215332,0.20239999294281005,78.20600128173828
2011-11-17,34.5099983215332,0.19579999446868895,78.48899841308594
2011-11-18,32.0,0.20120000839233398,78.25499725341797
2011-11-21,32.90999984741211,0.1962000012397766,78.46299743652344
2011-11-22,31.969999313354492,0.19390000104904176,78.43499755859375
2011-11-23,33.97999954223633,0.18789999485015868,79.35099792480469
2011-11-25,34.470001220703125,0.19670000076293945,79.83100128173828
2011-11-28,32.130001068115234,0.19579999446868895,79.43599700927734
2011-11-29,30.639999389648438,0.1996000051498413,79.1510009765625
2011-11-30,27.799999237060547,0.2068000078201294,78.49099731445312
2011-12-01,27.40999984741211,0.2117000102996826,78.43299865722656
2011-12-02,27.520000457763672,0.20420000553131104,78.73100280761719
2011-12-05,27.84000015258789,0.2053999900817871,78.6709976196289
2011-12-06,28.1299991607666,0.20929999351501466,78.57099914550781
2011-12-07,28.670000076293945,0.20169999599456787,78.552001953125
2011-12-08,30.59000015258789,0.1972000002861023,78.91200256347656
2011-12-09,26.3799991607666,0.2052000045776367,78.68099975585938
2011-12-12,25.670000076293945,0.20090000629425048,79.58000183105469
2011-12-13,25.40999984741211,0.1962000012397766,80.28900146484375
2011-12-14,26.040000915527344,0.19010000228881835,80.62200164794922
2011-12-15,25.110000610351562,0.19129999876022338,80.34100341796875
2011-12-16,24.290000915527344,0.18539999723434447,80.2490005493164
2011-12-19,24.920000076293945,0.1812999963760376,80.20700073242188
2011-12-20,23.219999313354492,0.19249999523162842,80.27300262451172
2011-12-21,21.43000030517578,0.19670000076293945,80.3499984741211
2011-12-22,21.15999984741211,0.19509999752044677,80.30599975585938
2011-12-23,20.729999542236328,0.20299999713897704,80.23600006103516
2011-12-27,21.90999984741211,0.20090000629425048,80.13500213623047
2011-12-28,23.520000457763672,0.19079999923706054,80.88300323486328
2011-12-29,22.649999618530273,0.1896999955177307,80.91100311279297
2011-12-30,23.399999618530273,0.18710000514984132,80.52200317382812
2012-01-03,22.969999313354492,0.19600000381469726,79.91200256347656
2012-01-04,22.219999313354492,0.19950000047683716,80.42500305175781
2012-01-05,21.479999542236328,0.19930000305175782,81.25
2012-01-06,20.6299991607666,0.19609999656677246,81.59700012207031
2012-01-09,21.06999969482422,0.19600000381469726,81.38800048828125
2012-01-10,20.690000534057617,0.1972000002861023,81.10099792480469
2012-01-11,21.049999237060547,0.19040000438690186,81.61399841308594
2012-01-12,20.469999313354492,0.19329999685287474,81.03600311279297
2012-01-13,20.90999984741211,0.1853000044822693,81.79100036621094
2012-01-17,22.200000762939453,0.1850000023841858,81.42900085449219
2012-01-18,20.889999389648438,0.1896999955177307,80.8219985961914
2012-01-19,19.8700008392334,0.1972000002861023,80.40499877929688
2012-01-20,18.280000686645508,0.20280001163482667,80.40599822998047
2012-01-23,18.670000076293945,0.20669999122619628,79.93399810791016
2012-01-24,18.90999984741211,0.2063999891281128,80.0260009765625
2012-01-25,18.309999465942383,0.2006999969482422,79.71700286865234
2012-01-26,18.56999969482422,0.1930999994277954,79.51300048828125
2012-01-27,18.530000686645508,0.18980000019073487,79.01100158691406
2012-01-30,19.399999618530273,0.18370000123977662,79.302001953125
2012-01-31,19.440000534057617,0.17990000247955323,79.41699981689453
2012-02-01,18.549999237060547,0.18459999561309814,79.03299713134766
2012-02-02,17.979999542236328,0.18250000476837158,79.11000061035156
2012-02-03,17.100000381469727,0.19490000009536743,79.05699920654297
2012-02-06,17.760000228881836,0.19010000228881835,79.18599700927734
2012-02-07,17.649999618530273,0.1965999960899353,78.67500305175781
2012-02-08,18.15999984741211,0.1975000023841858,78.73400115966797
2012-02-09,18.6299991607666,0.20469999313354492,78.6520004272461
2012-02-10,20.790000915527344,0.1968999981880188,79.22599792480469
2012-02-13,19.040000915527344,0.19900000095367432,79.04499816894531
2012-02-14,19.540000915527344,0.19240000247955322,79.69400024414062
2012-02-15,21.139999389648438,0.1930999994277954,79.78299713134766
2012-02-16,19.219999313354492,0.19930000305175782,79.45500183105469
2012-02-17,17.780000686645508,0.20099999904632568,79.45600128173828
2012-02-21,18.190000534057617,0.20450000762939452,79.13600158691406
2012-02-22,18.190000534057617,0.2005000114440918,79.3030014038086
2012-02-23,16.799999237060547,0.19839999675750733,78.88600158691406
2012-02-24,17.309999465942383,0.19769999980926514,78.4010009765625
2012-02-27,18.190000534057617,0.19220000505447388,78.5780029296875
2012-02-28,17.959999084472656,0.19290000200271606,78.30000305175781
2012-02-29,18.43000030517578,0.19769999980926514,78.79399871826172
2012-03-01,17.260000228881836,0.20369999408721923,78.83399963378906
2012-03-02,17.290000915527344,0.19859999418258667,79.46199798583984
2012-03-05,18.049999237060547,0.2005000114440918,79.36499786376953
2012-03-06,20.8700008392334,0.19440000057220458,79.9260025024414
2012-03-07,19.06999969482422,0.1972000002861023,79.76300048828125
2012-03-08,17.950000762939453,0.20139999389648439,79.17900085449219
2012-03-09,17.110000610351562,0.20380001068115233,80.08399963378906
2012-03-12,15.640000343322754,0.20309998989105224,79.91300201416016
2012-03-13,14.800000190734863,0.21070001125335694,80.20999908447266
2012-03-14,15.3100004196167,0.22739999294281005,80.53600311279297
2012-03-15,15.420000076293945,0.22809998989105223,80.13600158691406
2012-03-16,14.470000267028809,0.22980000972747802,79.73400115966797
2012-03-19,15.039999961853027,0.2378999948501587,79.71199798583984
2012-03-20,15.579999923706055,0.2371999979019165,79.82499694824219
2012-03-21,15.130000114440918,0.22939999103546144,79.89600372314453
2012-03-22,15.569999694824219,0.22750000953674315,79.99800109863281
2012-03-23,14.819999694824219,0.22369999885559083,79.57599639892578
2012-03-26,14.260000228881836,0.22439999580383302,79.17900085449219
2012-03-27,15.59000015258789,0.2187000036239624,79.22200012207031
2012-03-28,15.470000267028809,0.21960000991821288,79.29900360107422
2012-03-29,15.479999542236328,0.21589999198913573,79.35700225830078
2012-03-30,15.5,0.22160000801086427,79.13800048828125
2012-04-02,15.640000343322754,0.2193000078201294,78.96299743652344
2012-04-03,15.65999984741211,0.22839999198913574,79.64099884033203
2012-04-04,16.440000534057617,0.22430000305175782,79.9489974975586
2012-04-05,16.700000762939453,0.2174999952316284,80.29299926757812
2012-04-09,18.809999465942383,0.20369999408721923,79.91899871826172
2012-04-10,20.389999389648438,0.19880000352859498,80.0979995727539
2012-04-11,20.020000457763672,0.20280001163482667,79.99299621582031
2012-04-12,17.200000762939453,0.20490000247955323,79.4489974975586
2012-04-13,19.549999237060547,0.19980000257492064,80.05500030517578
2012-04-16,19.549999237060547,0.19739999771118164,79.73200225830078
2012-04-17,18.459999084472656,0.20090000629425048,79.62699890136719
2012-04-18,18.639999389648438,0.198199999332428,79.67400360107422
2012-04-19,18.360000610351562,0.19520000219345093,79.70700073242188
2012-04-20,17.440000534057617,0.19700000286102295,79.31300354003906
2012-04-23,18.969999313354492,0.19329999685287474,79.53600311279297
2012-04-24,18.100000381469727,0.19609999656677246,79.32599639892578
2012-04-25,16.81999969482422,0.19839999675750733,79.11100006103516
2012-04-26,16.239999771118164,0.19589999914169312,79.0009994506836
2012-04-27,16.31999969482422,0.19329999685287474,78.75700378417969
2012-04-30,17.149999618530273,0.19149999618530272,78.8479995727539
2012-05-01,16.600000381469727,0.1955999970436096,78.93499755859375
2012-05-02,16.8799991607666,0.19220000505447388,79.20099639892578
2012-05-03,17.559999465942383,0.19240000247955322,79.29299926757812
2012-05-04,19.15999984741211,0.18799999952316285,79.58699798583984
2012-05-07,18.940000534057617,0.18769999742507934,79.71499633789062
2012-05-08,19.049999237060547,0.18370000123977662,79.8489990234375
2012-05-09,20.079999923706055,0.18350000381469728,80.23200225830078
2012-05-10,18.829999923706055,0.18839999437332153,80.25700378417969
2012-05-11,19.889999389648438,0.1840999960899353,80.40399932861328
2012-05-14,21.8700008392334,0.1787999987602234,80.74800109863281
2012-05-15,21.969999313354492,0.17769999504089357,81.37999725341797
2012-05-16,22.270000457763672,0.17649999856948853,81.52400207519531
2012-05-17,24.489999771118164,0.17020000219345094,81.54000091552734
2012-05-18,25.100000381469727,0.17020000219345094,81.42400360107422
2012-05-21,22.010000228881836,0.17350000143051147,81.23200225830078
2012-05-22,22.479999542236328,0.17929999828338622,81.64800262451172
2012-05-23,22.329999923706055,0.17209999561309813,82.23500061035156
2012-05-24,21.540000915527344,0.17589999437332154,82.48699951171875
2012-05-25,21.760000228881836,0.17450000047683717,82.52300262451172
2012-05-29,21.030000686645508,0.17309999465942383,82.58100128173828
2012-05-30,24.139999389648438,0.1625,83.08599853515625
2012-05-31,24.059999465942383,0.1580999970436096,83.12899780273438
2012-06-01,26.65999984741211,0.14670000076293946,82.9729995727539
2012-06-04,26.1200008392334,0.15269999504089354,82.66100311279297
2012-06-05,24.68000030517578,0.1555999994277954,82.91300201416016
2012-06-06,22.15999984741211,0.16510000228881835,82.37899780273438
2012-06-07,21.719999313354492,0.16540000438690186,82.10600280761719
2012-06-08,21.229999542236328,0.16369999647140504,82.56199645996094
2012-06-11,23.559999465942383,0.1600000023841858,82.5479965209961
2012-06-12,22.09000015258789,0.16610000133514405,82.4489974975586
2012-06-13,24.270000457763672,0.15989999771118163,82.05699920654297
2012-06-14,21.68000030517578,0.16109999418258666,81.98799896240234
2012-06-15,21.110000610351562,0.15870000123977662,81.6050033569336
2012-06-18,18.31999969482422,0.15839999914169312,81.85399627685547
2012-06-19,18.3799991607666,0.16200000047683716,81.58599853515625
2012-06-20,17.239999771118164,0.16419999599456786,81.73400115966797
2012-06-21,20.079999923706055,0.16180000305175782,82.48799896240234
2012-06-22,18.110000610351562,0.16720000505447388,82.44200134277344
2012-06-25,20.3799991607666,0.16080000400543212,82.66200256347656
2012-06-26,19.719999313354492,0.16280000209808348,82.53900146484375
2012-06-27,19.450000762939453,0.1621000051498413,82.80999755859375
2012-06-28,19.709999084472656,0.15770000219345093,83.00700378417969
2012-06-29,17.079999923706055,0.1659000039100647,81.75299835205078
2012-07-02,16.799999237060547,0.15800000429153443,82.00800323486328
2012-07-03,16.65999984741211,0.163100004196167,81.87200164794922
2012-07-05,17.5,0.1597000002861023,82.94200134277344
2012-07-06,17.100000381469727,0.1544000029563904,83.56099700927734
2012-07-09,17.979999542236328,0.15130000114440917,83.35099792480469
2012-07-10,18.719999313354492,0.14980000257492065,83.55899810791016
2012-07-11,17.950000762939453,0.14980000257492065,83.72799682617188
2012-07-12,18.329999923706055,0.1478999972343445,83.80899810791016
2012-07-13,16.739999771118164,0.14989999532699586,83.4739990234375
2012-07-16,17.110000610351562,0.14639999866485595,83.21800231933594
2012-07-17,16.479999542236328,0.15010000467300416,83.16799926757812
2012-07-18,16.15999984741211,0.1478999972343445,83.19599914550781
2012-07-19,15.449999809265137,0.15149999856948854,82.9800033569336
2012-07-20,16.270000457763672,0.14600000381469727,83.572998046875
2012-07-23,18.6200008392334,0.1434999942779541,83.81500244140625
2012-07-24,20.469999313354492,0.14040000438690187,84.1449966430664
2012-07-25,19.34000015258789,0.1406000018119812,83.64099884033203
2012-07-26,17.530000686645508,0.1427999973297119,82.85900115966797
2012-07-27,16.700000762939453,0.15549999475479126,82.76499938964844
2012-07-30,18.030000686645508,0.1503999948501587,82.86799621582031
2012-07-31,18.93000030517578,0.14919999837875367,82.70999908447266
2012-08-01,18.959999084472656,0.15390000343322754,83.1780014038086
2012-08-02,17.56999969482422,0.1478000044822693,83.45099639892578
2012-08-03,15.640000343322754,0.15770000219345093,82.44599914550781
2012-08-06,15.949999809265137,0.15579999685287477,82.30400085449219
2012-08-07,15.989999771118164,0.16280000209808348,82.25
2012-08-08,15.319999694824219,0.16399999856948852,82.43900299072266
2012-08-09,15.279999732971191,0.1687999963760376,82.70999908447266
2012-08-10,14.739999771118164,0.164900004863739,82.63099670410156
2012-08-13,13.699999809265137,0.16540000438690186,82.48600006103516
2012-08-14,14.850000381469727,0.17259999513626098,82.5270004272461
2012-08-15,14.630000114440918,0.18049999475479125,82.71099853515625
2012-08-16,14.289999961853027,0.18359999656677245,82.41699981689453
2012-08-17,13.449999809265137,0.1815999984741211,82.66300201416016
2012-08-20,14.020000457763672,0.18140000104904175,82.5
2012-08-21,15.020000457763672,0.18049999475479125,81.91999816894531
2012-08-22,15.109999656677246,0.1718999981880188,81.49700164794922
2012-08-23,15.960000038146973,0.1666000008583069,81.35900115966797
2012-08-24,15.180000305175781,0.1677999973297119,81.60299682617188
2012-08-27,16.350000381469727,0.164900004863739,81.69100189208984
2012-08-28,16.489999771118164,0.16299999952316285,81.38099670410156
2012-08-29,17.059999465942383,0.16540000438690186,81.56400299072266
2012-08-30,17.829999923706055,0.16200000047683716,81.71299743652344
2012-08-31,17.469999313354492,0.1562000036239624,81.21600341796875
2012-09-04,17.979999542236328,0.1580999970436096,81.31600189208984
2012-09-05,17.739999771118164,0.1593999981880188,81.23500061035156
2012-09-06,15.600000381469727,0.16729999780654908,81.03299713134766
2012-09-07,14.380000114440918,0.16610000133514405,80.23400115966797
2012-09-10,16.280000686645508,0.16829999685287475,80.34300231933594
2012-09-11,16.40999984741211,0.16950000524520875,79.83599853515625
2012-09-12,15.800000190734863,0.17649999856948853,79.7229995727539
2012-09-13,14.050000190734863,0.175600004196167,79.23699951171875
2012-09-14,14.510000228881836,0.18700000047683715,78.84100341796875
2012-09-17,14.59000015258789,0.18380000591278076,78.84300231933594
2012-09-18,14.180000305175781,0.1812000036239624,79.34600067138672
2012-09-19,13.880000114440918,0.17819999456405639,79.12699890136719
2012-09-20,14.069999694824219,0.17769999504089357,79.47799682617188
2012-09-21,13.979999542236328,0.17599999904632568,79.39800262451172
2012-09-24,14.149999618530273,0.1718000054359436,79.5770034790039
2012-09-25,15.430000305175781,0.16820000410079955,79.60800170898438
2012-09-26,16.809999465942383,0.16180000305175782,79.947998046875
2012-09-27,14.84000015258789,0.16399999856948852,79.59200286865234
2012-09-28,15.729999542236328,0.16369999647140504,80.0250015258789
2012-10-01,16.31999969482422,0.1625,79.90899658203125
2012-10-02,15.710000038146973,0.1615000009536743,79.83000183105469
2012-10-03,15.430000305175781,0.16230000257492067,80.06400299072266
2012-10-04,14.550000190734863,0.16649999618530273,79.44000244140625
2012-10-05,14.329999923706055,0.17319999933242797,79.4280014038086
2012-10-08,15.109999656677246,0.1746000051498413,79.62200164794922
2012-10-09,16.3700008392334,0.17200000286102296,80.06900024414062
2012-10-10,16.290000915527344,0.1690999984741211,80.01699829101562
2012-10-11,15.59000015258789,0.16749999523162842,79.86000061035156
2012-10-12,16.139999389648438,0.1662999987602234,79.73999786376953
2012-10-15,15.270000457763672,0.1662999987602234,79.80599975585938
2012-10-16,15.220000267028809,0.17200000286102296,79.46399688720703
2012-10-17,15.069999694824219,0.18109999895095824,79.05899810791016
2012-10-18,15.029999732971191,0.18259999752044678,79.42500305175781
2012-10-19,17.059999465942383,0.176800000667572,79.68800354003906
2012-10-22,16.6200008392334,0.17979999780654907,79.73600006103516
2012-10-23,18.829999923706055,0.17640000581741333,80.08000183105469
2012-10-24,18.329999923706055,0.1774999976158142,80.01499938964844
2012-10-25,18.1200008392334,0.18279999494552612,80.11799621582031
2012-10-26,17.809999465942383,0.175,80.15599822998047
2012-10-31,18.600000381469727,0.16859999895095826,79.98699951171875
2012-11-01,16.690000534057617,0.1715000033378601,80.13600158691406
2012-11-02,17.59000015258789,0.17259999513626098,80.68299865722656
2012-11-05,18.420000076293945,0.16840000152587892,80.84300231933594
2012-11-06,17.579999923706055,0.17419999837875366,80.71499633789062
2012-11-07,19.079999923706055,0.1631999969482422,80.86699676513672
2012-11-08,18.489999771118164,0.1631999969482422,80.88600158691406
2012-11-09,18.610000610351562,0.16130000352859497,81.0979995727539
2012-11-12,16.68000030517578,0.16109999418258666,81.10600280761719
2012-11-13,16.649999618530273,0.15889999866485596,81.13999938964844
2012-11-14,17.920000076293945,0.15889999866485596,81.0999984741211
2012-11-15,17.989999771118164,0.15889999866485596,81.13800048828125
2012-11-16,16.40999984741211,0.15740000009536742,81.30999755859375
2012-11-19,15.239999771118164,0.16109999418258666,80.9219970703125
2012-11-20,15.079999923706055,0.1656000018119812,81.0
2012-11-21,15.3100004196167,0.1687000036239624,80.96600341796875
2012-11-23,15.140000343322754,0.16929999589920045,80.23600006103516
2012-11-26,15.5,0.16640000343322753,80.26599884033203
2012-11-27,15.920000076293945,0.16449999809265137,80.43000030517578
2012-11-28,15.510000228881836,0.16169999837875365,80.35399627685547
2012-11-29,15.0600004196167,0.16200000047683716,80.20899963378906
2012-11-30,15.869999885559082,0.16059999465942382,80.16300201416016
2012-12-03,16.639999389648438,0.16280000209808348,79.87200164794922
2012-12-04,17.1200008392334,0.16080000400543212,79.63400268554688
2012-12-05,16.459999084472656,0.1590999960899353,79.76399993896484
2012-12-06,16.579999923706055,0.1580999970436096,80.25299835205078
2012-12-07,15.899999618530273,0.16269999742507935,80.4020004272461
2012-12-10,16.049999237060547,0.16160000562667848,80.33000183105469
2012-12-11,15.569999694824219,0.164900004863739,80.05400085449219
2012-12-12,15.949999809265137,0.1697000026702881,79.80999755859375
2012-12-13,16.559999465942383,0.1728000044822693,79.91300201416016
2012-12-14,17.0,0.17079999446868896,79.55999755859375
2012-12-17,16.34000015258789,0.1763000011444092,79.51300048828125
2012-12-18,15.569999694824219,0.18270000219345092,79.38700103759766
2012-12-19,17.360000610351562,0.1799999952316284,79.31300354003906
2012-12-20,17.670000076293945,0.1799999952316284,79.30999755859375
2012-12-21,17.84000015258789,0.1753999948501587,79.71199798583984
2012-12-24,17.84000015258789,0.17740000486373902,79.74500274658203
2012-12-26,19.479999542236328,0.17580000162124634,79.7040023803711
2012-12-27,19.469999313354492,0.1715000033378601,79.71900177001953
2012-12-28,22.719999313354492,0.17109999656677247,79.78500366210938
2012-12-31,18.020000457763672,0.175600004196167,79.87100219726562
2013-01-02,14.680000305175781,0.18389999866485596,79.947998046875
2013-01-03,14.5600004196167,0.189900004863739,80.51499938964844
2013-01-04,13.829999923706055,0.19149999618530272,80.61000061035156
2013-01-07,13.789999961853027,0.19029999971389772,80.36900329589844
2013-01-08,13.619999885559082,0.18710000514984132,80.44499969482422
2013-01-09,13.8100004196167,0.18519999980926513,80.677001953125
2013-01-10,13.489999771118164,0.18940000534057616,79.81700134277344
2013-01-11,13.359999656677246,0.1875,79.61100006103516
2013-01-14,13.520000457763672,0.18569999933242798,79.54000091552734
2013-01-15,13.550000190734863,0.18309999704360963,79.83200073242188
2013-01-16,13.420000076293945,0.18240000009536744,79.85399627685547
2013-01-17,13.569999694824219,0.1875,79.71099853515625
2013-01-18,12.460000038146973,0.1843000054359436,80.11599731445312
2013-01-22,12.430000305175781,0.18350000381469728,79.9729995727539
2013-01-23,12.460000038146973,0.18329999446868897,79.98999786376953
2013-01-24,12.6899995803833,0.1843999981880188,80.00700378417969
2013-01-25,12.890000343322754,0.19470000267028809,79.81999969482422
2013-01-28,13.569999694824219,0.19739999771118164,79.86799621582031
2013-01-29,13.3100004196167,0.19880000352859498,79.6240005493164
2013-01-30,14.319999694824219,0.200600004196167,79.32599639892578
2013-01-31,14.279999732971191,0.19850000143051147,79.22599792480469
2013-02-01,12.899999618530273,0.20099999904632568,79.13500213623047
2013-02-04,14.670000076293945,0.19730000495910643,79.572998046875
2013-02-05,13.720000267028809,0.20160000324249266,79.53299713134766
2013-02-06,13.40999984741211,0.19680000543594361,79.76699829101562
2013-02-07,13.5,0.19509999752044677,80.25700378417969
2013-02-08,13.020000457763672,0.19539999961853027,80.31600189208984
2013-02-11,12.9399995803833,0.19459999799728395,80.38899993896484
2013-02-12,12.640000343322754,0.198199999332428,80.16300201416016
2013-02-13,12.979999542236328,0.20190000534057617,80.16699981689453
2013-02-14,12.65999984741211,0.2,80.53800201416016
2013-02-15,12.460000038146973,0.2006999969482422,80.57599639892578
2013-02-19,12.3100004196167,0.20260000228881836,80.54499816894531
2013-02-20,14.680000305175781,0.20209999084472657,81.15499877929688
2013-02-21,15.220000267028809,0.19759999513626098,81.5510025024414
2013-02-22,14.170000076293945,0.19670000076293945,81.58499908447266
2013-02-25,18.989999771118164,0.18949999809265136,81.7770004272461
2013-02-26,16.8700008392334,0.18789999485015868,81.94000244140625
2013-02-27,14.729999542236328,0.19029999971389772,81.6719970703125
2013-02-28,15.510000228881836,0.18880000114440917,82.00299835205078
2013-03-01,15.359999656677246,0.1853000044822693,82.35800170898438
2013-03-04,14.010000228881836,0.18769999742507934,82.25499725341797
2013-03-05,13.479999542236328,0.18940000534057616,82.14700317382812
2013-03-06,13.529999732971191,0.1937999963760376,82.50700378417969
2013-03-07,13.0600004196167,0.19910000562667846,82.12300109863281
2013-03-08,12.59000015258789,0.20559999942779542,82.73100280761719
2013-03-11,11.5600004196167,0.20559999942779542,82.58000183105469
2013-03-12,12.270000457763672,0.20230000019073485,82.59500122070312
2013-03-13,11.829999923706055,0.20209999084472657,82.9020004272461
2013-03-14,11.300000190734863,0.20329999923706055,82.62300109863281
2013-03-15,11.300000190734863,0.1996000051498413,82.25599670410156
2013-03-18,13.359999656677246,0.1955999970436096,82.5739974975586
2013-03-19,14.390000343322754,0.19079999923706054,83.21099853515625
2013-03-20,12.670000076293945,0.1937000036239624,82.947998046875
2013-03-21,13.989999771118164,0.19320000410079957,82.90499877929688
2013-03-22,13.569999694824219,0.19149999618530272,82.52899932861328
2013-03-25,13.739999771118164,0.19149999618530272,82.99500274658203
2013-03-26,12.770000457763672,0.1906000018119812,83.0479965209961
2013-03-27,13.149999618530273,0.185099995136261,83.41100311279297
2013-03-28,12.699999809265137,0.18519999980926513,83.17500305175781
2013-04-01,13.579999923706055,0.1840000033378601,82.89900207519531
2013-04-02,12.779999732971191,0.18609999418258666,83.09200286865234
2013-04-03,14.210000038146973,0.1812000036239624,82.86100006103516
2013-04-04,13.890000343322754,0.17589999437332154,82.79499816894531
2013-04-05,13.920000076293945,0.16940000057220458,82.60299682617188
2013-04-08,13.1899995803833,0.17319999933242797,82.86900329589844
2013-04-09,12.84000015258789,0.1746999979019165,82.41400146484375
2013-04-10,12.359999656677246,0.18049999475479125,82.63400268554688
2013-04-11,12.239999771118164,0.17910000085830688,82.32499694824219
2013-04-12,12.0600004196167,0.17209999561309813,82.40599822998047
2013-04-15,17.270000457763672,0.17020000219345094,82.50700378417969
2013-04-16,13.960000038146973,0.1718999981880188,81.822998046875
2013-04-17,16.510000228881836,0.17039999961853028,82.79100036621094
2013-04-18,17.559999465942383,0.1684999942779541,82.68099975585938
2013-04-19,14.970000267028809,0.1702999949455261,82.84600067138672
2013-04-22,14.390000343322754,0.1697999954223633,82.8239974975586
2013-04-23,13.479999542236328,0.1697999954223633,83.18599700927734
2013-04-24,13.609999656677246,0.1697999954223633,83.0260009765625
2013-04-25,13.619999885559082,0.17109999656677247,82.83999633789062
2013-04-26,13.609999656677246,0.1662999987602234,82.57099914550781
2013-04-29,13.710000038146973,0.16679999828338624,82.2020034790039
2013-04-30,13.520000457763672,0.16749999523162842,81.80699920654297
2013-05-01,14.489999771118164,0.16390000581741332,81.52200317382812
2013-05-02,13.59000015258789,0.163100004196167,82.28199768066406
2013-05-03,12.850000381469727,0.17519999742507936,82.19499969482422
2013-05-06,12.65999984741211,0.17710000276565552,82.37799835205078
2013-05-07,12.829999923706055,0.17829999923706055,82.33499908447266
2013-05-08,12.65999984741211,0.17599999904632568,81.95099639892578
2013-05-09,13.130000114440918,0.1812999963760376,82.875
2013-05-10,12.59000015258789,0.1899999976158142,83.23100280761719
2013-05-13,12.550000190734863,0.19229999780654908,83.36499786376953
2013-05-14,12.770000457763672,0.19520000219345093,83.71299743652344
2013-05-15,12.8100004196167,0.19429999589920044,83.96099853515625
2013-05-16,13.069999694824219,0.1865000009536743,83.72200012207031
2013-05-17,12.449999809265137,0.19490000009536743,84.38700103759766
2013-05-20,13.020000457763672,0.1965000033378601,83.84200286865234
2013-05-21,13.369999885559082,0.19440000057220458,83.95500183105469
2013-05-22,13.819999694824219,0.20260000228881836,84.45899963378906
2013-05-23,14.069999694824219,0.20230000019073485,83.8030014038086
2013-05-24,13.989999771118164,0.20109999179840088,83.75800323486328
2013-05-28,14.479999542236328,0.2134999990463257,84.1719970703125
2013-05-29,14.829999923706055,0.2124000072479248,83.70500183105469
2013-05-30,14.529999732971191,0.2124000072479248,83.06700134277344
2013-05-31,16.299999237060547,0.21640000343322754,83.4010009765625
2013-06-03,16.280000686645508,0.2134000062942505,82.68800354003906
2013-06-04,16.270000457763672,0.213700008392334,82.802001953125
2013-06-05,17.5,0.20999999046325685,82.61199951171875
2013-06-06,16.6299991607666,0.20750000476837158,81.53700256347656
2013-06-07,15.140000343322754,0.21610000133514404,81.66000366210938
2013-06-10,15.4399995803833,0.22149999141693116,81.6510009765625
2013-06-11,17.06999969482422,0.21949999332427977,81.11000061035156
2013-06-12,18.59000015258789,0.22300000190734864,80.94599914550781
2013-06-13,16.40999984741211,0.2174000024795532,80.74199676513672
2013-06-14,17.149999618530273,0.2125999927520752,80.6500015258789
2013-06-17,16.799999237060547,0.21710000038146973,80.73300170898438
2013-06-18,16.610000610351562,0.2181999921798706,80.7490005493164
2013-06-19,16.639999389648438,0.2311000108718872,81.59500122070312
2013-06-20,20.489999771118164,0.24189999103546142,82.09600067138672
2013-06-21,18.899999618530273,0.2513999938964844,82.51699829101562
2013-06-24,20.110000610351562,0.254800009727478,82.63300323486328
2013-06-25,18.469999313354492,0.25889999866485597,82.80000305175781
2013-06-26,17.209999084472656,0.25390000343322755,83.22799682617188
2013-06-27,16.860000610351562,0.24830000400543212,83.1520004272461
2013-06-28,16.860000610351562,0.24779999256134033,83.3759994506836
2013-07-01,16.3700008392334,0.2490000009536743,83.25299835205078
2013-07-02,16.440000534057617,0.24690001010894774,83.76399993896484
2013-07-03,16.200000762939453,0.2500999927520752,83.45099639892578
2013-07-05,14.890000343322754,0.27149999141693115,84.68900299072266
2013-07-08,14.779999732971191,0.26449999809265134,84.41400146484375
2013-07-09,14.350000381469727,0.2630000114440918,84.78099822998047
2013-07-10,14.210000038146973,0.2680000066757202,84.23400115966797
2013-07-11,14.010000228881836,0.2573999881744385,82.91500091552734
2013-07-12,13.84000015258789,0.26010000705718994,83.16300201416016
2013-07-15,13.789999961853027,0.25559999942779543,83.19599914550781
2013-07-16,14.420000076293945,0.25320000648498536,82.63700103759766
2013-07-17,13.779999732971191,0.2490999937057495,82.83999633789062
2013-07-18,13.770000457763672,0.25339999198913576,82.95500183105469
2013-07-19,12.539999961853027,0.2490999937057495,82.71099853515625
2013-07-22,12.289999961853027,0.24879999160766603,82.31700134277344
2013-07-23,12.65999984741211,0.25160000324249265,82.04000091552734
2013-07-24,13.180000305175781,0.25880000591278074,82.4000015258789
2013-07-25,12.970000267028809,0.26070001125335696,82.0530014038086
2013-07-26,12.720000267028809,0.2561000108718872,81.76399993896484
2013-07-29,13.390000343322754,0.2585000038146973,81.76300048828125
2013-07-30,13.390000343322754,0.26029999256134034,81.91899871826172
2013-07-31,13.449999809265137,0.25929999351501465,81.53900146484375
2013-08-01,12.9399995803833,0.27230000495910645,82.427001953125
2013-08-02,11.979999542236328,0.2601999998092651,81.97799682617188
2013-08-05,11.84000015258789,0.2640000104904175,81.93599700927734
2013-08-06,12.720000267028809,0.2641999959945679,81.65799713134766
2013-08-07,12.979999542236328,0.25999999046325684,81.322998046875
2013-08-08,12.729999542236328,0.25869998931884763,81.0270004272461
2013-08-09,13.40999984741211,0.25799999237060545,81.16999816894531
2013-08-12,12.8100004196167,0.2605000019073486,81.3740005493164
2013-08-13,12.3100004196167,0.27149999141693115,81.81500244140625
2013-08-14,13.039999961853027,0.27119998931884765,81.75800323486328
2013-08-15,14.729999542236328,0.2755000114440918,81.20700073242188
2013-08-16,14.369999885559082,0.2828999996185303,81.29299926757812
2013-08-19,15.100000381469727,0.2884000062942505,81.26000213623047
2013-08-20,14.90999984741211,0.2813999891281128,80.93399810791016
2013-08-21,15.9399995803833,0.28550000190734864,81.2229995727539
2013-08-22,14.760000228881836,0.2901000022888184,81.53099822998047
2013-08-23,13.979999542236328,0.2818000078201294,81.39199829101562
2013-08-26,14.989999771118164,0.2805000066757202,81.44100189208984
2013-08-27,16.770000457763672,0.27209999561309817,81.19999694824219
2013-08-28,16.489999771118164,0.27820000648498533,81.46499633789062
2013-08-29,16.809999465942383,0.2750999927520752,82.00299835205078
2013-08-30,17.010000228881836,0.2749000072479248,82.14199829101562
2013-09-03,16.610000610351562,0.28480000495910646,82.4010009765625
2013-09-04,15.880000114440918,0.28970000743865965,82.20500183105469
2013-09-05,15.770000457763672,0.2979000091552734,82.66799926757812
2013-09-06,15.850000381469727,0.2937999963760376,82.16699981689453
2013-09-09,15.630000114440918,0.28970000743865965,81.7959976196289
2013-09-10,14.529999732971191,0.2959000110626221,81.81900024414062
2013-09-11,13.819999694824219,0.29200000762939454,81.52200317382812
2013-09-12,14.289999961853027,0.29070000648498534,81.49099731445312
2013-09-13,14.15999984741211,0.2898000001907349,81.447998046875
2013-09-16,14.380000114440918,0.2874000072479248,81.0719985961914
2013-09-17,14.529999732971191,0.2852999925613403,81.29499816894531
2013-09-18,13.59000015258789,0.27079999446868896,80.36699676513672
2013-09-19,13.15999984741211,0.2747999906539917,80.4800033569336
2013-09-20,13.119999885559082,0.2732000112533569,80.54900360107422
2013-09-23,14.3100004196167,0.271399998664856,80.57099914550781
2013-09-24,14.079999923706055,0.26530001163482664,80.69000244140625
2013-09-25,14.010000228881836,0.26140000820159914,80.44300079345703
2013-09-26,14.0600004196167,0.26429998874664307,80.63800048828125
2013-09-27,15.460000038146973,0.261899995803833,80.37699890136719
2013-09-30,16.600000381469727,0.2615000009536743,80.322998046875
2013-10-01,15.539999961853027,0.2645999908447266,80.25
2013-10-02,16.600000381469727,0.2625999927520752,79.98899841308594
2013-10-03,17.670000076293945,0.26059999465942385,79.84600067138672
2013-10-04,16.739999771118164,0.26519999504089353,80.22000122070312
2013-10-07,19.40999984741211,0.2634000062942505,80.0260009765625
2013-10-08,20.34000015258789,0.2635999917984009,80.13200378417969
2013-10-09,19.600000381469727,0.2650000095367432,80.46600341796875
2013-10-10,16.479999542236328,0.2684999942779541,80.51699829101562
2013-10-11,15.720000267028809,0.2681999921798706,80.4520034790039
2013-10-14,16.06999969482422,0.2690999984741211,80.31099700927734
2013-10-15,18.65999984741211,0.27200000286102294,80.56099700927734
2013-10-16,14.710000038146973,0.26710000038146975,80.56300354003906
2013-10-17,13.479999542236328,0.25869998931884763,79.71800231933594
2013-10-18,13.039999961853027,0.25889999866485597,79.72699737548828
2013-10-21,13.15999984741211,0.2608999967575073,79.7509994506836
2013-10-22,13.329999923706055,0.251200008392334,79.29000091552734
2013-10-23,13.420000076293945,0.24849998950958252,79.3290023803711
2013-10-24,13.199999809265137,0.25220000743865967,79.24500274658203
2013-10-25,13.09000015258789,0.2503000020980835,79.24600219726562
2013-10-28,13.3100004196167,0.251200008392334,79.30599975585938
2013-10-29,13.40999984741211,0.2506999969482422,79.66999816894531
2013-10-30,13.649999618530273,0.2526999950408936,79.83699798583984
2013-10-31,13.75,0.25420000553131106,80.26300048828125
2013-11-01,13.279999732971191,0.2619999885559082,80.80999755859375
2013-11-04,12.930000305175781,0.2601999998092651,80.63999938964844
2013-11-05,13.270000457763672,0.2661999940872192,80.78700256347656
2013-11-06,12.670000076293945,0.2640000104904175,80.55899810791016
2013-11-07,13.90999984741211,0.26129999160766604,80.85399627685547
2013-11-08,12.899999618530273,0.2746000051498413,81.38700103759766
2013-11-11,12.529999732971191,0.2750999927520752,81.19999694824219
2013-11-12,12.819999694824219,0.2767999887466431,81.25199890136719
2013-11-13,12.520000457763672,0.27249999046325685,80.98300170898438
2013-11-14,12.369999885559082,0.27019999027252195,81.08599853515625
2013-11-15,12.1899995803833,0.27090001106262207,80.89800262451172
2013-11-18,13.100000381469727,0.26779999732971194,80.82599639892578
2013-11-19,13.390000343322754,0.27119998931884765,80.74400329589844
2013-11-20,13.399999618530273,0.279200005531311,81.1719970703125
2013-11-21,12.65999984741211,0.27839999198913573,81.11699676513672
2013-11-22,12.260000228881836,0.2752000093460083,80.74199676513672
2013-11-25,12.789999961853027,0.2740999937057495,80.96299743652344
2013-11-26,12.8100004196167,0.26960000991821287,80.63800048828125
2013-11-27,12.979999542236328,0.27360000610351565,80.74700164794922
2013-11-29,13.699999809265137,0.2740999937057495,80.65699768066406
2013-12-02,14.229999542236328,0.28010001182556155,80.94200134277344
2013-12-03,14.550000190734863,0.27750000953674314,80.61799621582031
2013-12-04,14.699999809265137,0.28410000801086427,80.62799835205078
2013-12-05,15.079999923706055,0.28619999885559083,80.24099731445312
2013-12-06,13.789999961853027,0.2882999897003174,80.31500244140625
2013-12-09,13.489999771118164,0.2857000112533569,80.13999938964844
2013-12-10,13.90999984741211,0.27969999313354493,79.96399688720703
2013-12-11,15.420000076293945,0.2844000101089478,79.88999938964844
2013-12-12,15.539999961853027,0.2877000093460083,80.20800018310547
2013-12-13,15.760000228881836,0.2868000030517578,80.22000122070312
2013-12-16,16.030000686645508,0.2877000093460083,80.04499816894531
2013-12-17,16.209999084472656,0.28429999351501467,80.21399688720703
2013-12-18,13.800000190734863,0.2884999990463257,80.24800109863281
2013-12-19,14.149999618530273,0.2924999952316284,80.78800201416016
2013-12-20,13.789999961853027,0.288700008392334,80.75
2013-12-23,13.039999961853027,0.29289999008178713,80.61699676513672
2013-12-24,12.479999542236328,0.2983000040054321,80.67400360107422
2013-12-26,12.329999923706055,0.2990000009536743,80.65299987792969
2013-12-27,12.460000038146973,0.300600004196167,80.53800201416016
2013-12-30,13.5600004196167,0.2976000070571899,80.12200164794922
2013-12-31,13.720000267028809,0.30260000228881834,80.18900299072266
2014-01-02,14.229999542236328,0.2984999895095825,80.78800201416016
2014-01-03,13.760000228881836,0.2994999885559082,80.95500183105469
2014-01-06,13.550000190734863,0.29609999656677244,80.80599975585938
2014-01-07,12.920000076293945,0.2937000036239624,80.9800033569336
2014-01-08,12.869999885559082,0.2993000030517578,81.16200256347656
2014-01-09,12.890000343322754,0.2963000059127808,81.13500213623047
2014-01-10,12.140000343322754,0.2859999895095825,80.75399780273438
2014-01-13,13.279999732971191,0.28269999027252196,80.61100006103516
2014-01-14,12.279999732971191,0.286899995803833,80.75599670410156
2014-01-15,12.279999732971191,0.2884000062942505,81.14399719238281
2014-01-16,12.529999732971191,0.28429999351501467,81.02100372314453
2014-01-17,12.4399995803833,0.28269999027252196,81.36199951171875
2014-01-21,12.869999885559082,0.28250000476837156,81.22599792480469
2014-01-22,12.84000015258789,0.2859999895095825,81.30500030517578
2014-01-23,13.770000457763672,0.27730000019073486,80.5250015258789
2014-01-24,18.139999389648438,0.27349998950958254,80.54100036621094
2014-01-27,17.420000076293945,0.2766000032424927,80.61199951171875
2014-01-28,15.800000190734863,0.2746000051498413,80.65699768066406
2014-01-29,17.350000381469727,0.26749999523162843,80.58100128173828
2014-01-30,17.290000915527344,0.2693000078201294,81.19300079345703
2014-01-31,18.40999984741211,0.26679999828338624,81.40299987792969
2014-02-03,21.440000534057617,0.25810000896453855,81.11000061035156
2014-02-04,19.110000610351562,0.2624000072479248,81.2239990234375
2014-02-05,19.950000762939453,0.266700005531311,81.12899780273438
2014-02-06,17.229999542236328,0.27019999027252195,81.00199890136719
2014-02-07,15.289999961853027,0.26749999523162843,80.75800323486328
2014-02-10,15.260000228881836,0.26779999732971194,80.72699737548828
2014-02-11,14.510000228881836,0.27190001010894777,80.7040023803711
2014-02-12,14.300000190734863,0.27630000114440917,80.74099731445312
2014-02-13,14.140000343322754,0.27360000610351565,80.37799835205078
2014-02-14,13.569999694824219,0.2746000051498413,80.17900085449219
2014-02-18,13.869999885559082,0.27109999656677247,80.0459976196289
2014-02-19,15.5,0.2733999967575073,80.18599700927734
2014-02-20,14.789999961853027,0.2753999948501587,80.31600189208984
2014-02-21,14.680000305175781,0.2733999967575073,80.2699966430664
2014-02-24,14.229999542236328,0.275,80.2249984741211
2014-02-25,13.670000076293945,0.2700999975204468,80.16500091552734
2014-02-26,14.350000381469727,0.267300009727478,80.46299743652344
2014-02-27,14.039999961853027,0.2641999959945679,80.30599975585938
2014-02-28,14.0,0.26579999923706055,79.72000122070312
2014-03-03,16.0,0.26070001125335696,80.08999633789062
2014-03-04,14.100000381469727,0.2690999984741211,80.18299865722656
2014-03-05,13.890000343322754,0.26979999542236327,80.11699676513672
2014-03-06,14.210000038146973,0.2736999988555908,79.66500091552734
2014-03-07,14.109999656677246,0.27899999618530275,79.72200012207031
2014-03-10,14.199999809265137,0.27839999198913573,79.76899719238281
2014-03-11,14.800000190734863,0.2766000032424927,79.73500061035156
2014-03-12,14.470000267028809,0.27260000705718995,79.61199951171875
2014-03-13,16.219999313354492,0.26530001163482664,79.6259994506836
2014-03-14,17.81999969482422,0.26449999809265134,79.43800354003906
2014-03-17,15.640000343322754,0.2698999881744385,79.31099700927734
2014-03-18,14.520000457763672,0.2680999994277954,79.54399871826172
2014-03-19,15.119999885559082,0.2772000074386597,80.13300323486328
2014-03-20,14.520000457763672,0.27750000953674314,80.35299682617188
2014-03-21,15.0,0.275,80.26100158691406
2014-03-24,15.09000015258789,0.27330000400543214,80.0790023803711
2014-03-25,14.020000457763672,0.27349998950958254,80.08799743652344
2014-03-26,14.930000305175781,0.2700999975204468,80.16899871826172
2014-03-27,14.619999885559082,0.2671999931335449,80.25199890136719
2014-03-28,14.40999984741211,0.27119998931884765,80.33499908447266
2014-03-31,13.880000114440918,0.27230000495910645,80.25399780273438
2014-04-01,13.100000381469727,0.2759000062942505,80.2490005493164
2014-04-02,13.09000015258789,0.2802999973297119,80.37200164794922
2014-04-03,13.369999885559082,0.27899999618530275,80.63999938964844
2014-04-04,13.960000038146973,0.27260000705718995,80.57099914550781
2014-04-07,15.569999694824219,0.26949999332427976,80.3550033569336
2014-04-08,14.890000343322754,0.2680999994277954,79.83499908447266
2014-04-09,13.819999694824219,0.2684000015258789,79.5530014038086
2014-04-10,15.890000343322754,0.2628000020980835,79.44999694824219
2014-04-11,17.030000686645508,0.261899995803833,79.52300262451172
2014-04-14,16.110000610351562,0.2638999938964844,79.80500030517578
2014-04-15,15.609999656677246,0.2628000020980835,79.88800048828125
2014-04-16,14.180000305175781,0.263700008392334,79.88300323486328
2014-04-17,13.359999656677246,0.27209999561309817,79.90299987792969
2014-04-21,13.25,0.27209999561309817,80.02999877929688
2014-04-22,13.1899995803833,0.27260000705718995,79.99500274658203
2014-04-23,13.270000457763672,0.26860001087188723,79.93499755859375
2014-04-24,13.319999694824219,0.2687999963760376,79.87699890136719
2014-04-25,14.0600004196167,0.2665999889373779,79.81800079345703
2014-04-28,13.970000267028809,0.2677000045776367,79.76200103759766
2014-04-29,13.710000038146973,0.26949999332427976,79.88099670410156
2014-04-30,13.40999984741211,0.26480000019073485,79.53199768066406
2014-05-01,13.25,0.26059999465942385,79.5790023803711
2014-05-02,12.90999984741211,0.25910000801086425,79.56300354003906
2014-05-05,13.289999961853027,0.26110000610351564,79.52999877929688
2014-05-06,13.800000190734863,0.2595000028610229,79.1259994506836
2014-05-07,13.399999618530273,0.25899999141693114,79.24299621582031
2014-05-08,13.430000305175781,0.2601999998092651,79.4020004272461
2014-05-09,12.920000076293945,0.2622999906539917,79.96099853515625
2014-05-12,12.229999542236328,0.26559998989105227,79.96499633789062
2014-05-13,12.130000114440918,0.2618000030517578,80.21299743652344
2014-05-14,12.170000076293945,0.25429999828338623,80.13500213623047
2014-05-15,13.170000076293945,0.2502000093460083,80.06400299072266
2014-05-16,12.4399995803833,0.25179998874664306,80.10700225830078
2014-05-19,12.420000076293945,0.25360000133514404,80.0479965209961
2014-05-20,12.960000038146973,0.25090000629425047,80.09300231933594
2014-05-21,11.90999984741211,0.2536999940872192,80.1500015258789
2014-05-22,12.029999732971191,0.2555000066757202,80.30500030517578
2014-05-23,11.359999656677246,0.25360000133514404,80.44999694824219
2014-05-27,11.510000228881836,0.25179998874664306,80.40499877929688
2014-05-28,11.680000305175781,0.2437999963760376,80.62000274658203
2014-05-29,11.569999694824219,0.24470000267028807,80.54000091552734
2014-05-30,11.399999618530273,0.24570000171661377,80.40399932861328
2014-06-02,11.579999923706055,0.25339999198913576,80.69000244140625
2014-06-03,11.869999885559082,0.25929999351501465,80.59300231933594
2014-06-04,12.079999923706055,0.26059999465942385,80.70600128173828
2014-06-05,11.680000305175781,0.25840001106262206,80.40299987792969
2014-06-06,10.729999542236328,0.25969998836517333,80.427001953125
2014-06-09,11.149999618530273,0.26129999160766604,80.68199920654297
2014-06-10,10.989999771118164,0.2634999990463257,80.84600067138672
2014-06-11,11.600000381469727,0.2640000104904175,80.80899810791016
2014-06-12,12.5600004196167,0.25859999656677246,80.58999633789062
2014-06-13,12.180000305175781,0.26040000915527345,80.65599822998047
2014-06-16,12.649999618530273,0.25969998836517333,80.46800231933594
2014-06-17,12.0600004196167,0.26549999713897704,80.71600341796875
2014-06-18,10.609999656677246,0.26129999160766604,80.66999816894531
2014-06-19,10.619999885559082,0.2621999979019165,80.39600372314453
2014-06-20,10.850000381469727,0.2624000072479248,80.44100189208984
2014-06-23,10.979999542236328,0.2622999906539917,80.33799743652344
2014-06-24,12.130000114440918,0.25859999656677246,80.39299774169922
2014-06-25,11.59000015258789,0.2559000015258789,80.26499938964844
2014-06-26,11.630000114440918,0.2525000095367432,80.27899932861328
2014-06-27,11.260000228881836,0.25320000648498536,80.08599853515625
2014-06-30,11.569999694824219,0.25160000324249265,79.81099700927734
2014-07-01,11.149999618530273,0.2562999963760376,79.84500122070312
2014-07-02,10.819999694824219,0.2628000020980835,79.98500061035156
2014-07-03,10.319999694824219,0.26480000019073485,80.28099822998047
2014-07-07,11.329999923706055,0.2617000102996826,80.26699829101562
2014-07-08,11.979999542236328,0.2565000057220459,80.22100067138672
2014-07-09,11.649999618530273,0.2546999931335449,80.04199981689453
2014-07-10,12.59000015258789,0.25320000648498536,80.16999816894531
2014-07-11,12.079999923706055,0.2519999980926514,80.22899627685547
2014-07-14,11.819999694824219,0.25490000247955324,80.2300033569336
2014-07-15,11.960000038146973,0.25490000247955324,80.44599914550781
2014-07-16,11.0,0.2538000106811523,80.625
2014-07-17,14.539999961853027,0.24749999046325682,80.56999969482422
2014-07-18,12.0600004196167,0.24839999675750732,80.59500122070312
2014-07-21,12.8100004196167,0.24739999771118165,80.62699890136719
2014-07-22,12.239999771118164,0.24660000801086426,80.86499786376953
2014-07-23,11.520000457763672,0.24639999866485596,80.91500091552734
2014-07-24,11.84000015258789,0.25090000629425047,80.96199798583984
2014-07-25,12.6899995803833,0.24690001010894774,81.125
2014-07-28,12.5600004196167,0.2490999937057495,81.12200164794922
2014-07-29,13.279999732971191,0.24619998931884765,81.31500244140625
2014-07-30,13.329999923706055,0.2553999900817871,81.51599884033203
2014-07-31,16.950000762939453,0.25559999942779543,81.52300262451172
2014-08-01,17.030000686645508,0.2505000114440918,81.37699890136719
2014-08-04,15.119999885559082,0.2490999937057495,81.40499877929688
2014-08-05,16.8700008392334,0.24830000400543212,81.61100006103516
2014-08-06,16.3700008392334,0.24739999771118165,81.50700378417969
2014-08-07,16.65999984741211,0.24240000247955323,81.6050033569336
2014-08-08,15.770000457763672,0.24149999618530274,81.4540023803711
2014-08-11,14.229999542236328,0.24200000762939453,81.53500366210938
2014-08-12,14.130000114440918,0.2441999912261963,81.55500030517578
2014-08-13,12.899999618530273,0.24130001068115234,81.65699768066406
2014-08-14,12.420000076293945,0.24000000953674316,81.64700317382812
2014-08-15,13.149999618530273,0.23450000286102296,81.46900177001953
2014-08-18,12.319999694824219,0.238700008392334,81.63099670410156
2014-08-19,12.210000038146973,0.24049999713897705,81.93699645996094
2014-08-20,11.779999732971191,0.2426000118255615,82.27999877929688
2014-08-21,11.760000228881836,0.24070000648498535,82.20800018310547
2014-08-22,11.470000267028809,0.24030001163482667,82.37699890136719
2014-08-25,11.699999809265137,0.238700008392334,82.59300231933594
2014-08-26,11.630000114440918,0.23910000324249267,82.67900085449219
2014-08-27,11.779999732971191,0.23610000610351561,82.4489974975586
2014-08-28,12.050000190734863,0.23340001106262206,82.51599884033203
2014-08-29,12.09000015258789,0.23429999351501465,82.78299713134766
2014-09-02,12.25,0.24189999103546142,83.01000213623047
2014-09-03,12.359999656677246,0.24100000858306886,82.88800048828125
2014-09-04,12.640000343322754,0.24479999542236328,83.83399963378906
2014-09-05,12.09000015258789,0.24609999656677245,83.75700378417969
2014-09-08,12.65999984741211,0.24690001010894774,84.24099731445312
2014-09-09,13.5,0.25,84.28399658203125
2014-09-10,12.880000114440918,0.25339999198913576,84.29299926757812
2014-09-11,12.800000190734863,0.25309998989105226,84.30400085449219
2014-09-12,13.3100004196167,0.26140000820159914,84.23999786376953
2014-09-15,14.119999885559082,0.25910000801086425,
2014-09-16,12.729999542236328,0.25889999866485597,84.23100280761719
2014-09-17,12.649999618530273,0.25999999046325684,84.48600006103516
2014-09-18,12.029999732971191,0.2628999948501587,84.43000030517578
2014-09-19,12.109999656677246,0.25869998931884763,84.86499786376953
2014-09-22,13.6899995803833,0.25659999847412107,84.86299896240234
2014-09-23,14.930000305175781,0.25350000858306887,84.77899932861328
2014-09-24,13.270000457763672,0.2569000005722046,85.15499877929688
2014-09-25,15.640000343322754,0.25109999179840087,85.3030014038086
2014-09-26,14.850000381469727,0.25350000858306887,85.76699829101562
2014-09-29,15.979999542236328,0.2490999937057495,85.71600341796875
2014-09-30,16.309999465942383,0.25079998970031736,86.0469970703125
2014-10-01,16.709999084472656,0.24030001163482667,86.07599639892578
2014-10-02,16.15999984741211,0.2437999963760376,85.69000244140625
2014-10-03,14.550000190734863,0.24470000267028807,86.822998046875
2014-10-06,15.460000038146973,0.2424999952316284,86.04399871826172
2014-10-07,17.200000762939453,0.23499999046325684,85.77799987792969
2014-10-08,15.109999656677246,0.23299999237060548,85.40699768066406
2014-10-09,18.760000228881836,0.23269999027252197,85.65499877929688
2014-10-10,21.239999771118164,0.2306999921798706,86.03099822998047
2014-10-13,24.639999389648438,0.22860000133514405,85.72699737548828
2014-10-14,22.790000915527344,0.22060000896453857,85.94100189208984
2014-10-15,25.270000457763672,0.20899999141693115,85.24099731445312
2014-10-16,25.200000762939453,0.21530001163482665,85.04100036621094
2014-10-17,21.989999771118164,0.21989998817443848,85.21299743652344
2014-10-20,18.56999969482422,0.2180999994277954,85.03800201416016
2014-10-21,16.079999923706055,0.22079999446868898,85.40399932861328
2014-10-22,17.8700008392334,0.22290000915527344,85.85399627685547
2014-10-23,16.530000686645508,0.22750000953674315,85.94599914550781
2014-10-24,16.110000610351562,0.22730000019073487,85.81800079345703
2014-10-27,16.040000915527344,0.2256999969482422,85.56099700927734
2014-10-28,14.390000343322754,0.22839999198913574,85.4729995727539
2014-10-29,15.149999618530273,0.2322999954223633,86.03600311279297
2014-10-30,14.520000457763672,0.2305000066757202,86.23200225830078
2014-10-31,14.029999732971191,0.23350000381469727,87.01599884033203
2014-11-03,14.729999542236328,0.23480000495910644,87.40699768066406
2014-11-04,14.890000343322754,0.23420000076293945,87.09200286865234
2014-11-05,14.170000076293945,0.23499999046325684,87.56700134277344
2014-11-06,13.670000076293945,0.2375,88.13400268554688
2014-11-07,13.119999885559082,0.2312000036239624,87.72599792480469
2014-11-10,12.670000076293945,0.23589999675750734,87.91100311279297
2014-11-11,12.920000076293945,0.2359999895095825,87.71900177001953
2014-11-12,13.020000457763672,0.23589999675750734,87.90599822998047
2014-11-13,13.789999961853027,0.23469998836517333,87.75199890136719
2014-11-14,13.3100004196167,0.23199999332427979,87.59300231933594
2014-11-17,13.989999771118164,0.23399999141693115,88.01000213623047
2014-11-18,13.859999656677246,0.2322000026702881,87.6449966430664
2014-11-19,13.960000038146973,0.23510000705718995,87.71099853515625
2014-11-20,13.579999923706055,0.23350000381469727,87.66699981689453
2014-11-21,12.899999618530273,0.2315000057220459,88.40499877929688
2014-11-24,12.619999885559082,0.2309999942779541,88.20600128173828
2014-11-25,12.25,0.22599999904632567,87.96199798583984
2014-11-26,12.069999694824219,0.22339999675750732,87.64900207519531
2014-11-28,13.329999923706055,0.2194000005722046,88.41300201416016
2014-12-01,14.15999984741211,0.22179999351501464,87.98200225830078
2014-12-02,12.850000381469727,0.22850000858306885,88.7030029296875
2014-12-03,12.5,0.22869999408721925,88.99299621582031
2014-12-04,12.380000114440918,0.2256999969482422,88.73500061035156
2014-12-05,11.890000343322754,0.2306999921798706,89.36000061035156
2014-12-08,14.210000038146973,0.2256999969482422,89.0469970703125
2014-12-09,15.350000381469727,0.22200000286102295,88.69200134277344
2014-12-10,18.530000686645508,0.21689999103546143,88.28700256347656
2014-12-11,20.079999923706055,0.21779999732971192,88.68199920654297
2014-12-12,21.079999923706055,0.21029999256134033,88.34500122070312
2014-12-15,20.420000076293945,0.2115999937057495,
2014-12-16,23.56999969482422,0.2071000099182129,88.2969970703125
2014-12-17,19.440000534057617,0.21480000019073486,89.32599639892578
2014-12-18,16.809999465942383,0.22039999961853027,89.47699737548828
2014-12-19,16.489999771118164,0.21760001182556152,89.84100341796875
2014-12-22,15.25,0.21619999408721924,89.9489974975586
2014-12-23,14.800000190734863,0.2256999969482422,90.32599639892578
2014-12-24,14.369999885559082,0.22639999389648438,90.2229995727539
2014-12-26,14.5,0.225,90.30999755859375
2014-12-29,15.0600004196167,0.22070000171661378,90.49600219726562
2014-12-30,15.920000076293945,0.2190000057220459,90.27899932861328
2014-12-31,19.200000762939453,0.21700000762939453,90.64700317382812
2015-01-02,17.790000915527344,0.2122999906539917,91.38300323486328
2015-01-05,19.920000076293945,0.20390000343322753,91.62200164794922
2015-01-06,21.1200008392334,0.19630000591278077,91.73799896240234
2015-01-07,19.309999465942383,0.19539999961853027,92.11499786376953
2015-01-08,17.010000228881836,0.20160000324249266,92.60199737548828
2015-01-09,17.549999237060547,0.19709999561309816,92.14700317382812
2015-01-12,19.600000381469727,0.19119999408721924,92.18399810791016
2015-01-13,20.559999465942383,0.18899999856948851,92.50199890136719
2015-01-14,21.479999542236328,0.18370000123977662,92.34500122070312
2015-01-15,22.389999389648438,0.1774999976158142,92.60800170898438
2015-01-16,20.950000762939453,0.1815000057220459,92.88999938964844
2015-01-20,19.889999389648438,0.18070000410079956,93.3489990234375
2015-01-21,18.850000381469727,0.1853000044822693,93.13999938964844
2015-01-22,16.399999618530273,0.18960000276565553,94.36199951171875
2015-01-23,16.65999984741211,0.18170000314712526,95.0530014038086
2015-01-26,15.520000457763672,0.18279999494552612,95.11499786376953
2015-01-27,17.219999313354492,0.18250000476837158,94.25
2015-01-28,20.440000534057617,0.17239999771118164,94.72699737548828
2015-01-29,18.760000228881836,0.17510000467300416,95.01100158691406
2015-01-30,20.969999313354492,0.16749999523162842,94.99800109863281
2015-02-02,19.43000030517578,0.16729999780654908,94.73400115966797
2015-02-03,17.329999923706055,0.17799999713897705,93.7239990234375
2015-02-04,18.329999923706055,0.17970000505447387,94.16500091552734
2015-02-05,16.850000381469727,0.1815000057220459,93.73200225830078
2015-02-06,17.290000915527344,0.1937999963760376,94.85099792480469
2015-02-09,18.549999237060547,0.1947999954223633,94.58200073242188
2015-02-10,17.229999542236328,0.19910000562667846,94.85299682617188
2015-02-11,16.959999084472656,0.19880000352859498,95.08999633789062
2015-02-12,15.34000015258789,0.19859999418258667,94.197998046875
2015-02-13,14.6899995803833,0.20209999084472657,94.27899932861328
2015-02-17,15.800000190734863,0.21449999809265136,94.14700317382812
2015-02-18,15.449999809265137,0.20659999847412108,94.25700378417969
2015-02-19,15.289999961853027,0.21129999160766602,94.49199676513672
2015-02-20,14.300000190734863,0.21329998970031738,94.33999633789062
2015-02-23,14.5600004196167,0.2059000015258789,94.65699768066406
2015-02-24,13.6899995803833,0.19880000352859498,94.56099700927734
2015-02-25,13.84000015258789,0.1968999981880188,94.23500061035156
2015-02-26,13.90999984741211,0.20160000324249266,95.33599853515625
2015-02-27,13.34000015258789,0.2002000093460083,95.32099914550781
2015-03-02,13.039999961853027,0.20840001106262207,95.47899627685547
2015-03-03,13.859999656677246,0.21219999790191652,95.40799713134766
2015-03-04,14.229999542236328,0.2122999906539917,95.98600006103516
2015-03-05,14.039999961853027,0.21119999885559082,96.39399719238281
2015-03-06,15.199999809265137,0.2240000009536743,97.60399627685547
2015-03-09,15.0600004196167,0.21949999332427977,97.58000183105469
2015-03-10,16.690000534057617,0.2125999927520752,98.61499786376953
2015-03-11,16.8700008392334,0.2108999967575073,99.78500366210938
2015-03-12,15.420000076293945,0.20959999561309814,99.41100311279297
2015-03-13,16.0,0.21119999885559082,100.31400299072266
2015-03-16,15.609999656677246,0.20980000495910645,99.48200225830078
2015-03-17,15.65999984741211,0.20580000877380372,99.9489974975586
2015-03-18,13.970000267028809,0.19509999752044677,98.78099822998047
2015-03-19,14.069999694824219,0.19769999980926514,99.58399963378906
2015-03-20,13.020000457763672,0.19299999475479127,98.1709976196289
2015-03-23,13.40999984741211,0.19149999618530272,97.2979965209961
2015-03-24,13.619999885559082,0.1878000020980835,97.44599914550781
2015-03-25,15.4399995803833,0.19199999570846557,97.1969985961914
2015-03-26,15.800000190734863,0.2006999969482422,97.68199920654297
2015-03-27,15.069999694824219,0.1947999954223633,97.5199966430664
2015-03-30,14.510000228881836,0.19630000591278077,98.28099822998047
2015-03-31,15.289999961853027,0.1934000015258789,98.66100311279297
2015-04-01,15.109999656677246,0.1868000030517578,98.4749984741211
2015-04-02,14.670000076293945,0.19040000438690186,97.6729965209961
2015-04-06,14.739999771118164,0.19040000438690186,96.96099853515625
2015-04-07,14.779999732971191,0.18930000066757202,98.05599975585938
2015-04-08,13.979999542236328,0.18949999809265136,98.13099670410156
2015-04-09,13.09000015258789,0.19579999446868895,99.3949966430664
2015-04-10,12.579999923706055,0.19509999752044677,99.59600067138672
2015-04-13,13.9399995803833,0.19390000104904176,99.76799774169922
2015-04-14,13.670000076293945,0.19040000438690186,98.94000244140625
2015-04-15,12.84000015258789,0.1899999976158142,98.5250015258789
2015-04-16,12.600000381469727,0.1878000020980835,97.61399841308594
2015-04-17,13.890000343322754,0.1850000023841858,97.70700073242188
2015-04-20,13.300000190734863,0.18949999809265136,98.16000366210938
2015-04-21,13.25,0.1916000008583069,98.20500183105469
2015-04-22,12.710000038146973,0.1972000002861023,98.13800048828125
2015-04-23,12.479999542236328,0.19470000267028809,97.4540023803711
2015-04-24,12.289999961853027,0.19170000553131103,97.0989990234375
2015-04-27,13.119999885559082,0.19240000247955322,96.94100189208984
2015-04-28,12.40999984741211,0.19730000495910643,96.19400024414062
2015-04-29,13.390000343322754,0.20350000858306885,95.3219985961914
2015-04-30,14.550000190734863,0.20460000038146972,94.71399688720703
2015-05-01,12.699999809265137,0.2117000102996826,95.44499969482422
2015-05-04,12.850000381469727,0.2134999990463257,95.63700103759766
2015-05-05,14.3100004196167,0.21760001182556152,95.2020034790039
2015-05-06,15.149999618530273,0.2240000009536743,94.17500305175781
2015-05-07,15.130000114440918,0.2184000015258789,94.7490005493164
2015-05-08,12.859999656677246,0.21500000953674317,94.90399932861328
2015-05-11,13.850000381469727,0.22739999294281005,95.0999984741211
2015-05-12,13.859999656677246,0.22599999904632567,94.60600280761719
2015-05-13,13.760000228881836,0.22820000648498534,93.64299774169922
2015-05-14,12.739999771118164,0.2239000082015991,93.50499725341797
2015-05-15,12.380000114440918,0.21410000324249268,93.18000030517578
2015-05-18,12.729999542236328,0.22279999256134034,94.26899719238281
2015-05-19,12.850000381469727,0.22620000839233398,95.36299896240234
2015-05-20,12.880000114440918,0.2250999927520752,95.50900268554688
2015-05-21,12.109999656677246,0.2184999942779541,95.3290023803711
2015-05-22,12.130000114440918,0.22149999141693116,96.11000061035156
2015-05-26,14.0600004196167,0.213700008392334,97.40699768066406
2015-05-27,13.270000457763672,0.2134999990463257,97.4739990234375
2015-05-28,13.3100004196167,0.2130000114440918,97.05899810791016
2015-05-29,13.84000015258789,0.20950000286102294,96.98600006103516
2015-06-01,13.970000267028809,0.2191999912261963,97.4729995727539
2015-06-02,14.239999771118164,0.2266000032424927,95.87799835205078
2015-06-03,13.65999984741211,0.23659999370574952,95.50900268554688
2015-06-04,14.710000038146973,0.2306999921798706,95.49299621582031
2015-06-05,14.210000038146973,0.24019999504089357,96.36100006103516
2015-06-08,15.289999961853027,0.238100004196167,95.322998046875
2015-06-09,14.470000267028809,0.24170000553131105,95.1719970703125
2015-06-10,13.220000267028809,0.24779999256134033,94.6510009765625
2015-06-11,12.850000381469727,0.23829998970031738,94.9800033569336
2015-06-12,13.779999732971191,0.23849999904632568,94.98699951171875
2015-06-15,15.390000343322754,0.23580000400543213,95.12899780273438
2015-06-16,14.8100004196167,0.23180000782012938,95.26200103759766
2015-06-17,14.5,0.2305999994277954,94.48999786376953
2015-06-18,13.1899995803833,0.23510000705718995,94.24099731445312
2015-06-19,13.960000038146973,0.22669999599456786,94.27200317382812
2015-06-22,12.739999771118164,0.2359999895095825,94.51499938964844
2015-06-23,12.109999656677246,0.24089999198913575,95.6449966430664
2015-06-24,13.260000228881836,0.2371000051498413,95.41799926757812
2015-06-25,14.010000228881836,0.23929998874664307,95.38700103759766
2015-06-26,14.020000457763672,0.24760000705718993,95.6510009765625
2015-06-29,18.850000381469727,0.23310000896453859,94.94999694824219
2015-06-30,18.229999542236328,0.23350000381469727,95.66100311279297
2015-07-01,16.09000015258789,0.24179999828338622,96.50900268554688
2015-07-02,16.790000915527344,0.23929998874664307,96.29000091552734
2015-07-06,17.010000228881836,0.22780001163482666,96.47699737548828
2015-07-07,16.09000015258789,0.22309999465942382,97.07599639892578
2015-07-08,19.65999984741211,0.22060000896453857,96.47200012207031
2015-07-09,19.969999313354492,0.23010001182556153,96.78800201416016
2015-07-10,16.829999923706055,0.24170000553131105,96.1719970703125
2015-07-13,13.899999618530273,0.24300000667572022,96.99800109863281
2015-07-14,13.369999885559082,0.23989999294281006,96.78399658203125
2015-07-15,13.229999542236328,0.23499999046325684,97.27899932861328
2015-07-16,12.109999656677246,0.23519999980926515,97.80599975585938
2015-07-17,11.949999809265137,0.23489999771118164,97.98899841308594
2015-07-20,12.25,0.2371999979019165,98.16100311279297
2015-07-21,12.220000267028809,0.23399999141693115,97.4260025024414
2015-07-22,12.119999885559082,0.2322000026702881,97.72200012207031
2015-07-23,12.640000343322754,0.22769999504089355,97.22599792480469
2015-07-24,13.739999771118164,0.22709999084472657,97.34600067138672
2015-07-27,15.600000381469727,0.22279999256134034,96.6050033569336
2015-07-28,13.4399995803833,0.225,96.86299896240234
2015-07-29,12.5,0.22790000438690186,97.0770034790039
2015-07-30,12.130000114440918,0.22679998874664306,97.69400024414062
2015-07-31,12.119999885559082,0.22049999237060547,97.43900299072266
2015-08-03,12.5600004196167,0.21500000953674317,97.61599731445312
2015-08-04,13.0,0.22109999656677246,98.02400207519531
2015-08-05,12.510000228881836,0.22679998874664306,98.03500366210938
2015-08-06,13.770000457763672,0.22339999675750732,97.90599822998047
2015-08-07,13.390000343322754,0.2174999952316284,97.61900329589844
2015-08-10,12.229999542236328,0.223799991607666,97.2020034790039
2015-08-11,13.710000038146973,0.213700008392334,97.33499908447266
2015-08-12,13.609999656677246,0.2130000114440918,96.29499816894531
2015-08-13,13.489999771118164,0.2188999891281128,96.46099853515625
2015-08-14,12.829999923706055,0.21960000991821288,96.53299713134766
2015-08-17,13.020000457763672,0.21500000953674317,96.81500244140625
2015-08-18,13.789999961853027,0.21960000991821288,97.06999969482422
2015-08-19,15.25,0.2128999948501587,96.36799621582031
2015-08-20,19.139999389648438,0.20840001106262207,96.00199890136719
2015-08-21,28.030000686645508,0.2053999900817871,95.00499725341797
2015-08-24,40.7400016784668,0.1996999979019165,93.35600280761719
2015-08-25,36.02000045776367,0.21329998970031738,94.54399871826172
2015-08-26,30.31999969482422,0.21719999313354493,95.13099670410156
2015-08-27,26.100000381469727,0.21679999828338622,95.6520004272461
2015-08-28,26.049999237060547,0.2186000108718872,96.13500213623047
2015-08-31,28.43000030517578,0.2200000047683716,95.85399627685547
2015-09-01,31.399999618530273,0.21719999313354493,95.44599914550781
2015-09-02,26.09000015258789,0.2193000078201294,95.84400177001953
2015-09-03,25.610000610351562,0.21679999828338622,96.4229965209961
2015-09-04,27.799999237060547,0.2128000020980835,96.23999786376953
2015-09-08,24.899999618530273,0.2194000005722046,95.98699951171875
2015-09-09,26.229999542236328,0.2180999994277954,96.01000213623047
2015-09-10,24.3700008392334,0.22219998836517335,95.44200134277344
2015-09-11,23.200000762939453,0.2183000087738037,95.19400024414062
2015-09-14,24.25,0.21800000667572023,95.36399841308594
2015-09-15,22.540000915527344,0.22809998989105223,95.78500366210938
2015-09-16,21.350000381469727,0.2302999973297119,95.5459976196289
2015-09-17,21.139999389648438,0.22170000076293944,94.677001953125
2015-09-18,22.280000686645508,0.2130000114440918,94.99600219726562
2015-09-21,20.139999389648438,0.22139999866485596,96.03399658203125
2015-09-22,22.440000534057617,0.2125,96.44599914550781
2015-09-23,22.1299991607666,0.21440000534057618,96.20600128173828
2015-09-24,23.469999313354492,0.2119999885559082,96.14900207519531
2015-09-25,23.6200008392334,0.21679999828338622,96.43399810791016
2015-09-28,27.6299991607666,0.20950000286102294,96.18199920654297
2015-09-29,26.829999923706055,0.2053999900817871,95.99299621582031
2015-09-30,24.5,0.2059999942779541,96.4800033569336
2015-10-01,22.549999237060547,0.20420000553131104,96.32599639892578
2015-10-02,20.940000534057617,0.19889999628067018,95.96700286865234
2015-10-05,19.540000915527344,0.20559999942779542,96.23999786376953
2015-10-06,19.399999618530273,0.20350000858306885,95.56300354003906
2015-10-07,18.399999618530273,0.2062000036239624,95.58000183105469
2015-10-08,17.420000076293945,0.21080000400543214,95.40699768066406
2015-10-09,17.079999923706055,0.20989999771118165,94.88300323486328
2015-10-12,16.170000076293945,0.20899999141693115,94.76499938964844
2015-10-13,17.670000076293945,0.20550000667572021,94.79000091552734
2015-10-14,18.030000686645508,0.19809999465942382,93.95700073242188
2015-10-15,16.049999237060547,0.20230000019073485,94.43000030517578
2015-10-16,15.050000190734863,0.20230000019073485,94.58799743652344
2015-10-19,14.979999542236328,0.20280001163482667,94.9530029296875
2015-10-20,15.75,0.2071000099182129,94.93900299072266
2015-10-21,16.700000762939453,0.20299999713897704,95.06800079345703
2015-10-22,14.449999809265137,0.20250000953674316,96.4540023803711
2015-10-23,14.460000038146973,0.20829999446868896,97.24299621582031
2015-10-26,15.289999961853027,0.20580000877380372,96.95500183105469
2015-10-27,15.430000305175781,0.20280001163482667,96.99199676513672
2015-10-28,14.329999923706055,0.20920000076293946,97.86100006103516
2015-10-29,14.609999656677246,0.21730000972747804,97.36399841308594
2015-10-30,15.069999694824219,0.21510000228881837,97.01899719238281
2015-11-02,14.149999618530273,0.2187000036239624,97.00299835205078
2015-11-03,14.539999961853027,0.22200000286102295,97.24299621582031
2015-11-04,15.510000228881836,0.22300000190734864,98.02899932861328
2015-11-05,15.050000190734863,0.2244999885559082,98.05000305175781
2015-11-06,14.329999923706055,0.23329999446868896,99.26000213623047
2015-11-09,16.520000457763672,0.23420000076293945,99.07599639892578
2015-11-10,15.289999961853027,0.2322000026702881,99.38999938964844
2015-11-11,16.059999465942383,0.23380000591278077,99.15799713134766
2015-11-12,18.3700008392334,0.23190000057220458,98.71199798583984
2015-11-13,20.079999923706055,0.22799999713897706,99.09700012207031
2015-11-16,18.15999984741211,0.22730000019073487,99.53800201416016
2015-11-17,18.84000015258789,0.22609999179840087,99.69999694824219
2015-11-18,16.850000381469727,0.22690000534057617,99.74500274658203
2015-11-19,16.989999771118164,0.2247999906539917,99.06400299072266
2015-11-20,15.470000267028809,0.22620000839233398,99.6240005493164
2015-11-23,15.619999885559082,0.225,99.8550033569336
2015-11-24,15.930000305175781,0.22430000305175782,99.58999633789062
2015-11-25,15.1899995803833,0.22320001125335692,99.83000183105469
2015-11-27,15.119999885559082,0.22249999046325683,100.072998046875
2015-11-30,16.1299991607666,0.22179999351501464,100.20999908447266
2015-12-01,14.670000076293945,0.21549999713897705,99.83999633789062
2015-12-02,15.90999984741211,0.21779999732971192,100.0199966430664
2015-12-03,18.110000610351562,0.23299999237060548,97.63400268554688
2015-12-04,14.8100004196167,0.22750000953674315,98.34300231933594
2015-12-07,15.84000015258789,0.22249999046325683,98.66899871826172
2015-12-08,17.600000381469727,0.223799991607666,98.46800231933594
2015-12-09,19.610000610351562,0.22079999446868898,97.33399963378906
2015-12-10,19.34000015258789,0.2239000082015991,97.95999908447266
2015-12-11,24.389999389648438,0.21389999389648437,97.5510025024414
2015-12-14,22.729999542236328,0.22249999046325683,97.46900177001953
2015-12-15,20.950000762939453,0.22679998874664306,98.28800201416016
2015-12-16,17.860000610351562,0.22869999408721925,97.88400268554688
2015-12-17,18.940000534057617,0.223799991607666,99.31999969482422
2015-12-18,20.700000762939453,0.21989998817443848,98.73100280761719
2015-12-21,18.700000762939453,0.21970000267028808,98.36900329589844
2015-12-22,16.600000381469727,0.2239000082015991,98.24400329589844
2015-12-23,15.569999694824219,0.22639999389648438,98.36699676513672
2015-12-24,15.739999771118164,0.22430000305175782,98.01599884033203
2015-12-28,16.90999984741211,0.22249999046325683,97.94999694824219
2015-12-29,16.079999923706055,0.2306999921798706,98.1729965209961
2015-12-30,17.290000915527344,0.2302999973297119,98.35399627685547
2015-12-31,18.209999084472656,0.22690000534057617,98.74500274658203
2016-01-04,20.700000762939453,0.2244999885559082,98.96800231933594
2016-01-05,19.34000015258789,0.2247999906539917,99.49600219726562
2016-01-06,20.59000015258789,0.21770000457763672,99.26599884033203
2016-01-07,24.989999771118164,0.21530001163482665,98.27200317382812
2016-01-08,27.010000228881836,0.2130000114440918,98.5989990234375
2016-01-11,24.299999237060547,0.21579999923706056,98.78399658203125
2016-01-12,22.469999313354492,0.21019999980926513,99.02400207519531
2016-01-13,25.219999313354492,0.20659999847412108,98.97799682617188
2016-01-14,23.950000762939453,0.20980000495910645,99.15499877929688
2016-01-15,27.020000457763672,0.20329999923706055,99.0199966430664
2016-01-19,26.049999237060547,0.20350000858306885,99.03600311279297
2016-01-20,27.59000015258789,0.19839999675750733,99.17400360107422
2016-01-21,26.690000534057617,0.20190000534057617,99.12799835205078
2016-01-22,22.34000015258789,0.20480000972747803,99.6510009765625
2016-01-25,24.149999618530273,0.20220000743865968,99.40599822998047
2016-01-26,22.5,0.199399995803833,99.13300323486328
2016-01-27,23.110000610351562,0.20009999275207518,98.9540023803711
2016-01-28,22.420000076293945,0.19850000143051147,98.53900146484375
2016-01-29,20.200000762939453,0.1930999994277954,99.6520004272461
2016-02-01,19.979999542236328,0.1965999960899353,99.02799987792969
2016-02-02,21.979999542236328,0.18639999628067017,98.89299774169922
2016-02-03,21.649999618530273,0.188100004196167,97.3010025024414
2016-02-04,21.84000015258789,0.18639999628067017,96.48699951171875
2016-02-05,23.3799991607666,0.18480000495910645,97.05400085449219
2016-02-08,26.0,0.17350000143051147,96.58100128173828
2016-02-09,26.540000915527344,0.1728999972343445,96.09400177001953
2016-02-10,26.290000915527344,0.17050000429153442,95.93599700927734
2016-02-11,28.139999389648438,0.16440000534057617,95.61900329589844
2016-02-12,25.399999618530273,0.17480000257492065,95.98200225830078
2016-02-16,24.110000610351562,0.1777999997138977,96.875
2016-02-17,22.309999465942383,0.1819000005722046,96.80000305175781
2016-02-18,21.639999389648438,0.17589999437332154,96.95999908447266
2016-02-19,20.530000686645508,0.17480000257492065,96.60399627685547
2016-02-22,19.3799991607666,0.17660000324249267,97.38800048828125
2016-02-23,20.979999542236328,0.17450000047683717,97.48500061035156
2016-02-24,20.719999313354492,0.17419999837875366,97.46399688720703
2016-02-25,19.110000610351562,0.1697000026702881,97.28199768066406
2016-02-26,19.809999465942383,0.17619999647140502,98.17500305175781
2016-02-29,20.549999237060547,0.17400000095367432,98.21900177001953
2016-03-01,17.700000762939453,0.1833999991416931,98.36499786376953
2016-03-02,17.09000015258789,0.18480000495910645,98.2249984741211
2016-03-03,16.700000762939453,0.18300000429153443,97.60099792480469
2016-03-04,16.860000610351562,0.18830000162124633,97.34300231933594
2016-03-07,17.350000381469727,0.19019999504089355,97.08399963378906
2016-03-08,18.670000076293945,0.18320000171661377,97.20600128173828
2016-03-09,18.34000015258789,0.18919999599456788,97.15899658203125
2016-03-10,18.049999237060547,0.19290000200271606,96.05500030517578
2016-03-11,16.5,0.19769999980926514,96.1719970703125
2016-03-14,16.920000076293945,0.19630000591278077,96.52100372314453
2016-03-15,16.84000015258789,0.19589999914169312,96.66799926757812
2016-03-16,14.989999771118164,0.1937999963760376,95.92500305175781
2016-03-17,14.4399995803833,0.19029999971389772,94.8010025024414
2016-03-18,14.020000457763672,0.18710000514984132,95.12000274658203
2016-03-21,13.789999961853027,0.19229999780654908,95.30400085449219
2016-03-22,14.170000076293945,0.1934999942779541,95.64399719238281
2016-03-23,14.9399995803833,0.1875,96.06400299072266
2016-03-24,14.739999771118164,0.1899999976158142,96.1729965209961
2016-03-28,15.239999771118164,0.18700000047683715,95.94000244140625
2016-03-29,13.819999694824219,0.18140000104904175,95.14600372314453
2016-03-30,13.5600004196167,0.18300000429153443,94.81900024414062
2016-03-31,13.949999809265137,0.17860000133514403,94.5780029296875
2016-04-01,13.100000381469727,0.17920000553131105,94.61799621582031
2016-04-04,14.119999885559082,0.17790000438690184,94.52400207519531
2016-04-05,15.420000076293945,0.17269999980926515,94.63700103759766
2016-04-06,14.09000015258789,0.17549999952316284,94.44100189208984
2016-04-07,16.15999984741211,0.1690999984741211,94.50399780273438
2016-04-08,15.359999656677246,0.17200000286102296,94.25199890136719
2016-04-11,16.260000228881836,0.17239999771118164,93.94200134277344
2016-04-12,14.850000381469727,0.1781000018119812,93.94499969482422
2016-04-13,13.84000015258789,0.17619999647140502,94.76200103759766
2016-04-14,13.720000267028809,0.1781000018119812,94.90799713134766
2016-04-15,13.619999885559082,0.17519999742507936,94.68599700927734
2016-04-18,13.350000381469727,0.17730000019073486,94.45999908447266
2016-04-19,13.239999771118164,0.17829999923706055,93.9469985961914
2016-04-20,13.279999732971191,0.18539999723434447,94.47100067138672
2016-04-21,13.949999809265137,0.18700000047683715,94.5739974975586
2016-04-22,13.220000267028809,0.18880000114440917,95.08000183105469
2016-04-25,14.079999923706055,0.19019999504089355,94.8010025024414
2016-04-26,13.960000038146973,0.1930999994277954,94.54299926757812
2016-04-27,13.770000457763672,0.18600000143051149,94.36699676513672
2016-04-28,15.220000267028809,0.18380000591278076,93.72699737548828
2016-04-29,15.699999809265137,0.1819000005722046,93.05400085449219
2016-05-02,14.680000305175781,0.1865000009536743,92.61799621582031
2016-05-03,15.600000381469727,0.1799999952316284,92.93099975585938
2016-05-04,16.049999237060547,0.1784000039100647,93.18699645996094
2016-05-05,15.90999984741211,0.1746999979019165,93.77999877929688
2016-05-06,14.720000267028809,0.17790000438690184,93.88300323486328
2016-05-09,14.569999694824219,0.17599999904632568,94.11499786376953
2016-05-10,13.630000114440918,0.17599999904632568,94.26699829101562
2016-05-11,14.6899995803833,0.17369999885559081,93.79000091552734
2016-05-12,14.40999984741211,0.17569999694824218,94.12799835205078
2016-05-13,15.039999961853027,0.17050000429153442,94.59300231933594
2016-05-16,14.680000305175781,0.1753000020980835,94.55000305175781
2016-05-17,15.569999694824219,0.17589999437332154,94.53099822998047
2016-05-18,15.949999809265137,0.18799999952316285,95.06300354003906
2016-05-19,16.329999923706055,0.18450000286102294,95.29399871826172
2016-05-20,15.199999809265137,0.18489999771118165,95.34300231933594
2016-05-23,15.819999694824219,0.18380000591278076,95.21600341796875
2016-05-24,14.420000076293945,0.18589999675750732,95.57599639892578
2016-05-25,13.899999618530273,0.18700000047683715,95.33999633789062
2016-05-26,13.430000305175781,0.18229999542236328,95.16200256347656
2016-05-27,13.119999885559082,0.185099995136261,95.5
2016-05-31,14.1899995803833,0.1833999991416931,95.87799835205078
2016-06-01,14.199999809265137,0.18459999561309814,95.45600128173828
2016-06-02,13.630000114440918,0.18109999895095824,95.56600189208984
2016-06-03,13.470000267028809,0.17039999961853028,94.02799987792969
2016-06-06,13.649999618530273,0.17230000495910644,93.88999938964844
2016-06-07,14.050000190734863,0.17130000591278077,93.83200073242188
2016-06-08,14.079999923706055,0.17059999704360962,93.58000183105469
2016-06-09,14.640000343322754,0.16799999475479127,93.9520034790039
2016-06-10,17.030000686645508,0.16390000581741332,94.56099700927734
2016-06-13,20.969999313354492,0.16160000562667848,94.39900207519531
2016-06-14,20.5,0.16109999418258666,95.04000091552734
2016-06-15,20.139999389648438,0.15959999561309815,94.68000030517578
2016-06-16,19.3700008392334,0.15640000104904175,94.70600128173828
2016-06-17,19.40999984741211,0.16180000305175782,94.33999633789062
2016-06-20,18.3700008392334,0.16699999570846558,93.68399810791016
2016-06-21,18.479999542236328,0.1697000026702881,94.06099700927734
2016-06-22,21.170000076293945,0.1684999942779541,93.75800323486328
2016-06-23,17.25,0.17389999628067015,93.5270004272461
2016-06-24,25.760000228881836,0.15789999961853027,95.5739974975586
2016-06-27,23.850000381469727,0.14600000381469727,96.7030029296875
2016-06-28,18.75,0.14609999656677247,96.33100128173828
2016-06-29,16.639999389648438,0.14769999980926513,95.80699920654297
2016-06-30,15.630000114440918,0.14880000352859496,96.2030029296875
2016-07-01,14.770000457763672,0.14559999704360962,95.71399688720703
2016-07-05,15.579999923706055,0.13669999837875366,96.25900268554688
2016-07-06,14.960000038146973,0.13849999904632568,96.13099670410156
2016-07-07,14.760000228881836,0.13869999647140502,96.38300323486328
2016-07-08,13.199999809265137,0.13660000562667846,96.3270034790039
2016-07-11,13.539999961853027,0.1434000015258789,96.58999633789062
2016-07-12,13.550000190734863,0.15130000114440917,96.48699951171875
2016-07-13,13.039999961853027,0.1468000054359436,96.20800018310547
2016-07-14,12.819999694824219,0.1531000018119812,96.0999984741211
2016-07-15,12.670000076293945,0.1593999981880188,96.56300354003906
2016-07-18,12.4399995803833,0.15870000123977662,96.58699798583984
2016-07-19,11.970000267028809,0.15579999685287477,97.10800170898438
2016-07-20,11.770000457763672,0.15800000429153443,97.26300048828125
2016-07-21,12.739999771118164,0.1565000057220459,97.0459976196289
2016-07-22,12.020000457763672,0.15700000524520874,97.51599884033203
2016-07-25,12.869999885559082,0.15709999799728394,97.32599639892578
2016-07-26,13.050000190734863,0.1562999963760376,97.16799926757812
2016-07-27,12.829999923706055,0.15149999856948854,97.04199981689453
2016-07-28,12.720000267028809,0.15110000371932983,96.72100067138672
2016-07-29,11.869999885559082,0.14579999446868896,95.49099731445312
2016-08-01,12.4399995803833,0.14960000514984131,95.677001953125
2016-08-02,13.369999885559082,0.15369999408721924,94.98799896240234
2016-08-03,12.859999656677246,0.15420000553131102,95.5250015258789
2016-08-04,12.420000076293945,0.1503000020980835,95.71700286865234
2016-08-05,11.390000343322754,0.15820000171661378,96.13600158691406
2016-08-08,11.5,0.15829999446868898,96.33999633789062
2016-08-09,11.65999984741211,0.15449999570846557,96.13200378417969
2016-08-10,12.050000190734863,0.15089999437332152,95.60800170898438
2016-08-11,11.680000305175781,0.15729999542236328,95.83799743652344
2016-08-12,11.550000190734863,0.15149999856948854,95.68199920654297
2016-08-15,11.8100004196167,0.15529999732971192,95.59400177001953
2016-08-16,12.640000343322754,0.1575999975204468,94.76399993896484
2016-08-17,12.1899995803833,0.15609999895095825,94.69000244140625
2016-08-18,11.430000305175781,0.15360000133514404,94.13700103759766
2016-08-19,11.34000015258789,0.15779999494552613,94.48300170898438
2016-08-22,12.270000457763672,0.15390000343322754,94.4990005493164
2016-08-23,12.380000114440918,0.15529999732971192,94.49400329589844
2016-08-24,13.449999809265137,0.1559000015258789,94.74700164794922
2016-08-25,13.630000114440918,0.15770000219345093,94.74299621582031
2016-08-26,13.649999618530273,0.16349999904632567,95.54199981689453
2016-08-29,12.9399995803833,0.1565999984741211,95.54299926757812
2016-08-30,13.119999885559082,0.15700000524520874,96.04100036621094
2016-08-31,13.420000076293945,0.15679999589920043,96.01200103759766
2016-09-01,13.479999542236328,0.15700000524520874,95.66000366210938
2016-09-02,11.979999542236328,0.15959999561309815,95.84400177001953
2016-09-06,12.020000457763672,0.15429999828338622,94.822998046875
2016-09-07,11.9399995803833,0.15410000085830688,94.95099639892578
2016-09-08,12.510000228881836,0.16160000562667848,95.0510025024414
2016-09-09,17.5,0.16720000505447388,95.3280029296875
2016-09-12,15.15999984741211,0.16720000505447388,95.08799743652344
2016-09-13,17.850000381469727,0.17339999675750734,95.6449966430664
2016-09-14,18.139999389648438,0.16890000104904174,95.3219985961914
2016-09-15,16.299999237060547,0.1702999949455261,95.28299713134766
2016-09-16,15.369999885559082,0.17009999752044677,96.1050033569336
2016-09-19,15.529999732971191,0.16959999799728392,95.7699966430664
2016-09-20,15.920000076293945,0.1687999963760376,95.97599792480469
2016-09-21,13.300000190734863,0.16679999828338624,95.66500091552734
2016-09-22,12.020000457763672,0.1631999969482422,95.38099670410156
2016-09-23,12.289999961853027,0.1615000009536743,95.39199829101562
2016-09-26,14.5,0.15889999866485596,95.20999908447266
2016-09-27,13.100000381469727,0.1555999994277954,95.31199645996094
2016-09-28,12.390000343322754,0.15670000314712523,95.33599853515625
2016-09-29,14.020000457763672,0.15570000410079957,95.47200012207031
2016-09-30,13.289999961853027,0.16080000400543212,95.38500213623047
2016-10-03,13.569999694824219,0.1621999979019165,95.58699798583984
2016-10-04,13.630000114440918,0.16829999685287475,96.125
2016-10-05,12.989999771118164,0.1715999960899353,96.11399841308594
2016-10-06,12.84000015258789,0.17419999837875366,96.77200317382812
2016-10-07,13.479999542236328,0.17359999418258668,96.65399932861328
2016-10-10,13.380000114440918,0.17230000495910644,
2016-10-11,15.359999656677246,0.17589999437332154,97.69200134277344
2016-10-12,15.90999984741211,0.1777999997138977,97.96199798583984
2016-10-13,16.690000534057617,0.17380000352859498,97.51799774169922
2016-10-14,16.1200008392334,0.1794000029563904,97.99700164794922
2016-10-17,16.209999084472656,0.17660000324249267,97.87799835205078
2016-10-18,15.279999732971191,0.17489999532699585,97.89700317382812
2016-10-19,14.40999984741211,0.17519999742507936,97.94000244140625
2016-10-20,13.75,0.1746999979019165,98.31400299072266
2016-10-21,13.34000015258789,0.17400000095367432,98.68599700927734
2016-10-24,13.020000457763672,0.1763000011444092,98.75199890136719
2016-10-25,13.460000038146973,0.17580000162124634,98.68199920654297
2016-10-26,14.239999771118164,0.17899999618530274,98.61100006103516
2016-10-27,15.359999656677246,0.1843000054359436,98.87899780273438
2016-10-28,16.190000534057617,0.18450000286102294,98.34200286865234
2016-10-31,17.059999465942383,0.1833999991416931,98.4219970703125
2016-11-01,18.559999465942383,0.18200000524520873,97.6969985961914
2016-11-02,19.31999969482422,0.17990000247955323,97.41400146484375
2016-11-03,22.079999923706055,0.1812000036239624,97.19599914550781
2016-11-04,22.510000228881836,0.17829999923706055,97.08799743652344
2016-11-07,18.709999084472656,0.18279999494552612,97.79299926757812
2016-11-08,18.739999771118164,0.18619999885559083,97.86000061035156
2016-11-09,14.380000114440918,0.2072000026702881,98.52899932861328
2016-11-10,14.739999771118164,0.2117000102996826,98.77400207519531
2016-11-11,14.170000076293945,,
2016-11-14,14.479999542236328,0.22219998836517335,100.12000274658203
2016-11-15,13.369999885559082,0.223799991607666,100.25
2016-11-16,13.720000267028809,0.22230000495910646,100.43800354003906
2016-11-17,13.350000381469727,0.22760000228881835,100.94599914550781
2016-11-18,12.850000381469727,0.23350000381469727,101.28299713134766
2016-11-21,12.420000076293945,0.23389999866485595,101.11299896240234
2016-11-22,12.40999984741211,0.2321000099182129,101.10600280761719
2016-11-23,12.430000305175781,0.23570001125335693,101.75900268554688
2016-11-25,12.34000015258789,0.2371999979019165,101.5459976196289
2016-11-28,13.149999618530273,0.23199999332427979,101.36799621582031
2016-11-29,12.899999618530273,0.23020000457763673,100.9489974975586
2016-11-30,13.329999923706055,0.2368000030517578,101.53900146484375
2016-12-01,14.069999694824219,0.2440999984741211,101.0989990234375
2016-12-02,14.119999885559082,0.23900001049041747,100.86100006103516
2016-12-05,12.140000343322754,0.238700008392334,100.11199951171875
2016-12-06,11.789999961853027,0.23959999084472655,100.52999877929688
2016-12-07,12.220000267028809,0.23469998836517333,100.26799774169922
2016-12-08,12.640000343322754,0.238700008392334,101.125
2016-12-09,11.75,0.24639999866485596,101.62000274658203
2016-12-12,12.640000343322754,0.24790000915527344,101.04900360107422
2016-12-13,12.720000267028809,0.24809999465942384,101.10700225830078
2016-12-14,13.1899995803833,0.2525000095367432,101.7699966430664
2016-12-15,12.789999961853027,0.25799999237060545,103.0530014038086
2016-12-16,12.199999809265137,0.25969998836517333,102.9540023803711
2016-12-19,11.710000038146973,0.25420000553131106,102.9000015258789
2016-12-20,11.449999809265137,0.2568000078201294,103.28800201416016
2016-12-21,11.270000457763672,0.25460000038146974,103.02899932861328
2016-12-22,11.430000305175781,0.2552999973297119,103.09600067138672
2016-12-23,11.4399995803833,0.25429999828338623,103.00199890136719
2016-12-27,11.989999771118164,0.2562999963760376,103.00700378417969
2016-12-28,12.949999809265137,0.250600004196167,103.24400329589844
2016-12-29,13.369999885559082,0.24769999980926513,102.71099853515625
2016-12-30,14.039999961853027,0.2446000099182129,102.28600311279297
2017-01-03,12.850000381469727,0.24500000476837158,103.20099639892578
2017-01-04,11.850000381469727,0.24519999027252198,102.70899963378906
2017-01-05,11.670000076293945,0.2368000030517578,101.52799987792969
2017-01-06,11.319999694824219,0.24179999828338622,102.20899963378906
2017-01-09,11.5600004196167,0.2375999927520752,101.90899658203125
2017-01-10,11.489999771118164,0.2378999948501587,101.99600219726562
2017-01-11,11.260000228881836,0.2369999885559082,101.74700164794922
2017-01-12,11.539999961853027,0.23610000610351561,101.37699890136719
2017-01-13,11.229999542236328,0.2380000114440918,101.18800354003906
2017-01-17,11.869999885559082,0.23269999027252197,100.31999969482422
2017-01-18,12.479999542236328,0.23889999389648436,100.91799926757812
2017-01-19,12.779999732971191,0.24590001106262208,101.14399719238281
2017-01-20,11.539999961853027,0.24670000076293946,100.69000244140625
2017-01-23,11.770000457763672,0.24030001163482667,100.12999725341797
2017-01-24,11.069999694824219,0.24709999561309814,100.33899688720703
2017-01-25,10.8100004196167,0.25230000019073484,100.01899719238281
2017-01-26,10.630000114440918,0.25079998970031736,100.375
2017-01-27,10.579999923706055,0.24809999465942384,100.5260009765625
2017-01-30,11.880000114440918,0.24830000400543212,100.41400146484375
2017-01-31,11.989999771118164,0.24509999752044678,99.48100280761719
2017-02-01,11.8100004196167,0.24739999771118165,99.60800170898438
2017-02-02,11.930000305175781,0.24700000286102294,99.78800201416016
2017-02-03,10.970000267028809,0.2490999937057495,99.84200286865234
2017-02-06,11.369999885559082,0.24130001068115234,99.86499786376953
2017-02-07,11.289999961853027,0.23889999389648436,100.24500274658203
2017-02-08,11.449999809265137,0.23510000705718995,100.26399993896484
2017-02-09,10.880000114440918,0.23949999809265138,100.64700317382812
2017-02-10,10.850000381469727,0.24089999198913575,100.79100036621094
2017-02-13,11.069999694824219,0.2434000015258789,100.94999694824219
2017-02-14,10.739999771118164,0.24700000286102294,101.23300170898438
2017-02-15,11.970000267028809,0.2502000093460083,101.16400146484375
2017-02-16,11.760000228881836,0.24500000476837158,100.43000030517578
2017-02-17,11.489999771118164,0.2424999952316284,100.95099639892578
2017-02-21,11.569999694824219,0.2427000045776367,101.3550033569336
2017-02-22,11.739999771118164,0.24179999828338622,101.19400024414062
2017-02-23,11.710000038146973,0.2388000011444092,101.0530014038086
2017-02-24,11.470000267028809,0.23169999122619628,101.08999633789062
2017-02-27,12.09000015258789,0.236899995803833,101.12899780273438
2017-02-28,12.920000076293945,0.23580000400543213,101.12899780273438
2017-03-01,12.539999961853027,0.24630000591278076,101.77999877929688
2017-03-02,11.8100004196167,0.24890000820159913,102.2040023803711
2017-03-03,10.960000038146973,0.2492000102996826,101.5479965209961
2017-03-06,11.239999771118164,0.249399995803833,101.6449966430664
2017-03-07,11.449999809265137,0.25109999179840087,101.80500030517578
2017-03-08,11.859999656677246,0.2552000045776367,102.07599639892578
2017-03-09,12.300000190734863,0.25980000495910643,101.85299682617188
2017-03-10,11.65999984741211,0.2582000017166138,101.24700164794922
2017-03-13,11.350000381469727,0.26080000400543213,101.30999755859375
2017-03-14,12.300000190734863,0.2595000028610229,101.5739974975586
2017-03-15,11.630000114440918,0.25079998970031736,100.57499694824219
2017-03-16,11.210000038146973,0.25220000743865967,100.18499755859375
2017-03-17,11.279999732971191,0.2500999927520752,100.11499786376953
2017-03-20,11.34000015258789,0.24730000495910645,100.23400115966797
2017-03-21,12.470000267028809,0.2436000108718872,99.61399841308594
2017-03-22,12.8100004196167,0.23959999084472655,99.46800231933594
2017-03-23,13.119999885559082,0.24179999828338622,99.56300354003906
2017-03-24,12.960000038146973,0.24000000953674316,99.44200134277344
2017-03-27,12.5,0.2372999906539917,98.9729995727539
2017-03-28,11.529999732971191,0.24089999198913575,99.54900360107422
2017-03-29,11.420000076293945,0.23859999179840088,99.83599853515625
2017-03-30,11.539999961853027,0.24159998893737794,100.28500366210938
2017-03-31,12.369999885559082,0.23959999084472655,100.21800231933594
2017-04-03,12.380000114440918,0.23499999046325684,100.41200256347656
2017-04-04,11.789999961853027,0.23499999046325684,100.4260025024414
2017-04-05,12.890000343322754,0.23570001125335693,100.44100189208984
2017-04-06,12.390000343322754,0.23429999351501465,100.56999969482422
2017-04-07,12.869999885559082,0.2372999906539917,101.11699676513672
2017-04-10,14.050000190734863,0.23610000610351561,100.9520034790039
2017-04-11,15.069999694824219,0.22980000972747802,100.62200164794922
2017-04-12,15.770000457763672,0.22960000038146972,100.71099853515625
2017-04-13,15.960000038146973,0.22320001125335692,100.46299743652344
2017-04-17,14.65999984741211,0.2252000093460083,100.19400024414062
2017-04-18,14.420000076293945,0.21789999008178712,99.40399932861328
2017-04-19,14.930000305175781,0.22019999027252196,99.63800048828125
2017-04-20,14.149999618530273,0.2240999937057495,99.68499755859375
2017-04-21,14.630000114440918,0.22369999885559083,99.87999725341797
2017-04-24,10.84000015258789,0.22730000019073487,98.9729995727539
2017-04-25,10.760000228881836,0.23269999027252197,98.64800262451172
2017-04-26,10.850000381469727,0.2311000108718872,98.91999816894531
2017-04-27,10.359999656677246,0.22960000038146972,98.95500183105469
2017-04-28,10.819999694824219,0.22820000648498534,98.89800262451172
2017-05-01,10.109999656677246,0.23250000476837157,98.93000030517578
2017-05-02,10.59000015258789,0.22960000038146972,98.8290023803711
2017-05-03,10.680000305175781,0.23090000152587892,99.08200073242188
2017-05-04,10.460000038146973,0.23559999465942383,98.64700317382812
2017-05-05,10.569999694824219,0.23519999980926515,98.52799987792969
2017-05-08,9.770000457763672,0.2375999927520752,98.93599700927734
2017-05-09,9.960000038146973,0.24070000648498535,99.54399871826172
2017-05-10,10.210000038146973,0.24140000343322754,99.55899810791016
2017-05-11,10.600000381469727,0.24000000953674316,99.50499725341797
2017-05-12,10.399999618530273,0.23350000381469727,99.13099670410156
2017-05-15,10.420000076293945,0.23380000591278077,98.8010025024414
2017-05-16,10.649999618530273,0.23289999961853028,97.99800109863281
2017-05-17,15.59000015258789,0.22160000801086427,97.46199798583984
2017-05-18,14.65999984741211,0.22330000400543212,97.77200317382812
2017-05-19,12.039999961853027,0.2244999885559082,97.02999877929688
2017-05-22,10.930000305175781,0.22539999485015869,96.88099670410156
2017-05-23,10.720000267028809,0.22850000858306885,97.26399993896484
2017-05-24,10.020000457763672,0.2266000032424927,97.14700317382812
2017-05-25,9.989999771118164,0.2255000114440918,97.1760025024414
2017-05-26,9.8100004196167,0.225,97.36399841308594
2017-05-30,10.380000114440918,0.22170000076293944,97.21199798583984
2017-05-31,10.40999984741211,0.21960000991821288,96.85399627685547
2017-06-01,9.890000343322754,0.22170000076293944,97.14099884033203
2017-06-02,9.75,0.21589999198913573,96.66999816894531
2017-06-05,10.069999694824219,0.2181999921798706,96.75399780273438
2017-06-06,10.449999809265137,0.21470000743865966,96.59100341796875
2017-06-07,10.390000343322754,0.21779999732971192,96.70800018310547
2017-06-08,10.15999984741211,0.2194000005722046,96.89800262451172
2017-06-09,10.699999809265137,0.21989998817443848,97.23899841308594
2017-06-12,11.460000038146973,0.22130000591278076,97.12100219726562
2017-06-13,10.420000076293945,0.22070000171661378,96.94200134277344
2017-06-14,10.640000343322754,0.21380000114440917,96.9209976196289
2017-06-15,10.899999618530273,0.21619999408721924,97.43699645996094
2017-06-16,10.380000114440918,0.21570000648498536,97.14600372314453
2017-06-19,10.369999885559082,0.2190000057220459,97.32499694824219
2017-06-20,10.859999656677246,0.21530001163482665,97.41200256347656
2017-06-21,10.75,0.21549999713897705,97.21600341796875
2017-06-22,10.479999542236328,0.21530001163482665,97.3030014038086
2017-06-23,10.020000457763672,0.21440000534057618,96.94200134277344
2017-06-26,9.899999618530273,0.213700008392334,97.11599731445312
2017-06-27,11.0600004196167,0.21979999542236328,96.09300231933594
2017-06-28,10.029999732971191,0.22209999561309815,95.74400329589844
2017-06-29,11.4399995803833,0.22669999599456786,95.36599731445312
2017-06-30,11.180000305175781,0.23020000457763673,95.4209976196289
2017-07-03,11.220000267028809,0.23459999561309813,95.96900177001953
2017-07-05,11.069999694824219,0.23340001106262206,96.05899810791016
2017-07-06,12.539999961853027,0.2369999885559082,95.57499694824219
2017-07-07,11.1899995803833,0.23929998874664307,95.79199981689453
2017-07-10,11.109999656677246,0.2371000051498413,95.7770004272461
2017-07-11,10.890000343322754,0.23619999885559081,95.4219970703125
2017-07-12,10.300000190734863,0.23269999027252197,95.51200103759766
2017-07-13,9.899999618530273,0.23480000495910644,95.50800323486328
2017-07-14,9.510000228881836,0.23190000057220458,94.93000030517578
2017-07-17,9.819999694824219,0.23090000152587892,94.90399932861328
2017-07-18,9.890000343322754,0.22630000114440918,94.4020004272461
2017-07-19,9.789999961853027,0.22679998874664306,94.58799743652344
2017-07-20,9.579999923706055,0.2266000032424927,94.11699676513672
2017-07-21,9.359999656677246,0.22320001125335692,93.67900085449219
2017-07-24,9.430000305175781,0.22539999485015869,93.7979965209961
2017-07-25,9.430000305175781,0.23259999752044677,93.88800048828125
2017-07-26,9.600000381469727,0.22820000648498534,93.50499725341797
2017-07-27,10.109999656677246,0.2309999942779541,93.71499633789062
2017-07-28,10.289999961853027,0.22890000343322753,93.11399841308594
2017-07-31,10.260000228881836,0.22920000553131104,92.71800231933594
2017-08-01,10.09000015258789,0.2250999927520752,92.9010009765625
2017-08-02,10.279999732971191,0.22620000839233398,92.6989974975586
2017-08-03,10.4399995803833,0.22279999256134034,92.70700073242188
2017-08-04,10.029999732971191,0.22669999599456786,93.41600036621094
2017-08-07,9.930000305175781,0.2256999969482422,93.30899810791016
2017-08-08,10.960000038146973,0.22829999923706054,93.51499938964844
2017-08-09,11.109999656677246,0.2240999937057495,93.43000030517578
2017-08-10,16.040000915527344,0.22119998931884766,93.30400085449219
2017-08-11,15.510000228881836,0.2188999891281128,92.95600128173828
2017-08-14,12.329999923706055,0.22190001010894775,93.30500030517578
2017-08-15,12.039999961853027,0.2266000032424927,93.75599670410156
2017-08-16,11.739999771118164,0.22260000705718994,93.43800354003906
2017-08-17,15.550000190734863,0.21989998817443848,93.53399658203125
2017-08-18,14.260000228881836,0.2194000005722046,93.35900115966797
2017-08-21,13.1899995803833,0.21800000667572023,93.01200103759766
2017-08-22,11.350000381469727,0.22149999141693116,93.46099853515625
2017-08-23,12.25,0.21710000038146973,93.06999969482422
2017-08-24,12.229999542236328,0.2194000005722046,93.2020034790039
2017-08-25,11.279999732971191,0.21689999103546143,92.677001953125
2017-08-28,11.319999694824219,0.21589999198913573,92.13999938964844
2017-08-29,11.699999809265137,0.2135999917984009,92.18399810791016
2017-08-30,11.220000267028809,0.21429998874664308,92.822998046875
2017-08-31,10.59000015258789,0.21210000514984131,92.62799835205078
2017-09-01,10.130000114440918,0.21570000648498536,92.76899719238281
2017-09-05,12.229999542236328,0.2069999933242798,92.22599792480469
2017-09-06,11.630000114440918,0.21080000400543214,92.25199890136719
2017-09-07,11.550000190734863,0.2061000108718872,91.64199829101562
2017-09-08,12.119999885559082,0.2061000108718872,91.32599639892578
2017-09-11,10.729999542236328,0.2125,91.85299682617188
2017-09-12,10.579999923706055,0.21710000038146973,91.85600280761719
2017-09-13,10.5,0.21949999332427977,92.50800323486328
2017-09-14,10.4399995803833,0.21970000267028808,92.11199951171875
2017-09-15,10.170000076293945,0.22019999027252196,91.86299896240234
2017-09-18,10.149999618530273,0.22290000915527344,91.85299682617188
2017-09-19,10.180000305175781,0.22430000305175782,91.56099700927734
2017-09-20,9.779999732971191,0.22769999504089355,92.2959976196289
2017-09-21,9.670000076293945,0.22780001163482666,92.04900360107422
2017-09-22,9.59000015258789,0.22620000839233398,91.96700286865234
2017-09-25,10.210000038146973,0.22200000286102295,92.44100189208984
2017-09-26,10.170000076293945,0.22290000915527344,92.78099822998047
2017-09-27,9.869999885559082,0.23090000152587892,93.1709976196289
2017-09-28,9.550000190734863,0.23090000152587892,92.93199920654297
2017-09-29,9.510000228881836,0.23259999752044677,92.88300323486328
2017-10-02,9.449999809265137,0.23369998931884767,93.40499877929688
2017-10-03,9.510000228881836,0.23340001106262206,93.41400146484375
2017-10-04,9.630000114440918,0.23299999237060548,93.28399658203125
2017-10-05,9.1899995803833,0.23499999046325684,93.8030014038086
2017-10-06,9.649999618530273,0.2369999885559082,93.64099884033203
2017-10-09,10.329999923706055,0.23610000610351561,93.50499725341797
2017-10-10,10.079999923706055,0.23450000286102296,93.10099792480469
2017-10-11,9.850000381469727,0.23450000286102296,92.82499694824219
2017-10-12,9.90999984741211,0.2322999954223633,92.89800262451172
2017-10-13,9.609999656677246,0.22799999713897706,92.93499755859375
2017-10-16,9.90999984741211,0.2306999921798706,93.16100311279297
2017-10-17,10.3100004196167,0.22980000972747802,93.3499984741211
2017-10-18,10.069999694824219,0.23389999866485595,93.22799682617188
2017-10-19,10.050000190734863,0.2321000099182129,93.12000274658203
2017-10-20,9.970000267028809,0.238100004196167,93.5790023803711
2017-10-23,11.069999694824219,0.2375999927520752,93.81400299072266
2017-10-24,11.15999984741211,0.24059998989105225,93.66100311279297
2017-10-25,11.229999542236328,0.2444000005722046,93.5770034790039
2017-10-26,11.300000190734863,0.24519999027252198,94.50900268554688
2017-10-27,9.800000190734863,0.24279999732971191,94.8219985961914
2017-10-30,10.5,0.2369999885559082,94.4540023803711
2017-10-31,10.180000305175781,0.2375999927520752,94.42900085449219
2017-11-01,10.199999809265137,0.2375999927520752,94.70899963378906
2017-11-02,9.930000305175781,0.23469998836517333,94.58799743652344
2017-11-03,9.140000343322754,0.23429999351501465,94.85800170898438
2017-11-06,9.399999618530273,0.23199999332427979,94.65699768066406
2017-11-07,9.890000343322754,0.2306999921798706,94.80000305175781
2017-11-08,9.779999732971191,0.23250000476837157,94.76799774169922
2017-11-09,10.5,0.23310000896453859,94.35199737548828
2017-11-10,11.289999961853027,0.24000000953674316,94.27799987792969
2017-11-13,11.5,0.24000000953674316,94.38800048828125
2017-11-14,11.59000015258789,0.238100004196167,93.7229995727539
2017-11-15,13.130000114440918,0.23350000381469727,93.72599792480469
2017-11-16,11.760000228881836,0.23610000610351561,93.85399627685547
2017-11-17,11.430000305175781,0.23540000915527343,93.57499694824219
2017-11-20,10.649999618530273,0.2371999979019165,93.99700164794922
2017-11-21,9.729999542236328,0.23629999160766602,93.87699890136719
2017-11-22,9.880000114440918,0.2322000026702881,93.13500213623047
2017-11-24,9.670000076293945,0.23399999141693115,92.70700073242188
2017-11-27,9.869999885559082,0.23280000686645508,92.82499694824219
2017-11-28,10.029999732971191,0.23380000591278077,93.21299743652344
2017-11-29,10.699999809265137,0.2375999927520752,93.10700225830078
2017-11-30,11.279999732971191,0.24170000553131105,93.00199890136719
2017-12-01,11.430000305175781,0.23619999885559081,92.84100341796875
2017-12-04,11.680000305175781,0.2378999948501587,93.14399719238281
2017-12-05,11.329999923706055,0.23559999465942383,93.33399963378906
2017-12-06,11.020000457763672,0.23299999237060548,93.58200073242188
2017-12-07,10.15999984741211,0.2375999927520752,93.76899719238281
2017-12-08,9.579999923706055,0.23829998970031738,93.8740005493164
2017-12-11,9.34000015258789,0.23849999904632568,93.84300231933594
2017-12-12,9.920000076293945,0.24030001163482667,94.08000183105469
2017-12-13,10.180000305175781,0.23489999771118164,93.41899871826172
2017-12-14,10.489999771118164,0.23459999561309813,93.47899627685547
2017-12-15,9.420000076293945,0.23550000190734863,93.92900085449219
2017-12-18,9.529999732971191,0.23919999599456787,93.5199966430664
2017-12-19,10.029999732971191,0.24630000591278076,93.0270004272461
2017-12-20,9.720000267028809,0.2496999979019165,92.89099884033203
2017-12-21,9.619999885559082,0.24809999465942384,92.86199951171875
2017-12-22,9.899999618530273,0.24849998950958252,92.92400360107422
2017-12-26,10.25,0.24670000076293946,92.8010025024414
2017-12-27,10.470000267028809,0.24140000343322754,92.61199951171875
2017-12-28,10.180000305175781,0.2431999921798706,92.30000305175781
2017-12-29,11.039999961853027,0.24049999713897705,91.82599639892578
2018-01-02,9.770000457763672,0.24649999141693116,91.572998046875
2018-01-03,9.149999618530273,0.24470000267028807,91.89600372314453
2018-01-04,9.220000267028809,0.2453000068664551,91.58100128173828
2018-01-05,9.220000267028809,0.24760000705718993,91.6729965209961
2018-01-08,9.520000457763672,0.24800000190734864,92.0999984741211
2018-01-09,10.079999923706055,0.25460000038146974,92.26000213623047
2018-01-10,9.819999694824219,0.2549999952316284,92.06999969482422
2018-01-11,9.880000114440918,0.25309998989105226,91.60800170898438
2018-01-12,10.15999984741211,0.2552000045776367,90.73500061035156
2018-01-16,11.65999984741211,0.2543999910354614,90.14600372314453
2018-01-17,11.90999984741211,0.2578000068664551,90.31300354003906
2018-01-18,12.220000267028809,0.26110000610351564,90.2969970703125
2018-01-19,11.270000457763672,0.263700008392334,90.37000274658203
2018-01-22,11.029999732971191,0.26649999618530273,90.19100189208984
2018-01-23,11.100000381469727,0.2624000072479248,89.91500091552734
2018-01-24,11.470000267028809,0.26540000438690187,89.01100158691406
2018-01-25,11.579999923706055,0.26210000514984133,89.22699737548828
2018-01-26,11.079999923706055,0.2661999940872192,88.89099884033203
2018-01-29,13.84000015258789,0.2698999881744385,89.13099670410156
2018-01-30,14.789999961853027,0.27260000705718995,88.9990005493164
2018-01-31,13.539999961853027,0.27200000286102294,88.9540023803711
2018-02-01,13.470000267028809,0.27730000019073486,88.50499725341797
2018-02-02,17.309999465942383,0.2854000091552734,89.03600311279297
2018-02-05,37.31999969482422,0.2793999910354614,89.40499877929688
2018-02-06,29.979999542236328,0.2767999887466431,89.45099639892578
2018-02-07,27.729999542236328,0.2844000101089478,90.11799621582031
2018-02-08,33.459999084472656,0.28510000705718996,90.11599731445312
2018-02-09,29.059999465942383,0.2828999996185303,90.33399963378906
2018-02-12,25.610000610351562,0.2857000112533569,90.09600067138672
2018-02-13,24.969999313354492,0.28399999141693116,89.59200286865234
2018-02-14,19.260000228881836,0.29130001068115235,89.00499725341797
2018-02-15,19.1299991607666,0.2891000032424927,88.50499725341797
2018-02-16,19.459999084472656,0.2877000093460083,89.01300048828125
2018-02-20,20.600000381469727,0.2892999887466431,89.63600158691406
2018-02-21,20.020000457763672,0.2943000078201294,89.91300201416016
2018-02-22,18.719999313354492,0.29170000553131104,89.65599822998047
2018-02-23,16.489999771118164,0.2871000051498413,89.80799865722656
2018-02-26,15.800000190734863,0.2858999967575073,89.79000091552734
2018-02-27,18.59000015258789,0.29079999923706057,90.27999877929688
2018-02-28,19.850000381469727,0.2868000030517578,90.5510025024414
2018-03-01,22.469999313354492,0.2803999900817871,90.28099822998047
2018-03-02,19.59000015258789,0.2857000112533569,89.90599822998047
2018-03-05,18.729999542236328,0.288100004196167,90.04100036621094
2018-03-06,18.360000610351562,0.2877000093460083,89.58999633789062
2018-03-07,17.760000228881836,0.2882999897003174,89.60700225830078
2018-03-08,16.540000915527344,0.2865999937057495,90.15599822998047
2018-03-09,14.640000343322754,0.2894000053405762,90.06500244140625
2018-03-12,15.779999732971191,0.2869999885559082,89.86699676513672
2018-03-13,16.350000381469727,0.28480000495910646,89.64299774169922
2018-03-14,17.229999542236328,0.28169999122619627,89.68699645996094
2018-03-15,16.59000015258789,0.2825999975204468,90.1259994506836
2018-03-16,15.800000190734863,0.28480000495910646,90.21199798583984
2018-03-19,19.020000457763672,0.28450000286102295,89.98300170898438
2018-03-20,18.200000762939453,0.2878999948501587,89.9540023803711
2018-03-21,17.860000610351562,0.29070000648498534,89.36900329589844
2018-03-22,23.34000015258789,0.28320000171661375,89.4729995727539
2018-03-23,24.8700008392334,0.28299999237060547,89.03299713134766
2018-03-26,21.030000686645508,0.28429999351501467,88.60399627685547
2018-03-27,22.5,0.27860000133514407,88.98300170898438
2018-03-28,22.8700008392334,0.27750000953674314,89.71900177001953
2018-03-29,19.969999313354492,0.2740999937057495,89.81199645996094
2018-04-02,23.6200008392334,0.2732000112533569,89.70600128173828
2018-04-03,21.100000381469727,0.27839999198913573,89.85900115966797
2018-04-04,20.059999465942383,0.27880001068115234,89.78299713134766
2018-04-05,18.940000534057617,0.28320000171661375,90.15399932861328
2018-04-06,21.489999771118164,0.27750000953674314,89.78199768066406
2018-04-09,21.770000457763672,0.27860000133514407,89.53399658203125
2018-04-10,20.469999313354492,0.27969999313354493,89.27999877929688
2018-04-11,20.239999771118164,0.27899999618530275,89.25299835205078
2018-04-12,18.489999771118164,0.2834000110626221,89.45600128173828
2018-04-13,17.40999984741211,0.2828999996185303,89.50299835205078
2018-04-16,16.559999465942383,0.28320000171661375,89.13500213623047
2018-04-17,15.25,0.2813999891281128,89.22799682617188
2018-04-18,15.600000381469727,0.2867000102996826,89.34700012207031
2018-04-19,15.960000038146973,0.29140000343322753,89.69499969482422
2018-04-20,16.8799991607666,0.2950999975204468,90.07499694824219
2018-04-23,16.34000015258789,0.29730000495910647,90.70500183105469
2018-04-24,18.020000457763672,0.2983000040054321,90.53700256347656
2018-04-25,17.84000015258789,0.30239999294281006,90.9530029296875
2018-04-26,16.239999771118164,0.2990000009536743,91.36499786376953
2018-04-27,15.40999984741211,0.29570000171661376,91.34300231933594
2018-04-30,15.930000305175781,0.2936000108718872,91.62999725341797
2018-05-01,15.489999771118164,0.2976000070571899,92.25499725341797
2018-05-02,15.970000267028809,0.29639999866485595,92.33899688720703
2018-05-03,15.899999618530273,0.2946000099182129,92.2509994506836
2018-05-04,14.770000457763672,0.2944000005722046,92.40799713134766
2018-05-07,14.75,0.29500000476837157,92.59200286865234
2018-05-08,14.710000038146973,0.29690001010894773,92.95800018310547
2018-05-09,13.420000076293945,0.30039999485015867,92.88400268554688
2018-05-10,13.229999542236328,0.29709999561309813,92.51599884033203
2018-05-11,12.649999618530273,0.29709999561309813,92.41100311279297
2018-05-14,12.930000305175781,0.2994999885559082,92.46199798583984
2018-05-15,14.630000114440918,0.3079999923706055,93.09300231933594
2018-05-16,13.420000076293945,0.30950000286102297,93.28099822998047
2018-05-17,13.430000305175781,0.31089999675750735,93.375
2018-05-18,13.420000076293945,0.3066999912261963,93.54399871826172
2018-05-21,13.079999923706055,0.3065000057220459,93.58100128173828
2018-05-22,13.220000267028809,0.3065000057220459,93.5260009765625
2018-05-23,12.579999923706055,0.3003000020980835,93.91799926757812
2018-05-24,12.529999732971191,0.29809999465942383,93.70099639892578
2018-05-25,13.220000267028809,0.2930999994277954,94.12999725341797
2018-05-29,17.020000457763672,0.2767999887466431,94.78900146484375
2018-05-30,14.9399995803833,0.28420000076293944,94.11499786376953
2018-05-31,15.430000305175781,0.2822000026702881,93.95899963378906
2018-06-01,13.460000038146973,0.28949999809265137,94.16899871826172
2018-06-04,12.739999771118164,0.2937000036239624,93.98600006103516
2018-06-05,12.399999618530273,0.29189999103546144,93.87100219726562
2018-06-06,11.640000343322754,0.2974999904632568,93.63400268554688
2018-06-07,12.130000114440918,0.2933000087738037,93.3759994506836
2018-06-08,12.180000305175781,0.2937000036239624,93.53700256347656
2018-06-11,12.350000381469727,0.29570000171661376,93.55999755859375
2018-06-12,12.34000015258789,0.29570000171661376,93.8010025024414
2018-06-13,12.9399995803833,0.29769999980926515,93.6989974975586
2018-06-14,12.119999885559082,0.2946000099182129,94.7760009765625
2018-06-15,11.979999542236328,0.2924000024795532,94.78199768066406
2018-06-18,12.3100004196167,0.2926000118255615,94.85800170898438
2018-06-19,13.350000381469727,0.2892999887466431,94.72899627685547
2018-06-20,12.789999961853027,0.2927999973297119,94.71600341796875
2018-06-21,14.640000343322754,0.28970000743865965,94.40399932861328
2018-06-22,13.770000457763672,0.29000000953674315,94.18000030517578
2018-06-25,17.329999923706055,0.2875,93.93900299072266
2018-06-26,15.920000076293945,0.2880000114440918,94.34600067138672
2018-06-27,17.90999984741211,0.28269999027252196,94.96900177001953
2018-06-28,16.850000381469727,0.28469998836517335,95.09600067138672
2018-06-29,16.09000015258789,0.28489999771118163,94.3489990234375
2018-07-02,15.600000381469727,0.2865999937057495,94.77899932861328
2018-07-03,16.139999389648438,0.28380000591278076,94.41200256347656
2018-07-05,14.970000267028809,0.28399999141693116,94.2229995727539
2018-07-06,13.369999885559082,0.2831000089645386,93.76899719238281
2018-07-09,12.6899995803833,0.2859999895095825,93.80699920654297
2018-07-10,12.640000343322754,0.2872999906539917,93.88899993896484
2018-07-11,13.630000114440918,0.28420000076293944,94.48600006103516
2018-07-12,12.579999923706055,0.2852999925613403,94.56400299072266
2018-07-13,12.180000305175781,0.2831000089645386,94.5
2018-07-16,12.829999923706055,0.28580000400543215,94.27200317382812
2018-07-17,12.0600004196167,0.2864000082015991,94.7040023803711
2018-07-18,12.100000381469727,0.2875,94.81099700927734
2018-07-19,12.869999885559082,0.28469998836517335,94.94200134277344
2018-07-20,12.859999656677246,0.28949999809265137,94.22599792480469
2018-07-23,12.619999885559082,0.2964999914169312,94.44000244140625
2018-07-24,12.40999984741211,0.29489998817443847,94.38800048828125
2018-07-25,12.289999961853027,0.2936000108718872,94.12899780273438
2018-07-26,12.140000343322754,0.2974999904632568,94.54399871826172
2018-07-27,13.029999732971191,0.29600000381469727,94.45999908447266
2018-07-30,14.260000228881836,0.2974999904632568,94.11100006103516
2018-07-31,12.829999923706055,0.29639999866485595,94.2750015258789
2018-08-01,13.149999618530273,0.3003000020980835,94.4280014038086
2018-08-02,12.1899995803833,0.2986000061035156,94.98699951171875
2018-08-03,11.640000343322754,0.2953000068664551,94.96099853515625
2018-08-06,11.270000457763672,0.2937999963760376,95.18699645996094
2018-08-07,10.930000305175781,0.29730000495910647,95.0459976196289
2018-08-08,10.850000381469727,0.29709999561309813,94.88999938964844
2018-08-09,11.270000457763672,0.2934999942779541,95.3550033569336
2018-08-10,13.15999984741211,0.2857000112533569,96.21800231933594
2018-08-13,14.779999732971191,0.2877000093460083,96.2509994506836
2018-08-14,13.3100004196167,0.28949999809265137,96.6050033569336
2018-08-15,14.640000343322754,0.28519999980926514,96.5770034790039
2018-08-16,13.449999809265137,0.2871000051498413,96.53600311279297
2018-08-17,12.640000343322754,0.2872999906539917,95.98100280761719
2018-08-20,12.489999771118164,0.2822999954223633,95.78900146484375
2018-08-21,12.859999656677246,0.2844000101089478,95.1500015258789
2018-08-22,12.25,0.2822999954223633,95.0510025024414
2018-08-23,12.40999984741211,0.2821000099182129,95.58300018310547
2018-08-24,11.989999771118164,0.2825999975204468,95.06300354003906
2018-08-27,12.15999984741211,0.28480000495910646,94.68399810791016
2018-08-28,12.5,0.2884000062942505,94.63500213623047
2018-08-29,12.25,0.2884000062942505,94.52200317382812
2018-08-30,13.529999732971191,0.2859999895095825,94.67900085449219
2018-08-31,12.859999656677246,0.2852999925613403,95.08300018310547
2018-09-04,13.15999984741211,0.29019999504089355,95.37999725341797
2018-09-05,13.90999984741211,0.29019999504089355,95.1240005493164
2018-09-06,14.649999618530273,0.2878999948501587,94.98799896240234
2018-09-07,14.880000114440918,0.2941999912261963,95.3290023803711
2018-09-10,14.15999984741211,0.2937000036239624,95.11000061035156
2018-09-11,13.220000267028809,0.29769999980926515,95.2249984741211
2018-09-12,13.140000343322754,0.2963000059127808,94.76799774169922
2018-09-13,12.369999885559082,0.2963000059127808,94.51699829101562
2018-09-14,12.069999694824219,0.29939999580383303,94.92500305175781
2018-09-17,13.680000305175781,0.3000999927520752,94.48600006103516
2018-09-18,12.789999961853027,0.304800009727478,94.22699737548828
2018-09-19,11.75,0.30829999446868894,94.11900329589844
2018-09-20,11.800000190734863,0.3078000068664551,93.49099731445312
2018-09-21,11.680000305175781,0.3068000078201294,93.7979965209961
2018-09-24,12.199999809265137,0.3078000068664551,93.7750015258789
2018-09-25,12.420000076293945,0.31019999980926516,93.71099853515625
2018-09-26,12.890000343322754,0.3061000108718872,93.77300262451172
2018-09-27,12.40999984741211,0.3055999994277954,94.52400207519531
2018-09-28,12.119999885559082,0.3055999994277954,94.73699951171875
2018-10-01,12.0,0.3079999923706055,94.92900085449219
2018-10-02,12.050000190734863,0.3055999994277954,95.13999938964844
2018-10-03,11.609999656677246,0.31610000133514404,95.40599822998047
2018-10-04,14.220000267028809,0.3197000026702881,95.41200256347656
2018-10-05,14.819999694824219,0.32249999046325684,95.30500030517578
2018-10-08,15.6899995803833,0.32330000400543213,95.43599700927734
2018-10-09,15.949999809265137,0.32079999446868895,95.34600067138672
2018-10-10,22.959999084472656,0.32249999046325684,95.177001953125
2018-10-11,24.979999542236328,0.31329998970031736,94.70600128173828
2018-10-12,21.309999465942383,0.31410000324249265,94.91100311279297
2018-10-15,21.299999237060547,0.3163000106811523,94.75399780273438
2018-10-16,17.6200008392334,0.31559998989105226,94.74800109863281
2018-10-17,17.399999618530273,0.3178999900817871,95.2969970703125
2018-10-18,20.059999465942383,0.3174999952316284,95.63800048828125
2018-10-19,19.889999389648438,0.31979999542236326,95.44300079345703
2018-10-22,19.639999389648438,0.3196000099182129,95.7490005493164
2018-10-23,20.709999084472656,0.31659998893737795,95.71299743652344
2018-10-24,25.229999542236328,0.3124000072479248,96.18199920654297
2018-10-25,24.219999313354492,0.31359999179840087,96.45500183105469
2018-10-26,24.15999984741211,0.307699990272522,96.12799835205078
2018-10-29,24.700000762939453,0.3086999893188477,96.3499984741211
2018-10-30,23.350000381469727,0.3109999895095825,96.79100036621094
2018-10-31,21.229999542236328,0.31589999198913576,96.9010009765625
2018-11-01,19.34000015258789,0.31440000534057616,96.08100128173828
2018-11-02,19.510000228881836,0.32139999866485597,96.34300231933594
2018-11-05,19.959999084472656,0.32009999752044677,96.08300018310547
2018-11-06,19.90999984741211,0.32139999866485597,96.11699676513672
2018-11-07,16.360000610351562,0.32130000591278074,95.80699920654297
2018-11-08,16.719999313354492,0.3233999967575073,96.55000305175781
2018-11-09,17.360000610351562,0.3188999891281128,96.73400115966797
2018-11-12,20.450000762939453,0.3186000108718872,97.38200378417969
2018-11-13,20.020000457763672,0.3144999980926514,97.14399719238281
2018-11-14,21.25,0.3119999885559082,96.65899658203125
2018-11-15,19.979999542236328,0.3118000030517578,96.79100036621094
2018-11-16,18.139999389648438,0.3073999881744385,96.33300018310547
2018-11-19,20.100000381469727,0.3056999921798706,96.06600189208984
2018-11-20,22.479999542236328,0.304800009727478,96.71600341796875
2018-11-21,20.799999237060547,0.3061000108718872,96.58499908447266
2018-11-23,21.520000457763672,0.3053999900817871,96.82499694824219
2018-11-26,18.899999618530273,0.3072000026702881,96.97899627685547
2018-11-27,19.020000457763672,0.3055000066757202,97.27999877929688
2018-11-28,18.489999771118164,0.30439999103546145,96.68099975585938
2018-11-29,18.790000915527344,0.30350000858306886,96.6989974975586
2018-11-30,18.06999969482422,0.3013000011444092,97.19599914550781
2018-12-03,16.440000534057617,0.29920001029968263,96.96900177001953
2018-12-04,20.739999771118164,0.2924000024795532,96.9020004272461
2018-12-06,21.190000534057617,0.2875999927520752,96.76399993896484
2018-12-07,23.229999542236328,0.28499999046325686,96.47599792480469
2018-12-10,22.639999389648438,0.2855999946594238,97.18299865722656
2018-12-11,21.760000228881836,0.2878999948501587,97.35800170898438
2018-12-12,21.459999084472656,0.29059998989105223,97.01799774169922
2018-12-13,20.649999618530273,0.291100001335144,97.05599975585938
2018-12-14,21.6299991607666,0.2891000032424927,97.43000030517578
2018-12-17,24.520000457763672,0.2857000112533569,97.17500305175781
2018-12-18,25.579999923706055,0.28250000476837156,96.56999969482422
2018-12-19,25.579999923706055,0.27780001163482665,96.48400115966797
2018-12-20,28.3799991607666,0.2789000034332275,95.72799682617188
2018-12-21,30.110000610351562,0.279200005531311,96.45500183105469
2018-12-24,36.06999969482422,0.2749000072479248,96.00700378417969
2018-12-26,30.40999984741211,0.27969999313354493,96.56800079345703
2018-12-27,29.959999084472656,0.27430000305175783,96.0009994506836
2018-12-28,28.34000015258789,0.27360000610351565,95.96499633789062
2018-12-31,25.420000076293945,0.26860001087188723,95.73500061035156
2019-01-02,23.219999313354492,0.26610000133514405,96.4229965209961
2019-01-03,25.450000762939453,0.2553999900817871,95.87799835205078
2019-01-04,21.3799991607666,0.2658999919891357,95.75
2019-01-07,21.399999618530273,0.2681999921798706,95.22799682617188
2019-01-08,20.469999313354492,0.27160000801086426,95.47899627685547
2019-01-09,19.979999542236328,0.27279999256134035,94.79000091552734
2019-01-10,19.5,0.2730999946594238,95.12000274658203
2019-01-11,18.190000534057617,0.2700999975204468,95.26599884033203
2019-01-14,19.06999969482422,0.27100000381469724,95.20700073242188
2019-01-15,18.600000381469727,0.27109999656677247,95.67500305175781
2019-01-16,19.040000915527344,0.2730999946594238,95.677001953125
2019-01-17,18.059999465942383,0.2749000072479248,95.71299743652344
2019-01-18,17.799999237060547,0.27839999198913573,95.99299621582031
2019-01-22,20.799999237060547,0.27300000190734863,95.95899963378906
2019-01-23,19.520000457763672,0.2755000114440918,95.77200317382812
2019-01-24,18.889999389648438,0.27119998931884765,96.2969970703125
2019-01-25,17.420000076293945,0.2753000020980835,95.46499633789062
2019-01-28,18.8700008392334,0.274399995803833,95.42400360107422
2019-01-29,19.1299991607666,0.27119998931884765,95.51599884033203
2019-01-30,17.65999984741211,0.26949999332427976,95.03099822998047
2019-01-31,16.56999969482422,0.2634999990463257,95.30400085449219
2019-02-01,16.139999389648438,0.2690999984741211,95.30000305175781
2019-02-04,15.729999542236328,0.2723999977111816,95.56999969482422
2019-02-05,15.569999694824219,0.27019999027252195,95.81700134277344
2019-02-06,15.380000114440918,0.27019999027252195,96.1520004272461
2019-02-07,16.3700008392334,0.26519999504089353,96.28900146484375
2019-02-08,15.720000267028809,0.2631999969482422,96.41600036621094
2019-02-11,15.970000267028809,0.26610000133514405,96.85700225830078
2019-02-12,15.430000305175781,0.2684000015258789,96.50299835205078
2019-02-13,15.649999618530273,0.27079999446868896,96.93800354003906
2019-02-14,16.219999313354492,0.2657000064849854,96.80500030517578
2019-02-15,14.90999984741211,0.2665999889373779,96.73999786376953
2019-02-19,14.880000114440918,0.2647000074386597,96.3489990234375
2019-02-20,14.020000457763672,0.26540000438690187,96.29399871826172
2019-02-21,14.460000038146973,0.2687999963760376,96.46299743652344
2019-02-22,13.510000228881836,0.26549999713897704,96.36699676513672
2019-02-25,14.850000381469727,0.267300009727478,96.27100372314453
2019-02-26,15.170000076293945,0.2635999917984009,95.86499786376953
2019-02-27,14.699999809265137,0.2693000078201294,96.03800201416016
2019-02-28,14.779999732971191,0.27109999656677247,96.04299926757812
2019-03-01,13.569999694824219,0.2755000114440918,96.44999694824219
2019-03-04,14.630000114440918,0.27219998836517334,96.61000061035156
2019-03-05,14.739999771118164,0.27219998836517334,96.79499816894531
2019-03-06,15.739999771118164,0.2691999912261963,96.79900360107422
2019-03-07,16.59000015258789,0.2635999917984009,97.62799835205078
2019-03-08,16.049999237060547,0.2625,97.26899719238281
2019-03-11,14.329999923706055,0.26429998874664307,97.17400360107422
2019-03-12,13.770000457763672,0.2605000019073486,96.89900207519531
2019-03-13,13.40999984741211,0.26110000610351564,96.51200103759766
2019-03-14,13.5,0.2630000114440918,96.76899719238281
2019-03-15,12.880000114440918,0.25929999351501465,96.58999633789062
2019-03-18,13.100000381469727,0.2601999998092651,96.51599884033203
2019-03-19,13.5600004196167,0.26140000820159914,95.83100128173828
2019-03-20,13.90999984741211,0.25350000858306887,95.20099639892578
2019-03-21,13.630000114440918,0.2536999940872192,95.98699951171875
2019-03-22,16.479999542236328,0.24549999237060546,96.1510009765625
2019-03-25,16.329999923706055,0.24200000762939453,96.06800079345703
2019-03-26,14.680000305175781,0.24140000343322754,96.2249984741211
2019-03-27,15.149999618530273,0.23740000724792482,96.28299713134766
2019-03-28,14.430000305175781,0.23889999389648436,96.76399993896484
2019-03-29,13.710000038146973,0.24140000343322754,96.84500122070312
2019-04-01,13.399999618530273,0.2496999979019165,96.79900360107422
2019-04-02,13.359999656677246,0.24809999465942384,96.9229965209961
2019-04-03,13.739999771118164,0.2516999959945679,96.66200256347656
2019-04-04,13.579999923706055,0.251200008392334,96.92500305175781
2019-04-05,12.819999694824219,0.2500999927520752,97.00199890136719
2019-04-08,13.180000305175781,0.25190000534057616,96.6500015258789
2019-04-09,14.279999732971191,0.2499000072479248,96.61100006103516
2019-04-10,13.300000190734863,0.24769999980926513,96.55799865722656
2019-04-11,13.020000457763672,0.2503999948501587,96.80899810791016
2019-04-12,12.010000228881836,0.2559999942779541,96.5979995727539
2019-04-15,12.319999694824219,0.2552999973297119,96.55599975585938
2019-04-16,12.180000305175781,0.2592000007629395,96.6520004272461
2019-04-17,12.600000381469727,0.2592000007629395,96.65799713134766
2019-04-18,12.09000015258789,0.2559999942779541,97.1510009765625
2019-04-22,12.420000076293945,0.25899999141693114,96.95500183105469
2019-04-23,12.279999732971191,0.2569999933242798,97.31999969482422
2019-04-24,13.140000343322754,0.25220000743865967,97.8550033569336
2019-04-25,13.25,0.25339999198913576,97.91899871826172
2019-04-26,12.729999542236328,0.2505000114440918,97.72599792480469
2019-04-29,13.109999656677246,0.25360000133514404,97.58100128173828
2019-04-30,13.119999885559082,0.25090000629425047,97.20099639892578
2019-05-01,14.800000190734863,0.25109999179840087,97.41000366210938
2019-05-02,14.420000076293945,0.2552000045776367,97.58599853515625
2019-05-03,12.869999885559082,0.25309998989105226,97.26000213623047
2019-05-06,15.4399995803833,0.25,97.26799774169922
2019-05-07,19.31999969482422,0.24479999542236328,97.39900207519531
2019-05-08,19.399999618530273,0.24820001125335694,97.38800048828125
2019-05-09,19.100000381469727,0.24570000171661377,97.16400146484375
2019-05-10,16.040000915527344,0.24549999237060546,97.125
2019-05-13,20.549999237060547,0.24049999713897705,97.12000274658203
2019-05-14,18.059999465942383,0.24189999103546142,97.3219985961914
2019-05-15,16.440000534057617,0.2378999948501587,97.3759994506836
2019-05-16,15.289999961853027,0.24049999713897705,97.6780014038086
2019-05-17,15.960000038146973,0.23929998874664307,97.8239974975586
2019-05-20,16.309999465942383,0.24159998893737794,97.76399993896484
2019-05-21,14.949999809265137,0.2426000118255615,97.89600372314453
2019-05-22,14.75,0.23929998874664307,97.88099670410156
2019-05-23,16.920000076293945,0.22960000038146972,97.7229995727539
2019-05-24,15.850000381469727,0.23239998817443847,97.47699737548828
2019-05-28,17.5,0.22679998874664306,97.84200286865234
2019-05-29,17.899999618530273,0.22360000610351563,98.03500366210938
2019-05-30,17.299999237060547,0.22269999980926514,98.0530014038086
2019-05-31,18.709999084472656,0.21419999599456788,97.66600036621094
2019-06-03,18.860000610351562,0.20810000896453856,97.05999755859375
2019-06-04,16.969999313354492,0.211899995803833,96.9990005493164
2019-06-05,16.09000015258789,0.2122999906539917,97.2509994506836
2019-06-06,15.930000305175781,0.2124000072479248,96.99700164794922
2019-06-07,16.299999237060547,0.20840001106262207,96.48999786376953
2019-06-10,15.9399995803833,0.21429998874664308,96.71099853515625
2019-06-11,15.989999771118164,0.21400001049041747,96.6449966430664
2019-06-12,15.90999984741211,0.2127000093460083,96.97000122070312
2019-06-13,15.819999694824219,0.20910000801086426,96.9990005493164
2019-06-14,15.279999732971191,0.20929999351501466,97.56999969482422
2019-06-17,15.350000381469727,0.20859999656677247,97.39600372314453
2019-06-18,15.149999618530273,0.2059999942779541,97.15299987792969
2019-06-19,14.329999923706055,0.20290000438690187,96.58200073242188
2019-06-20,14.75,0.20009999275207518,96.13800048828125
2019-06-21,15.399999618530273,0.2068000078201294,95.71800231933594
2019-06-24,15.260000228881836,0.20209999084472657,95.48699951171875
2019-06-25,16.280000686645508,0.199399995803833,95.64800262451172
2019-06-26,16.209999084472656,0.20490000247955323,95.72799682617188
2019-06-27,15.819999694824219,0.2005000114440918,95.74199676513672
2019-06-28,15.079999923706055,0.2,95.66600036621094
2019-07-01,14.0600004196167,0.20339999198913575,96.40899658203125
2019-07-02,12.930000305175781,0.19759999513626098,96.27400207519531
2019-07-03,12.569999694824219,0.19529999494552613,96.33100128173828
2019-07-05,13.279999732971191,0.20480000972747803,96.88999938964844
2019-07-08,13.960000038146973,0.20339999198913575,96.98400115966797
2019-07-09,14.09000015258789,0.2053999900817871,97.09500122070312
2019-07-10,13.029999732971191,0.2061000108718872,96.7030029296875
2019-07-11,12.930000305175781,0.2119999885559082,96.66600036621094
2019-07-12,12.390000343322754,0.21059999465942383,96.42400360107422
2019-07-15,12.680000305175781,0.20920000076293946,96.54499816894531
2019-07-16,12.859999656677246,0.21219999790191652,97.04100036621094
2019-07-17,13.970000267028809,0.2061000108718872,96.85299682617188
2019-07-18,13.529999732971191,0.20380001068115233,96.4489974975586
2019-07-19,14.449999809265137,0.20480000972747803,96.81700134277344
2019-07-22,13.529999732971191,0.20429999828338624,96.94000244140625
2019-07-23,12.609999656677246,0.20739998817443847,97.41799926757812
2019-07-24,12.069999694824219,0.20499999523162843,97.4520034790039
2019-07-25,12.739999771118164,0.20739998817443847,97.552001953125
2019-07-26,12.15999984741211,0.20810000896453856,97.7509994506836
2019-07-29,12.829999923706055,0.20550000667572021,97.7959976196289
2019-07-30,13.9399995803833,0.2061000108718872,97.80899810791016
2019-07-31,16.1200008392334,0.20209999084472657,98.25800323486328
2019-08-01,17.8700008392334,0.18940000534057616,98.14399719238281
2019-08-02,17.610000610351562,0.18550000190734864,97.85199737548828
2019-08-05,24.59000015258789,0.17350000143051147,97.30799865722656
2019-08-06,20.170000076293945,0.17389999628067015,97.41699981689453
2019-08-07,19.489999771118164,0.16840000152587892,97.34500122070312
2019-08-08,16.90999984741211,0.1715999960899353,97.43399810791016
2019-08-09,17.969999313354492,0.17339999675750734,97.3219985961914
2019-08-12,21.09000015258789,0.16390000581741332,97.197998046875
2019-08-13,17.520000457763672,0.16799999475479127,97.63099670410156
2019-08-14,22.100000381469727,0.1580999970436096,97.82599639892578
2019-08-15,21.18000030517578,0.15290000438690185,98.00499725341797
2019-08-16,18.469999313354492,0.15390000343322754,98.00700378417969
2019-08-19,16.8799991607666,0.15980000495910646,98.22100067138672
2019-08-20,17.5,0.15609999895095825,98.06300354003906
2019-08-21,15.800000190734863,0.15770000219345093,98.17900085449219
2019-08-22,16.68000030517578,0.16100000143051146,98.06400299072266
2019-08-23,19.8700008392334,0.1527999997138977,97.52999877929688
2019-08-26,19.31999969482422,0.15449999570846557,97.98899841308594
2019-08-27,20.309999465942383,0.14900000095367433,97.90699768066406
2019-08-28,19.350000381469727,0.1465999960899353,98.12000274658203
2019-08-29,17.8799991607666,0.15160000324249268,98.45500183105469
2019-08-30,18.979999542236328,0.15060000419616698,98.86000061035156
2019-09-03,19.65999984741211,0.1465999960899353,98.9489974975586
2019-09-04,17.329999923706055,0.1458999991416931,98.39299774169922
2019-09-05,16.270000457763672,0.1565000057220459,98.38200378417969
2019-09-06,15.0,0.1549999952316284,98.36199951171875
2019-09-09,15.270000457763672,0.1621999979019165,98.24800109863281
2019-09-10,15.199999809265137,0.17020000219345094,98.30699920654297
2019-09-11,14.609999656677246,0.17330000400543213,98.62799835205078
2019-09-12,14.220000267028809,0.17910000085830688,98.30799865722656
2019-09-13,13.739999771118164,0.19029999971389772,98.25499725341797
2019-09-16,14.670000076293945,0.1840999960899353,98.62699890136719
2019-09-17,14.4399995803833,0.1812000036239624,97.81900024414062
2019-09-18,13.949999809265137,0.17860000133514403,98.13400268554688
2019-09-19,14.050000190734863,0.17740000486373902,97.84700012207031
2019-09-20,15.319999694824219,0.17549999952316284,98.13600158691406
2019-09-23,14.90999984741211,0.17079999446868896,98.22100067138672
2019-09-24,17.049999237060547,0.16349999904632567,97.927001953125
2019-09-25,15.960000038146973,0.17319999933242797,98.65899658203125
2019-09-26,16.06999969482422,0.1684999942779541,98.76499938964844
2019-09-27,17.219999313354492,0.16749999523162842,98.76100158691406
2019-09-30,16.239999771118164,0.16749999523162842,99.02100372314453
2019-10-01,18.559999465942383,0.16440000534057617,98.7770004272461
2019-10-02,20.559999465942383,0.15959999561309815,98.68900299072266
2019-10-03,19.1200008392334,0.15360000133514404,98.54000091552734
2019-10-04,17.040000915527344,0.15149999856948854,98.48799896240234
2019-10-07,17.860000610351562,0.15529999732971192,98.66500091552734
2019-10-08,20.280000686645508,0.15369999408721924,98.8219985961914
2019-10-09,18.639999389648438,0.15889999866485596,98.81500244140625
2019-10-10,17.56999969482422,0.16579999923706054,98.40599822998047
2019-10-11,15.579999923706055,0.17519999742507936,98.00499725341797
2019-10-14,14.569999694824219,0.17330000400543213,98.16999816894531
2019-10-15,13.539999961853027,0.17710000276565552,98.00299835205078
2019-10-16,13.680000305175781,0.17480000257492065,97.7229995727539
2019-10-17,13.789999961853027,0.17569999694824218,97.33499908447266
2019-10-18,14.25,0.1746999979019165,97.00800323486328
2019-10-21,14.0,0.17920000553131105,97.05000305175781
2019-10-22,14.460000038146973,0.176800000667572,97.25599670410156
2019-10-23,14.010000228881836,0.17589999437332154,97.23600006103516
2019-10-24,13.710000038146973,0.17660000324249267,97.40499877929688
2019-10-25,12.649999618530273,0.18009999990463257,97.5989990234375
2019-10-28,13.109999656677246,0.1853000044822693,97.52400207519531
2019-10-29,13.199999809265137,0.18350000381469728,97.46900177001953
2019-10-30,12.329999923706055,0.17979999780654907,97.43900299072266
2019-10-31,13.220000267028809,0.1690999984741211,97.15399932861328
2019-11-01,12.300000190734863,0.1728000044822693,97.04100036621094
2019-11-04,12.829999923706055,0.17860000133514403,97.36599731445312
2019-11-05,13.100000381469727,0.18660000562667847,97.80500030517578
2019-11-06,12.619999885559082,0.18140000104904175,97.76399993896484
2019-11-07,12.729999542236328,0.19259999990463256,97.98899841308594
2019-11-08,12.069999694824219,0.19329999685287474,98.20099639892578
2019-11-11,12.6899995803833,0.19429999589920044,98.03299713134766
2019-11-12,12.680000305175781,0.1909000039100647,98.1510009765625
2019-11-13,13.0,0.18700000047683715,98.2300033569336
2019-11-14,13.050000190734863,0.1815000057220459,98.01899719238281
2019-11-15,12.050000190734863,0.1833999991416931,97.87100219726562
2019-11-18,12.460000038146973,0.18079999685287476,97.66300201416016
2019-11-19,12.859999656677246,0.17860000133514403,97.74199676513672
2019-11-20,12.779999732971191,0.17380000352859498,97.81400299072266
2019-11-21,13.130000114440918,0.17719999551773072,97.89900207519531
2019-11-22,12.34000015258789,0.17740000486373902,98.1760025024414
2019-11-25,11.869999885559082,0.17640000581741333,98.23799896240234
2019-11-26,11.539999961853027,0.17400000095367432,98.16999816894531
2019-11-27,11.75,0.17669999599456787,98.28800201416016
2019-11-29,12.619999885559082,0.17760000228881836,98.2020034790039
2019-12-02,14.90999984741211,0.18359999656677245,97.79100036621094
2019-12-03,15.960000038146973,0.17089999914169313,97.68099975585938
2019-12-04,14.800000190734863,0.1781000018119812,97.60199737548828
2019-12-05,14.520000457763672,0.17970000505447387,97.37100219726562
2019-12-06,13.619999885559082,0.18420000076293946,97.66100311279297
2019-12-09,15.859999656677246,0.18289999961853026,97.60900115966797
2019-12-10,15.680000305175781,0.18329999446868897,97.38500213623047
2019-12-11,14.989999771118164,0.17899999618530274,97.05599975585938
2019-12-12,13.9399995803833,0.1896999955177307,97.38400268554688
2019-12-13,12.630000114440918,0.1819000005722046,97.1709976196289
2019-12-16,12.140000343322754,0.18919999599456788,96.96499633789062
2019-12-17,12.289999961853027,0.18890000581741334,96.7770004272461
2019-12-18,12.579999923706055,0.19240000247955322,96.96299743652344
2019-12-19,12.5,0.19079999923706054,96.95500183105469
2019-12-20,12.510000228881836,0.19170000553131103,97.27400207519531
2019-12-23,12.609999656677246,0.1934999942779541,97.23500061035156
2019-12-24,12.670000076293945,0.1909999966621399,97.2509994506836
2019-12-26,12.649999618530273,0.19049999713897706,97.11499786376953
2019-12-27,13.430000305175781,0.18739999532699586,96.5459976196289
2019-12-30,14.819999694824219,0.18949999809265136,96.40699768066406
2019-12-31,13.779999732971191,0.19190000295639037,96.05799865722656
2020-01-02,12.470000267028809,0.1881999969482422,96.5250015258789
2020-01-03,14.020000457763672,0.1787999987602234,96.52100372314453
2020-01-06,13.850000381469727,0.18109999895095824,96.3499984741211
2020-01-07,13.789999961853027,0.18270000219345092,96.7020034790039
2020-01-08,13.449999809265137,0.18739999532699586,96.99600219726562
2020-01-09,12.539999961853027,0.18580000400543212,97.16200256347656
2020-01-10,12.5600004196167,0.18250000476837158,97.0780029296875
2020-01-13,12.319999694824219,0.18480000495910645,97.05999755859375
2020-01-14,12.390000343322754,0.18179999589920043,97.09400177001953
2020-01-15,12.420000076293945,0.1787999987602234,96.95999908447266
2020-01-16,12.319999694824219,0.1809000015258789,97.06199645996094
2020-01-17,12.100000381469727,0.18359999656677245,97.35900115966797
2020-01-21,12.850000381469727,0.17690000534057618,97.29399871826172
2020-01-22,12.90999984741211,0.17690000534057618,97.29499816894531
2020-01-23,12.979999542236328,0.17400000095367432,97.48400115966797
2020-01-24,14.5600004196167,0.1680999994277954,97.6500015258789
2020-01-27,18.229999542236328,0.16050000190734864,97.76699829101562
2020-01-28,16.280000686645508,0.1641000032424927,97.83499908447266
2020-01-29,16.389999389648438,0.1593999981880188,97.81900024414062
2020-01-30,15.489999771118164,0.15579999685287477,97.70600128173828
2020-01-31,18.84000015258789,0.15199999809265136,97.21299743652344
2020-02-03,17.969999313354492,0.15199999809265136,97.625
2020-02-04,16.049999237060547,0.16030000448226928,97.80899810791016
2020-02-05,15.149999618530273,0.164900004863739,98.15799713134766
2020-02-06,14.960000038146973,0.16440000534057617,98.38099670410156
2020-02-07,15.470000267028809,0.15779999494552613,98.57099914550781
2020-02-10,15.039999961853027,0.15470000505447387,98.71399688720703
2020-02-11,15.180000305175781,0.1590000033378601,98.59400177001953
2020-02-12,13.739999771118164,0.16299999952316285,98.9219970703125
2020-02-13,14.149999618530273,0.16169999837875365,98.95800018310547
2020-02-14,13.680000305175781,0.15880000591278076,99.00299835205078
2020-02-18,14.829999923706055,0.1555999994277954,99.33300018310547
2020-02-19,14.380000114440918,0.15700000524520874,99.59700012207031
2020-02-20,15.5600004196167,0.1524999976158142,99.7760009765625
2020-02-21,17.079999923706055,0.14709999561309814,99.18800354003906
2020-02-24,25.030000686645508,0.13769999742507935,99.28399658203125
2020-02-25,27.850000381469727,0.1330000042915344,98.9010009765625
2020-02-26,27.559999465942383,0.1309999942779541,98.93800354003906
2020-02-27,39.15999984741211,0.12990000247955322,98.46099853515625
2020-02-28,40.11000061035156,0.11269999742507934,98.08100128173828
2020-03-02,33.41999816894531,0.10880000591278076,97.31900024414062
2020-03-03,36.81999969482422,0.10099999904632569,97.12200164794922
2020-03-04,31.989999771118164,0.09919999837875366,97.30699920654297
2020-03-05,39.619998931884766,0.09259999990463257,96.79000091552734
2020-03-06,41.939998626708984,0.07059999704360961,95.93399810791016
2020-03-09,54.459999084472656,0.049900001287460326,94.87000274658203
2020-03-10,47.29999923706055,0.07480000257492066,96.38899993896484
2020-03-11,53.900001525878906,0.08199999928474426,96.49199676513672
2020-03-12,75.47000122070312,0.08489999771118165,97.46399688720703
2020-03-13,57.83000183105469,0.09509999752044677,98.76399993896484
2020-03-16,82.69000244140625,0.07279999852180481,98.23999786376953
2020-03-17,75.91000366210938,0.0996999979019165,99.80400085449219
2020-03-18,76.44999694824219,0.12660000324249268,101.54299926757812
2020-03-19,72.0,0.111899995803833,103.6050033569336
2020-03-20,66.04000091552734,0.09380000233650207,103.50199890136719
2020-03-23,61.59000015258789,0.07639999985694886,103.23999786376953
2020-03-24,61.66999816894531,0.0815999984741211,102.24700164794922
2020-03-25,63.95000076293945,0.08579999804496766,100.99700164794922
2020-03-26,61.0,0.08109999895095825,99.4530029296875
2020-03-27,65.54000091552734,0.07490000128746033,98.53700256347656
2020-03-30,57.08000183105469,0.06700000166893005,99.28099822998047
2020-03-31,53.540000915527344,0.06980000138282776,99.09200286865234
2020-04-01,57.060001373291016,0.06349999904632568,99.75299835205078
2020-04-02,50.90999984741211,0.06269999742507934,100.27100372314453
2020-04-03,46.79999923706055,0.05870000123977661,100.677001953125
2020-04-06,45.2400016784668,0.06759999990463257,100.75499725341797
2020-04-07,46.70000076293945,0.07360000014305115,99.91400146484375
2020-04-08,43.349998474121094,0.07639999985694886,100.16999816894531
2020-04-09,41.66999816894531,0.07289999723434448,99.50399780273438
2020-04-13,41.16999816894531,0.07490000128746033,99.33599853515625
2020-04-14,37.7599983215332,0.07519999742507935,98.88500213623047
2020-04-15,40.84000015258789,0.06380000114440917,99.48600006103516
2020-04-16,40.11000061035156,0.0609000027179718,100.0999984741211
2020-04-17,38.150001525878906,0.06539999842643737,99.83599853515625
2020-04-20,43.83000183105469,0.06259999871253967,100.05799865722656
2020-04-21,45.40999984741211,0.057099997997283936,100.3740005493164
2020-04-22,41.97999954223633,0.06190000176429748,100.52799987792969
2020-04-23,41.380001068115234,0.061299997568130496,100.53500366210938
2020-04-24,35.93000030517578,0.05960000157356262,100.43399810791016
2020-04-27,33.290000915527344,0.0656000018119812,100.09700012207031
2020-04-28,33.56999969482422,0.06100000143051147,99.93399810791016
2020-04-29,31.229999542236328,0.06269999742507934,99.64399719238281
2020-04-30,34.150001525878906,0.06219999790191651,99.02799987792969
2020-05-01,37.189998626708984,0.06420000195503235,99.0999984741211
2020-05-04,35.970001220703125,0.0637000024318695,99.56700134277344
2020-05-05,33.61000061035156,0.06570000052452088,99.76200103759766
2020-05-06,34.119998931884766,0.07110000252723694,100.13600158691406
2020-05-07,31.440000534057617,0.06309999823570252,99.90599822998047
2020-05-08,27.979999542236328,0.06819999814033509,99.76899719238281
2020-05-11,27.56999969482422,0.07260000109672546,100.2699966430664
2020-05-12,33.040000915527344,0.06779999732971191,99.95600128173828
2020-05-13,35.279998779296875,0.06489999890327454,100.29100036621094
2020-05-14,32.61000061035156,0.06190000176429748,100.50700378417969
2020-05-15,31.889999389648438,0.06399999856948853,100.43399810791016
2020-05-18,29.299999237060547,0.07440000176429748,99.68099975585938
2020-05-19,30.530000686645508,0.07110000252723694,99.36599731445312
2020-05-20,27.989999771118164,0.06800000071525573,99.13500213623047
2020-05-21,29.530000686645508,0.06769999861717224,99.40299987792969
2020-05-22,28.15999984741211,0.06570000052452088,99.88800048828125
2020-05-26,28.010000228881836,0.06980000138282776,98.90599822998047
2020-05-27,27.6200008392334,0.06800000071525573,99.05799865722656
2020-05-28,28.59000015258789,0.07049999833106994,98.37200164794922
2020-05-29,27.510000228881836,0.06480000019073487,98.34100341796875
2020-06-01,28.229999542236328,0.06620000004768371,97.81999969482422
2020-06-02,26.84000015258789,0.06800000071525573,97.65899658203125
2020-06-03,25.65999984741211,0.07609999775886536,97.25900268554688
2020-06-04,25.809999465942383,0.08199999928474426,96.65699768066406
2020-06-05,24.520000457763672,0.09039999842643738,96.9219970703125
2020-06-08,25.809999465942383,0.088400000333786,96.60800170898438
2020-06-09,27.56999969482422,0.08289999961853027,96.32099914550781
2020-06-10,27.56999969482422,0.07480000257492066,95.94999694824219
2020-06-11,40.790000915527344,0.0652999997138977,96.73899841308594
2020-06-12,36.09000015258789,0.06990000009536743,97.30500030517578
2020-06-15,34.400001525878906,0.07020000219345093,96.97799682617188
2020-06-16,33.66999816894531,0.07559999823570251,96.93299865722656
2020-06-17,33.470001220703125,0.07329999804496765,97.14399719238281
2020-06-18,32.939998626708984,0.06940000057220459,97.4000015258789
2020-06-19,35.119998931884766,0.06970000267028809,97.5770034790039
2020-06-22,31.770000457763672,0.07039999961853027,96.98500061035156
2020-06-23,31.3700008392334,0.07089999914169312,96.60800170898438
2020-06-24,33.84000015258789,0.06840000152587891,97.12899780273438
2020-06-25,32.220001220703125,0.06740000247955322,97.38800048828125
2020-06-26,34.72999954223633,0.06359999775886535,97.40399932861328
2020-06-29,31.780000686645508,0.06359999775886535,97.5009994506836
2020-06-30,30.43000030517578,0.0652999997138977,97.3489990234375
2020-07-01,28.6200008392334,0.06819999814033509,97.15499877929688
2020-07-02,27.68000030517578,0.06690000295639038,97.3010025024414
2020-07-06,27.940000534057617,0.06840000152587891,96.68199920654297
2020-07-07,29.43000030517578,0.06499999761581421,96.83899688720703
2020-07-08,28.079999923706055,0.0652999997138977,96.36799621582031
2020-07-09,29.260000228881836,0.06050000190734863,96.6729965209961
2020-07-10,27.290000915527344,0.06330000162124634,96.61399841308594
2020-07-13,32.189998626708984,0.06399999856948853,96.40699768066406
2020-07-14,29.520000457763672,0.06150000095367432,96.20700073242188
2020-07-15,27.760000228881836,0.06299999952316285,96.03900146484375
2020-07-16,28.0,0.06119999885559082,96.31900024414062
2020-07-17,25.68000030517578,0.0628000020980835,95.88899993896484
2020-07-20,24.459999084472656,0.06200000047683716,95.77200317382812
2020-07-21,24.84000015258789,0.06069999933242798,95.05999755859375
2020-07-22,24.31999969482422,0.05950000286102295,94.93000030517578
2020-07-23,26.079999923706055,0.05820000171661377,94.64900207519531
2020-07-24,25.84000015258789,0.05889999866485596,94.37999725341797
2020-07-27,24.739999771118164,0.0609000027179718,93.61499786376953
2020-07-28,25.440000534057617,0.058099997043609616,93.64700317382812
2020-07-29,24.100000381469727,0.057899999618530276,93.43199920654297
2020-07-30,24.760000228881836,0.054100000858306886,93.00900268554688
2020-07-31,24.459999084472656,0.053600001335144046,93.32099914550781
2020-08-03,24.280000686645508,0.05630000233650208,93.50700378417969
2020-08-04,23.760000228881836,0.051499998569488524,93.37799835205078
2020-08-05,22.989999771118164,0.05429999828338623,92.8499984741211
2020-08-06,22.649999618530273,0.053600001335144046,92.76799774169922
2020-08-07,22.209999084472656,0.056199997663497925,93.41200256347656
2020-08-10,22.1299991607666,0.05740000009536743,93.56900024414062
2020-08-11,24.030000686645508,0.06579999923706055,93.5999984741211
2020-08-12,22.280000686645508,0.06700000166893005,93.40799713134766
2020-08-13,22.1299991607666,0.07160000205039978,93.31700134277344
2020-08-14,22.049999237060547,0.07089999914169312,93.08499908447266
2020-08-17,21.350000381469727,0.06830000281333923,92.84700012207031
2020-08-18,21.510000228881836,0.06690000295639038,92.25900268554688
2020-08-19,22.540000915527344,0.0675000011920929,92.87999725341797
2020-08-20,22.719999313354492,0.06439999938011169,92.77799987792969
2020-08-21,22.540000915527344,0.06399999856948853,93.23999786376953
2020-08-24,22.3700008392334,0.06460000276565551,93.28900146484375
2020-08-25,22.030000686645508,0.06819999814033509,93.01899719238281
2020-08-26,23.270000457763672,0.06869999766349792,92.99600219726562
2020-08-27,24.469999313354492,0.07459999918937683,92.99099731445312
2020-08-28,22.959999084472656,0.07289999723434448,92.37899780273438
2020-08-31,26.40999984741211,0.06930000185966492,92.13099670410156
2020-09-01,26.1200008392334,0.0671999990940094,92.33699798583984
2020-09-02,26.56999969482422,0.06510000228881836,92.83399963378906
2020-09-03,33.599998474121094,0.06219999790191651,92.73300170898438
2020-09-04,30.75,0.07210000157356262,92.71900177001953
2020-09-08,31.459999084472656,0.06840000152587891,93.44100189208984
2020-09-09,28.809999465942383,0.0703000009059906,93.25800323486328
2020-09-10,29.709999084472656,0.06850000023841858,93.33100128173828
2020-09-11,26.8700008392334,0.06690000295639038,93.31999969482422
2020-09-14,25.850000381469727,0.06710000038146972,92.91200256347656
2020-09-15,25.59000015258789,0.06790000200271606,93.08499908447266
2020-09-16,26.040000915527344,0.06869999766349792,93.23100280761719
2020-09-17,26.459999084472656,0.06840000152587891,92.96900177001953
2020-09-18,25.829999923706055,0.06940000057220459,92.9520034790039
2020-09-21,27.780000686645508,0.06710000038146972,93.68399810791016
2020-09-22,26.860000610351562,0.06639999747276307,94.01799774169922
2020-09-23,28.579999923706055,0.06759999990463257,94.44300079345703
2020-09-24,28.510000228881836,0.06660000085830689,94.39399719238281
2020-09-25,26.3799991607666,0.06589999794960022,94.68199920654297
2020-09-28,26.190000534057617,0.06629999876022338,94.302001953125
2020-09-29,26.270000457763672,0.06449999809265136,93.927001953125
2020-09-30,26.3700008392334,0.06769999861717224,93.927001953125
2020-10-01,26.700000762939453,0.06769999861717224,93.76200103759766
2020-10-02,27.6299991607666,0.06959999799728393,93.90899658203125
2020-10-05,27.959999084472656,0.0762000024318695,93.54499816894531
2020-10-06,29.479999542236328,0.07419999837875366,93.74400329589844
2020-10-07,28.059999465942383,0.07850000262260437,93.6780014038086
2020-10-08,26.360000610351562,0.07649999856948853,93.64800262451172
2020-10-09,25.0,0.0774999976158142,93.06500244140625
2020-10-12,25.06999969482422,0.07770000100135803,93.10399627685547
2020-10-13,26.06999969482422,0.07269999980926514,93.53600311279297
2020-10-14,26.399999618530273,0.0722000002861023,93.36599731445312
2020-10-15,26.969999313354492,0.0731000006198883,93.86399841308594
2020-10-16,27.40999984741211,0.07440000176429748,93.67900085449219
2020-10-19,29.18000030517578,0.07609999775886536,93.42900085449219
2020-10-20,29.350000381469727,0.0796999990940094,93.0510025024414
2020-10-21,28.649999618530273,0.0815999984741211,92.5989990234375
2020-10-22,28.110000610351562,0.08479999899864196,92.96399688720703
2020-10-23,27.549999237060547,0.08410000205039977,92.76499938964844
2020-10-26,32.459999084472656,0.08009999990463257,93.04399871826172
2020-10-27,33.349998474121094,0.0777999997138977,92.927001953125
2020-10-28,40.279998779296875,0.0781000018119812,93.40899658203125
2020-10-29,37.59000015258789,0.08349999785423279,93.97699737548828
2020-10-30,38.02000045776367,0.08600000143051148,94.04199981689453
2020-11-02,37.130001068115234,0.08489999771118165,94.1449966430664
2020-11-03,35.54999923706055,0.08820000290870667,93.55999755859375
2020-11-04,29.56999969482422,0.07680000066757202,93.41100311279297
2020-11-05,27.579999923706055,0.07760000228881836,92.51599884033203
2020-11-06,24.860000610351562,0.08199999928474426,92.2249984741211
2020-11-09,25.75,0.09580000042915345,92.71499633789062
2020-11-10,24.799999237060547,0.09720000028610229,92.73600006103516
2020-11-11,23.450000762939453,0.09580000042915345,93.02400207519531
2020-11-12,25.350000381469727,0.08849999904632569,92.95600128173828
2020-11-13,23.100000381469727,0.08930000066757202,92.75
2020-11-16,22.450000762939453,0.0906000018119812,92.62999725341797
2020-11-17,22.709999084472656,0.0871999979019165,92.39800262451172
2020-11-18,23.84000015258789,0.08820000290870667,92.31099700927734
2020-11-19,23.110000610351562,0.08539999723434448,92.28399658203125
2020-11-20,23.700000762939453,0.08289999961853027,92.3949966430664
2020-11-23,22.65999984741211,0.08569999933242797,92.49400329589844
2020-11-24,21.639999389648438,0.08820000290870667,92.22000122070312
2020-11-25,21.25,0.0878000020980835,91.96600341796875
2020-11-27,20.84000015258789,0.08420000076293946,91.8010025024414
2020-11-30,20.56999969482422,0.0843999981880188,91.85800170898438
2020-12-01,20.770000457763672,0.0934000015258789,91.2969970703125
2020-12-02,21.170000076293945,0.09480000138282776,91.11499786376953
2020-12-03,21.280000686645508,0.09200000166893005,90.71800231933594
2020-12-04,20.790000915527344,0.0968999981880188,90.69400024414062
2020-12-07,21.299999237060547,0.09279999732971192,90.78900146484375
2020-12-08,20.68000030517578,0.09129999876022339,90.96800231933594
2020-12-09,22.270000457763672,0.0940999984741211,91.08300018310547
2020-12-10,22.520000457763672,0.09079999923706054,90.81999969482422
2020-12-11,23.309999465942383,0.08930000066757202,90.97000122070312
2020-12-14,24.719999313354492,0.08920000195503235,90.73100280761719
2020-12-15,22.889999389648438,0.09229999780654907,90.40899658203125
2020-12-16,22.5,0.09200000166893005,90.35900115966797
2020-12-17,21.93000030517578,0.09300000071525574,89.74099731445312
2020-12-18,21.56999969482422,0.09480000138282776,89.9530029296875
2020-12-21,25.15999984741211,0.0940999984741211,89.9489974975586
2020-12-22,24.229999542236328,0.09179999828338622,90.5459976196289
2020-12-23,23.309999465942383,0.09549999833106995,90.33999633789062
2020-12-24,21.530000686645508,0.09279999732971192,90.25
2020-12-28,21.700000762939453,0.09330000281333924,90.2750015258789
2020-12-29,23.079999923706055,0.09350000023841858,89.91799926757812
2020-12-30,22.770000457763672,0.09259999990463257,89.64900207519531
2020-12-31,22.75,0.09169999957084655,89.89399719238281
2021-01-04,26.969999313354492,0.09169999957084655,89.84500122070312
2021-01-05,25.34000015258789,0.09549999833106995,89.40899658203125
2021-01-06,25.06999969482422,0.10420000553131104,89.50199890136719
2021-01-07,22.3700008392334,0.10709999799728394,89.79100036621094
2021-01-08,21.559999465942383,0.11050000190734863,90.06800079345703
2021-01-11,24.079999923706055,0.11319999694824219,90.44200134277344
2021-01-12,23.329999923706055,0.11380000114440918,90.06400299072266
2021-01-13,22.209999084472656,0.10880000591278076,90.33399963378906
2021-01-14,23.25,0.1128999948501587,90.21499633789062
2021-01-15,24.34000015258789,0.1097000002861023,90.75399780273438
2021-01-19,23.239999771118164,0.10920000076293945,90.47599792480469
2021-01-20,21.579999923706055,0.10900000333786011,90.46900177001953
2021-01-21,21.31999969482422,0.11089999675750732,90.12699890136719
2021-01-22,21.90999984741211,0.1090999960899353,90.21199798583984
2021-01-25,23.190000534057617,0.10399999618530273,90.37300109863281
2021-01-26,23.020000457763672,0.10399999618530273,90.14800262451172
2021-01-27,37.209999084472656,0.10140000581741333,90.63999938964844
2021-01-28,30.209999084472656,0.10570000410079956,90.427001953125
2021-01-29,33.09000015258789,0.1093000054359436,90.56900024414062
2021-02-01,30.239999771118164,0.10770000219345092,90.9749984741211
2021-02-02,25.559999465942383,0.11050000190734863,91.18900299072266
2021-02-03,22.90999984741211,0.11310000419616699,91.14800262451172
2021-02-04,21.770000457763672,0.11390000581741333,91.5199966430664
2021-02-05,20.8700008392334,0.11699999570846557,91.03199768066406
2021-02-08,21.239999771118164,0.11599999666213989,90.91899871826172
2021-02-09,21.6299991607666,0.1156999945640564,90.42900085449219
2021-02-10,21.989999771118164,0.11330000162124634,90.36299896240234
2021-02-11,21.25,0.11579999923706055,90.41300201416016
2021-02-12,19.969999313354492,0.12000000476837158,90.47000122070312
2021-02-16,21.459999084472656,0.12990000247955322,90.50299835205078
2021-02-17,21.5,0.13009999990463256,90.9489974975586
2021-02-18,22.489999771118164,0.12869999408721924,90.5999984741211
2021-02-19,22.049999237060547,0.13450000286102295,90.36299896240234
2021-02-22,23.450000762939453,0.13700000047683716,89.9990005493164
2021-02-23,23.110000610351562,0.1361999988555908,90.16699981689453
2021-02-24,21.34000015258789,0.13890000581741332,90.16999816894531
2021-02-25,28.889999389648438,0.15180000066757202,90.13500213623047
2021-02-26,27.950000762939453,0.14600000381469727,90.88200378417969
2021-03-01,23.350000381469727,0.14459999799728393,91.03600311279297
2021-03-02,24.100000381469727,0.14149999618530273,90.79000091552734
2021-03-03,26.670000076293945,0.14700000286102294,90.94200134277344
2021-03-04,28.56999969482422,0.1549999952316284,91.64399719238281
2021-03-05,24.65999984741211,0.15540000200271606,91.98999786376953
2021-03-08,25.469999313354492,0.15959999561309815,92.33399963378906
2021-03-09,24.030000686645508,0.15460000038146973,91.96399688720703
2021-03-10,22.559999465942383,0.15199999809265136,91.8280029296875
2021-03-11,21.90999984741211,0.15269999504089354,91.41799926757812
2021-03-12,20.690000534057617,0.16349999904632567,91.6780014038086
2021-03-15,20.030000686645508,0.16069999933242798,91.85199737548828
2021-03-16,19.790000915527344,0.1621000051498413,91.87999725341797
2021-03-17,19.229999542236328,0.1641000032424927,91.43499755859375
2021-03-18,21.579999923706055,0.17300000190734863,91.87000274658203
2021-03-19,20.950000762939453,0.17319999933242797,91.92500305175781
2021-03-22,18.8799991607666,0.16840000152587892,91.74099731445312
2021-03-23,20.299999237060547,0.16380000114440918,92.34700012207031
2021-03-24,21.200000762939453,0.16139999628067017,92.52999877929688
2021-03-25,19.809999465942383,0.16139999628067017,92.82599639892578
2021-03-26,18.860000610351562,0.16599999666213988,92.7750015258789
2021-03-29,20.739999771118164,0.17209999561309813,92.95600128173828
2021-03-30,19.610000610351562,0.17259999513626098,93.32099914550781
2021-03-31,19.399999618530273,0.1746000051498413,93.23600006103516
2021-04-01,17.329999923706055,0.16790000200271607,92.9469985961914
2021-04-05,17.90999984741211,0.17200000286102296,93.0510025024414
2021-04-06,18.1200008392334,0.1656000018119812,92.3479995727539
2021-04-07,17.15999984741211,0.1652999997138977,92.47200012207031
2021-04-08,16.950000762939453,0.1631999969482422,92.06900024414062
2021-04-09,16.690000534057617,0.1666000008583069,92.16000366210938
2021-04-12,16.90999984741211,0.16749999523162842,92.14399719238281
2021-04-13,16.649999618530273,0.16230000257492067,91.84400177001953
2021-04-14,16.989999771118164,0.16380000114440918,91.67400360107422
2021-04-15,16.56999969482422,0.15299999713897705,91.61799621582031
2021-04-16,16.25,0.15729999542236328,91.54399871826172
2021-04-19,17.290000915527344,0.160099995136261,91.05000305175781
2021-04-20,18.68000030517578,0.1562000036239624,91.22699737548828
2021-04-21,17.5,0.15640000104904175,91.12899780273438
2021-04-22,18.709999084472656,0.15540000200271606,91.32099914550781
2021-04-23,17.329999923706055,0.15670000314712523,90.83899688720703
2021-04-26,17.639999389648438,0.15700000524520874,90.77999877929688
2021-04-27,17.559999465942383,0.1621999979019165,90.89199829101562
2021-04-28,17.280000686645508,0.16200000047683716,90.59300231933594
2021-04-29,17.610000610351562,0.16399999856948852,90.59300231933594
2021-04-30,18.610000610351562,0.163100004196167,91.2699966430664
2021-05-03,18.309999465942383,0.16069999933242798,90.927001953125
2021-05-04,19.479999542236328,0.15920000076293944,91.2750015258789
2021-05-05,19.149999618530273,0.15839999914169312,91.29299926757812
2021-05-06,18.389999389648438,0.15609999895095825,90.93599700927734
2021-05-07,16.690000534057617,0.15770000219345093,90.21600341796875
2021-05-10,19.65999984741211,0.16019999980926514,90.18499755859375
2021-05-11,21.84000015258789,0.16239999532699584,90.1240005493164
2021-05-12,27.59000015258789,0.16950000524520875,90.68599700927734
2021-05-13,23.1299991607666,0.16679999828338624,90.73500061035156
2021-05-14,18.809999465942383,0.16349999904632567,90.31800079345703
2021-05-17,19.719999313354492,0.16399999856948852,90.14199829101562
2021-05-18,21.34000015258789,0.16419999599456786,89.73400115966797
2021-05-19,22.18000030517578,0.16829999685287475,90.19100189208984
2021-05-20,20.670000076293945,0.16339999437332153,89.79499816894531
2021-05-21,20.149999618530273,0.1631999969482422,90.00499725341797
2021-05-24,18.399999618530273,0.16080000400543212,89.83799743652344
2021-05-25,18.84000015258789,0.15640000104904175,89.62799835205078
2021-05-26,17.360000610351562,0.15740000009536742,90.02999877929688
2021-05-27,16.739999771118164,0.16100000143051146,89.95899963378906
2021-05-28,16.760000228881836,0.1580999970436096,89.99299621582031
2021-06-01,17.899999618530273,0.1615000009536743,89.81900024414062
2021-06-02,17.479999542236328,0.1590999960899353,89.9010009765625
2021-06-03,18.040000915527344,0.1625,90.5009994506836
2021-06-04,16.420000076293945,0.1559999942779541,90.13300323486328
2021-06-07,16.420000076293945,0.1569000005722046,89.94599914550781
2021-06-08,17.06999969482422,0.1527999997138977,90.07599639892578
2021-06-09,17.889999389648438,0.14889999628067016,90.12100219726562
2021-06-10,16.100000381469727,0.1458999991416931,90.0780029296875
2021-06-11,15.649999618530273,0.1462000012397766,90.55000305175781
2021-06-14,16.389999389648438,0.15010000467300416,90.4749984741211
2021-06-15,17.020000457763672,0.14989999532699586,90.50199890136719
2021-06-16,18.149999618530273,0.1569000005722046,91.20800018310547
2021-06-17,17.75,0.15110000371932983,91.87300109863281
2021-06-18,20.700000762939453,0.14500000476837158,92.20899963378906
2021-06-21,17.889999389648438,0.1483999967575073,91.88099670410156
2021-06-22,16.65999984741211,0.1472000002861023,91.7509994506836
2021-06-23,16.31999969482422,0.14869999885559082,91.78500366210938
2021-06-24,15.970000267028809,0.14869999885559082,91.79499816894531
2021-06-25,15.619999885559082,0.15360000133514404,91.84400177001953
2021-06-28,15.760000228881836,0.1478000044822693,91.8759994506836
2021-06-29,16.020000457763672,0.14800000190734863,92.04100036621094
2021-06-30,15.829999923706055,0.14429999589920045,92.43099975585938
2021-07-01,15.479999542236328,0.14800000190734863,92.59400177001953
2021-07-02,15.069999694824219,0.14309999942779542,92.41300201416016
2021-07-06,16.440000534057617,0.13700000047683716,92.54299926757812
2021-07-07,16.200000762939453,0.13209999799728395,92.6449966430664
2021-07-08,19.0,0.12879999876022338,92.40599822998047
2021-07-09,16.18000030517578,0.13559999465942382,92.11599731445312
2021-07-12,16.170000076293945,0.13630000352859498,92.25599670410156
2021-07-13,17.1200008392334,0.14149999618530273,92.75900268554688
2021-07-14,16.329999923706055,0.13559999465942382,92.40499877929688
2021-07-15,17.010000228881836,0.12970000505447388,92.63099670410156
2021-07-16,18.450000762939453,0.12999999523162842,92.68699645996094
2021-07-19,22.5,0.11809999942779541,92.9000015258789
2021-07-20,19.729999542236328,0.12089999914169311,92.97899627685547
2021-07-21,17.90999984741211,0.12799999713897706,92.75900268554688
2021-07-22,17.690000534057617,0.12649999856948851,92.83000183105469
2021-07-23,17.200000762939453,0.12860000133514404,92.9280014038086
2021-07-26,17.579999923706055,0.12760000228881835,92.6510009765625
2021-07-27,19.360000610351562,0.12339999675750732,92.43599700927734
2021-07-28,18.309999465942383,0.12610000371932983,92.31700134277344
2021-07-29,17.700000762939453,0.12690000534057616,91.87100219726562
2021-07-30,18.239999771118164,0.12389999628067017,92.18800354003906
2021-08-02,19.459999084472656,0.11740000247955322,92.06500244140625
2021-08-03,18.040000915527344,0.11759999990463257,92.08799743652344
2021-08-04,17.969999313354492,0.1184000015258789,92.27400207519531
2021-08-05,17.280000686645508,0.12170000076293945,92.25199890136719
2021-08-06,16.149999618530273,0.12899999618530272,92.80000305175781
2021-08-09,16.719999313354492,0.13170000314712524,92.93800354003906
2021-08-10,16.790000915527344,0.13420000076293945,93.05500030517578
2021-08-11,16.170000076293945,0.13289999961853027,92.91799926757812
2021-08-12,15.59000015258789,0.13669999837875366,93.03800201416016
2021-08-13,15.449999809265137,0.12970000505447388,92.51200103759766
2021-08-16,16.1200008392334,0.1256999969482422,92.61900329589844
2021-08-17,17.90999984741211,0.12580000162124633,93.1449966430664
2021-08-18,21.56999969482422,0.12730000019073487,93.14399719238281
2021-08-19,21.670000076293945,0.12419999837875366,93.58799743652344
2021-08-20,18.559999465942383,0.1259999990463257,93.50800323486328
2021-08-23,17.149999618530273,0.12549999952316285,92.97100067138672
2021-08-24,17.219999313354492,0.12899999618530272,92.9010009765625
2021-08-25,16.790000915527344,0.13420000076293945,92.83200073242188
2021-08-26,18.84000015258789,0.13420000076293945,93.0780029296875
2021-08-27,16.389999389648438,0.1312000036239624,92.69400024414062
2021-08-30,16.190000534057617,0.1284999966621399,92.6520004272461
2021-08-31,16.479999542236328,0.13040000200271606,92.63500213623047
2021-09-01,16.110000610351562,0.13020000457763672,92.4489974975586
2021-09-02,16.40999984741211,0.12940000295639037,92.22799682617188
2021-09-03,16.40999984741211,0.13220000267028809,92.03299713134766
2021-09-07,18.139999389648438,0.13700000047683716,92.51399993896484
2021-09-08,17.959999084472656,0.13339999914169312,92.6500015258789
2021-09-09,18.799999237060547,0.12990000247955322,92.4800033569336
2021-09-10,20.950000762939453,0.1340999960899353,92.58999633789062
2021-09-13,19.3700008392334,0.13240000009536743,92.6520004272461
2021-09-14,19.459999084472656,0.12769999504089355,92.61399841308594
2021-09-15,18.18000030517578,0.13040000200271606,92.53399658203125
2021-09-16,18.690000534057617,0.1330999970436096,92.91899871826172
2021-09-17,20.809999465942383,0.13700000047683716,93.1760025024414
2021-09-20,25.709999084472656,0.1309000015258789,93.25599670410156
2021-09-21,24.360000610351562,0.13240000009536743,93.19999694824219
2021-09-22,20.8700008392334,0.13359999656677246,93.45999908447266
2021-09-23,18.6299991607666,0.1409999966621399,93.02999877929688
2021-09-24,17.75,0.14600000381469727,93.33499908447266
2021-09-27,18.760000228881836,0.1483999967575073,93.38099670410156
2021-09-28,23.25,0.1534000039100647,93.77999877929688
2021-09-29,22.559999465942383,0.15410000085830688,94.35299682617188
2021-09-30,23.139999389648438,0.15290000438690185,94.23999786376953
2021-10-01,21.100000381469727,0.1478999972343445,94.0469970703125
2021-10-04,22.959999084472656,0.14809999465942383,93.77999877929688
2021-10-05,21.299999237060547,0.15290000438690185,93.96700286865234
2021-10-06,21.0,0.152400004863739,94.27200317382812
2021-10-07,19.540000915527344,0.15709999799728394,94.22100067138672
2021-10-08,18.770000457763672,0.16050000190734864,94.0790023803711
2021-10-11,20.0,0.16139999628067017,94.32599639892578
2021-10-12,19.850000381469727,0.15800000429153443,94.51899719238281
2021-10-13,18.639999389648438,0.1549000024795532,94.08000183105469
2021-10-14,16.860000610351562,0.15190000534057618,93.96099853515625
2021-10-15,16.299999237060547,0.1575999975204468,93.93800354003906
2021-10-18,16.309999465942383,0.15839999914169312,93.94499969482422
2021-10-19,15.699999809265137,0.16349999904632567,93.72799682617188
2021-10-20,15.489999771118164,0.16360000371932984,93.53500366210938
2021-10-21,15.010000228881836,0.16759999990463256,93.75800323486328
2021-10-22,15.430000305175781,0.16549999713897706,93.625
2021-10-25,15.239999771118164,0.16349999904632567,93.80899810791016
2021-10-26,15.979999542236328,0.16189999580383302,93.94100189208984
2021-10-27,16.979999542236328,0.15290000438690185,93.7979965209961
2021-10-28,16.530000686645508,0.15679999589920043,93.32599639892578
2021-10-29,16.260000228881836,0.15570000410079957,94.12100219726562
2021-11-01,16.40999984741211,0.1575000047683716,93.87899780273438
2021-11-02,16.030000686645508,0.1549000024795532,94.0790023803711
2021-11-03,15.100000381469727,0.15789999961853027,93.85299682617188
2021-11-04,15.4399995803833,0.152400004863739,94.34100341796875
2021-11-05,16.479999542236328,0.14529999494552612,94.31700134277344
2021-11-08,17.219999313354492,0.14969999790191652,94.04199981689453
2021-11-09,17.780000686645508,0.14320000410079955,93.95600128173828
2021-11-10,18.729999542236328,0.1559999942779541,94.83799743652344
2021-11-11,17.65999984741211,0.1559999942779541,95.17500305175781
2021-11-12,16.290000915527344,0.15820000171661378,95.12799835205078
2021-11-15,16.489999771118164,0.16230000257492067,95.40499877929688
2021-11-16,16.3700008392334,0.16339999437332153,95.91100311279297
2021-11-17,17.110000610351562,0.16039999723434448,95.8290023803711
2021-11-18,17.59000015258789,0.15889999866485596,95.54199981689453
2021-11-19,17.90999984741211,0.15360000133514404,96.02799987792969
2021-11-22,19.170000076293945,0.1625,96.54399871826172
2021-11-23,19.3799991607666,0.16670000553131104,96.49400329589844
2021-11-24,18.579999923706055,0.16449999809265137,96.87200164794922
2021-11-26,28.6200008392334,0.14819999933242797,96.10399627685547
2021-11-29,22.959999084472656,0.15299999713897705,96.33799743652344
2021-11-30,27.190000534057617,0.14429999589920045,96.00700378417969
2021-12-01,31.1200008392334,0.1434000015258789,96.02400207519531
2021-12-02,27.950000762939453,0.14479999542236327,96.15799713134766
2021-12-03,30.670000076293945,0.13430000543594361,96.11399841308594
2021-12-06,27.18000030517578,0.1434000015258789,96.33000183105469
2021-12-07,21.889999389648438,0.14800000190734863,96.37000274658203
2021-12-08,19.899999618530273,0.15089999437332152,95.88099670410156
2021-12-09,21.579999923706055,0.14869999885559082,96.25199890136719
2021-12-10,18.690000534057617,0.14889999628067016,96.0999984741211
2021-12-13,20.309999465942383,0.14240000247955323,96.34500122070312
2021-12-14,21.889999389648438,0.1437999963760376,96.53800201416016
2021-12-15,19.290000915527344,0.14630000591278075,96.48200225830078
2021-12-16,20.56999969482422,0.1422000050544739,96.01499938964844
2021-12-17,21.56999969482422,0.14019999504089356,96.5479965209961
2021-12-20,22.8700008392334,0.14190000295639038,96.54499816894531
2021-12-21,21.010000228881836,0.14869999885559082,96.48899841308594
2021-12-22,18.6299991607666,0.14570000171661376,96.05899810791016
2021-12-23,17.959999084472656,0.1493000030517578,95.98500061035156
2021-12-27,17.68000030517578,0.14809999465942383,96.08599853515625
2021-12-28,17.540000915527344,0.14809999465942383,96.2030029296875
2021-12-29,16.950000762939453,0.15429999828338622,95.9260025024414
2021-12-30,17.329999923706055,0.15149999856948854,95.96399688720703
2021-12-31,17.219999313354492,0.15119999647140503,95.59300231933594
2022-01-03,16.600000381469727,0.16280000209808348,96.21099853515625
2022-01-04,16.90999984741211,0.16679999828338624,96.27400207519531
2022-01-05,19.729999542236328,0.17050000429153442,96.18199920654297
2022-01-06,19.610000610351562,0.17330000400543213,96.32599639892578
2022-01-07,18.760000228881836,0.17710000276565552,95.72200012207031
2022-01-10,19.399999618530273,0.17799999713897705,95.98999786376953
2022-01-11,18.40999984741211,0.1746000051498413,95.625
2022-01-12,17.6200008392334,0.17250000238418578,94.9010009765625
2022-01-13,20.309999465942383,0.17109999656677247,94.7750015258789
2022-01-14,19.190000534057617,0.17719999551773072,95.16100311279297
2022-01-18,22.790000915527344,0.1865000009536743,95.7229995727539
2022-01-19,23.850000381469727,0.18270000219345092,95.5
2022-01-20,25.59000015258789,0.18329999446868897,95.7249984741211
2022-01-21,28.850000381469727,0.1746999979019165,95.63600158691406
2022-01-24,29.899999618530273,0.17350000143051147,95.9010009765625
2022-01-25,31.15999984741211,0.17829999923706055,95.9280014038086
2022-01-26,31.959999084472656,0.18480000495910645,96.4000015258789
2022-01-27,30.489999771118164,0.18070000410079956,97.24199676513672
2022-01-28,27.65999984741211,0.17819999456405639,97.26599884033203
2022-01-31,24.829999923706055,0.17819999456405639,96.53700256347656
2022-02-01,21.959999084472656,0.1799999952316284,96.375
2022-02-02,22.09000015258789,0.17660000324249267,95.93499755859375
2022-02-03,24.350000381469727,0.18270000219345092,95.37899780273438
2022-02-04,23.219999313354492,0.19299999475479127,95.4800033569336
2022-02-07,22.860000610351562,0.1916000008583069,95.39199829101562
2022-02-08,21.440000534057617,0.19539999961853027,95.64099884033203
2022-02-09,19.959999084472656,0.19290000200271606,95.49400329589844
2022-02-10,23.90999984741211,0.20309998989105224,95.5479965209961
2022-02-11,27.360000610351562,0.1955000042915344,96.072998046875
2022-02-14,28.329999923706055,0.1996000051498413,96.35600280761719
2022-02-15,25.700000762939453,0.20450000762939452,95.99299621582031
2022-02-16,24.290000915527344,0.20469999313354492,95.6969985961914
2022-02-17,28.110000610351562,0.1972000002861023,95.8030014038086
2022-02-18,27.75,0.19320000410079957,96.02200317382812
2022-02-22,28.809999465942383,0.1947999954223633,96.01100158691406
2022-02-23,31.020000457763672,0.19769999980926514,96.18800354003906
2022-02-24,30.31999969482422,0.1968999981880188,97.11799621582031
2022-02-25,27.59000015258789,0.19859999418258667,96.61900329589844
2022-02-28,30.149999618530273,0.18389999866485596,96.69400024414062
2022-03-01,33.31999969482422,0.17070000171661376,97.40599822998047
2022-03-02,30.739999771118164,0.1865000009536743,97.41400146484375
2022-03-03,30.479999542236328,0.1843999981880188,97.79100036621094
2022-03-04,31.979999542236328,0.17239999771118164,98.6709976196289
2022-03-07,36.45000076293945,0.17510000467300416,99.29499816894531
2022-03-08,35.130001068115234,0.1871999979019165,99.08000183105469
2022-03-09,32.45000076293945,0.1947999954223633,97.9530029296875
2022-03-10,30.229999542236328,0.20109999179840088,98.50399780273438
2022-03-11,30.75,0.2003999948501587,99.12999725341797
2022-03-14,31.770000457763672,0.21400001049041747,98.87899780273438
2022-03-15,29.829999923706055,0.21600000858306884,99.06400299072266
2022-03-16,26.670000076293945,0.2187999963760376,98.62100219726562
2022-03-17,25.670000076293945,0.2191999912261963,97.9749984741211
2022-03-18,23.8700008392334,0.21480000019073486,98.22699737548828
2022-03-21,23.530000686645508,0.2315000057220459,98.4990005493164
2022-03-22,22.940000534057617,0.2372999906539917,98.52300262451172
2022-03-23,23.56999969482422,0.2321000099182129,98.61499786376953
2022-03-24,21.670000076293945,0.23410000801086425,98.80000305175781
2022-03-25,20.809999465942383,0.2492000102996826,98.8219985961914
2022-03-28,19.6299991607666,0.24769999980926513,99.05500030517578
2022-03-29,18.899999618530273,0.24000000953674316,98.44100189208984
2022-03-30,19.329999923706055,0.23580000400543213,97.875
2022-03-31,20.559999465942383,0.23269999027252197,98.36000061035156
2022-04-01,19.6299991607666,0.2377000093460083,98.62699890136719
2022-04-04,18.56999969482422,0.24119999408721923,98.9739990234375
2022-04-05,21.030000686645508,0.25559999942779543,99.4280014038086
2022-04-06,22.100000381469727,0.2608999967575073,99.61499786376953
2022-04-07,21.549999237060547,0.26519999504089353,99.76000213623047
2022-04-08,21.15999984741211,0.27130000591278075,99.75299835205078
2022-04-11,24.3700008392334,0.27799999713897705,99.92400360107422
2022-04-12,24.260000228881836,0.27249999046325685,100.29199981689453
2022-04-13,21.81999969482422,0.2687000036239624,99.91300201416016
2022-04-14,22.700000762939453,0.28280000686645507,100.32599639892578
2022-04-18,22.170000076293945,0.28619999885559083,100.76599884033203
2022-04-19,21.3700008392334,0.29130001068115235,100.96399688720703
2022-04-20,20.31999969482422,0.28399999141693116,100.41699981689453
2022-04-21,22.68000030517578,0.29170000553131104,100.61399841308594
2022-04-22,28.209999084472656,0.29059998989105223,101.21299743652344
2022-04-25,27.020000457763672,0.2825999975204468,101.76899719238281
2022-04-26,33.52000045776367,0.2772000074386597,102.31800079345703
2022-04-27,31.600000381469727,0.2818000078201294,102.96299743652344
2022-04-28,29.989999771118164,0.286299991607666,103.65899658203125
2022-04-29,33.400001525878906,0.288700008392334,102.96299743652344
2022-05-02,32.34000015258789,0.2996000051498413,103.76599884033203
2022-05-03,29.25,0.29600000381469727,103.49600219726562
2022-05-04,25.420000076293945,0.29170000553131104,102.59400177001953
2022-05-05,31.200000762939453,0.3065999984741211,103.802001953125
2022-05-06,30.190000534057617,0.3122999906539917,103.69400024414062
2022-05-09,34.75,0.30789999961853026,103.68900299072266
2022-05-10,32.9900016784668,0.2993000030517578,103.94300079345703
2022-05-11,32.560001373291016,0.2921000003814697,103.8740005493164
2022-05-12,31.770000457763672,0.28169999122619627,104.89700317382812
2022-05-13,28.8700008392334,0.2934999942779541,104.62100219726562
2022-05-16,27.469999313354492,0.2877000093460083,104.19999694824219
2022-05-17,26.100000381469727,0.2967999935150146,103.40699768066406
2022-05-18,30.959999084472656,0.2885999917984009,103.86199951171875
2022-05-19,29.350000381469727,0.28550000190734864,102.7509994506836
2022-05-20,29.43000030517578,0.27869999408721924,103.1729965209961
2022-05-23,28.479999542236328,0.2858999967575073,102.09700012207031
2022-05-24,29.450000762939453,0.27599999904632566,101.87000274658203
2022-05-25,28.3700008392334,0.2749000072479248,102.0770034790039
2022-05-26,27.5,0.275600004196167,101.85800170898438
2022-05-27,25.719999313354492,0.27430000305175783,101.697998046875
2022-05-31,26.190000534057617,0.2844000101089478,101.76599884033203
2022-06-01,25.690000534057617,0.2930999994277954,102.52899932861328
2022-06-02,24.719999313354492,0.29130001068115235,101.83200073242188
2022-06-03,24.790000915527344,0.29570000171661376,102.16000366210938
2022-06-06,25.06999969482422,0.30380001068115237,102.4469985961914
2022-06-07,24.020000457763672,0.29719998836517336,102.32499694824219
2022-06-08,23.959999084472656,0.30290000438690184,102.5459976196289
2022-06-09,26.09000015258789,0.30439999103546145,103.21800231933594
2022-06-10,27.75,0.31559998989105226,104.1510009765625
2022-06-13,34.02000045776367,0.3365999937057495,104.9469985961914
2022-06-14,32.689998626708984,0.34830000400543215,105.34200286865234
2022-06-15,29.6200008392334,0.33949999809265136,104.93499755859375
2022-06-16,32.95000076293945,0.3306999921798706,103.41699981689453
2022-06-17,31.1299991607666,0.32390000820159914,104.48799896240234
2022-06-21,30.190000534057617,0.3306999921798706,104.21099853515625
2022-06-22,28.950000762939453,0.31559998989105226,103.98100280761719
2022-06-23,29.049999237060547,0.3068000078201294,104.19200134277344
2022-06-24,27.229999542236328,0.3125,103.95899963378906
2022-06-27,26.950000762939453,0.3194000005722046,103.6780014038086
2022-06-28,28.360000610351562,0.32060000896453855,104.26100158691406
2022-06-29,28.15999984741211,0.30929999351501464,104.8489990234375
2022-06-30,28.709999084472656,0.29719998836517336,104.46399688720703
2022-07-01,26.700000762939453,0.28889999389648435,104.90899658203125
2022-07-05,27.540000915527344,0.2809000015258789,106.31999969482422
2022-07-06,26.729999542236328,0.29130001068115235,106.89800262451172
2022-07-07,26.079999923706055,0.3007999897003174,106.95899963378906
2022-07-08,24.639999389648438,0.31010000705718993,106.82099914550781
2022-07-11,26.170000076293945,0.2990999937057495,107.8290023803711
2022-07-12,27.290000915527344,0.295799994468689,107.91200256347656
2022-07-13,26.81999969482422,0.29040000438690183,107.75599670410156
2022-07-14,26.399999618530273,0.29600000381469727,108.40699768066406
2022-07-15,24.229999542236328,0.29300000667572024,107.91100311279297
2022-07-18,25.299999237060547,0.29600000381469727,107.23100280761719
2022-07-19,24.5,0.30190000534057615,106.55000305175781
2022-07-20,23.8799991607666,0.30360000133514403,106.9530029296875
2022-07-21,23.110000610351562,0.29100000858306885,106.80400085449219
2022-07-22,23.030000686645508,0.27829999923706056,106.62100219726562
2022-07-25,23.360000610351562,0.2819999933242798,106.3550033569336
2022-07-26,24.690000534057617,0.27869999408721924,107.04399871826172
2022-07-27,23.239999771118164,0.2733999967575073,106.33100128173828
2022-07-28,22.329999923706055,0.2680999994277954,106.23600006103516
2022-07-29,21.329999923706055,0.2641999959945679,105.77899932861328
2022-08-01,22.84000015258789,0.26059999465942385,105.33599853515625
2022-08-02,23.93000030517578,0.2740999937057495,106.10399627685547
2022-08-03,21.950000762939453,0.2747999906539917,106.37699890136719
2022-08-04,21.440000534057617,0.26760001182556153,105.56600189208984
2022-08-05,21.149999618530273,0.28399999141693116,106.48999786376953
2022-08-08,21.290000915527344,0.2765000104904175,106.322998046875
2022-08-09,21.770000457763672,0.27969999313354493,106.25199890136719
2022-08-10,19.739999771118164,0.27860000133514407,105.08000183105469
2022-08-11,20.200000762939453,0.2888000011444092,104.99400329589844
2022-08-12,19.530000686645508,0.28489999771118163,105.51000213623047
2022-08-15,19.950000762939453,0.2790999889373779,106.43299865722656
2022-08-16,19.690000534057617,0.28239998817443845,106.38800048828125
2022-08-17,19.899999618530273,0.2892999887466431,106.48600006103516
2022-08-18,19.559999465942383,0.2880000114440918,107.41500091552734
2022-08-19,20.600000381469727,0.2989000082015991,108.0979995727539
2022-08-22,23.799999237060547,0.30369999408721926,108.98100280761719
2022-08-23,24.110000610351562,0.3053999900817871,108.55400085449219
2022-08-24,22.81999969482422,0.31059999465942384,108.61599731445312
2022-08-25,21.780000686645508,0.30260000228881834,108.43299865722656
2022-08-26,25.559999465942383,0.30350000858306886,108.7509994506836
2022-08-29,26.209999084472656,0.3109999895095825,108.79000091552734
2022-08-30,26.209999084472656,0.3109999895095825,108.7490005493164
2022-08-31,25.8700008392334,0.31329998970031736,108.66500091552734
2022-09-01,25.559999465942383,0.3265000104904175,109.6780014038086
2022-09-02,25.469999313354492,0.3193000078201294,109.51000213623047
2022-09-06,26.90999984741211,0.33399999141693115,110.2040023803711
2022-09-07,24.639999389648438,0.3265000104904175,109.83200073242188
2022-09-08,23.610000610351562,0.329200005531311,109.71299743652344
2022-09-09,22.790000915527344,0.33210000991821287,108.99700164794922
2022-09-12,23.8700008392334,0.3361999988555908,108.31600189208984
2022-09-13,27.270000457763672,0.34219999313354493,109.80899810791016
2022-09-14,26.15999984741211,0.34119999408721924,109.63099670410156
2022-09-15,26.270000457763672,0.3459000110626221,109.71099853515625
2022-09-16,26.299999237060547,0.3447999954223633,109.73600006103516
2022-09-19,25.760000228881836,0.34900000095367434,109.98200225830078
2022-09-20,27.15999984741211,0.3571000099182129,109.94200134277344
2022-09-21,27.989999771118164,0.3509999990463257,110.34600067138672
2022-09-22,27.350000381469727,0.37079999446868894,111.1050033569336
2022-09-23,29.920000076293945,0.3697000026702881,112.96199798583984
2022-09-26,32.2599983215332,0.3878000020980835,114.0199966430664
2022-09-27,32.599998474121094,0.396399998664856,114.0469970703125
2022-09-28,30.18000030517578,0.3704999923706055,112.50800323486328
2022-09-29,31.84000015258789,0.3746999979019165,112.2020034790039
2022-09-30,31.6200008392334,0.3803999900817871,112.08399963378906
2022-10-03,30.100000381469727,0.36510000228881834,111.65599822998047
2022-10-04,29.06999969482422,0.36170001029968263,109.98100280761719
2022-10-05,28.549999237060547,0.37590000629425047,111.01100158691406
2022-10-06,30.520000457763672,0.38259999752044677,112.18299865722656
2022-10-07,31.360000610351562,0.38829998970031737,112.68299865722656
2022-10-10,32.45000076293945,0.38880000114440916,113.07099914550781
2022-10-11,33.630001068115234,0.3938999891281128,113.12799835205078
2022-10-12,33.56999969482422,0.39019999504089353,113.2239990234375
2022-10-13,31.940000534057617,0.39519999027252195,112.25299835205078
2022-10-14,32.02000045776367,0.4010000228881836,113.2020034790039
2022-10-17,31.3700008392334,0.40149998664855957,111.90799713134766
2022-10-18,30.5,0.3997999906539917,111.99400329589844
2022-10-19,30.760000228881836,0.4126999855041504,112.87899780273438
2022-10-20,29.979999542236328,0.42259998321533204,112.81800079345703
2022-10-21,29.690000534057617,0.42129998207092284,111.9800033569336
2022-10-24,29.850000381469727,0.4234000205993652,111.90899658203125
2022-10-25,28.459999084472656,0.4107999801635742,110.83000183105469
2022-10-26,27.280000686645508,0.40149998664855957,109.552001953125
2022-10-27,27.389999389648438,0.3937000036239624,110.4530029296875
2022-10-28,25.75,0.4010000228881836,110.60600280761719
2022-10-31,25.8799991607666,0.4077000141143799,111.41999816894531
2022-11-01,25.809999465942383,0.4052000045776367,111.35900115966797
2022-11-02,25.860000610351562,0.4059000015258789,111.22599792480469
2022-11-03,25.299999237060547,0.4124000072479248,112.80400085449219
2022-11-04,24.549999237060547,0.41560001373291017,110.77400207519531
2022-11-07,24.350000381469727,0.4214000225067139,109.99299621582031
2022-11-08,25.540000915527344,0.4125999927520752,109.54199981689453
2022-11-09,26.09000015258789,0.4151000022888184,110.45999908447266
2022-11-10,23.530000686645508,0.3828999996185303,108.09200286865234
2022-11-11,22.520000457763672,0.3812999963760376,106.16400146484375
2022-11-14,23.729999542236328,0.3865000009536743,106.53099822998047
2022-11-15,24.540000915527344,0.37990000247955324,106.29499816894531
2022-11-16,24.110000610351562,0.3691999912261963,106.1520004272461
2022-11-17,23.93000030517578,0.3775000095367432,106.59200286865234
2022-11-18,23.1200008392334,0.3818000078201294,106.82599639892578
2022-11-21,22.360000610351562,0.3825000047683716,107.73200225830078
2022-11-22,21.290000915527344,0.37579998970031736,107.11499786376953
2022-11-23,20.350000381469727,0.3706000089645386,105.96700286865234
2022-11-25,20.5,0.3690999984741211,105.91699981689453
2022-11-28,22.209999084472656,0.3703000068664551,106.63200378417969
2022-11-29,21.889999389648438,0.3747999906539917,106.76799774169922
2022-11-30,20.579999923706055,0.3703000068664551,105.89700317382812
2022-12-01,19.84000015258789,0.35290000438690183,104.68900299072266
2022-12-02,19.059999465942383,0.350600004196167,104.5
2022-12-05,20.75,0.35989999771118164,105.23899841308594
2022-12-06,22.170000076293945,0.3513000011444092,105.54199981689453
2022-12-07,22.68000030517578,0.34079999923706056,105.05599975585938
2022-12-08,22.290000915527344,0.3490999937057495,104.75599670410156
2022-12-09,22.829999923706055,0.3566999912261963,104.79900360107422
2022-12-12,25.0,0.3611000061035156,105.10399627685547
2022-12-13,22.549999237060547,0.3500999927520752,103.94300079345703
2022-12-14,21.139999389648438,0.3503000020980835,103.73899841308594
2022-12-15,22.829999923706055,0.34500000476837156,104.53199768066406
2022-12-16,22.6200008392334,0.3482000112533569,104.66100311279297
2022-12-19,22.420000076293945,0.3581000089645386,104.59500122070312
2022-12-20,21.479999542236328,0.36840000152587893,103.60600280761719
2022-12-21,20.06999969482422,0.36840000152587893,103.84700012207031
2022-12-22,21.969999313354492,0.36689999103546145,104.12699890136719
2022-12-23,20.8700008392334,0.3750999927520752,104.01000213623047
2022-12-27,21.649999618530273,0.38599998950958253,103.89299774169922
2022-12-28,22.139999389648438,0.388700008392334,104.18199920654297
2022-12-29,21.440000534057617,0.3835000038146973,103.58599853515625
2022-12-30,21.670000076293945,0.3878999948501587,103.26899719238281
2023-01-03,22.899999618530273,0.37929999828338623,104.31199645996094
2023-01-04,22.010000228881836,0.37090001106262205,104.02100372314453
2023-01-05,22.459999084472656,0.37200000286102297,104.8280029296875
2023-01-06,21.1299991607666,0.3569000005722046,103.64600372314453
2023-01-09,21.969999313354492,0.35169999599456786,102.74299621582031
2023-01-10,20.579999923706055,0.3621000051498413,102.9800033569336
2023-01-11,21.09000015258789,0.35539999008178713,102.9280014038086
2023-01-12,18.829999923706055,0.34489998817443845,101.99500274658203
2023-01-13,18.350000381469727,0.3510999917984009,101.94599914550781
2023-01-17,19.360000610351562,0.35350000858306885,102.14099884033203
2023-01-18,20.34000015258789,0.3375,102.10700225830078
2023-01-19,20.520000457763672,0.3397000074386597,101.83100128173828
2023-01-20,19.850000381469727,0.3483999967575073,101.78099822998047
2023-01-23,19.809999465942383,0.35250000953674315,101.91600036621094
2023-01-24,19.200000762939453,0.3469000101089478,101.67500305175781
2023-01-25,19.079999923706055,0.34619998931884766,101.41600036621094
2023-01-26,18.729999542236328,0.3493000030517578,101.63800048828125
2023-01-27,18.510000228881836,0.3517999887466431,101.72100067138672
2023-01-30,19.940000534057617,0.3551000118255615,102.08599853515625
2023-01-31,19.399999618530273,0.35290000438690183,101.91500091552734
2023-02-01,17.8700008392334,0.3397000074386597,101.02799987792969
2023-02-02,18.729999542236328,0.3395999908447266,101.57499694824219
2023-02-03,18.329999923706055,0.35320000648498534,102.75499725341797
2023-02-06,19.43000030517578,0.3634000062942505,103.49800109863281
2023-02-07,18.65999984741211,0.36740000247955323,103.2979965209961
2023-02-08,19.6299991607666,0.36530001163482667,103.27200317382812
2023-02-09,20.709999084472656,0.3683000087738037,103.10600280761719
2023-02-10,20.530000686645508,0.374399995803833,103.53500366210938
2023-02-13,20.34000015258789,0.37170000076293946,103.24800109863281
2023-02-14,18.90999984741211,0.37609999179840087,103.12300109863281
2023-02-15,18.229999542236328,0.3809000015258789,103.83899688720703
2023-02-16,20.170000076293945,0.38429999351501465,103.79100036621094
2023-02-17,20.020000457763672,0.3828000068664551,103.77999877929688
2023-02-21,22.8700008392334,0.39549999237060546,104.11199951171875
2023-02-22,22.290000915527344,0.392300009727478,104.52300262451172
2023-02-23,21.139999389648438,0.3878999948501587,104.53900146484375
2023-02-24,21.670000076293945,0.3948999881744385,105.15799713134766
2023-02-27,20.950000762939453,0.3921999931335449,104.6240005493164
2023-02-28,20.700000762939453,0.3915999889373779,104.82499694824219
2023-03-01,20.579999923706055,0.399399995803833,104.43199920654297
2023-03-02,19.59000015258789,0.4072999954223633,104.99500274658203
2023-03-03,18.489999771118164,0.396399998664856,104.48799896240234
2023-03-06,18.610000610351562,0.39830000400543214,104.32499694824219
2023-03-07,19.59000015258789,0.39749999046325685,105.59200286865234
2023-03-08,19.110000610351562,0.39760000705718995,105.63400268554688
2023-03-09,22.610000610351562,0.39249999523162843,105.30500030517578
2023-03-10,24.799999237060547,0.3694999933242798,104.552001953125
2023-03-13,26.520000457763672,0.35150001049041746,103.71299743652344
2023-03-14,23.729999542236328,0.3638000011444092,103.21499633789062
2023-03-15,26.139999389648438,0.3492000102996826,104.2760009765625
2023-03-16,22.989999771118164,0.35850000381469727,104.09200286865234
2023-03-17,25.510000228881836,0.33949999809265136,103.36000061035156
2023-03-20,24.149999618530273,0.3480999946594238,102.93299865722656
2023-03-21,21.3799991607666,0.36059999465942383,102.89700317382812
2023-03-22,22.260000228881836,0.35,101.97200012207031
2023-03-23,22.610000610351562,0.3405999898910522,102.20700073242188
2023-03-24,21.739999771118164,0.3380000114440918,102.76399993896484
2023-03-27,20.600000381469727,0.35280001163482666,102.51799774169922
2023-03-28,19.969999313354492,0.35639998912811277,102.10600280761719
2023-03-29,19.1200008392334,0.3565999984741211,102.2979965209961
2023-03-30,19.020000457763672,0.3551000118255615,101.82099914550781
2023-03-31,18.700000762939453,0.349399995803833,102.18599700927734
2023-04-03,18.549999237060547,0.3430000066757202,101.78700256347656
2023-04-04,19.0,0.33369998931884765,101.26699829101562
2023-04-05,19.079999923706055,0.3286999940872192,101.54499816894531
2023-04-06,18.399999618530273,0.32880001068115233,101.51899719238281
2023-04-10,18.969999313354492,0.34149999618530275,101.7300033569336
2023-04-11,19.100000381469727,0.3434000015258789,101.88400268554688
2023-04-12,19.09000015258789,0.3421000003814697,101.1709976196289
2023-04-13,17.799999237060547,0.34519999027252196,100.69999694824219
2023-04-14,17.06999969482422,0.35220000743865965,101.24500274658203
2023-04-17,16.950000762939453,0.3591000080108643,101.7959976196289
2023-04-18,16.829999923706055,0.35720000267028806,101.447998046875
2023-04-19,16.459999084472656,0.36019999980926515,101.66799926757812
2023-04-20,17.170000076293945,0.35450000762939454,101.56600189208984
2023-04-21,16.770000457763672,0.3569999933242798,101.552001953125
2023-04-24,16.889999389648438,0.35150001049041746,101.072998046875
2023-04-25,18.760000228881836,0.3395999908447266,101.59200286865234
2023-04-26,18.84000015258789,0.3431999921798706,101.20500183105469
2023-04-27,17.030000686645508,0.35280001163482666,101.25199890136719
2023-04-28,15.779999732971191,0.34519999027252196,101.40299987792969
2023-05-01,16.079999923706055,0.35739998817443847,101.91999816894531
2023-05-02,17.780000686645508,0.3438999891281128,101.7249984741211
2023-05-03,18.34000015258789,0.34030001163482665,101.11499786376953
2023-05-04,20.09000015258789,0.33510000705718995,101.18399810791016
2023-05-05,17.190000534057617,0.3446000099182129,100.9990005493164
2023-05-08,16.979999542236328,0.35209999084472654,101.15499877929688
2023-05-09,17.709999084472656,0.35209999084472654,101.39900207519531
2023-05-10,16.940000534057617,0.3438999891281128,101.26899719238281
2023-05-11,16.93000030517578,0.3397000074386597,101.87300109863281
2023-05-12,17.030000686645508,0.34630000591278076,102.50900268554688
2023-05-15,17.1200008392334,0.3507999897003174,102.27100372314453
2023-05-16,17.989999771118164,0.3549000024795532,102.40399932861328
2023-05-17,16.8700008392334,0.3581000089645386,102.72599792480469
2023-05-18,16.049999237060547,0.3648000001907349,103.45500183105469
2023-05-19,16.809999465942383,0.3691999912261963,103.0790023803711
2023-05-22,17.209999084472656,0.37190001010894774,103.0790023803711
2023-05-23,18.530000686645508,0.3697999954223633,103.38500213623047
2023-05-24,20.030000686645508,0.37190001010894774,103.79900360107422
2023-05-25,19.139999389648438,0.3813999891281128,104.17500305175781
2023-05-26,17.950000762939453,0.3809999942779541,104.13600158691406
2023-05-30,17.459999084472656,0.3700000047683716,104.0780029296875
2023-05-31,17.940000534057617,0.36370000839233396,104.24500274658203
2023-06-01,15.649999618530273,0.3608000040054321,103.50199890136719
2023-06-02,14.600000381469727,0.3690999984741211,103.9520034790039
2023-06-05,14.729999542236328,0.3693000078201294,103.93599700927734
2023-06-06,13.960000038146973,0.3698999881744385,104.0739974975586
2023-06-07,13.9399995803833,0.37839999198913576,104.05500030517578
2023-06-08,13.649999618530273,0.37139999866485596,103.31600189208984
2023-06-09,13.829999923706055,0.3744999885559082,103.53299713134766
2023-06-12,15.010000228881836,0.3765000104904175,103.63099670410156
2023-06-13,14.609999656677246,0.38389999866485597,103.31800079345703
2023-06-14,13.880000114440918,0.37960000038146974,102.91600036621094
2023-06-15,14.5,0.37279999256134033,102.10800170898438
2023-06-16,13.539999961853027,0.37690000534057616,102.25800323486328
2023-06-20,13.880000114440918,0.37290000915527344,102.125
2023-06-21,13.199999809265137,0.3723000049591064,101.6760025024414
2023-06-22,12.90999984741211,0.37990000247955324,101.99400329589844
2023-06-23,13.4399995803833,0.37390000820159913,102.54199981689453
2023-06-26,14.25,0.37190001010894774,102.33399963378906
2023-06-27,13.739999771118164,0.37679998874664306,102.12699890136719
2023-06-28,13.430000305175781,0.3710000038146973,102.5479965209961
2023-06-29,13.539999961853027,0.38540000915527345,103.00800323486328
2023-06-30,13.59000015258789,0.3819000005722046,102.58699798583984
2023-07-03,13.569999694824219,0.38580000400543213,102.65399932861328
2023-07-05,14.180000305175781,0.39449999332427976,103.03500366210938
2023-07-06,15.4399995803833,0.4040999889373779,102.86699676513672
2023-07-07,14.829999923706055,0.4050000190734863,101.94999694824219
2023-07-10,15.069999694824219,0.400600004196167,101.64199829101562
2023-07-11,14.84000015258789,0.39800000190734863,101.40299987792969
2023-07-12,13.539999961853027,0.38610000610351564,100.19300079345703
2023-07-13,13.609999656677246,0.37609999179840087,99.45600128173828
2023-07-14,13.34000015258789,0.3819000005722046,99.6050033569336
2023-07-17,13.479999542236328,0.3796999931335449,99.52899932861328
2023-07-18,13.300000190734863,0.37890000343322755,99.625
2023-07-19,13.760000228881836,0.37420001029968264,99.98799896240234
2023-07-20,13.989999771118164,0.38540000915527345,100.59700012207031
2023-07-21,13.600000381469727,0.38369998931884763,100.7979965209961
2023-07-24,13.90999984741211,0.38570001125335696,101.08300018310547
2023-07-25,13.859999656677246,0.3911999940872192,101.09600067138672
2023-07-26,13.1899995803833,0.38510000705718994,100.63600158691406
2023-07-27,14.40999984741211,0.401200008392334,101.54399871826172
2023-07-28,13.329999923706055,0.39690001010894777,101.39900207519531
2023-07-31,13.630000114440918,0.39590001106262207,101.6259994506836
2023-08-01,13.930000305175781,0.40510001182556155,102.08499908447266
2023-08-02,16.09000015258789,0.40780000686645507,102.38899993896484
2023-08-03,15.920000076293945,0.4189000129699707,102.3499984741211
2023-08-04,17.100000381469727,0.4059999942779541,101.83599853515625
2023-08-07,15.770000457763672,0.40780000686645507,101.86100006103516
2023-08-08,15.989999771118164,0.40260000228881837,102.33999633789062
2023-08-09,15.960000038146973,0.401200008392334,102.31199645996094
2023-08-10,15.850000381469727,0.40799999237060547,102.36699676513672
2023-08-11,14.84000015258789,0.41680002212524414,102.68900299072266
2023-08-14,14.819999694824219,0.4184000015258789,103.05799865722656
2023-08-15,16.459999084472656,0.42210001945495607,103.09500122070312
2023-08-16,16.780000686645508,0.4257999897003174,103.31900024414062
2023-08-17,17.889999389648438,0.4308000087738037,103.47000122070312
2023-08-18,17.299999237060547,0.4250999927520752,103.2760009765625
2023-08-21,17.1299991607666,0.43420000076293946,103.20600128173828
2023-08-22,16.969999313354492,0.4328000068664551,103.4729995727539
2023-08-23,15.979999542236328,0.4197999954223633,103.33300018310547
2023-08-24,17.200000762939453,0.42350001335144044,103.91899871826172
2023-08-25,15.680000305175781,0.4238999843597412,104.01300048828125
2023-08-28,15.079999923706055,0.42119998931884767,103.99199676513672
2023-08-29,14.449999809265137,0.4122000217437744,103.47100067138672
2023-08-30,13.880000114440918,0.4118000030517578,103.09300231933594
2023-08-31,13.569999694824219,0.40929999351501467,103.58699798583984
2023-09-01,13.09000015258789,0.4172999858856201,104.19100189208984
2023-09-05,14.010000228881836,0.426800012588501,104.76300048828125
2023-09-06,14.449999809265137,0.4289999961853027,104.82099914550781
2023-09-07,14.399999618530273,0.4260000228881836,105.02799987792969
2023-09-08,13.84000015258789,0.4257999897003174,105.06600189208984
2023-09-11,13.800000190734863,0.42880001068115237,104.53900146484375
2023-09-12,14.229999542236328,0.42639999389648436,104.69000244140625
2023-09-13,13.479999542236328,0.4249000072479248,104.7490005493164
2023-09-14,12.819999694824219,0.42880001068115237,105.3949966430664
2023-09-15,13.789999961853027,0.4322000026702881,105.32499694824219
2023-09-18,14.0,0.4318999767303467,105.29199981689453
2023-09-19,14.109999656677246,0.43649997711181643,104.83200073242188
2023-09-20,15.140000343322754,0.43489999771118165,104.78800201416016
2023-09-21,17.540000915527344,0.4480000019073486,105.04399871826172
2023-09-22,17.200000762939453,0.4438000202178955,105.26000213623047
2023-09-25,16.899999618530273,0.45419998168945314,105.69000244140625
2023-09-26,18.940000534057617,0.4558000087738037,105.93000030517578
2023-09-27,18.219999313354492,0.4625999927520752,106.36599731445312
2023-09-28,17.34000015258789,0.45970001220703127,105.93299865722656
2023-09-29,17.520000457763672,0.45729999542236327,105.81500244140625
2023-10-02,17.610000610351562,0.46830000877380373,106.60600280761719
2023-10-03,19.780000686645508,0.48020000457763673,106.71900177001953
2023-10-04,18.579999923706055,0.47350001335144043,106.52999877929688
2023-10-05,18.489999771118164,0.47170000076293944,106.06500244140625
2023-10-06,17.450000762939453,0.47839999198913574,105.78399658203125
2023-10-09,17.700000762939453,0.47969999313354494,105.81099700927734
2023-10-10,17.030000686645508,0.465500020980835,105.55699920654297
2023-10-11,16.09000015258789,0.45949997901916506,105.56900024414062
2023-10-12,16.690000534057617,0.47119998931884766,106.36699676513672
2023-10-13,19.31999969482422,0.4629000186920166,106.43399810791016
2023-10-16,17.209999084472656,0.47119998931884766,106.03399658203125
2023-10-17,17.8799991607666,0.48470001220703124,106.0459976196289
2023-10-18,19.219999313354492,0.49039998054504397,106.35399627685547
2023-10-19,21.399999618530273,0.498799991607666,106.0459976196289
2023-10-20,21.709999084472656,0.4923999786376953,105.98799896240234
2023-10-23,20.3700008392334,0.48379998207092284,105.33399963378906
2023-10-24,18.969999313354492,0.48400001525878905,106.08000183105469
2023-10-25,20.190000534057617,0.4953000068664551,106.35199737548828
2023-10-26,20.68000030517578,0.48449997901916503,106.4219970703125
2023-10-27,21.270000457763672,0.48449997901916503,106.37999725341797
2023-10-30,19.75,0.4875,105.93399810791016
2023-10-31,18.139999389648438,0.4875,106.49400329589844
2023-11-01,16.8700008392334,0.47890000343322753,106.71499633789062
2023-11-02,15.65999984741211,0.46690001487731936,105.97699737548828
2023-11-03,14.90999984741211,0.4558000087738037,104.85900115966797
2023-11-06,14.890000343322754,0.46620001792907717,105.0459976196289
2023-11-07,14.8100004196167,0.45710000991821287,105.37300109863281
2023-11-08,14.449999809265137,0.452299976348877,105.447998046875
2023-11-09,15.289999961853027,0.4630000114440918,105.77999877929688
2023-11-10,14.170000076293945,0.4627999782562256,105.7249984741211
2023-11-13,14.760000228881836,0.4631999969482422,105.50299835205078
2023-11-14,14.15999984741211,0.44409999847412107,103.90699768066406
2023-11-15,14.180000305175781,0.45349998474121095,104.26499938964844
2023-11-16,14.319999694824219,0.4445000171661377,104.23300170898438
2023-11-17,13.800000190734863,0.44409999847412107,103.79499816894531
2023-11-20,13.40999984741211,0.4421999931335449,103.31700134277344
2023-11-21,13.350000381469727,0.44180002212524416,103.4489974975586
2023-11-22,12.850000381469727,0.44159998893737795,103.82499694824219
2023-11-23,,,103.82499694824219
2023-11-24,12.460000038146973,0.44720001220703126,103.30400085449219
2023-11-27,12.6899995803833,0.4388999938964844,103.1050033569336
2023-11-28,12.6899995803833,0.43359999656677245,102.64900207519531
2023-11-29,12.979999542236328,0.42709999084472655,102.6760025024414
2023-11-30,12.920000076293945,0.43520002365112304,103.4280014038086
2023-12-01,12.630000114440918,0.42259998321533204,103.19999694824219
2023-12-04,13.079999923706055,0.42880001068115237,103.64700317382812
2023-12-05,12.850000381469727,0.4171000003814697,103.99500274658203
2023-12-06,12.970000267028809,0.4120999813079834,104.10800170898438
2023-12-07,13.0600004196167,0.4129000186920166,103.50399780273438
2023-12-08,12.350000381469727,0.4244999885559082,103.98300170898438
2023-12-11,12.630000114440918,0.4238999843597412,104.06400299072266
2023-12-12,12.069999694824219,0.42059998512268065,103.83899688720703
2023-12-13,12.1899995803833,0.40329999923706056,102.8479995727539
2023-12-14,12.479999542236328,0.3930000066757202,101.94000244140625
2023-12-15,12.279999732971191,0.39279999732971194,102.5479965209961
2023-12-18,12.5600004196167,0.3953999996185303,102.53600311279297
2023-12-19,12.529999732971191,0.3921999931335449,101.7959976196289
2023-12-20,13.670000076293945,0.3877000093460083,102.04000091552734
2023-12-21,13.649999618530273,0.38940000534057617,101.47799682617188
2023-12-22,13.029999732971191,0.39010000228881836,101.33799743652344
2023-12-26,12.989999771118164,0.3885999917984009,101.10399627685547
2023-12-27,12.430000305175781,0.37890000343322755,100.65399932861328
2023-12-28,12.470000267028809,0.38499999046325684,100.91300201416016
2023-12-29,12.449999809265137,0.3865999937057495,101.02899932861328
2024-01-02,13.199999809265137,0.39460000991821287,101.89099884033203
2024-01-03,14.039999961853027,0.3907000064849854,102.19499969482422
2024-01-04,14.130000114440918,0.3990999937057495,102.13500213623047
2024-01-05,13.350000381469727,0.40419998168945315,102.12899780273438
2024-01-08,13.079999923706055,0.40019998550415037,101.9280014038086
2024-01-09,12.760000228881836,0.4019000053405762,102.28399658203125
2024-01-10,12.6899995803833,0.403000020980835,102.08000183105469
2024-01-11,12.4399995803833,0.3976999998092651,102.02400207519531
2024-01-12,12.699999809265137,0.3950000047683716,102.1510009765625
2024-01-16,13.84000015258789,0.4065999984741211,103.11199951171875
2024-01-17,14.789999961853027,0.4105999946594238,103.20600128173828
2024-01-18,14.130000114440918,0.4144000053405762,103.31199645996094
2024-01-19,13.300000190734863,0.41459999084472654,103.06900024414062
2024-01-22,13.1899995803833,0.40939998626708984,103.11799621582031
2024-01-23,12.550000190734863,0.4142000198364258,103.4020004272461
2024-01-24,13.140000343322754,0.4177999973297119,103.03900146484375
2024-01-25,13.449999809265137,0.41319999694824217,103.37000274658203
2024-01-26,13.260000228881836,0.4159999847412109,103.23400115966797
2024-01-29,13.600000381469727,0.40910000801086427,103.4209976196289
2024-01-30,13.3100004196167,0.4059000015258789,103.21499633789062
2024-01-31,14.350000381469727,0.39670000076293943,103.08899688720703
2024-02-01,13.880000114440918,0.38629999160766604,102.87200164794922
2024-02-02,13.850000381469727,0.40329999923706056,103.78099822998047
2024-02-05,13.670000076293945,0.41640000343322753,104.31900024414062
2024-02-06,13.0600004196167,0.40900001525878904,104.06800079345703
2024-02-07,12.829999923706055,0.41100001335144043,103.91699981689453
2024-02-08,12.789999961853027,0.41700000762939454,104.03700256347656
2024-02-09,12.930000305175781,0.4186999797821045,103.99299621582031
2024-02-12,13.930000305175781,0.41719999313354494,104.0469970703125
2024-02-13,15.850000381469727,0.4315999984741211,104.8499984741211
2024-02-14,14.380000114440918,0.4267000198364258,104.61199951171875
2024-02-15,14.010000228881836,0.4239999771118164,104.19999694824219
2024-02-16,14.239999771118164,0.42950000762939455,104.18199920654297
2024-02-20,15.420000076293945,0.42750000953674316,103.97799682617188
2024-02-21,15.34000015258789,0.43249998092651365,103.91200256347656
2024-02-22,14.539999961853027,0.43270001411437986,103.875
2024-02-23,13.75,0.4260000228881836,103.85900115966797
2024-02-26,13.739999771118164,0.4298999786376953,103.7509994506836
2024-02-27,13.430000305175781,0.4315000057220459,103.75900268554688
2024-02-28,13.84000015258789,0.427400016784668,103.90399932861328
2024-02-29,13.399999618530273,0.4251999855041504,104.0979995727539
2024-03-01,13.109999656677246,0.4179999828338623,103.79900360107422
2024-03-04,13.489999771118164,0.42189998626708985,103.77799987792969
2024-03-05,14.460000038146973,0.413700008392334,103.75299835205078
2024-03-06,14.5,0.4104000091552734,103.32099914550781
2024-03-07,14.4399995803833,0.40920000076293944,102.77200317382812
2024-03-08,14.739999771118164,0.40890002250671387,102.68800354003906
2024-03-11,15.220000267028809,0.4104000091552734,102.85199737548828
2024-03-12,13.84000015258789,0.41550002098083494,102.93399810791016
2024-03-13,13.75,0.4191999912261963,102.76599884033203
2024-03-14,14.399999618530273,0.42979998588562013,103.34200286865234
2024-03-15,14.40999984741211,0.4303999900817871,103.41400146484375
2024-03-18,14.329999923706055,0.43400001525878906,103.46099853515625
2024-03-19,13.819999694824219,0.4296999931335449,103.48400115966797
2024-03-20,13.039999961853027,0.42729997634887695,103.0459976196289
2024-03-21,12.920000076293945,0.42709999084472655,103.66600036621094
2024-03-22,13.0600004196167,0.4217999935150146,104.177001953125
2024-03-25,13.1899995803833,0.42529997825622556,103.93399810791016
2024-03-26,13.239999771118164,0.4234000205993652,103.99099731445312
2024-03-27,12.779999732971191,0.4196000099182129,104.06400299072266
2024-03-28,13.010000228881836,0.42059998512268065,104.26899719238281
2024-04-01,13.649999618530273,0.43289999961853026,104.76399993896484
2024-04-02,14.609999656677246,0.43649997711181643,104.56199645996094
2024-04-03,14.329999923706055,0.4355000019073486,103.99700164794922
2024-04-04,16.350000381469727,0.43090000152587893,103.89099884033203
2024-04-05,16.030000686645508,0.4377999782562256,104.07099914550781
2024-04-08,15.1899995803833,0.4423999786376953,103.9020004272461
2024-04-09,14.979999542236328,0.4366000175476074,103.9219970703125
2024-04-10,15.800000190734863,0.4559999942779541,105.03099822998047
2024-04-11,14.90999984741211,0.4576000213623047,105.06400299072266
2024-04-12,17.309999465942383,0.4499000072479248,105.83200073242188
2024-04-15,19.229999542236328,0.4627999782562256,105.99800109863281
2024-04-16,18.399999618530273,0.46589999198913573,106.06500244140625
2024-04-17,18.209999084472656,0.45850000381469724,105.76399993896484
2024-04-18,18.0,0.46469998359680176,105.98200225830078
2024-04-19,18.709999084472656,0.4614999771118164,105.98400115966797
2024-04-22,16.940000534057617,0.4623000144958496,105.91300201416016
2024-04-23,15.6899995803833,0.45980000495910645,105.50499725341797
2024-04-24,15.970000267028809,0.46519999504089354,105.69999694824219
2024-04-25,15.369999885559082,0.47059998512268064,105.45099639892578
2024-04-26,15.029999732971191,0.46690001487731936,105.80400085449219
2024-04-29,14.670000076293945,0.4613999843597412,105.447998046875
2024-04-30,15.649999618530273,0.4685999870300293,106.0999984741211
2024-05-01,15.390000343322754,0.45949997901916506,105.62799835205078
2024-05-02,14.680000305175781,0.45710000991821287,105.1780014038086
2024-05-03,13.489999771118164,0.45,104.91799926757812
2024-05-06,13.489999771118164,0.4488999843597412,104.91899871826172
2024-05-07,13.229999542236328,0.44629998207092286,105.30000305175781
2024-05-08,13.0,0.4492000102996826,105.4260025024414
2024-05-09,12.6899995803833,0.4448999881744385,105.10399627685547
2024-05-10,12.550000190734863,0.4504000186920166,105.17500305175781
2024-05-13,13.600000381469727,0.44809999465942385,105.10299682617188
2024-05-14,13.420000076293945,0.4445000171661377,104.89199829101562
2024-05-15,12.449999809265137,0.43559999465942384,104.21199798583984
2024-05-16,12.420000076293945,0.4376999855041504,104.34500122070312
2024-05-17,11.989999771118164,0.4420000076293945,104.33000183105469
2024-05-20,12.149999618530273,0.4436999797821045,104.45999908447266
2024-05-21,11.859999656677246,0.44140000343322755,104.55599975585938
2024-05-22,12.289999961853027,0.4434000015258789,104.83599853515625
2024-05-23,12.770000457763672,0.44749999046325684,105.03600311279297
2024-05-24,11.930000305175781,0.4467000007629395,104.63800048828125
2024-05-28,12.920000076293945,0.45419998168945314,104.53900146484375
2024-05-29,14.279999732971191,0.4624000072479248,105.03399658203125
2024-05-30,14.470000267028809,0.4553999900817871,104.65799713134766
2024-05-31,12.920000076293945,0.4513999938964844,104.62699890136719
2024-06-03,13.109999656677246,0.4401999950408936,104.0780029296875
2024-06-04,13.15999984741211,0.43359999656677245,104.0510025024414
2024-06-05,12.630000114440918,0.42890000343322754,104.22100067138672
2024-06-06,12.579999923706055,0.4281000137329102,104.05699920654297
2024-06-07,12.220000267028809,0.4429999828338623,104.8550033569336
2024-06-10,12.739999771118164,0.4468999862670898,105.11199951171875
2024-06-11,12.850000381469727,0.4403999805450439,105.1989974975586
2024-06-12,12.039999961853027,0.42950000762939455,104.61499786376953
2024-06-13,11.9399995803833,0.423799991607666,105.18699645996094
2024-06-14,12.65999984741211,0.42129998207092284,105.54499816894531
2024-06-17,12.75,0.42789998054504397,105.56400299072266
2024-06-18,12.300000190734863,0.42170000076293945,104.8759994506836
2024-06-20,13.279999732971191,0.4254000186920166,105.22699737548828
2024-06-21,13.199999809265137,0.4256999969482422,105.44300079345703
2024-06-24,13.329999923706055,0.4248000144958496,105.12100219726562
2024-06-25,12.84000015258789,0.423799991607666,105.25900268554688
2024-06-26,12.550000190734863,0.4315999984741211,105.71399688720703
2024-06-27,12.239999771118164,0.42880001068115237,105.57099914550781
2024-06-28,12.4399995803833,0.43429999351501464,105.54499816894531
2024-07-01,12.220000267028809,0.44790000915527345,105.58699798583984
2024-07-02,12.029999732971191,0.4435999870300293,105.40699768066406
2024-07-03,12.09000015258789,0.4355000019073486,105.0770034790039
2024-07-05,12.479999542236328,0.4271999835968018,104.5479965209961
2024-07-08,12.369999885559082,0.42690000534057615,104.66799926757812
2024-07-09,12.510000228881836,0.43000001907348634,104.80699920654297
2024-07-10,12.850000381469727,0.42800002098083495,104.72899627685547
2024-07-11,12.920000076293945,0.4192999839782715,104.13099670410156
2024-07-12,12.460000038146973,0.4189000129699707,103.78299713134766
2024-07-15,13.119999885559082,0.4229000091552734,103.88200378417969
2024-07-16,13.1899995803833,0.4166999816894531,103.95899963378906
2024-07-17,14.479999542236328,0.41459999084472654,103.44300079345703
2024-07-18,15.930000305175781,0.4189000129699707,103.88500213623047
2024-07-19,16.520000457763672,0.4238999843597412,104.11199951171875
2024-07-22,14.90999984741211,0.4260000228881836,104.03700256347656
2024-07-23,14.720000267028809,0.4238999843597412,104.17500305175781
2024-07-24,18.040000915527344,0.42859997749328616,104.12200164794922
2024-07-25,18.459999084472656,0.425600004196167,104.10800170898438
2024-07-26,16.389999389648438,0.4199999809265137,104.05899810791016
2024-07-29,16.600000381469727,0.4177999973297119,104.31400299072266
2024-07-30,17.690000534057617,0.41430001258850097,104.31900024414062
2024-07-31,16.360000610351562,0.41090002059936526,103.85900115966797
2024-08-01,18.59000015258789,0.39760000705718995,104.20500183105469
2024-08-02,23.389999389648438,0.37920000553131106,102.98799896240234
2024-08-05,38.56999969482422,0.37850000858306887,102.48300170898438
2024-08-06,27.709999084472656,0.38880000114440916,102.75800323486328
2024-08-07,27.850000381469727,0.39679999351501466,102.99800109863281
2024-08-08,23.790000915527344,0.3996999979019165,103.02200317382812
2024-08-09,20.3700008392334,0.3941999912261963,102.95700073242188
2024-08-12,20.709999084472656,0.3908999919891357,102.96099853515625
2024-08-13,18.1200008392334,0.3851999998092651,102.37999725341797
2024-08-14,16.190000534057617,0.3819999933242798,102.38500213623047
2024-08-15,15.229999542236328,0.39260001182556153,102.80799865722656
2024-08-16,14.800000190734863,0.3891999959945679,102.30699920654297
2024-08-19,14.649999618530273,0.3867000102996826,101.73100280761719
2024-08-20,15.880000114440918,0.3818000078201294,101.29900360107422
2024-08-21,16.270000457763672,0.3778000116348267,100.91000366210938
2024-08-22,17.549999237060547,0.3861999988555908,101.39900207519531
2024-08-23,15.859999656677246,0.3806999921798706,100.60600280761719
2024-08-26,16.149999618530273,0.3818000078201294,100.74099731445312
2024-08-27,15.430000305175781,0.38329999446868895,100.45500183105469
2024-08-28,17.110000610351562,0.38410000801086425,100.98999786376953
2024-08-29,15.649999618530273,0.3867000102996826,101.2699966430664
2024-08-30,15.0,0.39110000133514405,101.6240005493164
2024-09-03,20.719999313354492,0.38440001010894775,101.76599884033203
2024-09-04,21.31999969482422,0.37679998874664306,101.3010025024414
2024-09-05,19.899999618530273,0.37309999465942384,101.0739974975586
2024-09-06,22.3799991607666,0.3710000038146973,101.14299774169922
2024-09-09,19.450000762939453,0.3697000026702881,101.51799774169922
2024-09-10,19.079999923706055,0.36459999084472655,101.5979995727539
2024-09-11,17.690000534057617,0.36530001163482667,101.65799713134766
2024-09-12,17.06999969482422,0.3680000066757202,101.35099792480469
2024-09-13,16.559999465942383,0.36500000953674316,101.12000274658203
2024-09-16,17.139999389648438,0.3621000051498413,100.71099853515625
2024-09-17,17.610000610351562,0.36419999599456787,100.56700134277344
2024-09-18,18.229999542236328,0.3684999942779541,100.28199768066406
2024-09-19,16.329999923706055,0.3740000009536743,100.32099914550781
2024-09-20,16.149999618530273,0.37279999256134033,100.4229965209961
2024-09-23,15.890000343322754,0.37390000820159913,100.55999755859375
2024-09-24,15.390000343322754,0.3736000061035156,100.15899658203125
2024-09-25,15.40999984741211,0.37809998989105226,100.6240005493164
2024-09-26,15.369999885559082,0.37909998893737795,100.24600219726562
2024-09-27,16.959999084472656,0.3749000072479248,100.10900115966797
2024-09-30,16.729999542236328,0.3802000045776367,100.52100372314453
2024-10-01,19.260000228881836,0.3743000030517578,100.93099975585938
2024-10-02,18.899999618530273,0.37850000858306887,101.42500305175781
2024-10-03,20.489999771118164,0.38499999046325684,101.75
2024-10-04,19.209999084472656,0.3980999946594238,102.2750015258789
2024-10-07,22.639999389648438,0.40260000228881837,102.3010025024414
2024-10-08,21.420000076293945,0.40329999923706056,102.3030014038086
2024-10-09,20.860000610351562,0.40669999122619627,102.69499969482422
2024-10-10,20.93000030517578,0.40960001945495605,102.77300262451172
2024-10-11,20.459999084472656,0.4072999954223633,102.677001953125
2024-10-14,19.700000762939453,0.40980000495910646,103.08200073242188
2024-10-15,20.639999389648438,0.40380001068115234,103.05500030517578
2024-10-16,19.579999923706055,0.40159997940063474,103.4000015258789
2024-10-17,19.110000610351562,0.40960001945495605,103.6520004272461
2024-10-18,18.030000686645508,0.4072999954223633,103.30699920654297
2024-10-21,18.3700008392334,0.4182000160217285,103.83399963378906
2024-10-22,18.200000762939453,0.42039999961853025,103.90899658203125
2024-10-23,19.239999771118164,0.42420001029968263,104.2770004272461
2024-10-24,19.079999923706055,0.4199999809265137,103.91899871826172
2024-10-25,20.329999923706055,0.423199987411499,104.13200378417969
2024-10-28,19.799999237060547,0.42779998779296874,104.18299865722656
2024-10-29,19.34000015258789,0.427400016784668,104.19100189208984
2024-10-30,20.350000381469727,0.42659997940063477,103.86199951171875
2024-10-31,23.15999984741211,0.42839999198913575,103.87799835205078
2024-11-01,21.8799991607666,0.4361000061035156,104.2030029296875
2024-11-04,21.979999542236328,0.43090000152587893,103.79000091552734
2024-11-05,20.489999771118164,0.42890000343322754,103.3239974975586
2024-11-06,16.270000457763672,0.4426000118255615,104.98500061035156
2024-11-07,15.199999809265137,0.43410000801086424,104.37000274658203
2024-11-08,14.9399995803833,0.4306000232696533,104.88999938964844
2024-11-11,14.970000267028809,0.4308000087738037,105.45700073242188
2024-11-12,14.710000038146973,0.44320001602172854,105.94999694824219
2024-11-13,14.020000457763672,0.4451000213623047,106.37899780273438
2024-11-14,14.3100004196167,0.44180002212524416,106.5979995727539
2024-11-15,16.139999389648438,0.4427999973297119,106.61499786376953
2024-11-18,15.579999923706055,0.44140000343322755,106.20099639892578
2024-11-19,16.350000381469727,0.4379000186920166,106.14299774169922
2024-11-20,17.15999984741211,0.44060001373291013,106.61599731445312
2024-11-21,16.8700008392334,0.44320001602172854,106.93000030517578
2024-11-22,15.239999771118164,0.44099998474121094,107.50700378417969
2024-11-25,14.600000381469727,0.4264999866485596,106.7699966430664
2024-11-26,14.100000381469727,0.43020000457763674,106.96800231933594
2024-11-27,14.100000381469727,0.42420001029968263,106.0479965209961
2024-11-29,13.510000228881836,0.4177999973297119,105.8280029296875
2024-12-02,13.34000015258789,0.4196000099182129,106.4229965209961
2024-12-03,13.300000190734863,0.42230000495910647,106.33999633789062
2024-12-04,13.449999809265137,0.4179999828338623,106.29000091552734
2024-12-05,13.539999961853027,0.4179999828338623,105.70099639892578
2024-12-06,12.770000457763672,0.4151000022888184,106.03900146484375
2024-12-09,14.1899995803833,0.41989998817443847,106.125
2024-12-10,14.180000305175781,0.42210001945495607,106.38200378417969
2024-12-11,13.579999923706055,0.42709999084472655,106.69499969482422
2024-12-12,13.920000076293945,0.4323999881744385,106.95899963378906
2024-12-13,13.8100004196167,0.43990001678466795,106.99299621582031
2024-12-16,14.6899995803833,0.43969998359680174,107.02999877929688
2024-12-17,15.869999885559082,0.43850002288818357,106.66300201416016
2024-12-18,27.6200008392334,0.449399995803833,107.7490005493164
2024-12-19,24.09000015258789,0.4570000171661377,108.1520004272461
2024-12-20,18.360000610351562,0.45240001678466796,107.35099792480469
2024-12-23,16.780000686645508,0.4598999977111816,107.80699920654297
2024-12-24,14.270000457763672,0.45910000801086426,108.02300262451172
2024-12-26,14.729999542236328,0.4578999996185303,107.89299774169922
2024-12-27,15.949999809265137,0.461899995803833,107.79199981689453
2024-12-30,17.399999618530273,0.4545000076293945,107.93299865722656
2024-12-31,17.350000381469727,0.45729999542236327,108.2959976196289
2025-01-02,17.93000030517578,0.45749998092651367,109.20899963378906
2025-01-03,16.1299991607666,0.45960001945495604,108.7979965209961
2025-01-06,16.040000915527344,0.46180000305175783,108.10099792480469
2025-01-07,17.81999969482422,0.46830000877380373,108.37799835205078
2025-01-08,17.700000762939453,0.4692999839782715,108.9260025024414
2025-01-09,,,109.00399780273438
2025-01-10,19.540000915527344,0.4776000022888184,109.48699951171875
2025-01-13,19.190000534057617,0.4802999973297119,109.81199645996094
2025-01-14,18.709999084472656,0.47880001068115235,109.11000061035156
2025-01-15,16.1200008392334,0.46529998779296877,108.91600036621094
2025-01-16,16.600000381469727,0.4605999946594238,108.81700134277344
2025-01-17,15.970000267028809,0.46090002059936525,109.2030029296875
2025-01-21,15.0600004196167,0.4573999881744385,107.86100006103516
2025-01-22,15.100000381469727,0.4598999977111816,107.96199798583984
2025-01-23,15.020000457763672,0.46380000114440917,107.86299896240234
2025-01-24,14.850000381469727,0.4625999927520752,107.24500274658203
2025-01-27,17.899999618530273,0.45279998779296876,107.16000366210938
2025-01-28,16.40999984741211,0.45510001182556153,107.68299865722656
2025-01-29,16.559999465942383,0.4554999828338623,107.80899810791016
2025-01-30,15.84000015258789,0.451200008392334,107.63099670410156
2025-01-31,16.43000030517578,0.45689997673034666,108.21700286865234
2025-02-03,18.6200008392334,0.4543000221252441,108.87699890136719
2025-02-04,17.209999084472656,0.45130000114440916,107.822998046875
2025-02-05,15.770000457763672,0.4421999931335449,107.44200134277344
2025-02-06,15.5,0.4440000057220459,107.5469970703125
2025-02-07,16.540000915527344,0.4486999988555908,107.9280014038086
2025-02-10,15.8100004196167,0.4493000030517578,108.19300079345703
2025-02-11,16.020000457763672,0.45370001792907716,107.83300018310547
2025-02-12,15.890000343322754,0.463700008392334,107.822998046875
2025-02-13,15.100000381469727,0.4525000095367432,107.21600341796875
2025-02-14,14.770000457763672,0.44720001220703126,106.57499694824219
2025-02-18,15.350000381469727,0.45440001487731935,106.95500183105469
2025-02-19,15.270000457763672,0.45349998474121095,107.06300354003906
2025-02-20,15.65999984741211,0.45,106.26899719238281
2025-02-21,18.209999084472656,0.4420000076293945,106.51899719238281
2025-02-24,18.979999542236328,0.439300012588501,106.50900268554688
2025-02-25,19.43000030517578,0.42979998588562013,106.22799682617188
2025-02-26,19.100000381469727,0.4249000072479248,106.3290023803711
2025-02-27,21.1299991607666,0.4284999847412109,107.1760025024414
2025-02-28,19.6299991607666,0.42309999465942383,107.55799865722656
2025-03-03,22.780000686645508,0.4179999828338623,106.66899871826172
2025-03-04,23.510000228881836,0.42100000381469727,105.68699645996094
2025-03-05,21.93000030517578,0.4264999866485596,104.25199890136719
2025-03-06,24.8700008392334,0.42859997749328616,104.02799987792969
2025-03-07,23.3700008392334,0.4316999912261963,103.81199645996094
2025-03-10,27.860000610351562,0.42129998207092284,103.9530029296875
2025-03-11,26.920000076293945,0.42880001068115237,103.27300262451172
2025-03-12,24.229999542236328,0.43179998397827146,103.58699798583984
2025-03-13,24.65999984741211,0.427400016784668,103.83000183105469
2025-03-14,21.770000457763672,0.4308000087738037,103.70500183105469
2025-03-17,20.510000228881836,0.4306000232696533,103.47000122070312
2025-03-18,21.700000762939453,0.4281000137329102,102.89199829101562
2025-03-19,19.899999618530273,0.425600004196167,103.09300231933594
2025-03-20,19.799999237060547,0.42329998016357423,103.49700164794922
2025-03-21,19.280000686645508,0.4251999855041504,103.74400329589844
2025-03-24,17.479999542236328,0.43309998512268066,103.93599700927734
2025-03-25,17.149999618530273,0.4307000160217285,103.83100128173828
2025-03-26,18.329999923706055,0.43379998207092285,104.20700073242188
2025-03-27,18.690000534057617,0.436899995803833,103.99199676513672
2025-03-28,21.649999618530273,0.4255000114440918,103.70899963378906
2025-03-31,22.280000686645508,0.4245999813079834,103.88300323486328
2025-04-01,21.770000457763672,0.41560001373291017,103.9489974975586
2025-04-02,21.510000228881836,0.4196000099182129,103.49099731445312
2025-04-03,30.020000457763672,0.4054999828338623,101.79499816894531
2025-04-04,45.310001373291016,0.39849998950958254,102.76799774169922
2025-04-07,46.97999954223633,0.41550002098083494,102.97200012207031
2025-04-08,52.33000183105469,0.42620000839233396,102.70099639892578
2025-04-09,33.619998931884766,0.4400000095367432,102.62300109863281
2025-04-10,40.720001220703125,0.43940000534057616,100.61000061035156
2025-04-11,37.560001373291016,0.4493000030517578,99.89199829101562
2025-04-14,30.889999389648438,0.4363999843597412,99.39700317382812
2025-04-15,30.1200008392334,0.4322999954223633,99.96199798583984
2025-04-16,32.63999938964844,0.42789998054504397,99.14299774169922
2025-04-17,29.649999618530273,0.4333000183105469,99.12899780273438
2025-04-21,33.81999969482422,0.44050002098083496,98.04399871826172
2025-04-22,30.56999969482422,0.4388999938964844,98.69000244140625
2025-04-23,28.450000762939453,0.438700008392334,99.63600158691406
2025-04-24,26.469999313354492,0.4304999828338623,99.16799926757812
2025-04-25,24.84000015258789,0.42659997940063477,99.25399780273438
2025-04-28,25.149999618530273,0.4216000080108643,98.78900146484375
2025-04-29,24.170000076293945,0.4172999858856201,99.01799774169922
2025-04-30,24.700000762939453,0.41770000457763673,99.2699966430664
2025-05-01,24.600000381469727,0.42309999465942383,100.05400085449219
2025-05-02,22.68000030517578,0.4322000026702881,99.83999633789062
2025-05-05,23.639999389648438,0.43429999351501464,99.63999938964844
2025-05-06,24.760000228881836,0.4308000087738037,99.0469970703125
2025-05-07,23.549999237060547,0.42750000953674316,99.43499755859375
2025-05-08,22.479999542236328,0.4373000144958496,100.48999786376953
2025-05-09,21.899999618530273,0.4375,100.16799926757812
2025-05-12,18.389999389648438,0.44569997787475585,101.5989990234375
2025-05-13,18.219999313354492,0.4499000072479248,100.82599639892578
2025-05-14,18.6200008392334,0.45279998779296876,100.87300109863281
2025-05-15,17.829999923706055,0.44549999237060545,100.72899627685547
2025-05-16,17.239999771118164,0.44409999847412107,100.94599914550781
2025-05-19,18.139999389648438,0.44749999046325684,100.28800201416016
2025-05-20,18.09000015258789,0.44809999465942385,99.97699737548828
2025-05-21,20.8700008392334,0.45960001945495604,99.43499755859375
2025-05-22,20.280000686645508,0.45529999732971194,99.8489990234375
2025-05-23,22.290000915527344,0.4508999824523926,99.01000213623047
2025-05-26,,,99.01000213623047
2025-05-27,18.959999084472656,0.4434000015258789,99.42500305175781
2025-05-28,19.309999465942383,0.44770002365112305,99.78500366210938
2025-05-29,19.18000030517578,0.4423999786376953,99.20899963378906
2025-05-30,18.56999969482422,0.44159998893737795,99.25900268554688
2025-06-02,18.360000610351562,0.44619998931884763,98.63500213623047
2025-06-03,17.690000534057617,0.4460000038146973,99.15899658203125
2025-06-04,17.610000610351562,0.43649997711181643,98.7300033569336
2025-06-05,18.479999542236328,0.43940000534057616,98.7040023803711
2025-06-06,16.770000457763672,0.4510000228881836,99.14199829101562
2025-06-09,17.15999984741211,0.448199987411499,98.90599822998047
2025-06-10,16.950000762939453,0.44739999771118166,99.06999969482422
2025-06-11,17.260000228881836,0.44120001792907715,98.60399627685547
2025-06-12,18.020000457763672,0.435699987411499,97.9010009765625
2025-06-13,20.81999969482422,0.4423999786376953,98.1760025024414
2025-06-16,19.110000610351562,0.44520001411437987,97.7020034790039
2025-06-17,21.600000381469727,0.439300012588501,98.39399719238281
2025-06-18,20.139999389648438,0.43969998359680174,98.46800231933594
2025-06-19,,,98.46800231933594
2025-06-20,20.6200008392334,0.4375,98.28199768066406
2025-06-23,19.829999923706055,0.4320000171661377,98.01000213623047
2025-06-24,17.479999542236328,0.42930002212524415,97.44999694824219
2025-06-25,16.760000228881836,0.42930002212524415,97.27300262451172
2025-06-26,16.59000015258789,0.42529997825622556,96.76200103759766
2025-06-27,16.31999969482422,0.4282999992370605,97.03099822998047
2025-06-30,16.729999542236328,0.42300000190734866,96.49299621582031
2025-07-01,16.829999923706055,0.4250999927520752,96.46700286865234
2025-07-02,16.639999389648438,0.42930002212524415,96.42900085449219
2025-07-03,16.3799991607666,0.4348000049591064,96.8219985961914
2025-07-04,,,96.8219985961914
2025-07-07,17.790000915527344,0.4394999980926514,97.14099884033203
2025-07-08,16.809999465942383,0.4414999961853027,97.1719970703125
2025-07-09,15.9399995803833,0.43420000076293946,97.1989974975586
2025-07-10,15.779999732971191,0.4346000194549561,97.3219985961914
2025-07-11,16.399999618530273,0.44229998588562014,97.52899932861328
2025-07-14,17.200000762939453,0.4427000045776367,97.76300048828125
2025-07-15,17.3799991607666,0.4488999843597412,98.30999755859375
2025-07-16,17.15999984741211,0.44549999237060545,98.07499694824219
2025-07-17,16.520000457763672,0.44629998207092286,98.44599914550781
2025-07-18,16.40999984741211,0.44320001602172854,98.197998046875
2025-07-21,16.649999618530273,0.4372000217437744,97.56999969482422
2025-07-22,16.5,0.43359999656677245,97.11699676513672
2025-07-23,15.369999885559082,0.4388000011444092,96.94300079345703
2025-07-24,15.390000343322754,0.44079999923706054,97.1240005493164
2025-07-25,14.930000305175781,0.4386000156402588,97.39900207519531
2025-07-28,15.029999732971191,0.4420000076293945,98.3949966430664
2025-07-29,15.979999542236328,0.4329999923706055,98.64700317382812
2025-07-30,15.479999542236328,0.4375999927520752,99.58599853515625
2025-07-31,16.719999313354492,0.43600001335144045,99.74299621582031
2025-08-01,20.3799991607666,0.42199997901916503,98.93000030517578
2025-08-04,17.520000457763672,0.4199999809265137,98.58599853515625
2025-08-05,17.850000381469727,0.4196000099182129,98.58100128173828
2025-08-06,16.770000457763672,0.42199997901916503,97.98300170898438
2025-08-07,16.56999969482422,0.42439999580383303,98.22899627685547
2025-08-08,15.149999618530273,0.4284999847412109,98.00900268554688
2025-08-11,16.25,0.42729997634887695,98.36100006103516
2025-08-12,14.729999542236328,0.42930002212524415,97.927001953125
2025-08-13,14.489999771118164,0.423799991607666,97.66200256347656
2025-08-14,14.829999923706055,0.42930002212524415,98.10299682617188
2025-08-15,15.09000015258789,0.4328000068664551,97.71199798583984
2025-08-18,14.989999771118164,0.43410000801086424,98.01699829101562
2025-08-19,15.569999694824219,0.43020000457763674,98.11900329589844
2025-08-20,15.6899995803833,0.4296000003814697,98.08000183105469
2025-08-21,16.600000381469727,0.4329999923706055,98.51100158691406
2025-08-22,14.220000267028809,0.4260000228881836,97.5989990234375
2025-08-25,14.789999961853027,0.42750000953674316,98.31800079345703
2025-08-26,14.619999885559082,0.4257999897003174,98.12200164794922
2025-08-27,14.850000381469727,0.423799991607666,98.12699890136719
2025-08-28,14.430000305175781,0.4206999778747559,97.73799896240234
2025-08-29,15.359999656677246,0.422700023651123,97.69000244140625
2025-09-02,17.170000076293945,0.42769999504089357,98.34700012207031
2025-09-03,16.350000381469727,0.42109999656677244,98.08300018310547
2025-09-04,15.300000190734863,0.4176000118255615,98.30400085449219
2025-09-05,15.180000305175781,0.4085999965667725,97.72799682617188
2025-09-08,15.109999656677246,0.4046000003814697,97.41200256347656
2025-09-09,15.039999961853027,0.40739998817443845,97.75199890136719
2025-09-10,15.350000381469727,0.40320000648498533,97.74700164794922
2025-09-11,14.710000038146973,0.40110001564025877,97.52799987792969
2025-09-12,14.760000228881836,0.4060999870300293,97.53600311279297
2025-09-15,15.6899995803833,0.40339999198913573,97.447998046875
2025-09-16,16.360000610351562,0.40260000228881837,96.24800109863281
2025-09-17,15.720000267028809,0.40760002136230467,96.5199966430664
2025-09-18,15.699999809265137,0.4104000091552734,96.97100067138672
2025-09-19,15.449999809265137,0.41389999389648435,97.2699966430664
2025-09-22,16.100000381469727,0.41430001258850097,96.9749984741211
2025-09-23,16.639999389648438,0.4119999885559082,96.89299774169922
2025-09-24,16.18000030517578,0.41469998359680177,97.51799774169922
2025-09-25,16.739999771118164,0.41719999313354494,98.21499633789062
2025-09-26,15.289999961853027,0.4186999797821045,97.8239974975586
2025-09-29,16.1200008392334,0.41409997940063475,97.58399963378906
2025-09-30,16.280000686645508,0.41479997634887694,97.45099639892578
2025-10-01,16.290000915527344,0.4105999946594238,97.38099670410156
2025-10-02,16.6299991607666,0.40879998207092283,97.54000091552734
2025-10-03,16.649999618530273,0.411899995803833,97.41500091552734
2025-10-06,16.3700008392334,0.4162000179290771,97.80699920654297
2025-10-07,17.239999771118164,0.4126999855041504,98.28399658203125
2025-10-08,16.299999237060547,0.4129000186920166,98.63999938964844
2025-10-09,16.43000030517578,0.41479997634887694,99.28500366210938
2025-10-10,21.65999984741211,0.40510001182556155,98.73200225830078
2025-10-13,19.030000686645508,0.40510001182556155,99.02999877929688
2025-10-14,20.809999465942383,0.40219998359680176,98.80999755859375
2025-10-15,20.639999389648438,0.4046000003814697,98.54100036621094
2025-10-16,25.309999465942383,0.39760000705718995,98.09200286865234
2025-10-17,20.780000686645508,0.4006999969482422,98.19200134277344
2025-10-20,18.229999542236328,0.39860000610351565,98.3550033569336
2025-10-21,17.8700008392334,0.39630000591278075,98.71099853515625
2025-10-22,18.600000381469727,0.39530000686645506,98.6729965209961
2025-10-23,17.299999237060547,0.3990999937057495,98.72899627685547
2025-10-24,16.3700008392334,0.3996999979019165,98.74700164794922
2025-10-27,15.789999961853027,0.3996999979019165,98.56300354003906
2025-10-28,16.420000076293945,0.39830000400543214,98.4530029296875
2025-10-29,16.920000076293945,0.40580000877380373,99.02200317382812
2025-10-30,16.90999984741211,0.40929999351501467,99.3479995727539
2025-10-31,17.440000534057617,0.41009998321533203,99.62999725341797
2025-11-03,17.170000076293945,0.4105999946594238,99.70700073242188
2025-11-04,19.0,0.40890002250671387,100.06999969482422
2025-11-05,18.010000228881836,0.41570000648498534,100.05899810791016
2025-11-06,19.5,0.40929999351501467,99.58499908447266
2025-11-07,19.079999923706055,0.40929999351501467,99.47100067138672
2025-11-10,17.600000381469727,0.41100001335144043,99.46199798583984
2025-11-11,17.280000686645508,0.4119999885559082,99.31600189208984
2025-11-12,17.510000228881836,0.4065000057220459,99.3740005493164
2025-11-13,20.0,0.41119999885559083,99.05000305175781
2025-11-14,19.829999923706055,0.41479997634887694,99.1989974975586
2025-11-17,22.3799991607666,0.4132999897003174,99.48799896240234
2025-11-18,24.690000534057617,0.41230001449584963,99.4489974975586
2025-11-19,23.65999984741211,0.4132999897003174,100.1510009765625
2025-11-20,26.420000076293945,0.4105999946594238,100.08999633789062
2025-11-21,23.43000030517578,0.4063000202178955,100.11299896240234
2025-11-24,20.520000457763672,0.40380001068115234,100.0719985961914
2025-11-25,18.559999465942383,0.40019998550415037,
2025-11-26,17.190000534057617,0.3997999906539917,
2025-11-28,16.350000381469727,0.4017000198364258,
2025-12-01,17.239999771118164,0.40960001945495605,
2025-12-02,16.59000015258789,0.4085999965667725,99.18000030517578
