combination,K,regime,variable,coefficient,t_statistic,p_value,n_observations,n_effective,avg_weight,r_squared,rmse
all_4vars,2,0,industrial_production,0.004197488476053669,0.23330781060832975,0.8158950337001762,356,144.01874222983457,0.40454702873549037,0.1422267542299338,0.039744381331628345
all_4vars,2,0,retail_sales,0.004295158602907362,0.0717854948627957,0.9428846444650103,356,144.01874222983457,0.40454702873549037,0.1422267542299338,0.039744381331628345
all_4vars,2,0,tot_business_inventories,0.02412268931842159,0.5227975022957815,0.60201880027246,356,144.01874222983457,0.40454702873549037,0.1422267542299338,0.039744381331628345
all_4vars,2,0,export_price_index,0.051722753129604504,1.504952238313972,0.1347996307004511,356,144.01874222983457,0.40454702873549037,0.1422267542299338,0.039744381331628345
all_4vars,2,0,import_price_index,-0.010584154190515945,-0.3331844512899453,0.7395401054433486,356,144.01874222983457,0.40454702873549037,0.1422267542299338,0.039744381331628345
all_4vars,2,0,unemployment,0.01890492399325755,1.7184848137996003,0.08812564211895668,356,144.01874222983457,0.40454702873549037,0.1422267542299338,0.039744381331628345
all_4vars,2,0,cpi,0.16217130149248243,0.5576151429194394,0.5780809597119041,356,144.01874222983457,0.40454702873549037,0.1422267542299338,0.039744381331628345
all_4vars,2,0,PCE_price_index,-0.15667908170050188,-0.5294284534439376,0.5974251506787294,356,144.01874222983457,0.40454702873549037,0.1422267542299338,0.039744381331628345
all_4vars,2,0,PPI_inflation,-0.07488031091654902,-1.054618286991842,0.293586248980203,356,144.01874222983457,0.40454702873549037,0.1422267542299338,0.039744381331628345
all_4vars,2,0,nat_fin_condition_indx,-0.007802727990038023,-1.8659358580656755,0.06433882028421722,356,144.01874222983457,0.40454702873549037,0.1422267542299338,0.039744381331628345
all_4vars,2,0,10y_2y_spread,-0.0013048207320208764,-0.1117715836322904,0.9111795785521446,356,144.01874222983457,0.40454702873549037,0.1422267542299338,0.039744381331628345
all_4vars,2,0,10y_treasury_const_maturity_rate,0.010658579193732604,0.6037532075002213,0.5470760671073571,356,144.01874222983457,0.40454702873549037,0.1422267542299338,0.039744381331628345
all_4vars,2,0,fed_reserve_discount_rate,0.03741903900276394,1.3289962039456567,0.18621300989288958,356,144.01874222983457,0.40454702873549037,0.1422267542299338,0.039744381331628345
all_4vars,2,0,fedfunds,-0.03524122037938948,-1.0415642557662284,0.2995767616259344,356,144.01874222983457,0.40454702873549037,0.1422267542299338,0.039744381331628345
all_4vars,2,0,m2_real_money_supply,0.007624584735680686,0.16195602812449886,0.8715958196098263,356,144.01874222983457,0.40454702873549037,0.1422267542299338,0.039744381331628345
all_4vars,2,1,industrial_production,0.011915949238034096,0.8594306385026842,0.39115298996366277,356,211.98125777016548,0.5954529712645098,0.12000261291621717,0.03799896645042883
all_4vars,2,1,retail_sales,0.00940819142565738,0.15312127317434507,0.8784601803311642,356,211.98125777016548,0.5954529712645098,0.12000261291621717,0.03799896645042883
all_4vars,2,1,tot_business_inventories,0.00836400611723415,0.16468614086112174,0.8693607608198182,356,211.98125777016548,0.5954529712645098,0.12000261291621717,0.03799896645042883
all_4vars,2,1,export_price_index,0.03218215486397851,1.2833284217196366,0.20089245513005638,356,211.98125777016548,0.5954529712645098,0.12000261291621717,0.03799896645042883
all_4vars,2,1,import_price_index,-0.00010432193155870477,-0.0033730511062613194,0.9973121306345274,356,211.98125777016548,0.5954529712645098,0.12000261291621717,0.03799896645042883
all_4vars,2,1,unemployment,0.014635068236370596,1.1724249504976911,0.24244965194045975,356,211.98125777016548,0.5954529712645098,0.12000261291621717,0.03799896645042883
all_4vars,2,1,cpi,-0.14929095119346456,-0.6103351104325012,0.5423469358979918,356,211.98125777016548,0.5954529712645098,0.12000261291621717,0.03799896645042883
all_4vars,2,1,PCE_price_index,0.14251280966291283,0.5896946146941566,0.5560746295711065,356,211.98125777016548,0.5954529712645098,0.12000261291621717,0.03799896645042883
all_4vars,2,1,PPI_inflation,-0.05919072908747714,-1.0333650572120292,0.30270656988111777,356,211.98125777016548,0.5954529712645098,0.12000261291621717,0.03799896645042883
all_4vars,2,1,nat_fin_condition_indx,-0.00890262962402161,-2.1021707052027074,0.036815609531490434,356,211.98125777016548,0.5954529712645098,0.12000261291621717,0.03799896645042883
all_4vars,2,1,10y_2y_spread,-0.005303531286713428,-0.6430995369741457,0.5209112405198046,356,211.98125777016548,0.5954529712645098,0.12000261291621717,0.03799896645042883
all_4vars,2,1,10y_treasury_const_maturity_rate,-0.0026170772624945033,-0.23249153748919352,0.8163988686221388,356,211.98125777016548,0.5954529712645098,0.12000261291621717,0.03799896645042883
all_4vars,2,1,fed_reserve_discount_rate,0.016357374348558447,0.8447541511921977,0.39927817482995653,356,211.98125777016548,0.5954529712645098,0.12000261291621717,0.03799896645042883
all_4vars,2,1,fedfunds,-0.016666430715416725,-0.6898672334603185,0.4910937619433162,356,211.98125777016548,0.5954529712645098,0.12000261291621717,0.03799896645042883
all_4vars,2,1,m2_real_money_supply,0.006899905689597232,0.15061915033746032,0.8804310636522874,356,211.98125777016548,0.5954529712645098,0.12000261291621717,0.03799896645042883
all_4vars,3,0,industrial_production,0.008722397535088956,0.532959956282112,0.5950931224006433,356,130.62032315850274,0.3669110201081538,0.10164777429440142,0.03429158394750397
all_4vars,3,0,retail_sales,-0.00582754425708429,-0.08034066474831847,0.9361064257181608,356,130.62032315850274,0.3669110201081538,0.10164777429440142,0.03429158394750397
all_4vars,3,0,tot_business_inventories,-0.003695216732899527,-0.06508509271826943,0.9482196293193459,356,130.62032315850274,0.3669110201081538,0.10164777429440142,0.03429158394750397
all_4vars,3,0,export_price_index,0.03264665230263869,1.0828001739990047,0.2811697549528607,356,130.62032315850274,0.3669110201081538,0.10164777429440142,0.03429158394750397
all_4vars,3,0,import_price_index,0.004486270423015772,0.1224469478614972,0.9027594913599888,356,130.62032315850274,0.3669110201081538,0.10164777429440142,0.03429158394750397
all_4vars,3,0,unemployment,0.011868365637236504,0.8443276892674899,0.40024513551509333,356,130.62032315850274,0.3669110201081538,0.10164777429440142,0.03429158394750397
all_4vars,3,0,cpi,-0.06215578398696922,-0.20667432893202886,0.8366308989669178,356,130.62032315850274,0.3669110201081538,0.10164777429440142,0.03429158394750397
all_4vars,3,0,PCE_price_index,0.09276807997207571,0.30969851540458887,0.7573525617783821,356,130.62032315850274,0.3669110201081538,0.10164777429440142,0.03429158394750397
all_4vars,3,0,PPI_inflation,-0.07318207331465561,-1.0984933543333444,0.2742912348518749,356,130.62032315850274,0.3669110201081538,0.10164777429440142,0.03429158394750397
all_4vars,3,0,nat_fin_condition_indx,-0.008765969522841923,-1.6459749030677138,0.10250834019101496,356,130.62032315850274,0.3669110201081538,0.10164777429440142,0.03429158394750397
all_4vars,3,0,10y_2y_spread,-0.0024792985017610156,-0.23919727525591755,0.8113797991224205,356,130.62032315850274,0.3669110201081538,0.10164777429440142,0.03429158394750397
all_4vars,3,0,10y_treasury_const_maturity_rate,-0.0006919623362287539,-0.04952102382889638,0.9605902736718996,356,130.62032315850274,0.3669110201081538,0.10164777429440142,0.03429158394750397
all_4vars,3,0,fed_reserve_discount_rate,0.016663249262233493,0.6669439112521269,0.5061483544381824,356,130.62032315850274,0.3669110201081538,0.10164777429440142,0.03429158394750397
all_4vars,3,0,fedfunds,-0.013162434017414687,-0.4185606658686926,0.6763204746346572,356,130.62032315850274,0.3669110201081538,0.10164777429440142,0.03429158394750397
all_4vars,3,0,m2_real_money_supply,0.01335148748865707,0.24890370750404117,0.8038807195226421,356,130.62032315850274,0.3669110201081538,0.10164777429440142,0.03429158394750397
all_4vars,3,1,industrial_production,0.008799022550077619,0.3883792714754475,0.6985939731789015,356,112.1533667016548,0.31503754691476066,0.14909926563680054,0.04255116247840691
all_4vars,3,1,retail_sales,0.06414949445007197,0.7516866092497251,0.4540755391734834,356,112.1533667016548,0.31503754691476066,0.14909926563680054,0.04255116247840691
all_4vars,3,1,tot_business_inventories,0.041302230502430086,0.5774431669298447,0.5649898100118609,356,112.1533667016548,0.31503754691476066,0.14909926563680054,0.04255116247840691
all_4vars,3,1,export_price_index,0.03536466662405955,0.8767515017137645,0.38280685806053105,356,112.1533667016548,0.31503754691476066,0.14909926563680054,0.04255116247840691
all_4vars,3,1,import_price_index,-0.019351923588120094,-0.4247194493496946,0.6719900790324123,356,112.1533667016548,0.31503754691476066,0.14909926563680054,0.04255116247840691
all_4vars,3,1,unemployment,0.026815729235098177,1.5676681489243638,0.12024380172321791,356,112.1533667016548,0.31503754691476066,0.14909926563680054,0.04255116247840691
all_4vars,3,1,cpi,-0.1950869321597785,-0.5274411261908376,0.5991022284923653,356,112.1533667016548,0.31503754691476066,0.14909926563680054,0.04255116247840691
all_4vars,3,1,PCE_price_index,0.12401523180353612,0.33723767029069196,0.7366727813822735,356,112.1533667016548,0.31503754691476066,0.14909926563680054,0.04255116247840691
all_4vars,3,1,PPI_inflation,-0.03484201256603659,-0.37676584437351257,0.7071778019420987,356,112.1533667016548,0.31503754691476066,0.14909926563680054,0.04255116247840691
all_4vars,3,1,nat_fin_condition_indx,-0.008367460389034203,-1.4594274593024679,0.14770683318354472,356,112.1533667016548,0.31503754691476066,0.14909926563680054,0.04255116247840691
all_4vars,3,1,10y_2y_spread,-0.007628211021364677,-0.6018809401499927,0.5486699836463735,356,112.1533667016548,0.31503754691476066,0.14909926563680054,0.04255116247840691
all_4vars,3,1,10y_treasury_const_maturity_rate,0.0008207919192499639,0.04599941619139617,0.9634061163178287,356,112.1533667016548,0.31503754691476066,0.14909926563680054,0.04255116247840691
all_4vars,3,1,fed_reserve_discount_rate,0.023014919213774212,0.7815861728599136,0.4363781066623553,356,112.1533667016548,0.31503754691476066,0.14909926563680054,0.04255116247840691
all_4vars,3,1,fedfunds,-0.027137187203368815,-0.7680559998998017,0.4443360866005279,356,112.1533667016548,0.31503754691476066,0.14909926563680054,0.04255116247840691
all_4vars,3,1,m2_real_money_supply,-0.027406845655521917,-0.413229343243977,0.6803586968162896,356,112.1533667016548,0.31503754691476066,0.14909926563680054,0.04255116247840691
all_4vars,3,2,industrial_production,0.0037276775895158437,0.1829603622490224,0.8552101023860958,356,113.22631013984245,0.31805143297708555,0.1364593663667939,0.039303529290297116
all_4vars,3,2,retail_sales,-0.024757753131924916,-0.35211498490226745,0.7255141011917001,356,113.22631013984245,0.31805143297708555,0.1364593663667939,0.039303529290297116
all_4vars,3,2,tot_business_inventories,0.0068315448155886966,0.12782487707772194,0.8985515784620384,356,113.22631013984245,0.31805143297708555,0.1364593663667939,0.039303529290297116
all_4vars,3,2,export_price_index,0.04730063481070157,1.2132262214608198,0.22798264687427316,356,113.22631013984245,0.31805143297708555,0.1364593663667939,0.039303529290297116
all_4vars,3,2,import_price_index,-0.007594015460742745,-0.21073700247858368,0.833533541895525,356,113.22631013984245,0.31805143297708555,0.1364593663667939,0.039303529290297116
all_4vars,3,2,unemployment,0.012599142163606292,0.963612209392048,0.33763097581055534,356,113.22631013984245,0.31805143297708555,0.1364593663667939,0.039303529290297116
all_4vars,3,2,cpi,0.18258639753275296,0.5526272180744847,0.5817870019813909,356,113.22631013984245,0.31805143297708555,0.1364593663667939,0.039303529290297116
all_4vars,3,2,PCE_price_index,-0.14716136553533926,-0.4382530395954586,0.6621750576472683,356,113.22631013984245,0.31805143297708555,0.1364593663667939,0.039303529290297116
all_4vars,3,2,PPI_inflation,-0.07047699468098283,-0.8763434435089579,0.3830034221755909,356,113.22631013984245,0.31805143297708555,0.1364593663667939,0.039303529290297116
all_4vars,3,2,nat_fin_condition_indx,-0.00828243107668479,-1.743972026427787,0.08432456042494363,356,113.22631013984245,0.31805143297708555,0.1364593663667939,0.039303529290297116
all_4vars,3,2,10y_2y_spread,-0.0008794580096848368,-0.06656161618779459,0.9470673855030043,356,113.22631013984245,0.31805143297708555,0.1364593663667939,0.039303529290297116
all_4vars,3,2,10y_treasury_const_maturity_rate,0.0066201229401452255,0.3287297278919103,0.7430669823802738,356,113.22631013984245,0.31805143297708555,0.1364593663667939,0.039303529290297116
all_4vars,3,2,fed_reserve_discount_rate,0.032235387567390146,1.0068474259687528,0.3165073366969047,356,113.22631013984245,0.31805143297708555,0.1364593663667939,0.039303529290297116
all_4vars,3,2,fedfunds,-0.027023637180897123,-0.6992317369037786,0.48607665765603913,356,113.22631013984245,0.31805143297708555,0.1364593663667939,0.039303529290297116
all_4vars,3,2,m2_real_money_supply,0.021733303583646744,0.40153121067813696,0.6889102729574721,356,113.22631013984245,0.31805143297708555,0.1364593663667939,0.039303529290297116
all_4vars,4,0,industrial_production,0.006228199496487126,0.22146077895213417,0.8255645861240224,356,70.28818313675497,0.197438716676278,0.17725403061552958,0.04147953646922636
all_4vars,4,0,retail_sales,0.06614836760526036,0.6476483865100052,0.5199419966312631,356,70.28818313675497,0.197438716676278,0.17725403061552958,0.04147953646922636
all_4vars,4,0,tot_business_inventories,0.03881410254375686,0.4597470561690316,0.647533719918238,356,70.28818313675497,0.197438716676278,0.17725403061552958,0.04147953646922636
all_4vars,4,0,export_price_index,0.020698397119184614,0.4212470785826277,0.6752378594541111,356,70.28818313675497,0.197438716676278,0.17725403061552958,0.04147953646922636
all_4vars,4,0,import_price_index,-0.01161647102222332,-0.20528692199320467,0.8381157783653721,356,70.28818313675497,0.197438716676278,0.17725403061552958,0.04147953646922636
all_4vars,4,0,unemployment,0.02633533211314246,1.311056589840749,0.19535733222372476,356,70.28818313675497,0.197438716676278,0.17725403061552958,0.04147953646922636
all_4vars,4,0,cpi,-0.19184229427846017,-0.4195639845870827,0.6764597331473925,356,70.28818313675497,0.197438716676278,0.17725403061552958,0.04147953646922636
all_4vars,4,0,PCE_price_index,0.14035031493817327,0.30439207884891306,0.7619929916581003,356,70.28818313675497,0.197438716676278,0.17725403061552958,0.04147953646922636
all_4vars,4,0,PPI_inflation,-0.03304603438461639,-0.2823333054921829,0.7787615690731982,356,70.28818313675497,0.197438716676278,0.17725403061552958,0.04147953646922636
all_4vars,4,0,nat_fin_condition_indx,-0.010330141270204388,-1.604886863312233,0.11432097798340446,356,70.28818313675497,0.197438716676278,0.17725403061552958,0.04147953646922636
all_4vars,4,0,10y_2y_spread,-0.0046379854862856175,-0.2724643694752683,0.7862986584047074,356,70.28818313675497,0.197438716676278,0.17725403061552958,0.04147953646922636
all_4vars,4,0,10y_treasury_const_maturity_rate,0.002009624229951575,0.08132718111428827,0.9354808529397558,356,70.28818313675497,0.197438716676278,0.17725403061552958,0.04147953646922636
all_4vars,4,0,fed_reserve_discount_rate,0.011909581341999322,0.3283231930129036,0.7439303521745884,356,70.28818313675497,0.197438716676278,0.17725403061552958,0.04147953646922636
all_4vars,4,0,fedfunds,-0.012568068286523959,-0.27139748418507975,0.7871147069952666,356,70.28818313675497,0.197438716676278,0.17725403061552958,0.04147953646922636
all_4vars,4,0,m2_real_money_supply,-0.03397639539865153,-0.4291102366946103,0.6695411451857081,356,70.28818313675497,0.197438716676278,0.17725403061552958,0.04147953646922636
all_4vars,4,1,industrial_production,0.008058744133274297,0.37115742948985575,0.7116242395656331,356,87.08113649633837,0.24460993397847858,0.10720299040363668,0.03695795303252968
all_4vars,4,1,retail_sales,-0.005690580403456743,-0.06205905184942185,0.9506899803476123,356,87.08113649633837,0.24460993397847858,0.10720299040363668,0.03695795303252968
all_4vars,4,1,tot_business_inventories,0.007066383098877862,0.09797234454073549,0.9222300006356938,356,87.08113649633837,0.24460993397847858,0.10720299040363668,0.03695795303252968
all_4vars,4,1,export_price_index,0.03404617863065006,0.770204306720898,0.44373102929324326,356,87.08113649633837,0.24460993397847858,0.10720299040363668,0.03695795303252968
all_4vars,4,1,import_price_index,-0.0034652940182188317,-0.07264683765064138,0.9422911878148468,356,87.08113649633837,0.24460993397847858,0.10720299040363668,0.03695795303252968
all_4vars,4,1,unemployment,0.014342130582749166,0.8151302314809261,0.41772063175818586,356,87.08113649633837,0.24460993397847858,0.10720299040363668,0.03695795303252968
all_4vars,4,1,cpi,-0.057914657858221814,-0.15021244942429818,0.8810224385919292,356,87.08113649633837,0.24460993397847858,0.10720299040363668,0.03695795303252968
all_4vars,4,1,PCE_price_index,0.07196230251060119,0.1866897851089835,0.8524356799186534,356,87.08113649633837,0.24460993397847858,0.10720299040363668,0.03695795303252968
all_4vars,4,1,PPI_inflation,-0.05984489015103138,-0.6242101522036826,0.5344879233630548,356,87.08113649633837,0.24460993397847858,0.10720299040363668,0.03695795303252968
all_4vars,4,1,nat_fin_condition_indx,-0.008332409248974729,-1.2576306033316385,0.21264150094766454,356,87.08113649633837,0.24460993397847858,0.10720299040363668,0.03695795303252968
all_4vars,4,1,10y_2y_spread,-0.001173445364101227,-0.08477587423038897,0.9326778970703979,356,87.08113649633837,0.24460993397847858,0.10720299040363668,0.03695795303252968
all_4vars,4,1,10y_treasury_const_maturity_rate,0.0019265123867155266,0.09763001194809932,0.9225008668207342,356,87.08113649633837,0.24460993397847858,0.10720299040363668,0.03695795303252968
all_4vars,4,1,fed_reserve_discount_rate,0.025909767342857597,0.7835461913568454,0.43590953186172543,356,87.08113649633837,0.24460993397847858,0.10720299040363668,0.03695795303252968
all_4vars,4,1,fedfunds,-0.020855404103451894,-0.5142970482726593,0.6086396674319947,356,87.08113649633837,0.24460993397847858,0.10720299040363668,0.03695795303252968
all_4vars,4,1,m2_real_money_supply,0.014340350420444193,0.2103275793755786,0.8340137571233357,356,87.08113649633837,0.24460993397847858,0.10720299040363668,0.03695795303252968
all_4vars,4,2,industrial_production,0.010495690728030348,0.4856667603866127,0.6283861830871267,356,105.81356801464257,0.29722912363663645,0.1117766569836226,0.03751951984404335
all_4vars,4,2,retail_sales,0.00564259773680758,0.06254304274908686,0.9502693645990707,356,105.81356801464257,0.29722912363663645,0.1117766569836226,0.03751951984404335
all_4vars,4,2,tot_business_inventories,0.003924345448002554,0.05395195678269114,0.9570932701656183,356,105.81356801464257,0.29722912363663645,0.1117766569836226,0.03751951984404335
all_4vars,4,2,export_price_index,0.047291841533899405,1.3159376092722803,0.191543940609622,356,105.81356801464257,0.29722912363663645,0.1117766569836226,0.03751951984404335
all_4vars,4,2,import_price_index,-0.003961007868319004,-0.08911839437511766,0.929186245602103,356,105.81356801464257,0.29722912363663645,0.1117766569836226,0.03751951984404335
all_4vars,4,2,unemployment,0.014901704740321849,0.8188280522350394,0.4150519143970719,356,105.81356801464257,0.29722912363663645,0.1117766569836226,0.03751951984404335
all_4vars,4,2,cpi,-0.05558157965858537,-0.1487729325565064,0.8820663442063079,356,105.81356801464257,0.29722912363663645,0.1117766569836226,0.03751951984404335
all_4vars,4,2,PCE_price_index,0.0591513657095361,0.1591152808700035,0.8739353112348061,356,105.81356801464257,0.29722912363663645,0.1117766569836226,0.03751951984404335
all_4vars,4,2,PPI_inflation,-0.07650122658961642,-0.9435660501574067,0.34792279021498507,356,105.81356801464257,0.29722912363663645,0.1117766569836226,0.03751951984404335
all_4vars,4,2,nat_fin_condition_indx,-0.0067203336917631895,-1.0940845509711634,0.27684351834622745,356,105.81356801464257,0.29722912363663645,0.1117766569836226,0.03751951984404335
all_4vars,4,2,10y_2y_spread,-0.00623576411648885,-0.5190177271770385,0.6050249596300254,356,105.81356801464257,0.29722912363663645,0.1117766569836226,0.03751951984404335
all_4vars,4,2,10y_treasury_const_maturity_rate,-0.0008149155979362023,-0.05060663844551708,0.9597513521149974,356,105.81356801464257,0.29722912363663645,0.1117766569836226,0.03751951984404335
all_4vars,4,2,fed_reserve_discount_rate,0.02567885330489622,0.8509811680789638,0.3970429570264671,356,105.81356801464257,0.29722912363663645,0.1117766569836226,0.03751951984404335
all_4vars,4,2,fedfunds,-0.027060734993971186,-0.7427364952319879,0.4595794942074163,356,105.81356801464257,0.29722912363663645,0.1117766569836226,0.03751951984404335
all_4vars,4,2,m2_real_money_supply,0.011507837014097742,0.1680331787438631,0.8669349836009119,356,105.81356801464257,0.29722912363663645,0.1117766569836226,0.03751951984404335
all_4vars,4,3,industrial_production,0.004014727535182616,0.17502393958042536,0.8615213315283645,356,92.81711235226408,0.260722225708607,0.12785230421445648,0.03934581567239882
all_4vars,4,3,retail_sales,-0.024493662333234936,-0.31014162389255234,0.7572931216603687,356,92.81711235226408,0.260722225708607,0.12785230421445648,0.03934581567239882
all_4vars,4,3,tot_business_inventories,0.008167959310046298,0.13592280266114767,0.8922378790012295,356,92.81711235226408,0.260722225708607,0.12785230421445648,0.03934581567239882
all_4vars,4,3,export_price_index,0.04889538879902409,1.1131359407529207,0.2691212129322442,356,92.81711235226408,0.260722225708607,0.12785230421445648,0.03934581567239882
all_4vars,4,3,import_price_index,-0.006626211647954304,-0.16365555748206073,0.8704321228630989,356,92.81711235226408,0.260722225708607,0.12785230421445648,0.03934581567239882
all_4vars,4,3,unemployment,0.012496747912414462,0.851247769726231,0.39727757846252265,356,92.81711235226408,0.260722225708607,0.12785230421445648,0.03934581567239882
all_4vars,4,3,cpi,0.1770796468939709,0.4768740861567974,0.6348056242852267,356,92.81711235226408,0.260722225708607,0.12785230421445648,0.03934581567239882
all_4vars,4,3,PCE_price_index,-0.14397679653587817,-0.38175429756361273,0.7036976153749492,356,92.81711235226408,0.260722225708607,0.12785230421445648,0.03934581567239882
all_4vars,4,3,PPI_inflation,-0.07411759400363496,-0.8171845317954751,0.4163502849204561,356,92.81711235226408,0.260722225708607,0.12785230421445648,0.03934581567239882
all_4vars,4,3,nat_fin_condition_indx,-0.007396636161173933,-1.2894625190660285,0.20110637744969728,356,92.81711235226408,0.260722225708607,0.12785230421445648,0.03934581567239882
all_4vars,4,3,10y_2y_spread,-0.0006646455663850115,-0.04480528428868129,0.9643787828094519,356,92.81711235226408,0.260722225708607,0.12785230421445648,0.03934581567239882
all_4vars,4,3,10y_treasury_const_maturity_rate,0.006967948901138621,0.30786734420381456,0.7590164958173211,356,92.81711235226408,0.260722225708607,0.12785230421445648,0.03934581567239882
all_4vars,4,3,fed_reserve_discount_rate,0.03520406975299139,0.9661229688838104,0.33701448534385126,356,92.81711235226408,0.260722225708607,0.12785230421445648,0.03934581567239882
all_4vars,4,3,fedfunds,-0.03045534090747807,-0.6925978407342752,0.49065048758968244,356,92.81711235226408,0.260722225708607,0.12785230421445648,0.03934581567239882
all_4vars,4,3,m2_real_money_supply,0.023262314133400755,0.38155806806727355,0.7038425858590962,356,92.81711235226408,0.260722225708607,0.12785230421445648,0.03934581567239882
all_4vars,5,0,industrial_production,0.00788657974341423,0.32812408197269416,0.743992869141243,356,74.32692406523707,0.20878349456527265,0.10783724600539046,0.03702608080924593
all_4vars,5,0,retail_sales,-0.007092844548254772,-0.06990915109007599,0.9445051062798333,356,74.32692406523707,0.20878349456527265,0.10783724600539046,0.03702608080924593
all_4vars,5,0,tot_business_inventories,0.007295515033468659,0.09136402078963803,0.9275164089579653,356,74.32692406523707,0.20878349456527265,0.10783724600539046,0.03702608080924593
all_4vars,5,0,export_price_index,0.034736066217432686,0.709912063940799,0.480587315013679,356,74.32692406523707,0.20878349456527265,0.10783724600539046,0.03702608080924593
all_4vars,5,0,import_price_index,-0.0037511564910479548,-0.07104329679259022,0.9436063322373538,356,74.32692406523707,0.20878349456527265,0.10783724600539046,0.03702608080924593
all_4vars,5,0,unemployment,0.014236458363856942,0.731079850102406,0.467657250228354,356,74.32692406523707,0.20878349456527265,0.10783724600539046,0.03702608080924593
all_4vars,5,0,cpi,-0.05553476801174061,-0.13019476598954566,0.896860318216234,356,74.32692406523707,0.20878349456527265,0.10783724600539046,0.03702608080924593
all_4vars,5,0,PCE_price_index,0.06912794134238323,0.16212543999735346,0.8717674157666435,356,74.32692406523707,0.20878349456527265,0.10783724600539046,0.03702608080924593
all_4vars,5,0,PPI_inflation,-0.059670765067149245,-0.561893430050111,0.5763415727333339,356,74.32692406523707,0.20878349456527265,0.10783724600539046,0.03702608080924593
all_4vars,5,0,nat_fin_condition_indx,-0.008139144154227965,-1.110635435134374,0.27128292610795945,356,74.32692406523707,0.20878349456527265,0.10783724600539046,0.03702608080924593
all_4vars,5,0,10y_2y_spread,-0.0011482446291684832,-0.07491330463683506,0.9405400368235375,356,74.32692406523707,0.20878349456527265,0.10783724600539046,0.03702608080924593
all_4vars,5,0,10y_treasury_const_maturity_rate,0.0017613230999296025,0.08073719549600328,0.9359273538897184,356,74.32692406523707,0.20878349456527265,0.10783724600539046,0.03702608080924593
all_4vars,5,0,fed_reserve_discount_rate,0.027671577338841902,0.7597473124251983,0.45046558756229027,356,74.32692406523707,0.20878349456527265,0.10783724600539046,0.03702608080924593
all_4vars,5,0,fedfunds,-0.022455042112415377,-0.5011692672719321,0.6181382559489663,356,74.32692406523707,0.20878349456527265,0.10783724600539046,0.03702608080924593
all_4vars,5,0,m2_real_money_supply,0.015442631565097814,0.20481881260647844,0.8384267693664285,356,74.32692406523707,0.20878349456527265,0.10783724600539046,0.03702608080924593
all_4vars,5,1,industrial_production,0.0022312187035727696,0.08901581648590538,0.9293583104697811,356,77.55963277850887,0.21786413701828333,0.10748745177434227,0.03842315131932041
all_4vars,5,1,retail_sales,-0.006884794018690992,-0.07818154073147952,0.9379372185957817,356,77.55963277850887,0.21786413701828333,0.10748745177434227,0.03842315131932041
all_4vars,5,1,tot_business_inventories,0.007232325504962505,0.10781164313873168,0.9144957271641165,356,77.55963277850887,0.21786413701828333,0.10748745177434227,0.03842315131932041
all_4vars,5,1,export_price_index,0.049247575924895357,1.0232203977000496,0.3102078893493092,356,77.55963277850887,0.21786413701828333,0.10748745177434227,0.03842315131932041
all_4vars,5,1,import_price_index,-0.006270657104874505,-0.13927395320264102,0.8896883172498957,356,77.55963277850887,0.21786413701828333,0.10748745177434227,0.03842315131932041
all_4vars,5,1,unemployment,0.012371714520233822,0.7565555170815352,0.45220195600243507,356,77.55963277850887,0.21786413701828333,0.10748745177434227,0.03842315131932041
all_4vars,5,1,cpi,0.14785230491558787,0.36018383119939834,0.7199425353119668,356,77.55963277850887,0.21786413701828333,0.10748745177434227,0.03842315131932041
all_4vars,5,1,PCE_price_index,-0.11897593249071049,-0.28517010548347377,0.7764710786100055,356,77.55963277850887,0.21786413701828333,0.10748745177434227,0.03842315131932041
all_4vars,5,1,PPI_inflation,-0.0764153831173744,-0.7724011610997304,0.44283227937634706,356,77.55963277850887,0.21786413701828333,0.10748745177434227,0.03842315131932041
all_4vars,5,1,nat_fin_condition_indx,-0.007563887581039273,-1.0472831937353286,0.2990636213349951,356,77.55963277850887,0.21786413701828333,0.10748745177434227,0.03842315131932041
all_4vars,5,1,10y_2y_spread,-0.00018078913386056214,-0.01122964731536714,0.991076540327821,356,77.55963277850887,0.21786413701828333,0.10748745177434227,0.03842315131932041
all_4vars,5,1,10y_treasury_const_maturity_rate,0.006927402903914674,0.28089022877395653,0.7797365169275754,356,77.55963277850887,0.21786413701828333,0.10748745177434227,0.03842315131932041
all_4vars,5,1,fed_reserve_discount_rate,0.03188656886862345,0.7972663133389712,0.42836085165184534,356,77.55963277850887,0.21786413701828333,0.10748745177434227,0.03842315131932041
all_4vars,5,1,fedfunds,-0.027911263630342284,-0.5781969153969161,0.5652404429795732,356,77.55963277850887,0.21786413701828333,0.10748745177434227,0.03842315131932041
all_4vars,5,1,m2_real_money_supply,0.013170511455871765,0.19771944911935552,0.8439160108444357,356,77.55963277850887,0.21786413701828333,0.10748745177434227,0.03842315131932041
all_4vars,5,2,industrial_production,0.00598711696147984,0.18759010399496,0.8520487975133806,356,60.601716000427004,0.17022953932704216,0.16814759723675488,0.04257196671515941
all_4vars,5,2,retail_sales,0.058141915541002814,0.4995994482550098,0.6198129048401311,356,60.601716000427004,0.17022953932704216,0.16814759723675488,0.04257196671515941
all_4vars,5,2,tot_business_inventories,0.029904153130064136,0.31133776273387165,0.7569944558979955,356,60.601716000427004,0.17022953932704216,0.16814759723675488,0.04257196671515941
all_4vars,5,2,export_price_index,0.0224683911364566,0.4043874848146174,0.6878605253577277,356,60.601716000427004,0.17022953932704216,0.16814759723675488,0.04257196671515941
all_4vars,5,2,import_price_index,-0.01164281339312363,-0.18565775859659825,0.8535549231633337,356,60.601716000427004,0.17022953932704216,0.16814759723675488,0.04257196671515941
all_4vars,5,2,unemployment,0.025098407065964116,1.0991905003561466,0.2775829428138268,356,60.601716000427004,0.17022953932704216,0.16814759723675488,0.04257196671515941
all_4vars,5,2,cpi,-0.1844628508074796,-0.3557832114236118,0.7236802218664984,356,60.601716000427004,0.17022953932704216,0.16814759723675488,0.04257196671515941
all_4vars,5,2,PCE_price_index,0.14587005850574866,0.278269043597682,0.7820918490648636,356,60.601716000427004,0.17022953932704216,0.16814759723675488,0.04257196671515941
all_4vars,5,2,PPI_inflation,-0.036359149185291754,-0.2746901220764845,0.7848227211267698,356,60.601716000427004,0.17022953932704216,0.16814759723675488,0.04257196671515941
all_4vars,5,2,nat_fin_condition_indx,-0.00924399290650856,-1.371585076678666,0.17705350677160636,356,60.601716000427004,0.17022953932704216,0.16814759723675488,0.04257196671515941
all_4vars,5,2,10y_2y_spread,-0.006115685389995768,-0.31451919717833265,0.7545933468408099,356,60.601716000427004,0.17022953932704216,0.16814759723675488,0.04257196671515941
all_4vars,5,2,10y_treasury_const_maturity_rate,0.0014651454261313227,0.05182314692717464,0.9589010200492616,356,60.601716000427004,0.17022953932704216,0.16814759723675488,0.04257196671515941
all_4vars,5,2,fed_reserve_discount_rate,0.012521103151896328,0.3019104286430598,0.764123672426199,356,60.601716000427004,0.17022953932704216,0.16814759723675488,0.04257196671515941
all_4vars,5,2,fedfunds,-0.014549535738822195,-0.27541339518023356,0.7842706103293431,356,60.601716000427004,0.17022953932704216,0.16814759723675488,0.04257196671515941
all_4vars,5,2,m2_real_money_supply,-0.029766589842209,-0.33098543353501325,0.7422055049336911,356,60.601716000427004,0.17022953932704216,0.16814759723675488,0.04257196671515941
all_4vars,5,3,industrial_production,0.0104578694853762,0.4394856434547729,0.661587271606471,356,90.18483833283574,0.2533281975641453,0.11109048840539493,0.03753314856734207
all_4vars,5,3,retail_sales,0.005866225730252569,0.05903927771477852,0.9530795736014894,356,90.18483833283574,0.2533281975641453,0.11109048840539493,0.03753314856734207
all_4vars,5,3,tot_business_inventories,0.003470027283412618,0.04331362816753375,0.9655679002470026,356,90.18483833283574,0.2533281975641453,0.11109048840539493,0.03753314856734207
all_4vars,5,3,export_price_index,0.04693786297978588,1.1872957226934306,0.23889887217626704,356,90.18483833283574,0.2533281975641453,0.11109048840539493,0.03753314856734207
all_4vars,5,3,import_price_index,-0.003659387505099526,-0.0748610744049794,0.9405267517466127,356,90.18483833283574,0.2533281975641453,0.11109048840539493,0.03753314856734207
all_4vars,5,3,unemployment,0.014770406316526603,0.7371966431900155,0.46332802543169294,356,90.18483833283574,0.2533281975641453,0.11109048840539493,0.03753314856734207
all_4vars,5,3,cpi,-0.058089332235783046,-0.14141527211084184,0.8879252117600007,356,90.18483833283574,0.2533281975641453,0.11109048840539493,0.03753314856734207
all_4vars,5,3,PCE_price_index,0.0617634350186007,0.15106983264546012,0.8803306736971237,356,90.18483833283574,0.2533281975641453,0.11109048840539493,0.03753314856734207
all_4vars,5,3,PPI_inflation,-0.07628176394087856,-0.8547419620174631,0.3954459705519975,356,90.18483833283574,0.2533281975641453,0.11109048840539493,0.03753314856734207
all_4vars,5,3,nat_fin_condition_indx,-0.006572704386896438,-0.9764797582895903,0.3320003281227657,356,90.18483833283574,0.2533281975641453,0.11109048840539493,0.03753314856734207
all_4vars,5,3,10y_2y_spread,-0.006211576224437077,-0.4714367063509432,0.6387124548828775,356,90.18483833283574,0.2533281975641453,0.11109048840539493,0.03753314856734207
all_4vars,5,3,10y_treasury_const_maturity_rate,-0.0008990577545047847,-0.05077003255106655,0.9596452241335547,356,90.18483833283574,0.2533281975641453,0.11109048840539493,0.03753314856734207
all_4vars,5,3,fed_reserve_discount_rate,0.025306108693316783,0.7623970277242605,0.4482404115470895,356,90.18483833283574,0.2533281975641453,0.11109048840539493,0.03753314856734207
all_4vars,5,3,fedfunds,-0.026712695802958392,-0.6666005177352651,0.5070952589099482,356,90.18483833283574,0.2533281975641453,0.11109048840539493,0.03753314856734207
all_4vars,5,3,m2_real_money_supply,0.011452306330664882,0.15181406752777235,0.8797456950540934,356,90.18483833283574,0.2533281975641453,0.11109048840539493,0.03753314856734207
all_4vars,5,4,industrial_production,0.008762527919537078,0.2804240525363199,0.7807005782438932,356,53.326888822991336,0.14979463152525657,0.1555960804539439,0.03886129598106472
all_4vars,5,4,retail_sales,-0.0034115811798551194,-0.027976554329472908,0.9778298953825353,356,53.326888822991336,0.14979463152525657,0.1555960804539439,0.03886129598106472
all_4vars,5,4,tot_business_inventories,0.019163614226065342,0.20190470561016186,0.8410875962539652,356,53.326888822991336,0.14979463152525657,0.1555960804539439,0.03886129598106472
all_4vars,5,4,export_price_index,0.0386223472004386,0.6646335626369804,0.5103703813210156,356,53.326888822991336,0.14979463152525657,0.1555960804539439,0.03886129598106472
all_4vars,5,4,import_price_index,-0.009338405441976864,-0.1467450996701063,0.8841229378067914,356,53.326888822991336,0.14979463152525657,0.1555960804539439,0.03886129598106472
all_4vars,5,4,unemployment,0.01872249532169691,0.8101517683983491,0.4229880427763413,356,53.326888822991336,0.14979463152525657,0.1555960804539439,0.03886129598106472
all_4vars,5,4,cpi,0.0038002014828528194,0.007021243819184788,0.9944352959023319,356,53.326888822991336,0.14979463152525657,0.1555960804539439,0.03886129598106472
all_4vars,5,4,PCE_price_index,0.00020555926254320163,0.0003785241465076518,0.9996999972309717,356,53.326888822991336,0.14979463152525657,0.1555960804539439,0.03886129598106472
all_4vars,5,4,PPI_inflation,-0.058787324709377,-0.4552499414091188,0.651566536729173,356,53.326888822991336,0.14979463152525657,0.1555960804539439,0.03886129598106472
all_4vars,5,4,nat_fin_condition_indx,-0.008276572850463482,-0.9843561287367025,0.3312782529053173,356,53.326888822991336,0.14979463152525657,0.1555960804539439,0.03886129598106472
all_4vars,5,4,10y_2y_spread,-0.003883796428880669,-0.19952777571585062,0.8429329100173315,356,53.326888822991336,0.14979463152525657,0.1555960804539439,0.03886129598106472
all_4vars,5,4,10y_treasury_const_maturity_rate,0.003979260597127219,0.14315853984615667,0.8869350078317064,356,53.326888822991336,0.14979463152525657,0.1555960804539439,0.03886129598106472
all_4vars,5,4,fed_reserve_discount_rate,0.026290447232112466,0.5664722016893576,0.5744633287454053,356,53.326888822991336,0.14979463152525657,0.1555960804539439,0.03886129598106472
all_4vars,5,4,fedfunds,-0.023669732856363073,-0.4180105611827934,0.6783344558085074,356,53.326888822991336,0.14979463152525657,0.1555960804539439,0.03886129598106472
all_4vars,5,4,m2_real_money_supply,0.009040961636189062,0.09637596106089745,0.9237375814387219,356,53.326888822991336,0.14979463152525657,0.1555960804539439,0.03886129598106472
all_4vars,6,0,industrial_production,0.006544705669600864,0.24225378992951727,0.8095305735125224,356,68.32273353745646,0.19191779083555185,0.1494161765827261,0.03962979644721507
all_4vars,6,0,retail_sales,0.055100964214929576,0.5202325663798063,0.6050958672483033,356,68.32273353745646,0.19191779083555185,0.1494161765827261,0.03962979644721507
all_4vars,6,0,tot_business_inventories,0.03607613767417146,0.41021953811499023,0.6833198394838322,356,68.32273353745646,0.19191779083555185,0.1494161765827261,0.03962979644721507
all_4vars,6,0,export_price_index,0.01605514312947751,0.30497760546517605,0.7615930987346087,356,68.32273353745646,0.19191779083555185,0.1494161765827261,0.03962979644721507
all_4vars,6,0,import_price_index,-0.0069107706354913844,-0.11801021444864088,0.9065114395669256,356,68.32273353745646,0.19191779083555185,0.1494161765827261,0.03962979644721507
all_4vars,6,0,unemployment,0.023820716525248677,1.1417424624858916,0.25875943517542654,356,68.32273353745646,0.19191779083555185,0.1494161765827261,0.03962979644721507
all_4vars,6,0,cpi,-0.2265073628402126,-0.5001777065799314,0.6190472239049876,356,68.32273353745646,0.19191779083555185,0.1494161765827261,0.03962979644721507
all_4vars,6,0,PCE_price_index,0.18238503097732472,0.40171094189391054,0.6895329304952869,356,68.32273353745646,0.19191779083555185,0.1494161765827261,0.03962979644721507
all_4vars,6,0,PPI_inflation,-0.03416588002192764,-0.28401003885081066,0.7775235950394044,356,68.32273353745646,0.19191779083555185,0.1494161765827261,0.03962979644721507
all_4vars,6,0,nat_fin_condition_indx,-0.010283068632385163,-1.3590455668887569,0.17996167852911116,356,68.32273353745646,0.19191779083555185,0.1494161765827261,0.03962979644721507
all_4vars,6,0,10y_2y_spread,-0.003201898600508319,-0.18240099401561188,0.8559729311120621,356,68.32273353745646,0.19191779083555185,0.1494161765827261,0.03962979644721507
all_4vars,6,0,10y_treasury_const_maturity_rate,0.0014431247418462826,0.05976013708636282,0.9525743459720533,356,68.32273353745646,0.19191779083555185,0.1494161765827261,0.03962979644721507
all_4vars,6,0,fed_reserve_discount_rate,0.015580997713279495,0.42152264765273206,0.675100230978309,356,68.32273353745646,0.19191779083555185,0.1494161765827261,0.03962979644721507
all_4vars,6,0,fedfunds,-0.015215913273302649,-0.31760091460290374,0.7520517099999973,356,68.32273353745646,0.19191779083555185,0.1494161765827261,0.03962979644721507
all_4vars,6,0,m2_real_money_supply,-0.02572264061543865,-0.32182379413280227,0.7488684255637565,356,68.32273353745646,0.19191779083555185,0.1494161765827261,0.03962979644721507
all_4vars,6,1,industrial_production,0.0020576567543906374,0.07400264354161741,0.9412877814454215,356,68.82894769341132,0.19333974071182955,0.11739174299862198,0.0392962357018863
all_4vars,6,1,retail_sales,-0.014388392479356958,-0.146759531218937,0.8838804576973882,356,68.82894769341132,0.19333974071182955,0.11739174299862198,0.0392962357018863
all_4vars,6,1,tot_business_inventories,-0.00040329077169191853,-0.005424653783672027,0.995692206787955,356,68.82894769341132,0.19333974071182955,0.11739174299862198,0.0392962357018863
all_4vars,6,1,export_price_index,0.04748402216965119,0.8995503875366486,0.37244173001991676,356,68.82894769341132,0.19333974071182955,0.11739174299862198,0.0392962357018863
all_4vars,6,1,import_price_index,-0.004115237542849173,-0.08339863531028228,0.9338497902494876,356,68.82894769341132,0.19333974071182955,0.11739174299862198,0.0392962357018863
all_4vars,6,1,unemployment,0.010762553322975646,0.5920486053658979,0.5563435064033921,356,68.82894769341132,0.19333974071182955,0.11739174299862198,0.0392962357018863
all_4vars,6,1,cpi,0.15336078112195142,0.3383195162443133,0.7364633189692387,356,68.82894769341132,0.19333974071182955,0.11739174299862198,0.0392962357018863
all_4vars,6,1,PCE_price_index,-0.11401728275185907,-0.24687776266873523,0.8059596902320207,356,68.82894769341132,0.19333974071182955,0.11739174299862198,0.0392962357018863
all_4vars,6,1,PPI_inflation,-0.07660817894308246,-0.698803747726848,0.487739814584899,356,68.82894769341132,0.19333974071182955,0.11739174299862198,0.0392962357018863
all_4vars,6,1,nat_fin_condition_indx,-0.007954464773625061,-1.2299916533213138,0.22414959967796877,356,68.82894769341132,0.19333974071182955,0.11739174299862198,0.0392962357018863
all_4vars,6,1,10y_2y_spread,-0.0005075845879817714,-0.028349279332410285,0.9774904016643013,356,68.82894769341132,0.19333974071182955,0.11739174299862198,0.0392962357018863
all_4vars,6,1,10y_treasury_const_maturity_rate,0.0053975160974273585,0.19681142576187624,0.8447303245108,356,68.82894769341132,0.19333974071182955,0.11739174299862198,0.0392962357018863
all_4vars,6,1,fed_reserve_discount_rate,0.030377021750509346,0.6963663734425077,0.4892520888302736,356,68.82894769341132,0.19333974071182955,0.11739174299862198,0.0392962357018863
all_4vars,6,1,fedfunds,-0.025733003897838665,-0.4904714343877861,0.625831388456449,356,68.82894769341132,0.19333974071182955,0.11739174299862198,0.0392962357018863
all_4vars,6,1,m2_real_money_supply,0.01728994825007323,0.2339567510024955,0.8159228437632413,356,68.82894769341132,0.19333974071182955,0.11739174299862198,0.0392962357018863
all_4vars,6,2,industrial_production,0.007193328987555381,0.20584153816130069,0.83829633656915,356,46.19321416690373,0.12975621956995428,0.12534920356078072,0.03883113740265033
all_4vars,6,2,retail_sales,0.0061589313952909635,0.044733989466271315,0.9646138945093423,356,46.19321416690373,0.12975621956995428,0.12534920356078072,0.03883113740265033
all_4vars,6,2,tot_business_inventories,0.01048448901560249,0.09694144448444456,0.9234135373798429,356,46.19321416690373,0.12975621956995428,0.12534920356078072,0.03883113740265033
all_4vars,6,2,export_price_index,0.03947276763560067,0.6119317137258086,0.54516381877291,356,46.19321416690373,0.12975621956995428,0.12534920356078072,0.03883113740265033
all_4vars,6,2,import_price_index,-0.006887696584293339,-0.09720865970565558,0.9232031148664785,356,46.19321416690373,0.12975621956995428,0.12534920356078072,0.03883113740265033
all_4vars,6,2,unemployment,0.016349911786231998,0.6164912524631203,0.5421910811962158,356,46.19321416690373,0.12975621956995428,0.12534920356078072,0.03883113740265033
all_4vars,6,2,cpi,-0.020037986040958945,-0.033177415729129064,0.9737514688360864,356,46.19321416690373,0.12975621956995428,0.12534920356078072,0.03883113740265033
all_4vars,6,2,PCE_price_index,0.027530874349024827,0.045347513090169,0.9641289177297119,356,46.19321416690373,0.12975621956995428,0.12534920356078072,0.03883113740265033
all_4vars,6,2,PPI_inflation,-0.06278535673777112,-0.43755606887614384,0.6648222104474657,356,46.19321416690373,0.12975621956995428,0.12534920356078072,0.03883113740265033
all_4vars,6,2,nat_fin_condition_indx,-0.008123576703695269,-0.867601236500541,0.39245616075919987,356,46.19321416690373,0.12975621956995428,0.12534920356078072,0.03883113740265033
all_4vars,6,2,10y_2y_spread,-0.00348026301303487,-0.16098457311029218,0.8731778894877351,356,46.19321416690373,0.12975621956995428,0.12534920356078072,0.03883113740265033
all_4vars,6,2,10y_treasury_const_maturity_rate,0.0028325676474058262,0.09137651608181158,0.9277969775719519,356,46.19321416690373,0.12975621956995428,0.12534920356078072,0.03883113740265033
all_4vars,6,2,fed_reserve_discount_rate,0.02409757071026984,0.4658981614681257,0.6446319922126542,356,46.19321416690373,0.12975621956995428,0.12534920356078072,0.03883113740265033
all_4vars,6,2,fedfunds,-0.021970616665531087,-0.34916360303191024,0.7293899371373347,356,46.19321416690373,0.12975621956995428,0.12534920356078072,0.03883113740265033
all_4vars,6,2,m2_real_money_supply,0.005525956513903906,0.05294177264277084,0.9581270376110307,356,46.19321416690373,0.12975621956995428,0.12534920356078072,0.03883113740265033
all_4vars,6,3,industrial_production,0.009734948138294291,0.3172092012164532,0.7524815045321587,356,63.27804314111184,0.17774731219413437,0.1136125460466646,0.040425086805615185
all_4vars,6,3,retail_sales,0.015971365843093714,0.1278920057658866,0.8987768948789574,356,63.27804314111184,0.17774731219413437,0.1136125460466646,0.040425086805615185
all_4vars,6,3,tot_business_inventories,0.010460920883373723,0.10450288416798899,0.9172123650187407,356,63.27804314111184,0.17774731219413437,0.1136125460466646,0.040425086805615185
all_4vars,6,3,export_price_index,0.045839123192926406,0.8360869571350724,0.40731189047532146,356,63.27804314111184,0.17774731219413437,0.1136125460466646,0.040425086805615185
all_4vars,6,3,import_price_index,-0.008987455215969132,-0.1446867738606288,0.8855732244806891,356,63.27804314111184,0.17774731219413437,0.1136125460466646,0.040425086805615185
all_4vars,6,3,unemployment,0.017149030274848532,0.6900113140533685,0.4935604475765265,356,63.27804314111184,0.17774731219413437,0.1136125460466646,0.040425086805615185
all_4vars,6,3,cpi,-0.09738338692350984,-0.1843244861958065,0.8545472734557815,356,63.27804314111184,0.17774731219413437,0.1136125460466646,0.040425086805615185
all_4vars,6,3,PCE_price_index,0.09302657016928254,0.17730835848131282,0.8600236481137835,356,63.27804314111184,0.17774731219413437,0.1136125460466646,0.040425086805615185
all_4vars,6,3,PPI_inflation,-0.07041822798591346,-0.5819209486377986,0.5633846385078587,356,63.27804314111184,0.17774731219413437,0.1136125460466646,0.040425086805615185
all_4vars,6,3,nat_fin_condition_indx,-0.00673565847619178,-0.8031639472089837,0.4258995147087128,356,63.27804314111184,0.17774731219413437,0.1136125460466646,0.040425086805615185
all_4vars,6,3,10y_2y_spread,-0.005965364003002826,-0.33106548913578815,0.7420579413725259,356,63.27804314111184,0.17774731219413437,0.1136125460466646,0.040425086805615185
all_4vars,6,3,10y_treasury_const_maturity_rate,0.00021032637809893881,0.00858171018521031,0.9931889802185203,356,63.27804314111184,0.17774731219413437,0.1136125460466646,0.040425086805615185
all_4vars,6,3,fed_reserve_discount_rate,0.027059673688080873,0.6016143617205273,0.5503050091159736,356,63.27804314111184,0.17774731219413437,0.1136125460466646,0.040425086805615185
all_4vars,6,3,fedfunds,-0.028586041933810976,-0.5618185932384953,0.5768934975590696,356,63.27804314111184,0.17774731219413437,0.1136125460466646,0.040425086805615185
all_4vars,6,3,m2_real_money_supply,0.002973972630177924,0.031206124137075946,0.9752365243421699,356,63.27804314111184,0.17774731219413437,0.1136125460466646,0.040425086805615185
all_4vars,6,4,industrial_production,0.008829257353707836,0.25531942404118607,0.8001950507680042,356,46.415839080925835,0.13038157045203885,0.1561763317315802,0.03881789942762386
all_4vars,6,4,retail_sales,-0.003092162158303615,-0.02291475952232482,0.9818679414861733,356,46.415839080925835,0.13038157045203885,0.1561763317315802,0.03881789942762386
all_4vars,6,4,tot_business_inventories,0.0193141534489551,0.18386079892796042,0.8553429517258713,356,46.415839080925835,0.13038157045203885,0.1561763317315802,0.03881789942762386
all_4vars,6,4,export_price_index,0.03846046317705365,0.597790558427207,0.554404904054723,356,46.415839080925835,0.13038157045203885,0.1561763317315802,0.03881789942762386
all_4vars,6,4,import_price_index,-0.009194334129215607,-0.1305290034567441,0.8970074033773041,356,46.415839080925835,0.13038157045203885,0.1561763317315802,0.03881789942762386
all_4vars,6,4,unemployment,0.018771341197591124,0.7339375876542846,0.4686070379449139,356,46.415839080925835,0.13038157045203885,0.1561763317315802,0.03881789942762386
all_4vars,6,4,cpi,0.0037481936929367643,0.006255070146861397,0.9950500555835209,356,46.415839080925835,0.13038157045203885,0.1561763317315802,0.03881789942762386
all_4vars,6,4,PCE_price_index,0.00015550125001380217,0.0002586680472398213,0.9997953018854664,356,46.415839080925835,0.13038157045203885,0.1561763317315802,0.03881789942762386
all_4vars,6,4,PPI_inflation,-0.05894455173111839,-0.4126401709834383,0.6827645586654056,356,46.415839080925835,0.13038157045203885,0.1561763317315802,0.03881789942762386
all_4vars,6,4,nat_fin_condition_indx,-0.008398299216541918,-0.9015075504243412,0.3744020974882092,356,46.415839080925835,0.13038157045203885,0.1561763317315802,0.03881789942762386
all_4vars,6,4,10y_2y_spread,-0.00396898006113192,-0.18426510782718006,0.8550285463609872,356,46.415839080925835,0.13038157045203885,0.1561763317315802,0.03881789942762386
all_4vars,6,4,10y_treasury_const_maturity_rate,0.00404054997700172,0.13135939759942367,0.8963560589403479,356,46.415839080925835,0.13038157045203885,0.1561763317315802,0.03881789942762386
all_4vars,6,4,fed_reserve_discount_rate,0.025902891152527658,0.5040846471152577,0.6178339924744725,356,46.415839080925835,0.13038157045203885,0.1561763317315802,0.03881789942762386
all_4vars,6,4,fedfunds,-0.02343629913409258,-0.37387379092200906,0.7110918355389719,356,46.415839080925835,0.13038157045203885,0.1561763317315802,0.03881789942762386
all_4vars,6,4,m2_real_money_supply,0.008784613419106297,0.08462920638436512,0.9331107727642365,356,46.415839080925835,0.13038157045203885,0.1561763317315802,0.03881789942762386
all_4vars,6,5,industrial_production,0.006344022112618921,0.23171590093461747,0.817765421110868,356,62.96122238019083,0.1768573662364911,0.11877721561656374,0.03503948155931957
all_4vars,6,5,retail_sales,-0.002286984924249926,-0.020559892247930325,0.9836838443920934,356,62.96122238019083,0.1768573662364911,0.11877721561656374,0.03503948155931957
all_4vars,6,5,tot_business_inventories,0.002902054632865922,0.03314044602130573,0.9737030477576565,356,62.96122238019083,0.1768573662364911,0.11877721561656374,0.03503948155931957
all_4vars,6,5,export_price_index,0.040549070349031706,0.8616201772925349,0.39327490570406054,356,62.96122238019083,0.1768573662364911,0.11877721561656374,0.03503948155931957
all_4vars,6,5,import_price_index,-0.0030784536700187532,-0.05497395890276164,0.9563924278834164,356,62.96122238019083,0.1768573662364911,0.11877721561656374,0.03503948155931957
all_4vars,6,5,unemployment,0.013943808738036403,0.6444357409443315,0.5224284437173647,356,62.96122238019083,0.1768573662364911,0.11877721561656374,0.03503948155931957
all_4vars,6,5,cpi,0.019718814218167728,0.04127051598929252,0.9672552065533411,356,62.96122238019083,0.1768573662364911,0.11877721561656374,0.03503948155931957
all_4vars,6,5,PCE_price_index,-0.0008285388839758466,-0.001722526733765676,0.9986329197689261,356,62.96122238019083,0.1768573662364911,0.11877721561656374,0.03503948155931957
all_4vars,6,5,PPI_inflation,-0.0673933573833409,-0.6362185715626977,0.5277228110467691,356,62.96122238019083,0.1768573662364911,0.11877721561656374,0.03503948155931957
all_4vars,6,5,nat_fin_condition_indx,-0.008280971021622027,-1.0739629354653601,0.28832677262081874,356,62.96122238019083,0.1768573662364911,0.11877721561656374,0.03503948155931957
all_4vars,6,5,10y_2y_spread,-0.0032415542175100514,-0.2092392940592661,0.8351664669519683,356,62.96122238019083,0.1768573662364911,0.11877721561656374,0.03503948155931957
all_4vars,6,5,10y_treasury_const_maturity_rate,4.9376737178037725e-05,0.0022456528460061964,0.9982177423045513,356,62.96122238019083,0.1768573662364911,0.11877721561656374,0.03503948155931957
all_4vars,6,5,fed_reserve_discount_rate,0.020853726685780907,0.5339840324951411,0.5958714098025051,356,62.96122238019083,0.1768573662364911,0.11877721561656374,0.03503948155931957
all_4vars,6,5,fedfunds,-0.016764582834720404,-0.3398190924499527,0.7355079947509,356,62.96122238019083,0.1768573662364911,0.11877721561656374,0.03503948155931957
all_4vars,6,5,m2_real_money_supply,0.010723739668240896,0.1270816913886882,0.89941833455352,356,62.96122238019083,0.1768573662364911,0.11877721561656374,0.03503948155931957
2vars_growth_inflation,2,0,industrial_production,0.009094078972036285,0.7159880801494879,0.4747257814706032,356,245.75239231575858,0.6903157087521309,0.07878774967290303,0.037826037376096064
2vars_growth_inflation,2,0,retail_sales,-0.007452889626665107,-0.13319843081279548,0.894153042447015,356,245.75239231575858,0.6903157087521309,0.07878774967290303,0.037826037376096064
2vars_growth_inflation,2,0,tot_business_inventories,0.003845122672080662,0.08917487707733855,0.9290206159350658,356,245.75239231575858,0.6903157087521309,0.07878774967290303,0.037826037376096064
2vars_growth_inflation,2,0,export_price_index,0.04011806690003064,1.6331794734294087,0.1038008912447348,356,245.75239231575858,0.6903157087521309,0.07878774967290303,0.037826037376096064
2vars_growth_inflation,2,0,import_price_index,-0.0005775481212875477,-0.021109805836299636,0.9831763843079306,356,245.75239231575858,0.6903157087521309,0.07878774967290303,0.037826037376096064
2vars_growth_inflation,2,0,unemployment,0.012085949241266897,1.0508463722822547,0.29443319098775045,356,245.75239231575858,0.6903157087521309,0.07878774967290303,0.037826037376096064
2vars_growth_inflation,2,0,cpi,-0.054002368554735704,-0.24491323760869738,0.8067422154188819,356,245.75239231575858,0.6903157087521309,0.07878774967290303,0.037826037376096064
2vars_growth_inflation,2,0,PCE_price_index,0.07534516227537502,0.3447274354739026,0.7306146433111054,356,245.75239231575858,0.6903157087521309,0.07878774967290303,0.037826037376096064
2vars_growth_inflation,2,0,PPI_inflation,-0.07446073189973783,-1.4024539502603266,0.162129477301044,356,245.75239231575858,0.6903157087521309,0.07878774967290303,0.037826037376096064
2vars_growth_inflation,2,0,nat_fin_condition_indx,-0.006610905278944879,-1.5453263819919985,0.12364361286156123,356,245.75239231575858,0.6903157087521309,0.07878774967290303,0.037826037376096064
2vars_growth_inflation,2,0,10y_2y_spread,-0.0018510359094900915,-0.23942268213503998,0.8109912943463096,356,245.75239231575858,0.6903157087521309,0.07878774967290303,0.037826037376096064
2vars_growth_inflation,2,0,10y_treasury_const_maturity_rate,0.0010683436123347415,0.09857125491609235,0.9215646390966479,356,245.75239231575858,0.6903157087521309,0.07878774967290303,0.037826037376096064
2vars_growth_inflation,2,0,fed_reserve_discount_rate,0.02518428534701202,1.3504549186641934,0.1781987984462241,356,245.75239231575858,0.6903157087521309,0.07878774967290303,0.037826037376096064
2vars_growth_inflation,2,0,fedfunds,-0.02215580483387559,-0.9772489290109142,0.32947378222201507,356,245.75239231575858,0.6903157087521309,0.07878774967290303,0.037826037376096064
2vars_growth_inflation,2,0,m2_real_money_supply,0.014688425258050287,0.3696069203769017,0.7120158351250336,356,245.75239231575858,0.6903157087521309,0.07878774967290303,0.037826037376096064
2vars_growth_inflation,2,1,industrial_production,0.0039071014110530515,0.1925315636048917,0.8477401037921519,356,110.24760768424142,0.30968429124786917,0.21042653832119962,0.040784739261178767
2vars_growth_inflation,2,1,retail_sales,0.016609621931362648,0.2442712261549747,0.8075517557435843,356,110.24760768424142,0.30968429124786917,0.21042653832119962,0.040784739261178767
2vars_growth_inflation,2,1,tot_business_inventories,0.015506875528088817,0.2697281718952909,0.7879590726249317,356,110.24760768424142,0.30968429124786917,0.21042653832119962,0.040784739261178767
2vars_growth_inflation,2,1,export_price_index,0.04163683092328893,1.1593589583263866,0.2492387506398086,356,110.24760768424142,0.30968429124786917,0.21042653832119962,0.040784739261178767
2vars_growth_inflation,2,1,import_price_index,-0.016713132755155107,-0.4425416114838577,0.6591112976212656,356,110.24760768424142,0.30968429124786917,0.21042653832119962,0.040784739261178767
2vars_growth_inflation,2,1,unemployment,0.02087608301099677,1.6567834928838567,0.10088880511733422,356,110.24760768424142,0.30968429124786917,0.21042653832119962,0.040784739261178767
2vars_growth_inflation,2,1,cpi,0.06341776700871062,0.18229429594989002,0.8557433063240816,356,110.24760768424142,0.30968429124786917,0.21042653832119962,0.040784739261178767
2vars_growth_inflation,2,1,PCE_price_index,-0.06760956306301978,-0.19012790733779295,0.84961781341675,356,110.24760768424142,0.30968429124786917,0.21042653832119962,0.040784739261178767
2vars_growth_inflation,2,1,PPI_inflation,-0.04586995227167056,-0.5724186733124278,0.5684013487407524,356,110.24760768424142,0.30968429124786917,0.21042653832119962,0.040784739261178767
2vars_growth_inflation,2,1,nat_fin_condition_indx,-0.009635142059112914,-2.227587478680842,0.02828763748011731,356,110.24760768424142,0.30968429124786917,0.21042653832119962,0.040784739261178767
2vars_growth_inflation,2,1,10y_2y_spread,-0.00669408920780845,-0.5191807898755373,0.6048517386954686,356,110.24760768424142,0.30968429124786917,0.21042653832119962,0.040784739261178767
2vars_growth_inflation,2,1,10y_treasury_const_maturity_rate,0.007000659422623969,0.3651565977528623,0.7158126895223016,356,110.24760768424142,0.30968429124786917,0.21042653832119962,0.040784739261178767
2vars_growth_inflation,2,1,fed_reserve_discount_rate,0.02611068790496356,0.8462714079704957,0.3995449668495512,356,110.24760768424142,0.30968429124786917,0.21042653832119962,0.040784739261178767
2vars_growth_inflation,2,1,fedfunds,-0.027272959272630078,-0.7167723185814715,0.475287118025961,356,110.24760768424142,0.30968429124786917,0.21042653832119962,0.040784739261178767
2vars_growth_inflation,2,1,m2_real_money_supply,-0.004600525013675649,-0.08215198631682877,0.934700073232438,356,110.24760768424142,0.30968429124786917,0.21042653832119962,0.040784739261178767
2vars_growth_inflation,3,0,industrial_production,0.009754828461581199,0.6705100999435204,0.5034123328632221,356,191.84553598028623,0.538891955000804,0.08044595236205099,0.037680934536421455
2vars_growth_inflation,3,0,retail_sales,-0.01027555423333292,-0.16050195891334285,0.8726699104769753,356,191.84553598028623,0.538891955000804,0.08044595236205099,0.037680934536421455
2vars_growth_inflation,3,0,tot_business_inventories,0.0038091720363185927,0.07715455639959433,0.9385883094203344,356,191.84553598028623,0.538891955000804,0.08044595236205099,0.037680934536421455
2vars_growth_inflation,3,0,export_price_index,0.040648770647435495,1.4439717566316037,0.15052621744216332,356,191.84553598028623,0.538891955000804,0.08044595236205099,0.037680934536421455
2vars_growth_inflation,3,0,import_price_index,-0.000514000506685771,-0.016329334450580785,0.9869901676065207,356,191.84553598028623,0.538891955000804,0.08044595236205099,0.037680934536421455
2vars_growth_inflation,3,0,unemployment,0.011815947181974719,0.9004340406875596,0.36912081376229455,356,191.84553598028623,0.538891955000804,0.08044595236205099,0.037680934536421455
2vars_growth_inflation,3,0,cpi,-0.05032134603185608,-0.19925280154927394,0.8422952059840383,356,191.84553598028623,0.538891955000804,0.08044595236205099,0.037680934536421455
2vars_growth_inflation,3,0,PCE_price_index,0.07233914366613155,0.28937064574760035,0.7726386442750259,356,191.84553598028623,0.538891955000804,0.08044595236205099,0.037680934536421455
2vars_growth_inflation,3,0,PPI_inflation,-0.07513201527200665,-1.2331325659910286,0.219172209955377,356,191.84553598028623,0.538891955000804,0.08044595236205099,0.037680934536421455
2vars_growth_inflation,3,0,nat_fin_condition_indx,-0.007107465759848204,-1.4538811990465321,0.14776169433590725,356,191.84553598028623,0.538891955000804,0.08044595236205099,0.037680934536421455
2vars_growth_inflation,3,0,10y_2y_spread,-0.0014986154368729775,-0.17008400025728126,0.8651395993308975,356,191.84553598028623,0.538891955000804,0.08044595236205099,0.037680934536421455
2vars_growth_inflation,3,0,10y_treasury_const_maturity_rate,0.0004187404297674399,0.03398744438292397,0.9729257112634226,356,191.84553598028623,0.538891955000804,0.08044595236205099,0.037680934536421455
2vars_growth_inflation,3,0,fed_reserve_discount_rate,0.02519450182881971,1.1856417663389578,0.23736348045744138,356,191.84553598028623,0.538891955000804,0.08044595236205099,0.037680934536421455
2vars_growth_inflation,3,0,fedfunds,-0.021377342404054676,-0.8286960764483104,0.40839980110079477,356,191.84553598028623,0.538891955000804,0.08044595236205099,0.037680934536421455
2vars_growth_inflation,3,0,m2_real_money_supply,0.016416302127075715,0.3591209120211829,0.7199354836991922,356,191.84553598028623,0.538891955000804,0.08044595236205099,0.037680934536421455
2vars_growth_inflation,3,1,industrial_production,0.0015128890961695778,0.06473927709039345,0.9485612941835111,356,87.88271730606544,0.24686156546647597,0.18839188045946187,0.04087570914570224
2vars_growth_inflation,3,1,retail_sales,0.03136736918388402,0.3922027338617625,0.6960688962625796,356,87.88271730606544,0.24686156546647597,0.18839188045946187,0.04087570914570224
2vars_growth_inflation,3,1,tot_business_inventories,0.0037975535858778046,0.05666821304666835,0.9549667199038465,356,87.88271730606544,0.24686156546647597,0.18839188045946187,0.04087570914570224
2vars_growth_inflation,3,1,export_price_index,0.04124173492174184,1.0032290542515514,0.3191156004954867,356,87.88271730606544,0.24686156546647597,0.18839188045946187,0.04087570914570224
2vars_growth_inflation,3,1,import_price_index,-0.012366847675072203,-0.28648294349352144,0.7753323401778431,356,87.88271730606544,0.24686156546647597,0.18839188045946187,0.04087570914570224
2vars_growth_inflation,3,1,unemployment,0.018554985020155346,1.2537913371133131,0.2139801923635476,356,87.88271730606544,0.24686156546647597,0.18839188045946187,0.04087570914570224
2vars_growth_inflation,3,1,cpi,0.009736536602571963,0.024286828146256382,0.980691115010734,356,87.88271730606544,0.24686156546647597,0.18839188045946187,0.04087570914570224
2vars_growth_inflation,3,1,PCE_price_index,-0.005706648690389468,-0.01386926689430799,0.9889727029975426,356,87.88271730606544,0.24686156546647597,0.18839188045946187,0.04087570914570224
2vars_growth_inflation,3,1,PPI_inflation,-0.05372890168623717,-0.5857508577412182,0.5598775782955325,356,87.88271730606544,0.24686156546647597,0.18839188045946187,0.04087570914570224
2vars_growth_inflation,3,1,nat_fin_condition_indx,-0.009021330627001747,-1.8049780890537719,0.07526608113045707,356,87.88271730606544,0.24686156546647597,0.18839188045946187,0.04087570914570224
2vars_growth_inflation,3,1,10y_2y_spread,-0.006453462711485808,-0.4359169460927562,0.6642033258106457,356,87.88271730606544,0.24686156546647597,0.18839188045946187,0.04087570914570224
2vars_growth_inflation,3,1,10y_treasury_const_maturity_rate,0.005911422808220407,0.26622605793387893,0.7908272739582283,356,87.88271730606544,0.24686156546647597,0.18839188045946187,0.04087570914570224
2vars_growth_inflation,3,1,fed_reserve_discount_rate,0.022976015581082528,0.6462651659927517,0.5201656779037398,356,87.88271730606544,0.24686156546647597,0.18839188045946187,0.04087570914570224
2vars_growth_inflation,3,1,fedfunds,-0.02518788423761655,-0.5752187714543099,0.5669395780660285,356,87.88271730606544,0.24686156546647597,0.18839188045946187,0.04087570914570224
2vars_growth_inflation,3,1,m2_real_money_supply,-0.011488666108158522,-0.17919948842479572,0.8582852158568235,356,87.88271730606544,0.24686156546647597,0.18839188045946187,0.04087570914570224
2vars_growth_inflation,3,2,industrial_production,0.008760007544957342,0.35669523147445986,0.7225657340190779,356,76.27174671364833,0.21424647953272002,0.15475875520058158,0.03892751714203053
2vars_growth_inflation,3,2,retail_sales,-0.0017884294981003748,-0.018640063639946705,0.9851898121441844,356,76.27174671364833,0.21424647953272002,0.15475875520058158,0.03892751714203053
2vars_growth_inflation,3,2,tot_business_inventories,0.019314550953818347,0.2590041408336509,0.7965145940859197,356,76.27174671364833,0.21424647953272002,0.15475875520058158,0.03892751714203053
2vars_growth_inflation,3,2,export_price_index,0.0377054763389905,0.8243001251899968,0.41301927722106857,356,76.27174671364833,0.21424647953272002,0.15475875520058158,0.03892751714203053
2vars_growth_inflation,3,2,import_price_index,-0.008439688647119794,-0.1689315053343701,0.8664161863128932,356,76.27174671364833,0.21424647953272002,0.15475875520058158,0.03892751714203053
2vars_growth_inflation,3,2,unemployment,0.01890967623597888,1.0397420243663076,0.30261287682969207,356,76.27174671364833,0.21424647953272002,0.15475875520058158,0.03892751714203053
2vars_growth_inflation,3,2,cpi,-0.0014478987710071576,-0.003401340768593615,0.9972973610229865,356,76.27174671364833,0.21424647953272002,0.15475875520058158,0.03892751714203053
2vars_growth_inflation,3,2,PCE_price_index,0.0051725476369386585,0.012102323391138632,0.9903839498665881,356,76.27174671364833,0.21424647953272002,0.15475875520058158,0.03892751714203053
2vars_growth_inflation,3,2,PPI_inflation,-0.05924920082372072,-0.5839288100063231,0.5614473253548362,356,76.27174671364833,0.21424647953272002,0.15475875520058158,0.03892751714203053
2vars_growth_inflation,3,2,nat_fin_condition_indx,-0.008279102301264205,-1.2468118348161918,0.21729017589251587,356,76.27174671364833,0.21424647953272002,0.15475875520058158,0.03892751714203053
2vars_growth_inflation,3,2,10y_2y_spread,-0.004109197776358368,-0.2676308825469325,0.7898971981981355,356,76.27174671364833,0.21424647953272002,0.15475875520058158,0.03892751714203053
2vars_growth_inflation,3,2,10y_treasury_const_maturity_rate,0.004482054696961189,0.20431626402287212,0.8387947259729991,356,76.27174671364833,0.21424647953272002,0.15475875520058158,0.03892751714203053
2vars_growth_inflation,3,2,fed_reserve_discount_rate,0.02572243047351524,0.7024600691339291,0.48509652952659366,356,76.27174671364833,0.21424647953272002,0.15475875520058158,0.03892751714203053
2vars_growth_inflation,3,2,fedfunds,-0.023661481583858668,-0.5293987601714898,0.5984734491482695,356,76.27174671364833,0.21424647953272002,0.15475875520058158,0.03892751714203053
2vars_growth_inflation,3,2,m2_real_money_supply,0.00820651093702072,0.1115248807428039,0.911570713107603,356,76.27174671364833,0.21424647953272002,0.15475875520058158,0.03892751714203053
2vars_growth_inflation,4,0,industrial_production,0.00893426844961562,0.5556495800764009,0.5793257833009671,356,157.84298858245984,0.44337918141140403,0.08176103701015969,0.03776629324005517
2vars_growth_inflation,4,0,retail_sales,-0.010017285406698712,-0.1402259585037686,0.8886803906991432,356,157.84298858245984,0.44337918141140403,0.08176103701015969,0.03776629324005517
2vars_growth_inflation,4,0,tot_business_inventories,0.006908852974126491,0.1265059113043504,0.8995106183963864,356,157.84298858245984,0.44337918141140403,0.08176103701015969,0.03776629324005517
2vars_growth_inflation,4,0,export_price_index,0.044081376805579504,1.3941900345948246,0.16544028912377384,356,157.84298858245984,0.44337918141140403,0.08176103701015969,0.03776629324005517
2vars_growth_inflation,4,0,import_price_index,-0.0033637244565356684,-0.09497231092992676,0.9244708562257404,356,157.84298858245984,0.44337918141140403,0.08176103701015969,0.03776629324005517
2vars_growth_inflation,4,0,unemployment,0.013143433847069957,0.8998922807402634,0.36970281628559487,356,157.84298858245984,0.44337918141140403,0.08176103701015969,0.03776629324005517
2vars_growth_inflation,4,0,cpi,-0.03370006782866392,-0.1180910984868928,0.9061625416178987,356,157.84298858245984,0.44337918141140403,0.08176103701015969,0.03776629324005517
2vars_growth_inflation,4,0,PCE_price_index,0.05886821659980133,0.20820102206063942,0.8353706677531012,356,157.84298858245984,0.44337918141140403,0.08176103701015969,0.03776629324005517
2vars_growth_inflation,4,0,PPI_inflation,-0.07894329177247947,-1.1608953311366539,0.24763447794266225,356,157.84298858245984,0.44337918141140403,0.08176103701015969,0.03776629324005517
2vars_growth_inflation,4,0,nat_fin_condition_indx,-0.007241189343114507,-1.307686836712261,0.19309507430311879,356,157.84298858245984,0.44337918141140403,0.08176103701015969,0.03776629324005517
2vars_growth_inflation,4,0,10y_2y_spread,-0.0011946194798646051,-0.11799303170556702,0.9062401037330075,356,157.84298858245984,0.44337918141140403,0.08176103701015969,0.03776629324005517
2vars_growth_inflation,4,0,10y_treasury_const_maturity_rate,0.0008753726823702266,0.06315378595738537,0.9497329539858834,356,157.84298858245984,0.44337918141140403,0.08176103701015969,0.03776629324005517
2vars_growth_inflation,4,0,fed_reserve_discount_rate,0.027759282203412197,1.162184242724445,0.2471123738904184,356,157.84298858245984,0.44337918141140403,0.08176103701015969,0.03776629324005517
2vars_growth_inflation,4,0,fedfunds,-0.023358589480163793,-0.7994956970123765,0.42533986221087194,356,157.84298858245984,0.44337918141140403,0.08176103701015969,0.03776629324005517
2vars_growth_inflation,4,0,m2_real_money_supply,0.01401503428890677,0.27857270346752194,0.780978466896868,356,157.84298858245984,0.44337918141140403,0.08176103701015969,0.03776629324005517
2vars_growth_inflation,4,1,industrial_production,0.008686492244234238,0.31208657425873815,0.756357054358409,356,62.93338258545797,0.17677916456589318,0.15533478600154127,0.038892481587444176
2vars_growth_inflation,4,1,retail_sales,-0.00225001883867855,-0.020694052655506386,0.983577443166592,356,62.93338258545797,0.17677916456589318,0.15533478600154127,0.038892481587444176
2vars_growth_inflation,4,1,tot_business_inventories,0.019221912598094294,0.22715877351529742,0.8212868843649013,356,62.93338258545797,0.17677916456589318,0.15533478600154127,0.038892481587444176
2vars_growth_inflation,4,1,export_price_index,0.03817675548909387,0.7374893103934606,0.4644961377938661,356,62.93338258545797,0.17677916456589318,0.15533478600154127,0.038892481587444176
2vars_growth_inflation,4,1,import_price_index,-0.008974869939568612,-0.15836390566555508,0.874849503268261,356,62.93338258545797,0.17677916456589318,0.15533478600154127,0.038892481587444176
2vars_growth_inflation,4,1,unemployment,0.01887229824298692,0.9153021850581081,0.36471196931995986,356,62.93338258545797,0.17677916456589318,0.15533478600154127,0.038892481587444176
2vars_growth_inflation,4,1,cpi,7.774970045959614e-06,1.616269242764417e-05,0.999987172542367,356,62.93338258545797,0.17677916456589318,0.15533478600154127,0.038892481587444176
2vars_growth_inflation,4,1,PCE_price_index,0.004239271193763155,0.008777055371534238,0.9930342156735779,356,62.93338258545797,0.17677916456589318,0.15533478600154127,0.038892481587444176
2vars_growth_inflation,4,1,PPI_inflation,-0.05915764064717172,-0.5142850997087264,0.6094659529226871,356,62.93338258545797,0.17677916456589318,0.15533478600154127,0.038892481587444176
2vars_growth_inflation,4,1,nat_fin_condition_indx,-0.008225285166407581,-1.0978820236246967,0.27785671615974095,356,62.93338258545797,0.17677916456589318,0.15533478600154127,0.038892481587444176
2vars_growth_inflation,4,1,10y_2y_spread,-0.004041064803911332,-0.23378040678685244,0.8161722086290195,356,62.93338258545797,0.17677916456589318,0.15533478600154127,0.038892481587444176
2vars_growth_inflation,4,1,10y_treasury_const_maturity_rate,0.004387177085039651,0.17682629585407497,0.8604057071883022,356,62.93338258545797,0.17677916456589318,0.15533478600154127,0.038892481587444176
2vars_growth_inflation,4,1,fed_reserve_discount_rate,0.025938205689064957,0.6260167933571361,0.5343367405374195,356,62.93338258545797,0.17677916456589318,0.15533478600154127,0.038892481587444176
2vars_growth_inflation,4,1,fedfunds,-0.023711563181716654,-0.4699441135221244,0.6405712917190272,356,62.93338258545797,0.17677916456589318,0.15533478600154127,0.038892481587444176
2vars_growth_inflation,4,1,m2_real_money_supply,0.008214933959534392,0.09835296862590584,0.9220708799142747,356,62.93338258545797,0.17677916456589318,0.15533478600154127,0.038892481587444176
2vars_growth_inflation,4,2,industrial_production,0.006883285109408296,0.25152169313364525,0.8024365792231087,356,66.25073644927886,0.18609757429572713,0.1281773109177745,0.038730152154925895
2vars_growth_inflation,4,2,retail_sales,0.010770869643058043,0.10353917728140297,0.9179471829124237,356,66.25073644927886,0.18609757429572713,0.1281773109177745,0.038730152154925895
2vars_growth_inflation,4,2,tot_business_inventories,0.007351873199392719,0.086761484132408,0.9312059080046828,356,66.25073644927886,0.18609757429572713,0.1281773109177745,0.038730152154925895
2vars_growth_inflation,4,2,export_price_index,0.03385898228684354,0.7111968598073577,0.4802506530642554,356,66.25073644927886,0.18609757429572713,0.1281773109177745,0.038730152154925895
2vars_growth_inflation,4,2,import_price_index,-0.0063703637263695274,-0.12608783936399792,0.9001655332971892,356,66.25073644927886,0.18609757429572713,0.1281773109177745,0.038730152154925895
2vars_growth_inflation,4,2,unemployment,0.01553945584906947,0.7517595772623459,0.4557023868028849,356,66.25073644927886,0.18609757429572713,0.1281773109177745,0.038730152154925895
2vars_growth_inflation,4,2,cpi,-0.033444892600317966,-0.07296720306501643,0.9421218858065767,356,66.25073644927886,0.18609757429572713,0.1281773109177745,0.038730152154925895
2vars_growth_inflation,4,2,PCE_price_index,0.031831840048004115,0.06920190055309759,0.945103559772003,356,66.25073644927886,0.18609757429572713,0.1281773109177745,0.038730152154925895
2vars_growth_inflation,4,2,PPI_inflation,-0.049654258296888416,-0.46942202067937616,0.6407985564300189,356,66.25073644927886,0.18609757429572713,0.1281773109177745,0.038730152154925895
2vars_growth_inflation,4,2,nat_fin_condition_indx,-0.007056360612779852,-0.9887957446326534,0.3275005165897884,356,66.25073644927886,0.18609757429572713,0.1281773109177745,0.038730152154925895
2vars_growth_inflation,4,2,10y_2y_spread,-0.0046372485542416995,-0.2907789676008992,0.77241714512681,356,66.25073644927886,0.18609757429572713,0.1281773109177745,0.038730152154925895
2vars_growth_inflation,4,2,10y_treasury_const_maturity_rate,0.003763948637839039,0.15582007464632336,0.8767991287389831,356,66.25073644927886,0.18609757429572713,0.1281773109177745,0.038730152154925895
2vars_growth_inflation,4,2,fed_reserve_discount_rate,0.01900688637643095,0.47730129349598577,0.6352170630150944,356,66.25073644927886,0.18609757429572713,0.1281773109177745,0.038730152154925895
2vars_growth_inflation,4,2,fedfunds,-0.01893321841818786,-0.393367663892912,0.6957120048115919,356,66.25073644927886,0.18609757429572713,0.1281773109177745,0.038730152154925895
2vars_growth_inflation,4,2,m2_real_money_supply,0.005633284679925179,0.06931255433621016,0.9450159235603068,356,66.25073644927886,0.18609757429572713,0.1281773109177745,0.038730152154925895
2vars_growth_inflation,4,3,industrial_production,0.003266840881070825,0.12043980982811284,0.904590417262189,356,68.97289238280331,0.19374407972697558,0.18762717670211548,0.04088984942146026
2vars_growth_inflation,4,3,retail_sales,0.0293055099857783,0.3092719396084023,0.7583278986779409,356,68.97289238280331,0.19374407972697558,0.18762717670211548,0.04088984942146026
2vars_growth_inflation,4,3,tot_business_inventories,0.005810631605730344,0.07446955928085217,0.9409172724120987,356,68.97289238280331,0.19374407972697558,0.18762717670211548,0.04088984942146026
2vars_growth_inflation,4,3,export_price_index,0.042537257570442,0.862182801117282,0.39247333108479765,356,68.97289238280331,0.19374407972697558,0.18762717670211548,0.04088984942146026
2vars_growth_inflation,4,3,import_price_index,-0.010738591886067158,-0.19505193640476917,0.8460984863863665,356,68.97289238280331,0.19374407972697558,0.18762717670211548,0.04088984942146026
2vars_growth_inflation,4,3,unemployment,0.018524863805075908,1.0795544882543004,0.2852315515618935,356,68.97289238280331,0.19374407972697558,0.18762717670211548,0.04088984942146026
2vars_growth_inflation,4,3,cpi,-0.013628146015262892,-0.029328633224013755,0.9767127091179739,356,68.97289238280331,0.19374407972697558,0.18762717670211548,0.04088984942146026
2vars_growth_inflation,4,3,PCE_price_index,0.01682011435370186,0.035212614584300285,0.9720425591768289,356,68.97289238280331,0.19374407972697558,0.18762717670211548,0.04088984942146026
2vars_growth_inflation,4,3,PPI_inflation,-0.06008963144463721,-0.5310845461119635,0.5975800357649323,356,68.97289238280331,0.19374407972697558,0.18762717670211548,0.04088984942146026
2vars_growth_inflation,4,3,nat_fin_condition_indx,-0.009274044968009728,-1.6044631739173805,0.11455812630528728,356,68.97289238280331,0.19374407972697558,0.18762717670211548,0.04088984942146026
2vars_growth_inflation,4,3,10y_2y_spread,-0.005928932080417363,-0.3466078743840919,0.7302590158171705,356,68.97289238280331,0.19374407972697558,0.18762717670211548,0.04088984942146026
2vars_growth_inflation,4,3,10y_treasury_const_maturity_rate,0.00451227627675255,0.17808193236809192,0.8593379065560864,356,68.97289238280331,0.19374407972697558,0.18762717670211548,0.04088984942146026
2vars_growth_inflation,4,3,fed_reserve_discount_rate,0.025015257907904567,0.606530844737874,0.5467529976303909,356,68.97289238280331,0.19374407972697558,0.18762717670211548,0.04088984942146026
2vars_growth_inflation,4,3,fedfunds,-0.026351519854034864,-0.5259630239482883,0.6011090163011779,356,68.97289238280331,0.19374407972697558,0.18762717670211548,0.04088984942146026
2vars_growth_inflation,4,3,m2_real_money_supply,-0.009590819233374919,-0.12713052767457367,0.8993184480905432,356,68.97289238280331,0.19374407972697558,0.18762717670211548,0.04088984942146026
2vars_growth_inflation,5,0,industrial_production,0.0050621130469826765,0.16485495949719073,0.8698467266081473,356,58.12366187458614,0.16326871313085994,0.19083012038353975,0.04071570020006055
2vars_growth_inflation,5,0,retail_sales,0.02651219478969651,0.25102123477897864,0.8030181718380467,356,58.12366187458614,0.16326871313085994,0.19083012038353975,0.04071570020006055
2vars_growth_inflation,5,0,tot_business_inventories,0.009262712203230005,0.10662858904242427,0.9155898464524126,356,58.12366187458614,0.16326871313085994,0.19083012038353975,0.04071570020006055
2vars_growth_inflation,5,0,export_price_index,0.041972089883825836,0.7656445513906669,0.4481568455945131,356,58.12366187458614,0.16326871313085994,0.19083012038353975,0.04071570020006055
2vars_growth_inflation,5,0,import_price_index,-0.012169603641313701,-0.19869402465651734,0.843458008543049,356,58.12366187458614,0.16326871313085994,0.19083012038353975,0.04071570020006055
2vars_growth_inflation,5,0,unemployment,0.018605299343268204,0.975122579789909,0.3350663257252351,356,58.12366187458614,0.16326871313085994,0.19083012038353975,0.04071570020006055
2vars_growth_inflation,5,0,cpi,-0.019602913415411868,-0.036938745552008996,0.9707083490067114,356,58.12366187458614,0.16326871313085994,0.19083012038353975,0.04071570020006055
2vars_growth_inflation,5,0,PCE_price_index,0.015393096566601686,0.028325834080043685,0.977536053207462,356,58.12366187458614,0.16326871313085994,0.19083012038353975,0.04071570020006055
2vars_growth_inflation,5,0,PPI_inflation,-0.05555278562858489,-0.44243112468088797,0.6604407578474798,356,58.12366187458614,0.16326871313085994,0.19083012038353975,0.04071570020006055
2vars_growth_inflation,5,0,nat_fin_condition_indx,-0.009592007114204442,-1.4888284695872889,0.14398176245996708,356,58.12366187458614,0.16326871313085994,0.19083012038353975,0.04071570020006055
2vars_growth_inflation,5,0,10y_2y_spread,-0.005979483990152877,-0.31352735250821934,0.755427349414429,356,58.12366187458614,0.16326871313085994,0.19083012038353975,0.04071570020006055
2vars_growth_inflation,5,0,10y_treasury_const_maturity_rate,0.0033298407549191738,0.11802155622420017,0.9066115708787084,356,58.12366187458614,0.16326871313085994,0.19083012038353975,0.04071570020006055
2vars_growth_inflation,5,0,fed_reserve_discount_rate,0.024117645150383824,0.5246093815015096,0.6026048499428924,356,58.12366187458614,0.16326871313085994,0.19083012038353975,0.04071570020006055
2vars_growth_inflation,5,0,fedfunds,-0.025620144916177336,-0.4588689943371157,0.6486872754573207,356,58.12366187458614,0.16326871313085994,0.19083012038353975,0.04071570020006055
2vars_growth_inflation,5,0,m2_real_money_supply,-0.007939733576034292,-0.09455061217780757,0.92512011818555,356,58.12366187458614,0.16326871313085994,0.19083012038353975,0.04071570020006055
2vars_growth_inflation,5,1,industrial_production,0.004848753907280109,0.16548299238673442,0.8692909835756231,356,61.873040344368135,0.1738006751246296,0.10915388435952866,0.040003717273938845
2vars_growth_inflation,5,1,retail_sales,0.02881836725434943,0.24865769344945848,0.8047354719888173,356,61.873040344368135,0.1738006751246296,0.10915388435952866,0.040003717273938845
2vars_growth_inflation,5,1,tot_business_inventories,0.014547930812386945,0.1578201394766306,0.8752911940524262,356,61.873040344368135,0.1738006751246296,0.10915388435952866,0.040003717273938845
2vars_growth_inflation,5,1,export_price_index,0.037202248115240234,0.6815102576909458,0.4989750323253239,356,61.873040344368135,0.1738006751246296,0.10915388435952866,0.040003717273938845
2vars_growth_inflation,5,1,import_price_index,-0.0038036420460367745,-0.06317411578960869,0.9499023323772573,356,61.873040344368135,0.1738006751246296,0.10915388435952866,0.040003717273938845
2vars_growth_inflation,5,1,unemployment,0.0180644274811677,0.7869763917639419,0.43534281448036616,356,61.873040344368135,0.1738006751246296,0.10915388435952866,0.040003717273938845
2vars_growth_inflation,5,1,cpi,-0.06237281966882374,-0.1300714225434292,0.8970786233179553,356,61.873040344368135,0.1738006751246296,0.10915388435952866,0.040003717273938845
2vars_growth_inflation,5,1,PCE_price_index,0.06553524530573249,0.1340167362235191,0.8939755875892568,356,61.873040344368135,0.1738006751246296,0.10915388435952866,0.040003717273938845
2vars_growth_inflation,5,1,PPI_inflation,-0.07099018843384634,-0.5863303990761558,0.5605277503087365,356,61.873040344368135,0.1738006751246296,0.10915388435952866,0.040003717273938845
2vars_growth_inflation,5,1,nat_fin_condition_indx,-0.006220951322030962,-0.7830853434240006,0.4376012671627785,356,61.873040344368135,0.1738006751246296,0.10915388435952866,0.040003717273938845
2vars_growth_inflation,5,1,10y_2y_spread,-0.0018719801079729302,-0.10325804406758753,0.9182082762885524,356,61.873040344368135,0.1738006751246296,0.10915388435952866,0.040003717273938845
2vars_growth_inflation,5,1,10y_treasury_const_maturity_rate,0.005119892324037198,0.1948367972323565,0.8463810789868915,356,61.873040344368135,0.1738006751246296,0.10915388435952866,0.040003717273938845
2vars_growth_inflation,5,1,fed_reserve_discount_rate,0.024034713726166716,0.5706087265216113,0.5710495827758744,356,61.873040344368135,0.1738006751246296,0.10915388435952866,0.040003717273938845
2vars_growth_inflation,5,1,fedfunds,-0.02287898495516836,-0.451039700567555,0.6540859018123131,356,61.873040344368135,0.1738006751246296,0.10915388435952866,0.040003717273938845
2vars_growth_inflation,5,1,m2_real_money_supply,-0.006880522437091261,-0.07922547634872892,0.937197884677651,356,61.873040344368135,0.1738006751246296,0.10915388435952866,0.040003717273938845
2vars_growth_inflation,5,2,industrial_production,0.010071068964799602,0.5596145364603681,0.5768709328447628,356,126.89728975764773,0.356453061116988,0.08385864440224822,0.037249081191151064
2vars_growth_inflation,5,2,retail_sales,-0.022770075701124902,-0.2850922122288505,0.7761052447650869,356,126.89728975764773,0.356453061116988,0.08385864440224822,0.037249081191151064
2vars_growth_inflation,5,2,tot_business_inventories,0.00056988298041419,0.009322136278829487,0.9925788684737569,356,126.89728975764773,0.356453061116988,0.08385864440224822,0.037249081191151064
2vars_growth_inflation,5,2,export_price_index,0.04197963800450347,1.1910867827599716,0.23616261254352033,356,126.89728975764773,0.356453061116988,0.08385864440224822,0.037249081191151064
2vars_growth_inflation,5,2,import_price_index,-0.0007893058764013043,-0.020209029874563363,0.9839129405427849,356,126.89728975764773,0.356453061116988,0.08385864440224822,0.037249081191151064
2vars_growth_inflation,5,2,unemployment,0.011312166057661468,0.6980895763392001,0.4865823787578938,356,126.89728975764773,0.356453061116988,0.08385864440224822,0.037249081191151064
2vars_growth_inflation,5,2,cpi,-0.023129977207253523,-0.07105598420086409,0.9434811825108325,356,126.89728975764773,0.356453061116988,0.08385864440224822,0.037249081191151064
2vars_growth_inflation,5,2,PCE_price_index,0.055153365277310976,0.17173082168279286,0.863962136504624,356,126.89728975764773,0.356453061116988,0.08385864440224822,0.037249081191151064
2vars_growth_inflation,5,2,PPI_inflation,-0.07565600691860089,-0.9885090937814037,0.3250552724295841,356,126.89728975764773,0.356453061116988,0.08385864440224822,0.037249081191151064
2vars_growth_inflation,5,2,nat_fin_condition_indx,-0.007748655307941638,-1.2617752078784563,0.20967712882323486,356,126.89728975764773,0.356453061116988,0.08385864440224822,0.037249081191151064
2vars_growth_inflation,5,2,10y_2y_spread,-0.002475090495656896,-0.22366668106328683,0.8234281874954097,356,126.89728975764773,0.356453061116988,0.08385864440224822,0.037249081191151064
2vars_growth_inflation,5,2,10y_treasury_const_maturity_rate,0.0008974016757867282,0.05819862344361701,0.9536951562047189,356,126.89728975764773,0.356453061116988,0.08385864440224822,0.037249081191151064
2vars_growth_inflation,5,2,fed_reserve_discount_rate,0.02694084610395194,0.9926291691599027,0.32305163270151893,356,126.89728975764773,0.356453061116988,0.08385864440224822,0.037249081191151064
2vars_growth_inflation,5,2,fedfunds,-0.022986283279919088,-0.6885178952788136,0.49256454680469197,356,126.89728975764773,0.356453061116988,0.08385864440224822,0.037249081191151064
2vars_growth_inflation,5,2,m2_real_money_supply,0.022063173071592394,0.38844731293043583,0.6984297710980094,356,126.89728975764773,0.356453061116988,0.08385864440224822,0.037249081191151064
2vars_growth_inflation,5,3,industrial_production,0.00592544391235423,0.19325165564319458,0.8477535194915866,356,55.4464712951913,0.15574851487413288,0.13511698835168173,0.03860660454572574
2vars_growth_inflation,5,3,retail_sales,0.010637134797792148,0.09092845877432074,0.9280096120498502,356,55.4464712951913,0.15574851487413288,0.13511698835168173,0.03860660454572574
2vars_growth_inflation,5,3,tot_business_inventories,0.009984570398489908,0.1053175985995805,0.9166575306311693,356,55.4464712951913,0.15574851487413288,0.13511698835168173,0.03860660454572574
2vars_growth_inflation,5,3,export_price_index,0.03780970147215608,0.70109077404034,0.48736186521660496,356,55.4464712951913,0.15574851487413288,0.13511698835168173,0.03860660454572574
2vars_growth_inflation,5,3,import_price_index,-0.009686027663593687,-0.16955783242659994,0.8662244647627999,356,55.4464712951913,0.15574851487413288,0.13511698835168173,0.03860660454572574
2vars_growth_inflation,5,3,unemployment,0.01636134292359957,0.7067818510674906,0.4838564508331742,356,55.4464712951913,0.15574851487413288,0.13511698835168173,0.03860660454572574
2vars_growth_inflation,5,3,cpi,-0.008861825531434511,-0.016898345643019022,0.9866028961693021,356,55.4464712951913,0.15574851487413288,0.13511698835168173,0.03860660454572574
2vars_growth_inflation,5,3,PCE_price_index,0.008832818769427268,0.016801202745450775,0.9866799041554253,356,55.4464712951913,0.15574851487413288,0.13511698835168173,0.03860660454572574
2vars_growth_inflation,5,3,PPI_inflation,-0.05224626152175881,-0.4399374602663162,0.6623835377640588,356,55.4464712951913,0.15574851487413288,0.13511698835168173,0.03860660454572574
2vars_growth_inflation,5,3,nat_fin_condition_indx,-0.0076800200085235335,-0.9411029997453627,0.3523799802440095,356,55.4464712951913,0.15574851487413288,0.13511698835168173,0.03860660454572574
2vars_growth_inflation,5,3,10y_2y_spread,-0.0039225633890431835,-0.2094111111895298,0.8352050834083153,356,55.4464712951913,0.15574851487413288,0.13511698835168173,0.03860660454572574
2vars_growth_inflation,5,3,10y_treasury_const_maturity_rate,0.003108777922579682,0.1134070628651521,0.9102830625992209,356,55.4464712951913,0.15574851487413288,0.13511698835168173,0.03860660454572574
2vars_growth_inflation,5,3,fed_reserve_discount_rate,0.022058500031034576,0.48833545544797347,0.6280160149612413,356,55.4464712951913,0.15574851487413288,0.13511698835168173,0.03860660454572574
2vars_growth_inflation,5,3,fedfunds,-0.02041948095694578,-0.36860143384498717,0.714395780954546,356,55.4464712951913,0.15574851487413288,0.13511698835168173,0.03860660454572574
2vars_growth_inflation,5,3,m2_real_money_supply,0.004206735342027943,0.046134912874448986,0.9634354956531952,356,55.4464712951913,0.15574851487413288,0.13511698835168173,0.03860660454572574
2vars_growth_inflation,5,4,industrial_production,0.008411918915018862,0.27067172535708495,0.7881215247992199,356,53.6595367282067,0.1507290357533896,0.1549741901087749,0.038871248908409914
2vars_growth_inflation,5,4,retail_sales,-0.0027327281526644525,-0.022498533994252487,0.9821690706644419,356,53.6595367282067,0.1507290357533896,0.1549741901087749,0.038871248908409914
2vars_growth_inflation,5,4,tot_business_inventories,0.019316930715633562,0.20450959636101732,0.8390565716580782,356,53.6595367282067,0.1507290357533896,0.1549741901087749,0.038871248908409914
2vars_growth_inflation,5,4,export_price_index,0.03850044670868594,0.6660386084823108,0.5094459989426663,356,53.6595367282067,0.1507290357533896,0.1549741901087749,0.038871248908409914
2vars_growth_inflation,5,4,import_price_index,-0.00902818508568219,-0.14266414654099147,0.8873160043484618,356,53.6595367282067,0.1507290357533896,0.1549741901087749,0.038871248908409914
2vars_growth_inflation,5,4,unemployment,0.018755092146002184,0.8145228629226611,0.42046653597760386,356,53.6595367282067,0.1507290357533896,0.1549741901087749,0.038871248908409914
2vars_growth_inflation,5,4,cpi,0.008969203434805947,0.01667045745807454,0.9867875232139605,356,53.6595367282067,0.1507290357533896,0.1549741901087749,0.038871248908409914
2vars_growth_inflation,5,4,PCE_price_index,-0.004421943420327592,-0.008186510845732738,0.9935113965890059,356,53.6595367282067,0.1507290357533896,0.1549741901087749,0.038871248908409914
2vars_growth_inflation,5,4,PPI_inflation,-0.05936301227385677,-0.46214200461483396,0.6466383843440928,356,53.6595367282067,0.1507290357533896,0.1549741901087749,0.038871248908409914
2vars_growth_inflation,5,4,nat_fin_condition_indx,-0.008276711658052296,-0.9875302256478253,0.32968542256869404,356,53.6595367282067,0.1507290357533896,0.1549741901087749,0.038871248908409914
2vars_growth_inflation,5,4,10y_2y_spread,-0.003991875009427345,-0.20618302399965593,0.8377585859634429,356,53.6595367282067,0.1507290357533896,0.1549741901087749,0.038871248908409914
2vars_growth_inflation,5,4,10y_treasury_const_maturity_rate,0.004218383955221758,0.1523105710681262,0.8797550863833068,356,53.6595367282067,0.1507290357533896,0.1549741901087749,0.038871248908409914
2vars_growth_inflation,5,4,fed_reserve_discount_rate,0.02626637213838465,0.5681621150971701,0.5732972451035709,356,53.6595367282067,0.1507290357533896,0.1549741901087749,0.038871248908409914
2vars_growth_inflation,5,4,fedfunds,-0.023934680981908717,-0.42445286750465683,0.673650678630219,356,53.6595367282067,0.1507290357533896,0.1549741901087749,0.038871248908409914
2vars_growth_inflation,5,4,m2_real_money_supply,0.008374824512705468,0.08981228842225791,0.9289123524897767,356,53.6595367282067,0.1507290357533896,0.1549741901087749,0.038871248908409914
2vars_growth_inflation,6,0,industrial_production,0.009731161094224311,0.49904338777237706,0.618907628974444,356,110.5775555501047,0.31061111109579975,0.08311380704158688,0.03729483266542997
2vars_growth_inflation,6,0,retail_sales,-0.02274654836521385,-0.26303758251048254,0.7930937857603475,356,110.5775555501047,0.31061111109579975,0.08311380704158688,0.03729483266542997
2vars_growth_inflation,6,0,tot_business_inventories,0.0007879429911787279,0.011917888241622888,0.9905162299141501,356,110.5775555501047,0.31061111109579975,0.08311380704158688,0.03729483266542997
2vars_growth_inflation,6,0,export_price_index,0.04190615170473322,1.098585039649865,0.27473792590958435,356,110.5775555501047,0.31061111109579975,0.08311380704158688,0.03729483266542997
2vars_growth_inflation,6,0,import_price_index,-0.0009069076905330284,-0.02141048115249717,0.9829633188854279,356,110.5775555501047,0.31061111109579975,0.08311380704158688,0.03729483266542997
2vars_growth_inflation,6,0,unemployment,0.01124183151786314,0.6403058499416155,0.5235220407446839,356,110.5775555501047,0.31061111109579975,0.08311380704158688,0.03729483266542997
2vars_growth_inflation,6,0,cpi,-0.017649493002485434,-0.05002315278470006,0.9602094308021236,356,110.5775555501047,0.31061111109579975,0.08311380704158688,0.03729483266542997
2vars_growth_inflation,6,0,PCE_price_index,0.05005858156622872,0.14377734759139685,0.8859821981557909,356,110.5775555501047,0.31061111109579975,0.08311380704158688,0.03729483266542997
2vars_growth_inflation,6,0,PPI_inflation,-0.0752150837414922,-0.9088165232466291,0.3657570778131316,356,110.5775555501047,0.31061111109579975,0.08311380704158688,0.03729483266542997
2vars_growth_inflation,6,0,nat_fin_condition_indx,-0.007822314166423117,-1.174316581235461,0.24321665666997827,356,110.5775555501047,0.31061111109579975,0.08311380704158688,0.03729483266542997
2vars_growth_inflation,6,0,10y_2y_spread,-0.002562588964279414,-0.21398926488316336,0.8310160928846682,356,110.5775555501047,0.31061111109579975,0.08311380704158688,0.03729483266542997
2vars_growth_inflation,6,0,10y_treasury_const_maturity_rate,0.001097632295964507,0.06566622315386288,0.9477821705987928,356,110.5775555501047,0.31061111109579975,0.08311380704158688,0.03729483266542997
2vars_growth_inflation,6,0,fed_reserve_discount_rate,0.0271269130094042,0.9220166192903365,0.35886598729872166,356,110.5775555501047,0.31061111109579975,0.08311380704158688,0.03729483266542997
2vars_growth_inflation,6,0,fedfunds,-0.023396764119839254,-0.6463540832962043,0.5196154611530441,356,110.5775555501047,0.31061111109579975,0.08311380704158688,0.03729483266542997
2vars_growth_inflation,6,0,m2_real_money_supply,0.021416503395615977,0.3491235995270472,0.7277726121244201,356,110.5775555501047,0.31061111109579975,0.08311380704158688,0.03729483266542997
2vars_growth_inflation,6,1,industrial_production,0.005321763244850698,0.1559727182292888,0.8769862302297704,356,49.65926454217477,0.1394923161297044,0.19090205252654646,0.0407257522087183
2vars_growth_inflation,6,1,retail_sales,0.04158164372749343,0.3406813730458024,0.7354607718866797,356,49.65926454217477,0.1394923161297044,0.19090205252654646,0.0407257522087183
2vars_growth_inflation,6,1,tot_business_inventories,0.022709444063234167,0.22357177774302542,0.8244419387027806,356,49.65926454217477,0.1394923161297044,0.19090205252654646,0.0407257522087183
2vars_growth_inflation,6,1,export_price_index,0.03563118475479983,0.570850845166327,0.5718926006580833,356,49.65926454217477,0.1394923161297044,0.19090205252654646,0.0407257522087183
2vars_growth_inflation,6,1,import_price_index,-0.010962207257466296,-0.15918261200837902,0.8744763368397297,356,49.65926454217477,0.1394923161297044,0.19090205252654646,0.0407257522087183
2vars_growth_inflation,6,1,unemployment,0.023667095142475496,0.9751402864615363,0.3364472085300083,356,49.65926454217477,0.1394923161297044,0.19090205252654646,0.0407257522087183
2vars_growth_inflation,6,1,cpi,-0.06409919441835925,-0.10777822580479496,0.9148115154638639,356,49.65926454217477,0.1394923161297044,0.19090205252654646,0.0407257522087183
2vars_growth_inflation,6,1,PCE_price_index,0.042262490629326285,0.06983843384084229,0.9447355351097124,356,49.65926454217477,0.1394923161297044,0.19090205252654646,0.0407257522087183
2vars_growth_inflation,6,1,PPI_inflation,-0.05427467173306865,-0.3841271850857849,0.7033002450418717,356,49.65926454217477,0.1394923161297044,0.19090205252654646,0.0407257522087183
2vars_growth_inflation,6,1,nat_fin_condition_indx,-0.009604869968732214,-1.334919674394641,0.19086206775224146,356,49.65926454217477,0.1394923161297044,0.19090205252654646,0.0407257522087183
2vars_growth_inflation,6,1,10y_2y_spread,-0.006573412227054999,-0.3086171560609098,0.7595148525507371,356,49.65926454217477,0.1394923161297044,0.19090205252654646,0.0407257522087183
2vars_growth_inflation,6,1,10y_treasury_const_maturity_rate,0.0026071509524264003,0.0831777771529344,0.934202893540476,356,49.65926454217477,0.1394923161297044,0.19090205252654646,0.0407257522087183
2vars_growth_inflation,6,1,fed_reserve_discount_rate,0.021671458860913925,0.423303641910787,0.6747663491349098,356,49.65926454217477,0.1394923161297044,0.19090205252654646,0.0407257522087183
2vars_growth_inflation,6,1,fedfunds,-0.02292160797768951,-0.36896580688998937,0.7144640719957398,356,49.65926454217477,0.1394923161297044,0.19090205252654646,0.0407257522087183
2vars_growth_inflation,6,1,m2_real_money_supply,-0.015916545074021553,-0.16682253776976058,0.868507848967355,356,49.65926454217477,0.1394923161297044,0.19090205252654646,0.0407257522087183
2vars_growth_inflation,6,2,industrial_production,0.007233307261927511,0.2091881261578988,0.8356733919303929,356,46.92245116209654,0.1318046380957768,0.12865882726754352,0.038753998374831074
2vars_growth_inflation,6,2,retail_sales,-0.003851343890825844,-0.029311175400635697,0.9768047768481234,356,46.92245116209654,0.1318046380957768,0.12865882726754352,0.038753998374831074
2vars_growth_inflation,6,2,tot_business_inventories,0.0038295600038921016,0.03635630204833191,0.9712319476792091,356,46.92245116209654,0.1318046380957768,0.12865882726754352,0.038753998374831074
2vars_growth_inflation,6,2,export_price_index,0.04139736330753152,0.65339590213111,0.5183304443160073,356,46.92245116209654,0.1318046380957768,0.12865882726754352,0.038753998374831074
2vars_growth_inflation,6,2,import_price_index,-0.006462595790266831,-0.09296400109209403,0.9265318711506678,356,46.92245116209654,0.1318046380957768,0.12865882726754352,0.038753998374831074
2vars_growth_inflation,6,2,unemployment,0.013732266491686242,0.5585708778951729,0.5804772616248113,356,46.92245116209654,0.1318046380957768,0.12865882726754352,0.038753998374831074
2vars_growth_inflation,6,2,cpi,0.008069205835045784,0.013656457112193616,0.9891917937400356,356,46.92245116209654,0.1318046380957768,0.12865882726754352,0.038753998374831074
2vars_growth_inflation,6,2,PCE_price_index,0.008522341897921832,0.01425476988574212,0.988718300128677,356,46.92245116209654,0.1318046380957768,0.12865882726754352,0.038753998374831074
2vars_growth_inflation,6,2,PPI_inflation,-0.06289026978832873,-0.44496373928324695,0.6594451962121033,356,46.92245116209654,0.1318046380957768,0.12865882726754352,0.038753998374831074
2vars_growth_inflation,6,2,nat_fin_condition_indx,-0.008143893352701999,-0.8791291843666833,0.38611201381447424,356,46.92245116209654,0.1318046380957768,0.12865882726754352,0.038753998374831074
2vars_growth_inflation,6,2,10y_2y_spread,-0.003304782463289129,-0.15459830537630628,0.8781426696756285,356,46.92245116209654,0.1318046380957768,0.12865882726754352,0.038753998374831074
2vars_growth_inflation,6,2,10y_treasury_const_maturity_rate,0.003041536182825998,0.09895717835368285,0.9218110012724801,356,46.92245116209654,0.1318046380957768,0.12865882726754352,0.038753998374831074
2vars_growth_inflation,6,2,fed_reserve_discount_rate,0.025436575217397988,0.49759218715110204,0.6222916413071169,356,46.92245116209654,0.1318046380957768,0.12865882726754352,0.038753998374831074
2vars_growth_inflation,6,2,fedfunds,-0.023285983800351198,-0.37397522416765067,0.7109748461628009,356,46.92245116209654,0.1318046380957768,0.12865882726754352,0.038753998374831074
2vars_growth_inflation,6,2,m2_real_money_supply,0.011294981508699349,0.11076266232758425,0.9125203470286414,356,46.92245116209654,0.1318046380957768,0.12865882726754352,0.038753998374831074
2vars_growth_inflation,6,3,industrial_production,0.008505160964953757,0.24701203741622768,0.806545812021366,356,46.65327436361346,0.13104852349329624,0.15539612049999996,0.03884931339364692
2vars_growth_inflation,6,3,retail_sales,-0.002796905840931527,-0.020783140536896342,0.9835533447596445,356,46.65327436361346,0.13104852349329624,0.15539612049999996,0.03884931339364692
2vars_growth_inflation,6,3,tot_business_inventories,0.019270726125452487,0.1840968093020448,0.8551499965502913,356,46.65327436361346,0.13104852349329624,0.15539612049999996,0.03884931339364692
2vars_growth_inflation,6,3,export_price_index,0.03841990563665507,0.6000299632991877,0.55289658760586,356,46.65327436361346,0.13104852349329624,0.15539612049999996,0.03884931339364692
2vars_growth_inflation,6,3,import_price_index,-0.009031856062384222,-0.12880224272537033,0.898355533872742,356,46.65327436361346,0.13104852349329624,0.15539612049999996,0.03884931339364692
2vars_growth_inflation,6,3,unemployment,0.018757641516196553,0.7352571456313607,0.467771516195596,356,46.65327436361346,0.13104852349329624,0.15539612049999996,0.03884931339364692
2vars_growth_inflation,6,3,cpi,0.007794284843463629,0.013074394433145604,0.9896531654578331,356,46.65327436361346,0.13104852349329624,0.15539612049999996,0.03884931339364692
2vars_growth_inflation,6,3,PCE_price_index,-0.0034368834427796597,-0.0057432799692873,0.9954547662790678,356,46.65327436361346,0.13104852349329624,0.15539612049999996,0.03884931339364692
2vars_growth_inflation,6,3,PPI_inflation,-0.059213453622772694,-0.4162242526026636,0.6801458540669456,356,46.65327436361346,0.13104852349329624,0.15539612049999996,0.03884931339364692
2vars_growth_inflation,6,3,nat_fin_condition_indx,-0.008308057085851183,-0.8946684678872847,0.3779358691652275,356,46.65327436361346,0.13104852349329624,0.15539612049999996,0.03884931339364692
2vars_growth_inflation,6,3,10y_2y_spread,-0.003980566492300268,-0.18556192836538637,0.8540107553562459,356,46.65327436361346,0.13104852349329624,0.15539612049999996,0.03884931339364692
2vars_growth_inflation,6,3,10y_treasury_const_maturity_rate,0.004139978115838799,0.13492431337013605,0.8935537950060739,356,46.65327436361346,0.13104852349329624,0.15539612049999996,0.03884931339364692
2vars_growth_inflation,6,3,fed_reserve_discount_rate,0.02618965295429716,0.5113539179529439,0.6127671940187862,356,46.65327436361346,0.13104852349329624,0.15539612049999996,0.03884931339364692
2vars_growth_inflation,6,3,fedfunds,-0.02378574440465637,-0.38068081257995673,0.7060655963481524,356,46.65327436361346,0.13104852349329624,0.15539612049999996,0.03884931339364692
2vars_growth_inflation,6,3,m2_real_money_supply,0.008516675096364031,0.08237620850463227,0.9348831222794398,356,46.65327436361346,0.13104852349329624,0.15539612049999996,0.03884931339364692
2vars_growth_inflation,6,4,industrial_production,0.004838719252177775,0.14959897830124583,0.8818756250292843,356,53.835603416634044,0.1512236051029046,0.10749575221726637,0.04006062467433296
2vars_growth_inflation,6,4,retail_sales,0.028139944260791756,0.2199895695836412,0.8270619476326879,356,53.835603416634044,0.1512236051029046,0.10749575221726637,0.04006062467433296
2vars_growth_inflation,6,4,tot_business_inventories,0.0142769336211774,0.140366116540895,0.889115345656452,356,53.835603416634044,0.1512236051029046,0.10749575221726637,0.04006062467433296
2vars_growth_inflation,6,4,export_price_index,0.03750686363484527,0.6246218155312264,0.5359680963698885,356,53.835603416634044,0.1512236051029046,0.10749575221726637,0.04006062467433296
2vars_growth_inflation,6,4,import_price_index,-0.004695795822693919,-0.07078391659709773,0.9439425595290349,356,53.835603416634044,0.1512236051029046,0.10749575221726637,0.04006062467433296
2vars_growth_inflation,6,4,unemployment,0.01810898929938682,0.7150945275021795,0.47894023852769485,356,53.835603416634044,0.1512236051029046,0.10749575221726637,0.04006062467433296
2vars_growth_inflation,6,4,cpi,-0.0656603573940176,-0.12403326428814972,0.9019455484513617,356,53.835603416634044,0.1512236051029046,0.10749575221726637,0.04006062467433296
2vars_growth_inflation,6,4,PCE_price_index,0.06965738582501349,0.1289825730048073,0.8980546625099597,356,53.835603416634044,0.1512236051029046,0.10749575221726637,0.04006062467433296
2vars_growth_inflation,6,4,PPI_inflation,-0.07018927258319821,-0.5255934832272223,0.6022377194345414,356,53.835603416634044,0.1512236051029046,0.10749575221726637,0.04006062467433296
2vars_growth_inflation,6,4,nat_fin_condition_indx,-0.005818180915841481,-0.6671958016300931,0.5086960500679631,356,53.835603416634044,0.1512236051029046,0.10749575221726637,0.04006062467433296
2vars_growth_inflation,6,4,10y_2y_spread,-0.0019481263412523535,-0.09744633448121313,0.9228863420632816,356,53.835603416634044,0.1512236051029046,0.10749575221726637,0.04006062467433296
2vars_growth_inflation,6,4,10y_treasury_const_maturity_rate,0.005325001498720719,0.18368567413838505,0.8552409406802373,356,53.835603416634044,0.1512236051029046,0.10749575221726637,0.04006062467433296
2vars_growth_inflation,6,4,fed_reserve_discount_rate,0.023958496113444472,0.5155920657486031,0.6091391696186443,356,53.835603416634044,0.1512236051029046,0.10749575221726637,0.04006062467433296
2vars_growth_inflation,6,4,fedfunds,-0.022959175830139726,-0.41031389255792594,0.6838900081567618,356,53.835603416634044,0.1512236051029046,0.10749575221726637,0.04006062467433296
2vars_growth_inflation,6,4,m2_real_money_supply,-0.006972303144894329,-0.07268031975872404,0.9424433766950631,356,53.835603416634044,0.1512236051029046,0.10749575221726637,0.04006062467433296
2vars_growth_inflation,6,5,industrial_production,0.006199490996593647,0.1832362079948039,0.8557562451937573,356,48.351850965376485,0.13581980608251823,0.1393360633731594,0.03849299801707909
2vars_growth_inflation,6,5,retail_sales,0.00566903881665296,0.04469597868712935,0.9646243869667117,356,48.351850965376485,0.13581980608251823,0.1393360633731594,0.03849299801707909
2vars_growth_inflation,6,5,tot_business_inventories,0.003921384113564706,0.039123288850726565,0.9690325300653115,356,48.351850965376485,0.13581980608251823,0.1393360633731594,0.03849299801707909
2vars_growth_inflation,6,5,export_price_index,0.04014284017733794,0.6832954676810231,0.4992848474984539,356,48.351850965376485,0.13581980608251823,0.1393360633731594,0.03849299801707909
2vars_growth_inflation,6,5,import_price_index,-0.00898149115390974,-0.1426247035648685,0.8874711630863401,356,48.351850965376485,0.13581980608251823,0.1393360633731594,0.03849299801707909
2vars_growth_inflation,6,5,unemployment,0.014285989637259822,0.6131323842814846,0.5440755396514803,356,48.351850965376485,0.13581980608251823,0.1393360633731594,0.03849299801707909
2vars_growth_inflation,6,5,cpi,0.0002116386108982345,0.0003667374479891585,0.999709637973488,356,48.351850965376485,0.13581980608251823,0.1393360633731594,0.03849299801707909
2vars_growth_inflation,6,5,PCE_price_index,0.006423631159543379,0.011070937865028732,0.9912348402073232,356,48.351850965376485,0.13581980608251823,0.1393360633731594,0.03849299801707909
2vars_growth_inflation,6,5,PPI_inflation,-0.05467942418202017,-0.41868977284033015,0.6782095357700264,356,48.351850965376485,0.13581980608251823,0.1393360633731594,0.03849299801707909
2vars_growth_inflation,6,5,nat_fin_condition_indx,-0.007800427062128568,-0.8654796437977101,0.3931484981133897,356,48.351850965376485,0.13581980608251823,0.1393360633731594,0.03849299801707909
2vars_growth_inflation,6,5,10y_2y_spread,-0.003599272797959907,-0.17426718041937153,0.862741451265512,356,48.351850965376485,0.13581980608251823,0.1393360633731594,0.03849299801707909
2vars_growth_inflation,6,5,10y_treasury_const_maturity_rate,0.0028873637662723073,0.09545298152424589,0.9245438450945167,356,48.351850965376485,0.13581980608251823,0.1393360633731594,0.03849299801707909
2vars_growth_inflation,6,5,fed_reserve_discount_rate,0.02276190300949481,0.45713472669960786,0.6506291656487742,356,48.351850965376485,0.13581980608251823,0.1393360633731594,0.03849299801707909
2vars_growth_inflation,6,5,fedfunds,-0.0209485539183102,-0.3428743098011566,0.7339109867059739,356,48.351850965376485,0.13581980608251823,0.1393360633731594,0.03849299801707909
2vars_growth_inflation,6,5,m2_real_money_supply,0.00788988146281377,0.07952275579558349,0.9371067063028884,356,48.351850965376485,0.13581980608251823,0.1393360633731594,0.03849299801707909
2vars_growth_monetary_policy,2,0,industrial_production,0.003122052810670288,0.17572615392101112,0.8607775176705021,356,148.42322798115424,0.4169191797223434,0.13906241443460488,0.03947739046473273
2vars_growth_monetary_policy,2,0,retail_sales,0.005979743802424897,0.10099605008457188,0.919706350904502,356,148.42322798115424,0.4169191797223434,0.13906241443460488,0.03947739046473273
2vars_growth_monetary_policy,2,0,tot_business_inventories,0.02367938619768385,0.5188701503141959,0.6047173232776046,356,148.42322798115424,0.4169191797223434,0.13906241443460488,0.03947739046473273
2vars_growth_monetary_policy,2,0,export_price_index,0.04959569803207837,1.4648991250076802,0.14531859804347125,356,148.42322798115424,0.4169191797223434,0.13906241443460488,0.03947739046473273
2vars_growth_monetary_policy,2,0,import_price_index,-0.00983561022989779,-0.31385615069638245,0.7541241649616575,356,148.42322798115424,0.4169191797223434,0.13906241443460488,0.03947739046473273
2vars_growth_monetary_policy,2,0,unemployment,0.018363137446485843,1.700626288328075,0.09136043878303135,356,148.42322798115424,0.4169191797223434,0.13906241443460488,0.03947739046473273
2vars_growth_monetary_policy,2,0,cpi,0.14012003984657126,0.49566562647678897,0.6209519309840021,356,148.42322798115424,0.4169191797223434,0.13906241443460488,0.03947739046473273
2vars_growth_monetary_policy,2,0,PCE_price_index,-0.13226912882714198,-0.4615794177018004,0.6451402863751885,356,148.42322798115424,0.4169191797223434,0.13906241443460488,0.03947739046473273
2vars_growth_monetary_policy,2,0,PPI_inflation,-0.0749138330462628,-1.0694234258355142,0.2868243831056043,356,148.42322798115424,0.4169191797223434,0.13906241443460488,0.03947739046473273
2vars_growth_monetary_policy,2,0,nat_fin_condition_indx,-0.007834831787579667,-1.8879772550319933,0.06121697582120511,356,148.42322798115424,0.4169191797223434,0.13906241443460488,0.03947739046473273
2vars_growth_monetary_policy,2,0,10y_2y_spread,-0.0013759809449989926,-0.11907123628061769,0.9053993618021097,356,148.42322798115424,0.4169191797223434,0.13906241443460488,0.03947739046473273
2vars_growth_monetary_policy,2,0,10y_treasury_const_maturity_rate,0.00947858168727137,0.5471106350430929,0.585223553402539,356,148.42322798115424,0.4169191797223434,0.13906241443460488,0.03947739046473273
2vars_growth_monetary_policy,2,0,fed_reserve_discount_rate,0.036627633091841034,1.3153876322448803,0.190652647617634,356,148.42322798115424,0.4169191797223434,0.13906241443460488,0.03947739046473273
2vars_growth_monetary_policy,2,0,fedfunds,-0.034704173695959684,-1.0359070112579487,0.3021335007594306,356,148.42322798115424,0.4169191797223434,0.13906241443460488,0.03947739046473273
2vars_growth_monetary_policy,2,0,m2_real_money_supply,0.005216743810894078,0.11217768331990333,0.9108523883612776,356,148.42322798115424,0.4169191797223434,0.13906241443460488,0.03947739046473273
2vars_growth_monetary_policy,2,1,industrial_production,0.01219262648681056,0.8729467496525128,0.38378493374429157,356,207.57677201884582,0.5830808202776567,0.12106992144603768,0.03818066895753271
2vars_growth_monetary_policy,2,1,retail_sales,0.008665372730747745,0.13990483253444252,0.8888821598926047,356,207.57677201884582,0.5830808202776567,0.12106992144603768,0.03818066895753271
2vars_growth_monetary_policy,2,1,tot_business_inventories,0.007835440185522494,0.15303179367736536,0.8785342662975877,356,207.57677201884582,0.5830808202776567,0.12106992144603768,0.03818066895753271
2vars_growth_monetary_policy,2,1,export_price_index,0.03216618515476063,1.2570273189871255,0.21027411473572966,356,207.57677201884582,0.5830808202776567,0.12106992144603768,0.03818066895753271
2vars_growth_monetary_policy,2,1,import_price_index,0.00024254249959676166,0.0077239907815000895,0.9938452455202127,356,207.57677201884582,0.5830808202776567,0.12106992144603768,0.03818066895753271
2vars_growth_monetary_policy,2,1,unemployment,0.01449120659798923,1.1481743768296035,0.25232825246899915,356,207.57677201884582,0.5830808202776567,0.12106992144603768,0.03818066895753271
2vars_growth_monetary_policy,2,1,cpi,-0.15284768444471086,-0.6027454989738827,0.5473908351622341,356,207.57677201884582,0.5830808202776567,0.12106992144603768,0.03818066895753271
2vars_growth_monetary_policy,2,1,PCE_price_index,0.1467429802193917,0.5836450774759767,0.5601456368610944,356,207.57677201884582,0.5830808202776567,0.12106992144603768,0.03818066895753271
2vars_growth_monetary_policy,2,1,PPI_inflation,-0.059809847764820886,-1.03228187886936,0.3032414866206592,356,207.57677201884582,0.5830808202776567,0.12106992144603768,0.03818066895753271
2vars_growth_monetary_policy,2,1,nat_fin_condition_indx,-0.008856880383249596,-2.0782018844814574,0.03902341430881684,356,207.57677201884582,0.5830808202776567,0.12106992144603768,0.03818066895753271
2vars_growth_monetary_policy,2,1,10y_2y_spread,-0.005285074981251395,-0.6359810131180051,0.5255478320550142,356,207.57677201884582,0.5830808202776567,0.12106992144603768,0.03818066895753271
2vars_growth_monetary_policy,2,1,10y_treasury_const_maturity_rate,-0.0026368611858213443,-0.23066215805994553,0.8178234111206144,356,207.57677201884582,0.5830808202776567,0.12106992144603768,0.03818066895753271
2vars_growth_monetary_policy,2,1,fed_reserve_discount_rate,0.016355100133645446,0.8381665398719353,0.40298168775535403,356,207.57677201884582,0.5830808202776567,0.12106992144603768,0.03818066895753271
2vars_growth_monetary_policy,2,1,fedfunds,-0.016685456594125327,-0.6867534581815958,0.4930685246663584,356,207.57677201884582,0.5830808202776567,0.12106992144603768,0.03818066895753271
2vars_growth_monetary_policy,2,1,m2_real_money_supply,0.00760376923402507,0.1646400736599093,0.8694008720649071,356,207.57677201884582,0.5830808202776567,0.12106992144603768,0.03818066895753271
2vars_growth_monetary_policy,3,0,industrial_production,0.012178358852051907,0.7648983933846076,0.4455552100681306,356,163.3678053107845,0.4588983295246755,0.12115499553280762,0.038195448870077815
2vars_growth_monetary_policy,3,0,retail_sales,0.008850445838461056,0.12532482093685207,0.9004372062205983,356,163.3678053107845,0.4588983295246755,0.12115499553280762,0.038195448870077815
2vars_growth_monetary_policy,3,0,tot_business_inventories,0.007849678918150913,0.13447322852355106,0.8932118613773603,356,163.3678053107845,0.4588983295246755,0.12115499553280762,0.038195448870077815
2vars_growth_monetary_policy,3,0,export_price_index,0.032076760778827304,1.0991616953278716,0.2734899767731731,356,163.3678053107845,0.4588983295246755,0.12115499553280762,0.038195448870077815
2vars_growth_monetary_policy,3,0,import_price_index,0.00014591646058468926,0.00406926294302321,0.9967587102092734,356,163.3678053107845,0.4588983295246755,0.12115499553280762,0.038195448870077815
2vars_growth_monetary_policy,3,0,unemployment,0.014520983782010229,1.0084786153398915,0.3148777339236295,356,163.3678053107845,0.4588983295246755,0.12115499553280762,0.038195448870077815
2vars_growth_monetary_policy,3,0,cpi,-0.15388493308905887,-0.5319828689058644,0.5955389433070168,356,163.3678053107845,0.4588983295246755,0.12115499553280762,0.038195448870077815
2vars_growth_monetary_policy,3,0,PCE_price_index,0.14757018112730652,0.5143394770061569,0.6077851287742986,356,163.3678053107845,0.4588983295246755,0.12115499553280762,0.038195448870077815
2vars_growth_monetary_policy,3,0,PPI_inflation,-0.05953546036890378,-0.900144033312749,0.3695121974008817,356,163.3678053107845,0.4588983295246755,0.12115499553280762,0.038195448870077815
2vars_growth_monetary_policy,3,0,nat_fin_condition_indx,-0.008853877877656026,-1.8222625988606245,0.07044246612878169,356,163.3678053107845,0.4588983295246755,0.12115499553280762,0.038195448870077815
2vars_growth_monetary_policy,3,0,10y_2y_spread,-0.005320023886147055,-0.5615197738448071,0.5752961877604936,356,163.3678053107845,0.4588983295246755,0.12115499553280762,0.038195448870077815
2vars_growth_monetary_policy,3,0,10y_treasury_const_maturity_rate,-0.002703119861117889,-0.20735916487921824,0.8360156334142466,356,163.3678053107845,0.4588983295246755,0.12115499553280762,0.038195448870077815
2vars_growth_monetary_policy,3,0,fed_reserve_discount_rate,0.01626940621900978,0.7313245954130921,0.4657421769940049,356,163.3678053107845,0.4588983295246755,0.12115499553280762,0.038195448870077815
2vars_growth_monetary_policy,3,0,fedfunds,-0.01661414789990703,-0.5998333083658999,0.5495385207537824,356,163.3678053107845,0.4588983295246755,0.12115499553280762,0.038195448870077815
2vars_growth_monetary_policy,3,0,m2_real_money_supply,0.007454561443832881,0.14155901691530712,0.8876216725365449,356,163.3678053107845,0.4588983295246755,0.12115499553280762,0.038195448870077815
2vars_growth_monetary_policy,3,1,industrial_production,0.0014812706037279878,0.07231587390488553,0.9424938524832249,356,116.78322655153326,0.32804277121217207,0.12110331917505102,0.03943592781643472
2vars_growth_monetary_policy,3,1,retail_sales,0.016701028610679847,0.23934509410106752,0.8113240733858744,356,116.78322655153326,0.32804277121217207,0.12110331917505102,0.03943592781643472
2vars_growth_monetary_policy,3,1,tot_business_inventories,0.015280071641713182,0.2840050785589796,0.7769891448126236,356,116.78322655153326,0.32804277121217207,0.12110331917505102,0.03943592781643472
2vars_growth_monetary_policy,3,1,export_price_index,0.04960909552593041,1.280924143350232,0.20316007306937278,356,116.78322655153326,0.32804277121217207,0.12110331917505102,0.03943592781643472
2vars_growth_monetary_policy,3,1,import_price_index,-0.006160854411003615,-0.16996061047339814,0.8653818190577518,356,116.78322655153326,0.32804277121217207,0.12110331917505102,0.03943592781643472
2vars_growth_monetary_policy,3,1,unemployment,0.01629381735346042,1.2785929225336812,0.203976965330666,356,116.78322655153326,0.32804277121217207,0.12110331917505102,0.03943592781643472
2vars_growth_monetary_policy,3,1,cpi,0.10734439517969925,0.3278502741725646,0.7437049728879725,356,116.78322655153326,0.32804277121217207,0.12110331917505102,0.03943592781643472
2vars_growth_monetary_policy,3,1,PCE_price_index,-0.09522330224751366,-0.286141591635952,0.7753570195720543,356,116.78322655153326,0.32804277121217207,0.12110331917505102,0.03943592781643472
2vars_growth_monetary_policy,3,1,PPI_inflation,-0.0807999071113323,-1.003428212940945,0.31805741738209736,356,116.78322655153326,0.32804277121217207,0.12110331917505102,0.03943592781643472
2vars_growth_monetary_policy,3,1,nat_fin_condition_indx,-0.007477868087752305,-1.564305046496392,0.12088061698237573,356,116.78322655153326,0.32804277121217207,0.12110331917505102,0.03943592781643472
2vars_growth_monetary_policy,3,1,10y_2y_spread,-0.0008852771220094921,-0.06685728138595363,0.9468277737419695,356,116.78322655153326,0.32804277121217207,0.12110331917505102,0.03943592781643472
2vars_growth_monetary_policy,3,1,10y_treasury_const_maturity_rate,0.008111170346222388,0.4068048819556151,0.6850139367067642,356,116.78322655153326,0.32804277121217207,0.12110331917505102,0.03943592781643472
2vars_growth_monetary_policy,3,1,fed_reserve_discount_rate,0.034417462729213144,1.0737594502811225,0.28549467586478805,356,116.78322655153326,0.32804277121217207,0.12110331917505102,0.03943592781643472
2vars_growth_monetary_policy,3,1,fedfunds,-0.03289662212879404,-0.8557850628156598,0.39414671394210576,356,116.78322655153326,0.32804277121217207,0.12110331917505102,0.03943592781643472
2vars_growth_monetary_policy,3,1,m2_real_money_supply,0.0009060254242205648,0.01689067949135038,0.9865572213711689,356,116.78322655153326,0.32804277121217207,0.12110331917505102,0.03943592781643472
2vars_growth_monetary_policy,3,2,industrial_production,0.008843372908741272,0.35872561400885605,0.7210627481669571,356,75.84896813768228,0.21305889926315247,0.1562437297905791,0.038826995790345986
2vars_growth_monetary_policy,3,2,retail_sales,-0.003152347974869166,-0.032769201007420534,0.9739676812602858,356,75.84896813768228,0.21305889926315247,0.1562437297905791,0.038826995790345986
2vars_growth_monetary_policy,3,2,tot_business_inventories,0.019358635563141487,0.258537438947467,0.796879232573305,356,75.84896813768228,0.21305889926315247,0.1562437297905791,0.038826995790345986
2vars_growth_monetary_policy,3,2,export_price_index,0.03845252061154698,0.8383762170009347,0.4051553989325607,356,75.84896813768228,0.21305889926315247,0.1562437297905791,0.038826995790345986
2vars_growth_monetary_policy,3,2,import_price_index,-0.009126285437073896,-0.18181575197019134,0.8563417247213434,356,75.84896813768228,0.21305889926315247,0.1562437297905791,0.038826995790345986
2vars_growth_monetary_policy,3,2,unemployment,0.018766339764220152,1.0296832517548486,0.3073021488720151,356,75.84896813768228,0.21305889926315247,0.1562437297905791,0.038826995790345986
2vars_growth_monetary_policy,3,2,cpi,0.0033679380681537513,0.007883514248425733,0.9937361506771429,356,75.84896813768228,0.21305889926315247,0.1562437297905791,0.038826995790345986
2vars_growth_monetary_policy,3,2,PCE_price_index,0.0006356778069289766,0.0014831869807634534,0.9988215212339921,356,75.84896813768228,0.21305889926315247,0.1562437297905791,0.038826995790345986
2vars_growth_monetary_policy,3,2,PPI_inflation,-0.0590952728539708,-0.580355548676072,0.5638536943942949,356,75.84896813768228,0.21305889926315247,0.1562437297905791,0.038826995790345986
2vars_growth_monetary_policy,3,2,nat_fin_condition_indx,-0.0083975501844146,-1.2653778666825848,0.2106402366384037,356,75.84896813768228,0.21305889926315247,0.1562437297905791,0.038826995790345986
2vars_growth_monetary_policy,3,2,10y_2y_spread,-0.003924741400063119,-0.25530914836943147,0.7993596980834647,356,75.84896813768228,0.21305889926315247,0.1562437297905791,0.038826995790345986
2vars_growth_monetary_policy,3,2,10y_treasury_const_maturity_rate,0.004081286989522284,0.1860268115359015,0.8530528220784044,356,75.84896813768228,0.21305889926315247,0.1562437297905791,0.038826995790345986
2vars_growth_monetary_policy,3,2,fed_reserve_discount_rate,0.025992704171432932,0.7092806733966861,0.4809044102233728,356,75.84896813768228,0.21305889926315247,0.1562437297905791,0.038826995790345986
2vars_growth_monetary_policy,3,2,fedfunds,-0.02347837901727661,-0.5252420639105009,0.6013554572912572,356,75.84896813768228,0.21305889926315247,0.1562437297905791,0.038826995790345986
2vars_growth_monetary_policy,3,2,m2_real_money_supply,0.008846225065835513,0.11953577590851852,0.9052512524547582,356,75.84896813768228,0.21305889926315247,0.1562437297905791,0.038826995790345986
2vars_growth_monetary_policy,4,0,industrial_production,0.002623899857014442,0.11349026371411705,0.9099389185718727,356,92.57060822159066,0.26002979837525464,0.10780939542294932,0.039332115298133186
2vars_growth_monetary_policy,4,0,retail_sales,-0.01422788127028987,-0.17491960948764237,0.8616045070185927,356,92.57060822159066,0.26002979837525464,0.10780939542294932,0.039332115298133186
2vars_growth_monetary_policy,4,0,tot_business_inventories,0.0005549669558567158,0.008987502449430517,0.9928524821891753,356,92.57060822159066,0.26002979837525464,0.10780939542294932,0.039332115298133186
2vars_growth_monetary_policy,4,0,export_price_index,0.048555127594438814,1.105395495804035,0.27244944041484453,356,92.57060822159066,0.26002979837525464,0.10780939542294932,0.039332115298133186
2vars_growth_monetary_policy,4,0,import_price_index,-0.003482209874889451,-0.08500688459604262,0.9324777908946325,356,92.57060822159066,0.26002979837525464,0.10780939542294932,0.039332115298133186
2vars_growth_monetary_policy,4,0,unemployment,0.010755815863155244,0.7130140705140748,0.4780044338419214,356,92.57060822159066,0.26002979837525464,0.10780939542294932,0.039332115298133186
2vars_growth_monetary_policy,4,0,cpi,0.14327269864732897,0.3809946247552653,0.7042622869168025,356,92.57060822159066,0.26002979837525464,0.10780939542294932,0.039332115298133186
2vars_growth_monetary_policy,4,0,PCE_price_index,-0.10664002039195694,-0.2784759470397031,0.7813976803666061,356,92.57060822159066,0.26002979837525464,0.10780939542294932,0.039332115298133186
2vars_growth_monetary_policy,4,0,PPI_inflation,-0.07880739098704431,-0.8643181362352442,0.3901127522289505,356,92.57060822159066,0.26002979837525464,0.10780939542294932,0.039332115298133186
2vars_growth_monetary_policy,4,0,nat_fin_condition_indx,-0.007099551409831971,-1.2310416327449945,0.22207521680206765,356,92.57060822159066,0.26002979837525464,0.10780939542294932,0.039332115298133186
2vars_growth_monetary_policy,4,0,10y_2y_spread,-0.00028410406983572523,-0.019134339562561713,0.9847837099520891,356,92.57060822159066,0.26002979837525464,0.10780939542294932,0.039332115298133186
2vars_growth_monetary_policy,4,0,10y_treasury_const_maturity_rate,0.005705762909618129,0.25056661475090064,0.8028203129940938,356,92.57060822159066,0.26002979837525464,0.10780939542294932,0.039332115298133186
2vars_growth_monetary_policy,4,0,fed_reserve_discount_rate,0.0325857837276725,0.888360088446917,0.37712928335507634,356,92.57060822159066,0.26002979837525464,0.10780939542294932,0.039332115298133186
2vars_growth_monetary_policy,4,0,fedfunds,-0.02822772868110351,-0.6409329075452336,0.5234799693022825,356,92.57060822159066,0.26002979837525464,0.10780939542294932,0.039332115298133186
2vars_growth_monetary_policy,4,0,m2_real_money_supply,0.01889536537800446,0.30725351931296063,0.7594845135015231,356,92.57060822159066,0.26002979837525464,0.10780939542294932,0.039332115298133186
2vars_growth_monetary_policy,4,1,industrial_production,0.0054896503366517035,0.24640777012660353,0.8060216240635651,356,93.07945189407884,0.2614591345339293,0.152195433218288,0.03943262993769353
2vars_growth_monetary_policy,4,1,retail_sales,0.04683164585738518,0.5342687902617544,0.5946932444986861,356,93.07945189407884,0.2614591345339293,0.152195433218288,0.03943262993769353
2vars_growth_monetary_policy,4,1,tot_business_inventories,0.03661700841333829,0.5064288092521949,0.6140012056207893,356,93.07945189407884,0.2614591345339293,0.152195433218288,0.03943262993769353
2vars_growth_monetary_policy,4,1,export_price_index,0.017568150735806212,0.4077924030472719,0.6845565647755825,356,93.07945189407884,0.2614591345339293,0.152195433218288,0.03943262993769353
2vars_growth_monetary_policy,4,1,import_price_index,-0.006548277247083192,-0.1359909938335674,0.8921829436661592,356,93.07945189407884,0.2614591345339293,0.152195433218288,0.03943262993769353
2vars_growth_monetary_policy,4,1,unemployment,0.022774516779184836,1.3264827761981497,0.18859667963475535,356,93.07945189407884,0.2614591345339293,0.152195433218288,0.03943262993769353
2vars_growth_monetary_policy,4,1,cpi,-0.1645110965900729,-0.43143137060872244,0.6673590464931627,356,93.07945189407884,0.2614591345339293,0.152195433218288,0.03943262993769353
2vars_growth_monetary_policy,4,1,PCE_price_index,0.12560049241852775,0.3284351065487627,0.7434732939858246,356,93.07945189407884,0.2614591345339293,0.152195433218288,0.03943262993769353
2vars_growth_monetary_policy,4,1,PPI_inflation,-0.03513565312823429,-0.3543724117351123,0.7240274583443518,356,93.07945189407884,0.2614591345339293,0.152195433218288,0.03943262993769353
2vars_growth_monetary_policy,4,1,nat_fin_condition_indx,-0.010823001223518921,-1.8764567498720681,0.06437762614054043,356,93.07945189407884,0.2614591345339293,0.152195433218288,0.03943262993769353
2vars_growth_monetary_policy,4,1,10y_2y_spread,-0.0012570687883607851,-0.08735070881061689,0.9306192816580618,356,93.07945189407884,0.2614591345339293,0.152195433218288,0.03943262993769353
2vars_growth_monetary_policy,4,1,10y_treasury_const_maturity_rate,0.0005599994512681936,0.02813169948951289,0.9776298212611159,356,93.07945189407884,0.2614591345339293,0.152195433218288,0.03943262993769353
2vars_growth_monetary_policy,4,1,fed_reserve_discount_rate,0.01576272121517382,0.524190963289952,0.6016498948636326,356,93.07945189407884,0.2614591345339293,0.152195433218288,0.03943262993769353
2vars_growth_monetary_policy,4,1,fedfunds,-0.012332816211703236,-0.3204692257272543,0.7494798370311737,356,93.07945189407884,0.2614591345339293,0.152195433218288,0.03943262993769353
2vars_growth_monetary_policy,4,1,m2_real_money_supply,-0.021657327450264635,-0.3280499759827076,0.7437633329714775,356,93.07945189407884,0.2614591345339293,0.152195433218288,0.03943262993769353
2vars_growth_monetary_policy,4,2,industrial_production,0.011468129094267249,0.5381595241529306,0.5917706420500042,356,107.70885993714526,0.30255297735153164,0.11418587747906395,0.03738262183578721
2vars_growth_monetary_policy,4,2,retail_sales,0.008824550029199013,0.09945973659468439,0.9209903443204877,356,107.70885993714526,0.30255297735153164,0.11418587747906395,0.03738262183578721
2vars_growth_monetary_policy,4,2,tot_business_inventories,0.0036072260246205663,0.05038165419186603,0.9599278251296388,356,107.70885993714526,0.30255297735153164,0.11418587747906395,0.03738262183578721
2vars_growth_monetary_policy,4,2,export_price_index,0.045429300193302026,1.2820254424902642,0.20306519182418636,356,107.70885993714526,0.30255297735153164,0.11418587747906395,0.03738262183578721
2vars_growth_monetary_policy,4,2,import_price_index,-0.004792394495283325,-0.10943883063110493,0.9130935502230788,356,107.70885993714526,0.30255297735153164,0.11418587747906395,0.03738262183578721
2vars_growth_monetary_policy,4,2,unemployment,0.015553798351194498,0.8682401249615062,0.3875292848678398,356,107.70885993714526,0.30255297735153164,0.11418587747906395,0.03738262183578721
2vars_growth_monetary_policy,4,2,cpi,-0.1099395576857209,-0.30397990758322596,0.7618318319468966,356,107.70885993714526,0.30255297735153164,0.11418587747906395,0.03738262183578721
2vars_growth_monetary_policy,4,2,PCE_price_index,0.11198500591569356,0.3098027707376693,0.7574138046553607,356,107.70885993714526,0.30255297735153164,0.11418587747906395,0.03738262183578721
2vars_growth_monetary_policy,4,2,PPI_inflation,-0.07406775652938445,-0.9197788649190957,0.3601013379212574,356,107.70885993714526,0.30255297735153164,0.11418587747906395,0.03738262183578721
2vars_growth_monetary_policy,4,2,nat_fin_condition_indx,-0.006527110115596005,-1.0724309443326916,0.2863404777953342,356,107.70885993714526,0.30255297735153164,0.11418587747906395,0.03738262183578721
2vars_growth_monetary_policy,4,2,10y_2y_spread,-0.006372259909354949,-0.5476944031992281,0.5852323003426685,356,107.70885993714526,0.30255297735153164,0.11418587747906395,0.03738262183578721
2vars_growth_monetary_policy,4,2,10y_treasury_const_maturity_rate,-0.0007116904152784787,-0.04454909659591376,0.9645635756179516,356,107.70885993714526,0.30255297735153164,0.11418587747906395,0.03738262183578721
2vars_growth_monetary_policy,4,2,fed_reserve_discount_rate,0.023631680296777716,0.7902709050748463,0.43140833230989006,356,107.70885993714526,0.30255297735153164,0.11418587747906395,0.03738262183578721
2vars_growth_monetary_policy,4,2,fedfunds,-0.025005717785910365,-0.6977893123751583,0.48707437223516026,356,107.70885993714526,0.30255297735153164,0.11418587747906395,0.03738262183578721
2vars_growth_monetary_policy,4,2,m2_real_money_supply,0.009621325443705793,0.14206763644532752,0.8873382194522021,356,107.70885993714526,0.30255297735153164,0.11418587747906395,0.03738262183578721
2vars_growth_monetary_policy,4,3,industrial_production,0.008905488905695091,0.3189148671600594,0.7512149602950653,356,62.64107994718523,0.17595808973928437,0.15623515831837387,0.03882914595609599
2vars_growth_monetary_policy,4,3,retail_sales,-0.002776957841384436,-0.02549381822828721,0.9797698445182033,356,62.64107994718523,0.17595808973928437,0.15623515831837387,0.03882914595609599
2vars_growth_monetary_policy,4,3,tot_business_inventories,0.019267314833300075,0.22714030154629872,0.8213073280166148,356,62.64107994718523,0.17595808973928437,0.15623515831837387,0.03882914595609599
2vars_growth_monetary_policy,4,3,export_price_index,0.03823338372170956,0.7357120614675966,0.4655898486666392,356,62.64107994718523,0.17595808973928437,0.15623515831837387,0.03882914595609599
2vars_growth_monetary_policy,4,3,import_price_index,-0.009202857663131938,-0.16176698162898312,0.8721881025309433,356,62.64107994718523,0.17595808973928437,0.15623515831837387,0.03882914595609599
2vars_growth_monetary_policy,4,3,unemployment,0.01881946981053384,0.9113406193829809,0.3668022283541763,356,62.64107994718523,0.17595808973928437,0.15623515831837387,0.03882914595609599
2vars_growth_monetary_policy,4,3,cpi,-0.0016992320949662818,-0.003516226679611958,0.9972094594575709,356,62.64107994718523,0.17595808973928437,0.15623515831837387,0.03882914595609599
2vars_growth_monetary_policy,4,3,PCE_price_index,0.0055070730096064896,0.011357526215740968,0.9909866425035887,356,62.64107994718523,0.17595808973928437,0.15623515831837387,0.03882914595609599
2vars_growth_monetary_policy,4,3,PPI_inflation,-0.05875036899772382,-0.5090679099896018,0.6131046236941564,356,62.64107994718523,0.17595808973928437,0.15623515831837387,0.03882914595609599
2vars_growth_monetary_policy,4,3,nat_fin_condition_indx,-0.008366290853450548,-1.112700042800273,0.27153944833370947,356,62.64107994718523,0.17595808973928437,0.15623515831837387,0.03882914595609599
2vars_growth_monetary_policy,4,3,10y_2y_spread,-0.0038846085890619432,-0.22356629758980062,0.8240711448285265,356,62.64107994718523,0.17595808973928437,0.15623515831837387,0.03882914595609599
2vars_growth_monetary_policy,4,3,10y_treasury_const_maturity_rate,0.003990564075818064,0.1606037279520534,0.8730991181017675,356,62.64107994718523,0.17595808973928437,0.15623515831837387,0.03882914595609599
2vars_growth_monetary_policy,4,3,fed_reserve_discount_rate,0.025713797882811945,0.6194001836769323,0.5386668460276278,356,62.64107994718523,0.17595808973928437,0.15623515831837387,0.03882914595609599
2vars_growth_monetary_policy,4,3,fedfunds,-0.02309412503554064,-0.4563617818036784,0.6502479319151364,356,62.64107994718523,0.17595808973928437,0.15623515831837387,0.03882914595609599
2vars_growth_monetary_policy,4,3,m2_real_money_supply,0.008633723926904226,0.10301262169217715,0.9183946024618261,356,62.64107994718523,0.17595808973928437,0.15623515831837387,0.03882914595609599
2vars_growth_monetary_policy,5,0,industrial_production,0.007106201483586516,0.2813304434614629,0.7793298396668997,356,82.55123493998559,0.23188549140445391,0.10613416855490254,0.03852729766567299
2vars_growth_monetary_policy,5,0,retail_sales,0.020953023698681694,0.19970118665602438,0.842323223620741,356,82.55123493998559,0.23188549140445391,0.10613416855490254,0.03852729766567299
2vars_growth_monetary_policy,5,0,tot_business_inventories,0.010916799015077498,0.1288750054229222,0.8978452405631077,356,82.55123493998559,0.23188549140445391,0.10613416855490254,0.03852729766567299
2vars_growth_monetary_policy,5,0,export_price_index,0.04185561032725959,0.9535205288983924,0.34377696107529543,356,82.55123493998559,0.23188549140445391,0.10613416855490254,0.03852729766567299
2vars_growth_monetary_policy,5,0,import_price_index,-0.008456244710771672,-0.1635249155034154,0.870600738826933,356,82.55123493998559,0.23188549140445391,0.10613416855490254,0.03852729766567299
2vars_growth_monetary_policy,5,0,unemployment,0.016628506101939205,0.7905205011438456,0.4320318708529596,356,82.55123493998559,0.23188549140445391,0.10613416855490254,0.03852729766567299
2vars_growth_monetary_policy,5,0,cpi,-0.08495764459498245,-0.19268048855010037,0.8477959886884912,356,82.55123493998559,0.23188549140445391,0.10613416855490254,0.03852729766567299
2vars_growth_monetary_policy,5,0,PCE_price_index,0.07994621947658562,0.18308311292934193,0.8552894287600414,356,82.55123493998559,0.23188549140445391,0.10613416855490254,0.03852729766567299
2vars_growth_monetary_policy,5,0,PPI_inflation,-0.06574170136255912,-0.6726029464666058,0.5035286513089039,356,82.55123493998559,0.23188549140445391,0.10613416855490254,0.03852729766567299
2vars_growth_monetary_policy,5,0,nat_fin_condition_indx,-0.007164510481131353,-0.998777691166332,0.3215201402443877,356,82.55123493998559,0.23188549140445391,0.10613416855490254,0.03852729766567299
2vars_growth_monetary_policy,5,0,10y_2y_spread,-0.005707669295428604,-0.3885446487798725,0.6988532682838344,356,82.55123493998559,0.23188549140445391,0.10613416855490254,0.03852729766567299
2vars_growth_monetary_policy,5,0,10y_treasury_const_maturity_rate,-0.002670824420838482,-0.1365747015390691,0.8917792880683801,356,82.55123493998559,0.23188549140445391,0.10613416855490254,0.03852729766567299
2vars_growth_monetary_policy,5,0,fed_reserve_discount_rate,0.019834277119204324,0.5484107700906361,0.5852449308041945,356,82.55123493998559,0.23188549140445391,0.10613416855490254,0.03852729766567299
2vars_growth_monetary_policy,5,0,fedfunds,-0.020777687453625966,-0.48169299122048553,0.6316042987091888,356,82.55123493998559,0.23188549140445391,0.10613416855490254,0.03852729766567299
2vars_growth_monetary_policy,5,0,m2_real_money_supply,-0.002962685870254408,-0.036838744966042704,0.9707238594171226,356,82.55123493998559,0.23188549140445391,0.10613416855490254,0.03852729766567299
2vars_growth_monetary_policy,5,1,industrial_production,0.006139465912240319,0.19868985967643088,0.843528287221452,356,55.35397563593101,0.15548869560654777,0.2024842803666429,0.039482231647253466
2vars_growth_monetary_policy,5,1,retail_sales,0.049648247179114556,0.4284225914045963,0.6706793326443155,356,55.35397563593101,0.15548869560654777,0.2024842803666429,0.039482231647253466
2vars_growth_monetary_policy,5,1,tot_business_inventories,0.03568924927612643,0.3851641630468868,0.702189753592519,356,55.35397563593101,0.15548869560654777,0.2024842803666429,0.039482231647253466
2vars_growth_monetary_policy,5,1,export_price_index,0.03512804830465714,0.6296904753678674,0.5325361436699407,356,55.35397563593101,0.15548869560654777,0.2024842803666429,0.039482231647253466
2vars_growth_monetary_policy,5,1,import_price_index,-0.011378942118077818,-0.18010365860402197,0.8579954152511204,356,55.35397563593101,0.15548869560654777,0.2024842803666429,0.039482231647253466
2vars_growth_monetary_policy,5,1,unemployment,0.025712114464607964,1.1542697384757155,0.2553511139116851,356,55.35397563593101,0.15548869560654777,0.2024842803666429,0.039482231647253466
2vars_growth_monetary_policy,5,1,cpi,-0.06302709649346085,-0.11764541537071184,0.9069470200198724,356,55.35397563593101,0.15548869560654777,0.2024842803666429,0.039482231647253466
2vars_growth_monetary_policy,5,1,PCE_price_index,0.02941415949046489,0.0543895358773433,0.9568999972586119,356,55.35397563593101,0.15548869560654777,0.2024842803666429,0.039482231647253466
2vars_growth_monetary_policy,5,1,PPI_inflation,-0.054341930155367105,-0.4306365135573658,0.6690821337507753,356,55.35397563593101,0.15548869560654777,0.2024842803666429,0.039482231647253466
2vars_growth_monetary_policy,5,1,nat_fin_condition_indx,-0.011080979421904086,-1.5725776750123266,0.12382289686942571,356,55.35397563593101,0.15548869560654777,0.2024842803666429,0.039482231647253466
2vars_growth_monetary_policy,5,1,10y_2y_spread,-0.005574936924071099,-0.2937082663487598,0.7705242929462415,356,55.35397563593101,0.15548869560654777,0.2024842803666429,0.039482231647253466
2vars_growth_monetary_policy,5,1,10y_treasury_const_maturity_rate,0.003802689677026273,0.13721650600674487,0.8915592929724745,356,55.35397563593101,0.15548869560654777,0.2024842803666429,0.039482231647253466
2vars_growth_monetary_policy,5,1,fed_reserve_discount_rate,0.02008536549506283,0.44346374535625466,0.6598589046592549,356,55.35397563593101,0.15548869560654777,0.2024842803666429,0.039482231647253466
2vars_growth_monetary_policy,5,1,fedfunds,-0.020959901282083096,-0.37948944894230985,0.7063645706558628,356,55.35397563593101,0.15548869560654777,0.2024842803666429,0.039482231647253466
2vars_growth_monetary_policy,5,1,m2_real_money_supply,-0.02364903428633243,-0.2616329633273092,0.7949689448772095,356,55.35397563593101,0.15548869560654777,0.2024842803666429,0.039482231647253466
2vars_growth_monetary_policy,5,2,industrial_production,0.008925334506678227,0.2861205343205172,0.7763653241471751,356,53.38581134910808,0.14996014423906764,0.15637821452656708,0.03880846137074804
2vars_growth_monetary_policy,5,2,retail_sales,-0.0034991822009747754,-0.028753773387353986,0.9772139171417638,356,53.38581134910808,0.14996014423906764,0.15637821452656708,0.03880846137074804
2vars_growth_monetary_policy,5,2,tot_business_inventories,0.0191318862480998,0.2019667393278484,0.8410377267394882,356,53.38581134910808,0.14996014423906764,0.15637821452656708,0.03880846137074804
2vars_growth_monetary_policy,5,2,export_price_index,0.03851018431396467,0.6649998380749358,0.5101322995074304,356,53.38581134910808,0.14996014423906764,0.15637821452656708,0.03880846137074804
2vars_growth_monetary_policy,5,2,import_price_index,-0.009230533851303874,-0.14532927776278878,0.8852316166378957,356,53.38581134910808,0.14996014423906764,0.15637821452656708,0.03880846137074804
2vars_growth_monetary_policy,5,2,unemployment,0.01874435013091408,0.8124764099269894,0.42166200385299835,356,53.38581134910808,0.14996014423906764,0.15637821452656708,0.03880846137074804
2vars_growth_monetary_policy,5,2,cpi,0.004491545255672375,0.00832056731159763,0.9934054667723184,356,53.38581134910808,0.14996014423906764,0.15637821452656708,0.03880846137074804
2vars_growth_monetary_policy,5,2,PCE_price_index,-0.000584475926245263,-0.001079176306609659,0.9991446800872159,356,53.38581134910808,0.14996014423906764,0.15637821452656708,0.03880846137074804
2vars_growth_monetary_policy,5,2,PPI_inflation,-0.05874733388629371,-0.45666959196118984,0.6505508328486447,356,53.38581134910808,0.14996014423906764,0.15637821452656708,0.03880846137074804
2vars_growth_monetary_policy,5,2,nat_fin_condition_indx,-0.008380271340496721,-0.9977524568430939,0.32481379688852385,356,53.38581134910808,0.14996014423906764,0.15637821452656708,0.03880846137074804
2vars_growth_monetary_policy,5,2,10y_2y_spread,-0.004042128727249757,-0.20841945493233974,0.8360328202073024,356,53.38581134910808,0.14996014423906764,0.15637821452656708,0.03880846137074804
2vars_growth_monetary_policy,5,2,10y_treasury_const_maturity_rate,0.00411650525195789,0.14845066276550306,0.8827849534827343,356,53.38581134910808,0.14996014423906764,0.15637821452656708,0.03880846137074804
2vars_growth_monetary_policy,5,2,fed_reserve_discount_rate,0.02609381542063712,0.5637839461453762,0.5762676984542217,356,53.38581134910808,0.14996014423906764,0.15637821452656708,0.03880846137074804
2vars_growth_monetary_policy,5,2,fedfunds,-0.02368800891796571,-0.4196745733937996,0.6771251849740603,356,53.38581134910808,0.14996014423906764,0.15637821452656708,0.03880846137074804
2vars_growth_monetary_policy,5,2,m2_real_money_supply,0.00912090074507295,0.09744475517573635,0.922893754127579,356,53.38581134910808,0.14996014423906764,0.15637821452656708,0.03880846137074804
2vars_growth_monetary_policy,5,3,industrial_production,0.0026547855909602627,0.10404308049919575,0.9174663646158976,356,78.86884915395612,0.22154171110661833,0.10813439160795779,0.03931303994069259
2vars_growth_monetary_policy,5,3,retail_sales,-0.014776724683311286,-0.16463385403106912,0.8697603788396804,356,78.86884915395612,0.22154171110661833,0.10813439160795779,0.03931303994069259
2vars_growth_monetary_policy,5,3,tot_business_inventories,0.0005201164270541401,0.007635956056415897,0.9939316268071412,356,78.86884915395612,0.22154171110661833,0.10813439160795779,0.03931303994069259
2vars_growth_monetary_policy,5,3,export_price_index,0.04870705826028731,1.0068973684270888,0.31784384870016846,356,78.86884915395612,0.22154171110661833,0.10813439160795779,0.03931303994069259
2vars_growth_monetary_policy,5,3,import_price_index,-0.003564190487356583,-0.07885281708404503,0.9374001414021433,356,78.86884915395612,0.22154171110661833,0.10813439160795779,0.03931303994069259
2vars_growth_monetary_policy,5,3,unemployment,0.01075110742777389,0.6457943198398235,0.520762812751786,356,78.86884915395612,0.22154171110661833,0.10813439160795779,0.03931303994069259
2vars_growth_monetary_policy,5,3,cpi,0.14891590061767446,0.35874152660093295,0.7209904018113884,356,78.86884915395612,0.22154171110661833,0.10813439160795779,0.03931303994069259
2vars_growth_monetary_policy,5,3,PCE_price_index,-0.11221483980881397,-0.265494168864919,0.7914974562764954,356,78.86884915395612,0.22154171110661833,0.10813439160795779,0.03931303994069259
2vars_growth_monetary_policy,5,3,PPI_inflation,-0.07865668192459277,-0.7831808443235906,0.436461339565116,356,78.86884915395612,0.22154171110661833,0.10813439160795779,0.03931303994069259
2vars_growth_monetary_policy,5,3,nat_fin_condition_indx,-0.0071594953186517405,-1.122565231291582,0.26589105827161297,356,78.86884915395612,0.22154171110661833,0.10813439160795779,0.03931303994069259
2vars_growth_monetary_policy,5,3,10y_2y_spread,-0.00037633239898610067,-0.022977451156335545,0.9817410340692168,356,78.86884915395612,0.22154171110661833,0.10813439160795779,0.03931303994069259
2vars_growth_monetary_policy,5,3,10y_treasury_const_maturity_rate,0.005822403938395837,0.23185237544011023,0.8174056972492749,356,78.86884915395612,0.22154171110661833,0.10813439160795779,0.03931303994069259
2vars_growth_monetary_policy,5,3,fed_reserve_discount_rate,0.032839902153608706,0.8126508607321328,0.419484984562279,356,78.86884915395612,0.22154171110661833,0.10813439160795779,0.03931303994069259
2vars_growth_monetary_policy,5,3,fedfunds,-0.0285693543921861,-0.5885689106157265,0.5582592142714518,356,78.86884915395612,0.22154171110661833,0.10813439160795779,0.03931303994069259
2vars_growth_monetary_policy,5,3,m2_real_money_supply,0.01922944731815286,0.28344436997256073,0.777767526026619,356,78.86884915395612,0.22154171110661833,0.10813439160795779,0.03931303994069259
2vars_growth_monetary_policy,5,4,industrial_production,0.009468596737614228,0.4211858475299161,0.6749127915514834,356,85.8401289210192,0.24112395764331235,0.10143399315876578,0.03771614130457362
2vars_growth_monetary_policy,5,4,retail_sales,0.009476760364150003,0.0994047005178808,0.9211017308309517,356,85.8401289210192,0.24112395764331235,0.10143399315876578,0.03771614130457362
2vars_growth_monetary_policy,5,4,tot_business_inventories,0.009779270941568914,0.1273177123278655,0.8990548120464972,356,85.8401289210192,0.24112395764331235,0.10143399315876578,0.03771614130457362
2vars_growth_monetary_policy,5,4,export_price_index,0.02974826577151948,0.6880251162886755,0.49371587265050887,356,85.8401289210192,0.24112395764331235,0.10143399315876578,0.03771614130457362
2vars_growth_monetary_policy,5,4,import_price_index,-0.001180352554516231,-0.023766498228388826,0.9811066382138367,356,85.8401289210192,0.24112395764331235,0.10143399315876578,0.03771614130457362
2vars_growth_monetary_policy,5,4,unemployment,0.015029400054102308,0.8011297782672983,0.42577367540170363,356,85.8401289210192,0.24112395764331235,0.10143399315876578,0.03771614130457362
2vars_growth_monetary_policy,5,4,cpi,-0.1289880228478874,-0.3332207565572152,0.739965953923635,356,85.8401289210192,0.24112395764331235,0.10143399315876578,0.03771614130457362
2vars_growth_monetary_policy,5,4,PCE_price_index,0.12959770971855097,0.3346185605151063,0.7389157050564503,356,85.8401289210192,0.24112395764331235,0.10143399315876578,0.03771614130457362
2vars_growth_monetary_policy,5,4,PPI_inflation,-0.05652699969856919,-0.5686125361887735,0.5714430501771233,356,85.8401289210192,0.24112395764331235,0.10143399315876578,0.03771614130457362
2vars_growth_monetary_policy,5,4,nat_fin_condition_indx,-0.006716979426599572,-0.9663567516089672,0.33720017125382684,356,85.8401289210192,0.24112395764331235,0.10143399315876578,0.03771614130457362
2vars_growth_monetary_policy,5,4,10y_2y_spread,-0.001615300936235575,-0.11652258349045924,0.9075728109217422,356,85.8401289210192,0.24112395764331235,0.10143399315876578,0.03771614130457362
2vars_growth_monetary_policy,5,4,10y_treasury_const_maturity_rate,0.0029093076911607427,0.14663031920575356,0.8838462612657711,356,85.8401289210192,0.24112395764331235,0.10143399315876578,0.03771614130457362
2vars_growth_monetary_policy,5,4,fed_reserve_discount_rate,0.022887853581234262,0.7349160680381375,0.4648512496394708,356,85.8401289210192,0.24112395764331235,0.10143399315876578,0.03771614130457362
2vars_growth_monetary_policy,5,4,fedfunds,-0.020416447355158327,-0.5128049866767692,0.6097059384158325,356,85.8401289210192,0.24112395764331235,0.10143399315876578,0.03771614130457362
2vars_growth_monetary_policy,5,4,m2_real_money_supply,0.007372740610477177,0.10530694833118316,0.916434116881665,356,85.8401289210192,0.24112395764331235,0.10143399315876578,0.03771614130457362
2vars_growth_monetary_policy,6,0,industrial_production,0.011738947178162635,0.458865694064489,0.6478927741783531,356,79.69001208661166,0.22384834855789792,0.11498156777459212,0.03740614418076784
2vars_growth_monetary_policy,6,0,retail_sales,0.008992711456165274,0.08427620270414646,0.9331011776148024,356,79.69001208661166,0.22384834855789792,0.11498156777459212,0.03740614418076784
2vars_growth_monetary_policy,6,0,tot_business_inventories,0.0035125547493990834,0.040855503211813235,0.9675388968323395,356,79.69001208661166,0.22384834855789792,0.11498156777459212,0.03740614418076784
2vars_growth_monetary_policy,6,0,export_price_index,0.04537606918335,1.0669567295211881,0.2900191484899366,356,79.69001208661166,0.22384834855789792,0.11498156777459212,0.03740614418076784
2vars_growth_monetary_policy,6,0,import_price_index,-0.004838127801650088,-0.09203821174155119,0.9269565656336041,356,79.69001208661166,0.22384834855789792,0.11498156777459212,0.03740614418076784
2vars_growth_monetary_policy,6,0,unemployment,0.01567230797614738,0.7284203238715937,0.4690261949942407,356,79.69001208661166,0.22384834855789792,0.11498156777459212,0.03740614418076784
2vars_growth_monetary_policy,6,0,cpi,-0.11442173699884918,-0.26402761148603776,0.7926110987095534,356,79.69001208661166,0.22384834855789792,0.11498156777459212,0.03740614418076784
2vars_growth_monetary_policy,6,0,PCE_price_index,0.11597578087472542,0.26773506686818066,0.7897684187387257,356,79.69001208661166,0.22384834855789792,0.11498156777459212,0.03740614418076784
2vars_growth_monetary_policy,6,0,PPI_inflation,-0.07400326367012437,-0.7657923558888096,0.4466286674002542,356,79.69001208661166,0.22384834855789792,0.11498156777459212,0.03740614418076784
2vars_growth_monetary_policy,6,0,nat_fin_condition_indx,-0.006535126652192376,-0.8938407976212113,0.3747723484538008,356,79.69001208661166,0.22384834855789792,0.11498156777459212,0.03740614418076784
2vars_growth_monetary_policy,6,0,10y_2y_spread,-0.006614383043833261,-0.47243058695945356,0.6382343230294794,356,79.69001208661166,0.22384834855789792,0.11498156777459212,0.03740614418076784
2vars_growth_monetary_policy,6,0,10y_treasury_const_maturity_rate,-0.0005511522876714631,-0.028728970453888825,0.977170584155356,356,79.69001208661166,0.22384834855789792,0.11498156777459212,0.03740614418076784
2vars_growth_monetary_policy,6,0,fed_reserve_discount_rate,0.02383357849079663,0.6638350508672863,0.5091918917583809,356,79.69001208661166,0.22384834855789792,0.11498156777459212,0.03740614418076784
2vars_growth_monetary_policy,6,0,fedfunds,-0.025574618428562654,-0.5936714855951091,0.554834536782836,356,79.69001208661166,0.22384834855789792,0.11498156777459212,0.03740614418076784
2vars_growth_monetary_policy,6,0,m2_real_money_supply,0.00970947802642574,0.11925545554173714,0.9054483377976965,356,79.69001208661166,0.22384834855789792,0.11498156777459212,0.03740614418076784
2vars_growth_monetary_policy,6,1,industrial_production,0.004780196495538616,0.16432316035805064,0.8702729546781869,356,57.580645247031754,0.1617433855253701,0.0956063501977088,0.040313784746874914
2vars_growth_monetary_policy,6,1,retail_sales,0.025559773620404742,0.20697449991781505,0.8370400353876373,356,57.580645247031754,0.1617433855253701,0.0956063501977088,0.040313784746874914
2vars_growth_monetary_policy,6,1,tot_business_inventories,0.02862309043335554,0.2902847739924821,0.7730412304528582,356,57.580645247031754,0.1617433855253701,0.0956063501977088,0.040313784746874914
2vars_growth_monetary_policy,6,1,export_price_index,0.023971241698876503,0.4095109730147475,0.6842667249457643,356,57.580645247031754,0.1617433855253701,0.0956063501977088,0.040313784746874914
2vars_growth_monetary_policy,6,1,import_price_index,-0.004483673742403639,-0.07018538118203954,0.944382581877778,356,57.580645247031754,0.1617433855253701,0.0956063501977088,0.040313784746874914
2vars_growth_monetary_policy,6,1,unemployment,0.018905389845711777,0.7712293849722437,0.4449317070193899,356,57.580645247031754,0.1617433855253701,0.0956063501977088,0.040313784746874914
2vars_growth_monetary_policy,6,1,cpi,-0.06870130104480955,-0.12739084650207083,0.8992451528632077,356,57.580645247031754,0.1617433855253701,0.0956063501977088,0.040313784746874914
2vars_growth_monetary_policy,6,1,PCE_price_index,0.041321286064848306,0.07609277035078871,0.9397102396595702,356,57.580645247031754,0.1617433855253701,0.0956063501977088,0.040313784746874914
2vars_growth_monetary_policy,6,1,PPI_inflation,-0.03871652309403488,-0.29009126492584014,0.7731882326654684,356,57.580645247031754,0.1617433855253701,0.0956063501977088,0.040313784746874914
2vars_growth_monetary_policy,6,1,nat_fin_condition_indx,-0.006885464547605953,-0.7805530872149065,0.43948657117132583,356,57.580645247031754,0.1617433855253701,0.0956063501977088,0.040313784746874914
2vars_growth_monetary_policy,6,1,10y_2y_spread,-0.002275051285176768,-0.11838600233859566,0.9063318905921709,356,57.580645247031754,0.1617433855253701,0.0956063501977088,0.040313784746874914
2vars_growth_monetary_policy,6,1,10y_treasury_const_maturity_rate,0.0018912921542453191,0.06996447947155351,0.9445573395908822,356,57.580645247031754,0.1617433855253701,0.0956063501977088,0.040313784746874914
2vars_growth_monetary_policy,6,1,fed_reserve_discount_rate,0.017436255776620502,0.38983311849058216,0.6986496830681945,356,57.580645247031754,0.1617433855253701,0.0956063501977088,0.040313784746874914
2vars_growth_monetary_policy,6,1,fedfunds,-0.01458404523002252,-0.2641006081700319,0.7930070014834656,356,57.580645247031754,0.1617433855253701,0.0956063501977088,0.040313784746874914
2vars_growth_monetary_policy,6,1,m2_real_money_supply,-0.006709426460611981,-0.07372965427621848,0.9415790547062319,356,57.580645247031754,0.1617433855253701,0.0956063501977088,0.040313784746874914
2vars_growth_monetary_policy,6,2,industrial_production,0.00772554444101157,0.22271492838049053,0.8252350937529047,356,46.64670427467754,0.13103006818729646,0.15997470548246318,0.039256135553241096
2vars_growth_monetary_policy,6,2,retail_sales,0.05003929852453321,0.38693764275985404,0.7014762988571586,356,46.64670427467754,0.13103006818729646,0.15997470548246318,0.039256135553241096
2vars_growth_monetary_policy,6,2,tot_business_inventories,0.03752361807724171,0.3599574568517875,0.7213477760632441,356,46.64670427467754,0.13103006818729646,0.15997470548246318,0.039256135553241096
2vars_growth_monetary_policy,6,2,export_price_index,0.044709304848371136,0.6912501542763722,0.49461168215994467,356,46.64670427467754,0.13103006818729646,0.15997470548246318,0.039256135553241096
2vars_growth_monetary_policy,6,2,import_price_index,-0.013600487009742201,-0.19127339735042095,0.8495729963036547,356,46.64670427467754,0.13103006818729646,0.15997470548246318,0.039256135553241096
2vars_growth_monetary_policy,6,2,unemployment,0.0255667469441997,1.0285245951876367,0.3117527613690385,356,46.64670427467754,0.13103006818729646,0.15997470548246318,0.039256135553241096
2vars_growth_monetary_policy,6,2,cpi,-0.08864004757972573,-0.146910515278946,0.8841648480071798,356,46.64670427467754,0.13103006818729646,0.15997470548246318,0.039256135553241096
2vars_growth_monetary_policy,6,2,PCE_price_index,0.0545076867040214,0.08963984427526246,0.9291566941231562,356,46.64670427467754,0.13103006818729646,0.15997470548246318,0.039256135553241096
2vars_growth_monetary_policy,6,2,PPI_inflation,-0.06725822119149553,-0.4657957486874699,0.6446552604309361,356,46.64670427467754,0.13103006818729646,0.15997470548246318,0.039256135553241096
2vars_growth_monetary_policy,6,2,nat_fin_condition_indx,-0.008155763907975814,-0.8812532726181825,0.38504013807255255,356,46.64670427467754,0.13103006818729646,0.15997470548246318,0.039256135553241096
2vars_growth_monetary_policy,6,2,10y_2y_spread,-0.003365797756805815,-0.15446707760470071,0.8782542506508628,356,46.64670427467754,0.13103006818729646,0.15997470548246318,0.039256135553241096
2vars_growth_monetary_policy,6,2,10y_treasury_const_maturity_rate,0.006240896334676553,0.20113657590418624,0.8419207954663079,356,46.64670427467754,0.13103006818729646,0.15997470548246318,0.039256135553241096
2vars_growth_monetary_policy,6,2,fed_reserve_discount_rate,0.026789826964549342,0.515065617863369,0.6102025251337604,356,46.64670427467754,0.13103006818729646,0.15997470548246318,0.039256135553241096
2vars_growth_monetary_policy,6,2,fedfunds,-0.027447149459574213,-0.4356427864248814,0.6661490353624995,356,46.64670427467754,0.13103006818729646,0.15997470548246318,0.039256135553241096
2vars_growth_monetary_policy,6,2,m2_real_money_supply,-0.019591132575984462,-0.1941071951840224,0.8473728779816749,356,46.64670427467754,0.13103006818729646,0.15997470548246318,0.039256135553241096
2vars_growth_monetary_policy,6,3,industrial_production,0.008918109668063489,0.25782181711450136,0.7982804236982135,356,46.42407936065544,0.13040471730521191,0.15604155095924188,0.03883304906860708
2vars_growth_monetary_policy,6,3,retail_sales,-0.002943338208583536,-0.021808386231218467,0.9827432104204765,356,46.42407936065544,0.13040471730521191,0.15604155095924188,0.03883304906860708
2vars_growth_monetary_policy,6,3,tot_business_inventories,0.01918313687871884,0.18256116805366127,0.8563534286282122,356,46.42407936065544,0.13040471730521191,0.15604155095924188,0.03883304906860708
2vars_growth_monetary_policy,6,3,export_price_index,0.03824269778854175,0.5941522938375475,0.5568029085728883,356,46.42407936065544,0.13040471730521191,0.15604155095924188,0.03883304906860708
2vars_growth_monetary_policy,6,3,import_price_index,-0.009231471954936675,-0.1310093273675177,0.8966304054526,356,46.42407936065544,0.13040471730521191,0.15604155095924188,0.03883304906860708
2vars_growth_monetary_policy,6,3,unemployment,0.01880416788773603,0.7351424335778755,0.46788217086230444,356,46.42407936065544,0.13040471730521191,0.15604155095924188,0.03883304906860708
2vars_growth_monetary_policy,6,3,cpi,0.00012231803692608497,0.00020422931750212472,0.9998383818570955,356,46.42407936065544,0.13040471730521191,0.15604155095924188,0.03883304906860708
2vars_growth_monetary_policy,6,3,PCE_price_index,0.0037770453061938335,0.006285145908144483,0.9950262444115519,356,46.42407936065544,0.13040471730521191,0.15604155095924188,0.03883304906860708
2vars_growth_monetary_policy,6,3,PPI_inflation,-0.05870096233837166,-0.410685969007384,0.684181001616047,356,46.42407936065544,0.13040471730521191,0.15604155095924188,0.03883304906860708
2vars_growth_monetary_policy,6,3,nat_fin_condition_indx,-0.008393697740721077,-0.9010513077061122,0.37463884873966724,356,46.42407936065544,0.13040471730521191,0.15604155095924188,0.03883304906860708
2vars_growth_monetary_policy,6,3,10y_2y_spread,-0.0038987520078467477,-0.18101479079482183,0.857556467221047,356,46.42407936065544,0.13040471730521191,0.15604155095924188,0.03883304906860708
2vars_growth_monetary_policy,6,3,10y_treasury_const_maturity_rate,0.003961787342654129,0.12875617969578804,0.8983979853984398,356,46.42407936065544,0.13040471730521191,0.15604155095924188,0.03883304906860708
2vars_growth_monetary_policy,6,3,fed_reserve_discount_rate,0.02567012186901023,0.49949987699378534,0.6210204970625637,356,46.42407936065544,0.13040471730521191,0.15604155095924188,0.03883304906860708
2vars_growth_monetary_policy,6,3,fedfunds,-0.023067066013474368,-0.3681096472473618,0.7153403303202297,356,46.42407936065544,0.13040471730521191,0.15604155095924188,0.03883304906860708
2vars_growth_monetary_policy,6,3,m2_real_money_supply,0.008704748280189849,0.08382966609056743,0.9337410306947544,356,46.42407936065544,0.13040471730521191,0.15604155095924188,0.03883304906860708
2vars_growth_monetary_policy,6,4,industrial_production,0.0026091295915987326,0.09348585746559089,0.9258730250607146,356,68.56248596934387,0.19259125272287603,0.10771420475654592,0.039339709136174496
2vars_growth_monetary_policy,6,4,retail_sales,-0.0141061239863851,-0.1436059648981815,0.8863607797419224,356,68.56248596934387,0.19259125272287603,0.10771420475654592,0.039339709136174496
2vars_growth_monetary_policy,6,4,tot_business_inventories,0.0007370813380888522,0.009886217325761464,0.992149496351326,356,68.56248596934387,0.19259125272287603,0.10771420475654592,0.039339709136174496
2vars_growth_monetary_policy,6,4,export_price_index,0.04862573293886141,0.9169847370401139,0.36333899843181117,356,68.56248596934387,0.19259125272287603,0.10771420475654592,0.039339709136174496
2vars_growth_monetary_policy,6,4,import_price_index,-0.003454213623940179,-0.06984081050708109,0.9445854008532986,356,68.56248596934387,0.19259125272287603,0.10771420475654592,0.039339709136174496
2vars_growth_monetary_policy,6,4,unemployment,0.010767393079239617,0.5913260436109381,0.5568365949490781,356,68.56248596934387,0.19259125272287603,0.10771420475654592,0.039339709136174496
2vars_growth_monetary_policy,6,4,cpi,0.14424489630699205,0.3175993162451021,0.7520471656000918,356,68.56248596934387,0.19259125272287603,0.10771420475654592,0.039339709136174496
2vars_growth_monetary_policy,6,4,PCE_price_index,-0.10763984227084396,-0.23272855861537095,0.8168760504599013,356,68.56248596934387,0.19259125272287603,0.10771420475654592,0.039339709136174496
2vars_growth_monetary_policy,6,4,PPI_inflation,-0.0791054843896225,-0.718434726740734,0.47567082748846135,356,68.56248596934387,0.19259125272287603,0.10771420475654592,0.039339709136174496
2vars_growth_monetary_policy,6,4,nat_fin_condition_indx,-0.0071077922416037,-1.020693997945963,0.31207447114111875,356,68.56248596934387,0.19259125272287603,0.10771420475654592,0.039339709136174496
2vars_growth_monetary_policy,6,4,10y_2y_spread,-0.0002829866809105642,-0.01577825841948968,0.9874710326354434,356,68.56248596934387,0.19259125272287603,0.10771420475654592,0.039339709136174496
2vars_growth_monetary_policy,6,4,10y_treasury_const_maturity_rate,0.005707803140362206,0.20762579065953735,0.8363235146991201,356,68.56248596934387,0.19259125272287603,0.10771420475654592,0.039339709136174496
2vars_growth_monetary_policy,6,4,fed_reserve_discount_rate,0.03261255660201617,0.7367828907746677,0.46453038510567146,356,68.56248596934387,0.19259125272287603,0.10771420475654592,0.039339709136174496
2vars_growth_monetary_policy,6,4,fedfunds,-0.028328428115538512,-0.5327154659180349,0.5964756276439362,356,68.56248596934387,0.19259125272287603,0.10771420475654592,0.039339709136174496
2vars_growth_monetary_policy,6,4,m2_real_money_supply,0.018775174313393386,0.2528389634919396,0.8013788702101625,356,68.56248596934387,0.19259125272287603,0.10771420475654592,0.039339709136174496
2vars_growth_monetary_policy,6,5,industrial_production,0.006803757693071919,0.21803631303279242,0.8284798838808978,356,57.09607306167974,0.16038222770134758,0.17313094648836602,0.03739695836989104
2vars_growth_monetary_policy,6,5,retail_sales,-0.008938383399123936,-0.07387160013617318,0.9414709539537129,356,57.09607306167974,0.16038222770134758,0.17313094648836602,0.03739695836989104
2vars_growth_monetary_policy,6,5,tot_business_inventories,-0.001194308469860772,-0.012435073113392384,0.9901386754114638,356,57.09607306167974,0.16038222770134758,0.17313094648836602,0.03739695836989104
2vars_growth_monetary_policy,6,5,export_price_index,0.03418990461163676,0.6142913999315373,0.5424088597765415,356,57.09607306167974,0.16038222770134758,0.17313094648836602,0.03739695836989104
2vars_growth_monetary_policy,6,5,import_price_index,-0.010666222104174679,-0.1700487261163252,0.8658061983836278,356,57.09607306167974,0.16038222770134758,0.17313094648836602,0.03739695836989104
2vars_growth_monetary_policy,6,5,unemployment,0.01396081016542365,0.6099433440247879,0.5452574417282166,356,57.09607306167974,0.16038222770134758,0.17313094648836602,0.03739695836989104
2vars_growth_monetary_policy,6,5,cpi,-0.033207890932664706,-0.06572311151882332,0.9479169593932097,356,57.09607306167974,0.16038222770134758,0.17313094648836602,0.03739695836989104
2vars_growth_monetary_policy,6,5,PCE_price_index,0.06304761453948962,0.1250391737022749,0.9011022029159677,356,57.09607306167974,0.16038222770134758,0.17313094648836602,0.03739695836989104
2vars_growth_monetary_policy,6,5,PPI_inflation,-0.052352749707016505,-0.42322085560771644,0.67434081177898,356,57.09607306167974,0.16038222770134758,0.17313094648836602,0.03739695836989104
2vars_growth_monetary_policy,6,5,nat_fin_condition_indx,-0.011944774612929044,-1.6733902161898897,0.10184692388528993,356,57.09607306167974,0.16038222770134758,0.17313094648836602,0.03739695836989104
2vars_growth_monetary_policy,6,5,10y_2y_spread,-0.002753292127270237,-0.1463514423352581,0.8843595199868393,356,57.09607306167974,0.16038222770134758,0.17313094648836602,0.03739695836989104
2vars_growth_monetary_policy,6,5,10y_treasury_const_maturity_rate,-0.0008497315747574097,-0.03202681403932994,0.9746057103313486,356,57.09607306167974,0.16038222770134758,0.17313094648836602,0.03739695836989104
2vars_growth_monetary_policy,6,5,fed_reserve_discount_rate,0.020494301279358352,0.502487189523511,0.618006980591745,356,57.09607306167974,0.16038222770134758,0.17313094648836602,0.03739695836989104
2vars_growth_monetary_policy,6,5,fedfunds,-0.014531145115489145,-0.28566246349302293,0.7765716026229865,356,57.09607306167974,0.16038222770134758,0.17313094648836602,0.03739695836989104
2vars_growth_monetary_policy,6,5,m2_real_money_supply,0.008694364275446382,0.0946340128922947,0.925065454030231,356,57.09607306167974,0.16038222770134758,0.17313094648836602,0.03739695836989104
2vars_growth_market_volatility,2,0,industrial_production,0.0091052847623691,0.7489715820565377,0.4546569083408629,356,240.91277160416337,0.6767212685510207,0.09620020412763441,0.035788516081127396
2vars_growth_market_volatility,2,0,retail_sales,0.005808142979834936,0.1086588205378738,0.9135699816928069,356,240.91277160416337,0.6767212685510207,0.09620020412763441,0.035788516081127396
2vars_growth_market_volatility,2,0,tot_business_inventories,0.0005180993774371565,0.01221581719879691,0.9902642592110953,356,240.91277160416337,0.6767212685510207,0.09620020412763441,0.035788516081127396
2vars_growth_market_volatility,2,0,export_price_index,0.0372415720130629,1.6617405354855455,0.09795795461437584,356,240.91277160416337,0.6767212685510207,0.09620020412763441,0.035788516081127396
2vars_growth_market_volatility,2,0,import_price_index,-0.0014848357429308118,-0.05699523923678001,0.9545995891277252,356,240.91277160416337,0.6767212685510207,0.09620020412763441,0.035788516081127396
2vars_growth_market_volatility,2,0,unemployment,0.012573282306016263,1.1382415414083806,0.25623063901795806,356,240.91277160416337,0.6767212685510207,0.09620020412763441,0.035788516081127396
2vars_growth_market_volatility,2,0,cpi,-0.09190867900681446,-0.435919527961347,0.6633132171416602,356,240.91277160416337,0.6767212685510207,0.09620020412763441,0.035788516081127396
2vars_growth_market_volatility,2,0,PCE_price_index,0.10044525419252573,0.4813760253236327,0.6307172778529937,356,240.91277160416337,0.6767212685510207,0.09620020412763441,0.035788516081127396
2vars_growth_market_volatility,2,0,PPI_inflation,-0.06536536051631964,-1.3224813558112305,0.18735111423998418,356,240.91277160416337,0.6767212685510207,0.09620020412763441,0.035788516081127396
2vars_growth_market_volatility,2,0,nat_fin_condition_indx,-0.007003523805720708,-1.7266663473315091,0.08560067089356016,356,240.91277160416337,0.6767212685510207,0.09620020412763441,0.035788516081127396
2vars_growth_market_volatility,2,0,10y_2y_spread,-0.002973243714842129,-0.40919418417922204,0.6827865590374822,356,240.91277160416337,0.6767212685510207,0.09620020412763441,0.035788516081127396
2vars_growth_market_volatility,2,0,10y_treasury_const_maturity_rate,0.0008584066719831613,0.08089949805371685,0.9355938207134173,356,240.91277160416337,0.6767212685510207,0.09620020412763441,0.035788516081127396
2vars_growth_market_volatility,2,0,fed_reserve_discount_rate,0.020908202006781045,1.133017138941788,0.25841340691308856,356,240.91277160416337,0.6767212685510207,0.09620020412763441,0.035788516081127396
2vars_growth_market_volatility,2,0,fedfunds,-0.01869516168275903,-0.8308629312794777,0.40693220468276436,356,240.91277160416337,0.6767212685510207,0.09620020412763441,0.035788516081127396
2vars_growth_market_volatility,2,0,m2_real_money_supply,0.012143029640482798,0.2989320775507217,0.7652678945414,356,240.91277160416337,0.6767212685510207,0.09620020412763441,0.035788516081127396
2vars_growth_market_volatility,2,1,industrial_production,0.0040260023356617144,0.18311973214525643,0.85507824622493,356,115.08722839583665,0.32327873144897934,0.16942702925483777,0.044366290209416924
2vars_growth_market_volatility,2,1,retail_sales,0.004061330201296708,0.05659184707876867,0.9549842894261988,356,115.08722839583665,0.32327873144897934,0.16942702925483777,0.044366290209416924
2vars_growth_market_volatility,2,1,tot_business_inventories,0.01566092304421866,0.2697420794326997,0.7879196409847495,356,115.08722839583665,0.32327873144897934,0.16942702925483777,0.044366290209416924
2vars_growth_market_volatility,2,1,export_price_index,0.04623944706367774,1.147937419630107,0.25375832257040387,356,115.08722839583665,0.32327873144897934,0.16942702925483777,0.044366290209416924
2vars_growth_market_volatility,2,1,import_price_index,-0.014208482980464664,-0.33806391076778747,0.7360302382799968,356,115.08722839583665,0.32327873144897934,0.16942702925483777,0.044366290209416924
2vars_growth_market_volatility,2,1,unemployment,0.019484524971589114,1.4891981436741146,0.13961124992869434,356,115.08722839583665,0.32327873144897934,0.16942702925483777,0.044366290209416924
2vars_growth_market_volatility,2,1,cpi,0.11080737251512233,0.30081144721507075,0.7641885597151639,356,115.08722839583665,0.32327873144897934,0.16942702925483777,0.044366290209416924
2vars_growth_market_volatility,2,1,PCE_price_index,-0.09981566350184516,-0.2642413201383382,0.7921427921526951,356,115.08722839583665,0.32327873144897934,0.16942702925483777,0.044366290209416924
2vars_growth_market_volatility,2,1,PPI_inflation,-0.060919143282784805,-0.6702702267069842,0.5042447118852516,356,115.08722839583665,0.32327873144897934,0.16942702925483777,0.044366290209416924
2vars_growth_market_volatility,2,1,nat_fin_condition_indx,-0.009630308608933075,-2.0642023352798438,0.04161147587246794,356,115.08722839583665,0.32327873144897934,0.16942702925483777,0.044366290209416924
2vars_growth_market_volatility,2,1,10y_2y_spread,-0.0035025557288910335,-0.24815373710011956,0.8045290104182978,356,115.08722839583665,0.32327873144897934,0.16942702925483777,0.044366290209416924
2vars_growth_market_volatility,2,1,10y_treasury_const_maturity_rate,0.005309465923472618,0.2712441351293993,0.7867675467264164,356,115.08722839583665,0.32327873144897934,0.16942702925483777,0.044366290209416924
2vars_growth_market_volatility,2,1,fed_reserve_discount_rate,0.03085369619631819,0.999479731122488,0.31999691307093125,356,115.08722839583665,0.32327873144897934,0.16942702925483777,0.044366290209416924
2vars_growth_market_volatility,2,1,fedfunds,-0.02831958217180794,-0.7492323016082625,0.4554922245305417,356,115.08722839583665,0.32327873144897934,0.16942702925483777,0.044366290209416924
2vars_growth_market_volatility,2,1,m2_real_money_supply,0.0010374559243042476,0.018646526942623354,0.9851605817677476,356,115.08722839583665,0.32327873144897934,0.16942702925483777,0.044366290209416924
2vars_growth_market_volatility,3,0,industrial_production,0.00823851241111909,0.5695999570278937,0.5698771009923016,356,153.7014981574059,0.4317457813410278,0.09838580290519672,0.03341505451477752
2vars_growth_market_volatility,3,0,retail_sales,-0.005767467071040799,-0.08876007680132185,0.929401546901226,356,153.7014981574059,0.4317457813410278,0.09838580290519672,0.03341505451477752
2vars_growth_market_volatility,3,0,tot_business_inventories,-0.010671091186113596,-0.20741479478997163,0.8359923526754343,356,153.7014981574059,0.4317457813410278,0.09838580290519672,0.03341505451477752
2vars_growth_market_volatility,3,0,export_price_index,0.03321958675279273,1.2107274135360977,0.2280738447097641,356,153.7014981574059,0.4317457813410278,0.09838580290519672,0.03341505451477752
2vars_growth_market_volatility,3,0,import_price_index,0.0033455507672946697,0.10362185103898022,0.9176202107364104,356,153.7014981574059,0.4317457813410278,0.09838580290519672,0.03341505451477752
2vars_growth_market_volatility,3,0,unemployment,0.010828841907336488,0.8410001930343226,0.4018058522597494,356,153.7014981574059,0.4317457813410278,0.09838580290519672,0.03341505451477752
2vars_growth_market_volatility,3,0,cpi,-0.03052325083089611,-0.11622747535495377,0.9076415955644779,356,153.7014981574059,0.4317457813410278,0.09838580290519672,0.03341505451477752
2vars_growth_market_volatility,3,0,PCE_price_index,0.06301680722179642,0.23825138691218342,0.8120402951510823,356,153.7014981574059,0.4317457813410278,0.09838580290519672,0.03341505451477752
2vars_growth_market_volatility,3,0,PPI_inflation,-0.0696642156619458,-1.1751619480928452,0.24195793632632867,356,153.7014981574059,0.4317457813410278,0.09838580290519672,0.03341505451477752
2vars_growth_market_volatility,3,0,nat_fin_condition_indx,-0.00913827898876638,-1.8691827055427548,0.06372138493032753,356,153.7014981574059,0.4317457813410278,0.09838580290519672,0.03341505451477752
2vars_growth_market_volatility,3,0,10y_2y_spread,-0.0006588597393810202,-0.07185429961947536,0.9428221178007488,356,153.7014981574059,0.4317457813410278,0.09838580290519672,0.03341505451477752
2vars_growth_market_volatility,3,0,10y_treasury_const_maturity_rate,-0.0004638167067721777,-0.035336684978035514,0.9718624440661949,356,153.7014981574059,0.4317457813410278,0.09838580290519672,0.03341505451477752
2vars_growth_market_volatility,3,0,fed_reserve_discount_rate,0.01635358975897847,0.6956276321478743,0.48783438035085314,356,153.7014981574059,0.4317457813410278,0.09838580290519672,0.03341505451477752
2vars_growth_market_volatility,3,0,fedfunds,-0.009342169918059726,-0.3175624068128614,0.7512979201713914,356,153.7014981574059,0.4317457813410278,0.09838580290519672,0.03341505451477752
2vars_growth_market_volatility,3,0,m2_real_money_supply,0.018587319875236395,0.3809426672711975,0.7038328646942977,356,153.7014981574059,0.4317457813410278,0.09838580290519672,0.03341505451477752
2vars_growth_market_volatility,3,1,industrial_production,0.00910371237290644,0.37051319268113303,0.71229625691698,356,76.40576491751617,0.21462293516156225,0.15582361899721398,0.0388114711598137
2vars_growth_market_volatility,3,1,retail_sales,-0.0030133886747748077,-0.03145134030907647,0.9750132876844599,356,76.40576491751617,0.21462293516156225,0.15582361899721398,0.0388114711598137
2vars_growth_market_volatility,3,1,tot_business_inventories,0.019142034436597257,0.2564681068116617,0.7984608798896602,356,76.40576491751617,0.21462293516156225,0.15582361899721398,0.0388114711598137
2vars_growth_market_volatility,3,1,export_price_index,0.03852726288862069,0.8437767836387158,0.402123291262255,356,76.40576491751617,0.21462293516156225,0.15582361899721398,0.0388114711598137
2vars_growth_market_volatility,3,1,import_price_index,-0.009780509533212191,-0.1961058510988724,0.8451855611439782,356,76.40576491751617,0.21462293516156225,0.15582361899721398,0.0388114711598137
2vars_growth_market_volatility,3,1,unemployment,0.01887757240235052,1.0394819303450136,0.3027235983551808,356,76.40576491751617,0.21462293516156225,0.15582361899721398,0.0388114711598137
2vars_growth_market_volatility,3,1,cpi,-0.0012317757752888434,-0.0028961341329811806,0.9976987659385095,356,76.40576491751617,0.21462293516156225,0.15582361899721398,0.0388114711598137
2vars_growth_market_volatility,3,1,PCE_price_index,0.004553800428308244,0.01067354612285762,0.9915190776450542,356,76.40576491751617,0.21462293516156225,0.15582361899721398,0.0388114711598137
2vars_growth_market_volatility,3,1,PPI_inflation,-0.058060564846938986,-0.5738120686832989,0.5682254433572673,356,76.40576491751617,0.21462293516156225,0.15582361899721398,0.0388114711598137
2vars_growth_market_volatility,3,1,nat_fin_condition_indx,-0.008385604445335693,-1.266029571321568,0.210363400646274,356,76.40576491751617,0.21462293516156225,0.15582361899721398,0.0388114711598137
2vars_growth_market_volatility,3,1,10y_2y_spread,-0.0038600895302889804,-0.2524885021658235,0.8015206935098473,356,76.40576491751617,0.21462293516156225,0.15582361899721398,0.0388114711598137
2vars_growth_market_volatility,3,1,10y_treasury_const_maturity_rate,0.004066183195423597,0.18616314199955075,0.8529405990619807,356,76.40576491751617,0.21462293516156225,0.15582361899721398,0.0388114711598137
2vars_growth_market_volatility,3,1,fed_reserve_discount_rate,0.025770279621121533,0.7061447692600644,0.48281285914292704,356,76.40576491751617,0.21462293516156225,0.15582361899721398,0.0388114711598137
2vars_growth_market_volatility,3,1,fedfunds,-0.023094653580955804,-0.5185304912166576,0.6059825478199445,356,76.40576491751617,0.21462293516156225,0.15582361899721398,0.0388114711598137
2vars_growth_market_volatility,3,1,m2_real_money_supply,0.00895801884168606,0.12143156921542464,0.9037522655387735,356,76.40576491751617,0.21462293516156225,0.15582361899721398,0.0388114711598137
2vars_growth_market_volatility,3,2,industrial_production,0.0043455100267787,0.19588413037998162,0.8450626159184249,356,125.89273692507791,0.35363128349740985,0.13487380595160858,0.04440759420539097
2vars_growth_market_volatility,3,2,retail_sales,0.026475009966300384,0.35115082739579234,0.7261475196707297,356,125.89273692507791,0.35363128349740985,0.13487380595160858,0.04440759420539097
2vars_growth_market_volatility,3,2,tot_business_inventories,0.01353424618970759,0.22776887729009274,0.8202491633613143,356,125.89273692507791,0.35363128349740985,0.13487380595160858,0.04440759420539097
2vars_growth_market_volatility,3,2,export_price_index,0.04362920103970087,1.1243480764112166,0.26331534052690664,356,125.89273692507791,0.35363128349740985,0.13487380595160858,0.04440759420539097
2vars_growth_market_volatility,3,2,import_price_index,-0.00989762602000535,-0.2465442983093374,0.8057208683006345,356,125.89273692507791,0.35363128349740985,0.13487380595160858,0.04440759420539097
2vars_growth_market_volatility,3,2,unemployment,0.01807676782700007,1.2796612044985254,0.20335936960499135,356,125.89273692507791,0.35363128349740985,0.13487380595160858,0.04440759420539097
2vars_growth_market_volatility,3,2,cpi,-0.03133287470670811,-0.08987349996687019,0.9285513386417912,356,125.89273692507791,0.35363128349740985,0.13487380595160858,0.04440759420539097
2vars_growth_market_volatility,3,2,PCE_price_index,0.023063574022792313,0.06565177407955627,0.9477743538733439,356,125.89273692507791,0.35363128349740985,0.13487380595160858,0.04440759420539097
2vars_growth_market_volatility,3,2,PPI_inflation,-0.06128298964843984,-0.6974014797603078,0.48702441633868077,356,125.89273692507791,0.35363128349740985,0.13487380595160858,0.04440759420539097
2vars_growth_market_volatility,3,2,nat_fin_condition_indx,-0.007685041215979696,-1.6239985251822393,0.10724114265369833,356,125.89273692507791,0.35363128349740985,0.13487380595160858,0.04440759420539097
2vars_growth_market_volatility,3,2,10y_2y_spread,-0.005906168993620873,-0.4623098442806132,0.6447731680109345,356,125.89273692507791,0.35363128349740985,0.13487380595160858,0.04440759420539097
2vars_growth_market_volatility,3,2,10y_treasury_const_maturity_rate,0.004018156953832163,0.2220895600576193,0.8246563766050827,356,125.89273692507791,0.35363128349740985,0.13487380595160858,0.04440759420539097
2vars_growth_market_volatility,3,2,fed_reserve_discount_rate,0.030002277707081405,1.0329789386056025,0.3038817157970515,356,125.89273692507791,0.35363128349740985,0.13487380595160858,0.04440759420539097
2vars_growth_market_volatility,3,2,fedfunds,-0.032227804132245824,-0.9504596833354698,0.34396441029640124,356,125.89273692507791,0.35363128349740985,0.13487380595160858,0.04440759420539097
2vars_growth_market_volatility,3,2,m2_real_money_supply,-0.006416913659255497,-0.1120137887678004,0.9110168209300722,356,125.89273692507791,0.35363128349740985,0.13487380595160858,0.04440759420539097
2vars_growth_market_volatility,4,0,industrial_production,0.003282167956581388,0.11181901297979255,0.9113761476300142,356,70.71158620865171,0.19862805114789805,0.16385333910570576,0.043813225005848264
2vars_growth_market_volatility,4,0,retail_sales,0.02212319744935194,0.22248454805202353,0.824765181585406,356,70.71158620865171,0.19862805114789805,0.16385333910570576,0.043813225005848264
2vars_growth_market_volatility,4,0,tot_business_inventories,0.007686146059647031,0.09318406647857604,0.9260977327625961,356,70.71158620865171,0.19862805114789805,0.16385333910570576,0.043813225005848264
2vars_growth_market_volatility,4,0,export_price_index,0.050025382783570396,0.9414914308127276,0.3505917306427302,356,70.71158620865171,0.19862805114789805,0.16385333910570576,0.043813225005848264
2vars_growth_market_volatility,4,0,import_price_index,-0.005030003043739261,-0.08726884889300017,0.9307764398114606,356,70.71158620865171,0.19862805114789805,0.16385333910570576,0.043813225005848264
2vars_growth_market_volatility,4,0,unemployment,0.01767051615397248,0.9763698576624867,0.3331786985562011,356,70.71158620865171,0.19862805114789805,0.16385333910570576,0.043813225005848264
2vars_growth_market_volatility,4,0,cpi,0.06292335797839028,0.12557299747571762,0.9005302388024266,356,70.71158620865171,0.19862805114789805,0.16385333910570576,0.043813225005848264
2vars_growth_market_volatility,4,0,PCE_price_index,-0.058190891144771426,-0.11351350596271997,0.910038970413036,356,70.71158620865171,0.19862805114789805,0.16385333910570576,0.043813225005848264
2vars_growth_market_volatility,4,0,PPI_inflation,-0.07876213710459877,-0.6457263846420989,0.5211557228468999,356,70.71158620865171,0.19862805114789805,0.16385333910570576,0.043813225005848264
2vars_growth_market_volatility,4,0,nat_fin_condition_indx,-0.008646365840412238,-1.4002305480719965,0.16708989392715545,356,70.71158620865171,0.19862805114789805,0.16385333910570576,0.043813225005848264
2vars_growth_market_volatility,4,0,10y_2y_spread,-0.003167383684351178,-0.17132979328704825,0.864596558326512,356,70.71158620865171,0.19862805114789805,0.16385333910570576,0.043813225005848264
2vars_growth_market_volatility,4,0,10y_treasury_const_maturity_rate,0.0021301372704401033,0.08289556877138979,0.9342371250135697,356,70.71158620865171,0.19862805114789805,0.16385333910570576,0.043813225005848264
2vars_growth_market_volatility,4,0,fed_reserve_discount_rate,0.03314046742281357,0.7783408840450702,0.43972133206033037,356,70.71158620865171,0.19862805114789805,0.16385333910570576,0.043813225005848264
2vars_growth_market_volatility,4,0,fedfunds,-0.03152576965013156,-0.6161281333542981,0.5403650221585643,356,70.71158620865171,0.19862805114789805,0.16385333910570576,0.043813225005848264
2vars_growth_market_volatility,4,0,m2_real_money_supply,0.00019355808205652163,0.0024833513945285257,0.9980276071394947,356,70.71158620865171,0.19862805114789805,0.16385333910570576,0.043813225005848264
2vars_growth_market_volatility,4,1,industrial_production,0.00789171976148969,0.4785843615673608,0.6332731727036616,356,116.5692081724481,0.32744159599002276,0.10158435154029155,0.033399629884013717
2vars_growth_market_volatility,4,1,retail_sales,-0.012188481816739644,-0.1594625104363001,0.8736243091451423,356,116.5692081724481,0.32744159599002276,0.10158435154029155,0.033399629884013717
2vars_growth_market_volatility,4,1,tot_business_inventories,-0.0077765877157375506,-0.13171287178744379,0.8954745474381243,356,116.5692081724481,0.32744159599002276,0.10158435154029155,0.033399629884013717
2vars_growth_market_volatility,4,1,export_price_index,0.032361097491706396,1.0118607593360087,0.3140329031055933,356,116.5692081724481,0.32744159599002276,0.10158435154029155,0.033399629884013717
2vars_growth_market_volatility,4,1,import_price_index,0.007217004480532262,0.18577425471944672,0.8529959759028949,356,116.5692081724481,0.32744159599002276,0.10158435154029155,0.033399629884013717
2vars_growth_market_volatility,4,1,unemployment,0.010505458131128055,0.7076102562396155,0.48082394345822355,356,116.5692081724481,0.32744159599002276,0.10158435154029155,0.033399629884013717
2vars_growth_market_volatility,4,1,cpi,-0.004311502619907612,-0.014169883232647115,0.988722519573821,356,116.5692081724481,0.32744159599002276,0.10158435154029155,0.033399629884013717
2vars_growth_market_volatility,4,1,PCE_price_index,0.03940876292701621,0.12852396184775203,0.8979910063202345,356,116.5692081724481,0.32744159599002276,0.10158435154029155,0.033399629884013717
2vars_growth_market_volatility,4,1,PPI_inflation,-0.07311777096381614,-1.030875591694176,0.3050719770168129,356,116.5692081724481,0.32744159599002276,0.10158435154029155,0.033399629884013717
2vars_growth_market_volatility,4,1,nat_fin_condition_indx,-0.008998577749706076,-1.6092571080281066,0.11069483363714094,356,116.5692081724481,0.32744159599002276,0.10158435154029155,0.033399629884013717
2vars_growth_market_volatility,4,1,10y_2y_spread,-0.002002716467310398,-0.18671121977691282,0.8522631880894569,356,116.5692081724481,0.32744159599002276,0.10158435154029155,0.033399629884013717
2vars_growth_market_volatility,4,1,10y_treasury_const_maturity_rate,0.0001948020296342265,0.01288321700763011,0.9897464872158399,356,116.5692081724481,0.32744159599002276,0.10158435154029155,0.033399629884013717
2vars_growth_market_volatility,4,1,fed_reserve_discount_rate,0.01827357351121453,0.6781573126691471,0.4992293458469601,356,116.5692081724481,0.32744159599002276,0.10158435154029155,0.033399629884013717
2vars_growth_market_volatility,4,1,fedfunds,-0.013474653257421292,-0.40064766226872767,0.6895294175929791,356,116.5692081724481,0.32744159599002276,0.10158435154029155,0.033399629884013717
2vars_growth_market_volatility,4,1,m2_real_money_supply,0.01986790797033211,0.35334851000942213,0.7245667879035744,356,116.5692081724481,0.32744159599002276,0.10158435154029155,0.033399629884013717
2vars_growth_market_volatility,4,2,industrial_production,0.005858414486238601,0.252761223170537,0.8010318018758342,356,105.58599206622343,0.29658986535456017,0.10596471398842822,0.04051767845506742
2vars_growth_market_volatility,4,2,retail_sales,0.020129079771152532,0.23209225775552658,0.816995717185941,356,105.58599206622343,0.29658986535456017,0.10596471398842822,0.04051767845506742
2vars_growth_market_volatility,4,2,tot_business_inventories,0.014178215918007333,0.21007552775538174,0.8340857637824879,356,105.58599206622343,0.29658986535456017,0.10596471398842822,0.04051767845506742
2vars_growth_market_volatility,4,2,export_price_index,0.038148211371764155,0.9513307260566177,0.343996126468187,356,105.58599206622343,0.29658986535456017,0.10596471398842822,0.04051767845506742
2vars_growth_market_volatility,4,2,import_price_index,-0.018018936412941913,-0.4514184067154518,0.6527789304052569,356,105.58599206622343,0.29658986535456017,0.10596471398842822,0.04051767845506742
2vars_growth_market_volatility,4,2,unemployment,0.017169401408282325,0.9737759240289543,0.33278985182401977,356,105.58599206622343,0.29658986535456017,0.10596471398842822,0.04051767845506742
2vars_growth_market_volatility,4,2,cpi,-0.11238156718482625,-0.31111001517780207,0.7564397544253412,356,105.58599206622343,0.29658986535456017,0.10596471398842822,0.04051767845506742
2vars_growth_market_volatility,4,2,PCE_price_index,0.10379373347869501,0.29082346803770087,0.7718585529207156,356,105.58599206622343,0.29658986535456017,0.10596471398842822,0.04051767845506742
2vars_growth_market_volatility,4,2,PPI_inflation,-0.04372381778721727,-0.5095398317590295,0.6116267944650526,356,105.58599206622343,0.29658986535456017,0.10596471398842822,0.04051767845506742
2vars_growth_market_volatility,4,2,nat_fin_condition_indx,-0.0060874874479385785,-0.9573237789017245,0.34098025030733314,356,105.58599206622343,0.29658986535456017,0.10596471398842822,0.04051767845506742
2vars_growth_market_volatility,4,2,10y_2y_spread,-0.005121064852779695,-0.39695677783326366,0.6923434340020065,356,105.58599206622343,0.29658986535456017,0.10596471398842822,0.04051767845506742
2vars_growth_market_volatility,4,2,10y_treasury_const_maturity_rate,0.004339372397268093,0.23065180178927733,0.8181112370140438,356,105.58599206622343,0.29658986535456017,0.10596471398842822,0.04051767845506742
2vars_growth_market_volatility,4,2,fed_reserve_discount_rate,0.02512705756557205,0.8290522181279171,0.40927836917589766,356,105.58599206622343,0.29658986535456017,0.10596471398842822,0.04051767845506742
2vars_growth_market_volatility,4,2,fedfunds,-0.026023664328129012,-0.7171230767491741,0.47516377500364504,356,105.58599206622343,0.29658986535456017,0.10596471398842822,0.04051767845506742
2vars_growth_market_volatility,4,2,m2_real_money_supply,-0.005297697331097793,-0.08139846089534054,0.9353066530323846,356,105.58599206622343,0.29658986535456017,0.10596471398842822,0.04051767845506742
2vars_growth_market_volatility,4,3,industrial_production,0.008993551937691566,0.3232835528820295,0.7479104987878347,356,63.133213552676736,0.17734048750751893,0.15427849088015377,0.03891340012375056
2vars_growth_market_volatility,4,3,retail_sales,-0.003628072472500139,-0.03340947681699983,0.9734891372743215,356,63.133213552676736,0.17734048750751893,0.15427849088015377,0.03891340012375056
2vars_growth_market_volatility,4,3,tot_business_inventories,0.018637380835351255,0.22098188146441342,0.826061066509026,356,63.133213552676736,0.17734048750751893,0.15427849088015377,0.03891340012375056
2vars_growth_market_volatility,4,3,export_price_index,0.03775388388231663,0.7283517253312435,0.47000167824465766,356,63.133213552676736,0.17734048750751893,0.15427849088015377,0.03891340012375056
2vars_growth_market_volatility,4,3,import_price_index,-0.008530777372476829,-0.15099354990132138,0.8806251947035835,356,63.133213552676736,0.17734048750751893,0.15427849088015377,0.03891340012375056
2vars_growth_market_volatility,4,3,unemployment,0.018617896755759575,0.9049377073854149,0.370100971068533,356,63.133213552676736,0.17734048750751893,0.15427849088015377,0.03891340012375056
2vars_growth_market_volatility,4,3,cpi,0.002895963729693885,0.006008880487111644,0.9952309971329885,356,63.133213552676736,0.17734048750751893,0.15427849088015377,0.03891340012375056
2vars_growth_market_volatility,4,3,PCE_price_index,0.0018587473018687355,0.003844166961962708,0.9969490307129549,356,63.133213552676736,0.17734048750751893,0.15427849088015377,0.03891340012375056
2vars_growth_market_volatility,4,3,PPI_inflation,-0.059205973900745196,-0.5155207684991685,0.6085988946845795,356,63.133213552676736,0.17734048750751893,0.15427849088015377,0.03891340012375056
2vars_growth_market_volatility,4,3,nat_fin_condition_indx,-0.00841560945788478,-1.1186541139647248,0.2689567250204523,356,63.133213552676736,0.17734048750751893,0.15427849088015377,0.03891340012375056
2vars_growth_market_volatility,4,3,10y_2y_spread,-0.003832704685172896,-0.2205934070511247,0.8263618089980533,356,63.133213552676736,0.17734048750751893,0.15427849088015377,0.03891340012375056
2vars_growth_market_volatility,4,3,10y_treasury_const_maturity_rate,0.004080189305851764,0.1644556852170765,0.870075685883926,356,63.133213552676736,0.17734048750751893,0.15427849088015377,0.03891340012375056
2vars_growth_market_volatility,4,3,fed_reserve_discount_rate,0.025517776942190585,0.6163757662975922,0.5406122675314196,356,63.133213552676736,0.17734048750751893,0.15427849088015377,0.03891340012375056
2vars_growth_market_volatility,4,3,fedfunds,-0.022887681005568192,-0.4529085543368966,0.6526926484551878,356,63.133213552676736,0.17734048750751893,0.15427849088015377,0.03891340012375056
2vars_growth_market_volatility,4,3,m2_real_money_supply,0.009470450864721347,0.11387076189888928,0.9098239154280983,356,63.133213552676736,0.17734048750751893,0.15427849088015377,0.03891340012375056
2vars_growth_market_volatility,5,0,industrial_production,0.010279754352765763,0.4208599634506852,0.6754095795089596,356,74.11918549103117,0.2081999592444696,0.1068704527590999,0.03758747358886929
2vars_growth_market_volatility,5,0,retail_sales,0.010079294366458841,0.09972371218420722,0.9209068657409618,356,74.11918549103117,0.2081999592444696,0.1068704527590999,0.03758747358886929
2vars_growth_market_volatility,5,0,tot_business_inventories,0.0063834084599314325,0.0796028191909933,0.9368266151289888,356,74.11918549103117,0.2081999592444696,0.1068704527590999,0.03758747358886929
2vars_growth_market_volatility,5,0,export_price_index,0.03244843835180113,0.707148843522962,0.48229985094036154,356,74.11918549103117,0.2081999592444696,0.1068704527590999,0.03758747358886929
2vars_growth_market_volatility,5,0,import_price_index,-0.007953810495376912,-0.15905079334230152,0.8741802745300384,356,74.11918549103117,0.2081999592444696,0.1068704527590999,0.03758747358886929
2vars_growth_market_volatility,5,0,unemployment,0.016316781763190822,0.8080227852012283,0.42237248211499323,356,74.11918549103117,0.2081999592444696,0.1068704527590999,0.03758747358886929
2vars_growth_market_volatility,5,0,cpi,-0.10815537208048143,-0.24946506923643058,0.8038806427600425,356,74.11918549103117,0.2081999592444696,0.1068704527590999,0.03758747358886929
2vars_growth_market_volatility,5,0,PCE_price_index,0.11583295729260666,0.26761068881004524,0.78994643015127,356,74.11918549103117,0.2081999592444696,0.1068704527590999,0.03758747358886929
2vars_growth_market_volatility,5,0,PPI_inflation,-0.05582057878355892,-0.5654824593264148,0.5739223249455072,356,74.11918549103117,0.2081999592444696,0.1068704527590999,0.03758747358886929
2vars_growth_market_volatility,5,0,nat_fin_condition_indx,-0.008513150036531345,-1.157615816910649,0.2517561862734332,356,74.11918549103117,0.2081999592444696,0.1068704527590999,0.03758747358886929
2vars_growth_market_volatility,5,0,10y_2y_spread,-0.0001992061147130415,-0.012551353316030434,0.9900287182127316,356,74.11918549103117,0.2081999592444696,0.1068704527590999,0.03758747358886929
2vars_growth_market_volatility,5,0,10y_treasury_const_maturity_rate,0.002099194531130518,0.0927129929828396,0.9264504281406603,356,74.11918549103117,0.2081999592444696,0.1068704527590999,0.03758747358886929
2vars_growth_market_volatility,5,0,fed_reserve_discount_rate,0.017834119771619864,0.4726921399903441,0.6382031707412055,356,74.11918549103117,0.2081999592444696,0.1068704527590999,0.03758747358886929
2vars_growth_market_volatility,5,0,fedfunds,-0.010949651708196718,-0.23677000518724783,0.8136677695640304,356,74.11918549103117,0.2081999592444696,0.1068704527590999,0.03758747358886929
2vars_growth_market_volatility,5,0,m2_real_money_supply,0.00649465697033796,0.08562608392809974,0.9320579607314929,356,74.11918549103117,0.2081999592444696,0.1068704527590999,0.03758747358886929
2vars_growth_market_volatility,5,1,industrial_production,0.007067213769078577,0.26444294347801905,0.7922922282722107,356,79.71055577232922,0.22390605554025061,0.10704910277344881,0.04114481875762234
2vars_growth_market_volatility,5,1,retail_sales,0.008830591604506716,0.08601076815142453,0.9317275953143367,356,79.71055577232922,0.22390605554025061,0.10704910277344881,0.04114481875762234
2vars_growth_market_volatility,5,1,tot_business_inventories,0.012833019689683735,0.16183847308565913,0.8719452161181063,356,79.71055577232922,0.22390605554025061,0.10704910277344881,0.04114481875762234
2vars_growth_market_volatility,5,1,export_price_index,0.03688282558406173,0.7624744688841721,0.44859067392752117,356,79.71055577232922,0.22390605554025061,0.10704910277344881,0.04114481875762234
2vars_growth_market_volatility,5,1,import_price_index,-0.014060446577699169,-0.2798320505786682,0.7805128932659551,356,79.71055577232922,0.22390605554025061,0.10704910277344881,0.04114481875762234
2vars_growth_market_volatility,5,1,unemployment,0.01610213192213263,0.7783292128030225,0.4392560787493942,356,79.71055577232922,0.22390605554025061,0.10704910277344881,0.04114481875762234
2vars_growth_market_volatility,5,1,cpi,-0.09643076034893663,-0.22499277110823362,0.8227049934924353,356,79.71055577232922,0.22390605554025061,0.10704910277344881,0.04114481875762234
2vars_growth_market_volatility,5,1,PCE_price_index,0.09621199006242656,0.22453222648951066,0.8230617484510723,356,79.71055577232922,0.22390605554025061,0.10704910277344881,0.04114481875762234
2vars_growth_market_volatility,5,1,PPI_inflation,-0.047352755184735994,-0.4455826162240618,0.6574092544413102,356,79.71055577232922,0.22390605554025061,0.10704910277344881,0.04114481875762234
2vars_growth_market_volatility,5,1,nat_fin_condition_indx,-0.006184178134477815,-0.8394177448034421,0.4043737527127056,356,79.71055577232922,0.22390605554025061,0.10704910277344881,0.04114481875762234
2vars_growth_market_volatility,5,1,10y_2y_spread,-0.006336040904465012,-0.41483504404935645,0.6796562640950667,356,79.71055577232922,0.22390605554025061,0.10704910277344881,0.04114481875762234
2vars_growth_market_volatility,5,1,10y_treasury_const_maturity_rate,0.004050488050175214,0.1822408158831776,0.855972374592441,356,79.71055577232922,0.22390605554025061,0.10704910277344881,0.04114481875762234
2vars_growth_market_volatility,5,1,fed_reserve_discount_rate,0.024533225942102405,0.6872488713420571,0.49442012852367423,356,79.71055577232922,0.22390605554025061,0.10704910277344881,0.04114481875762234
2vars_growth_market_volatility,5,1,fedfunds,-0.02726936845688453,-0.6444697519692685,0.5215845875378831,356,79.71055577232922,0.22390605554025061,0.10704910277344881,0.04114481875762234
2vars_growth_market_volatility,5,1,m2_real_money_supply,-0.0015386866980513381,-0.020474082892164115,0.9837291739724394,356,79.71055577232922,0.22390605554025061,0.10704910277344881,0.04114481875762234
2vars_growth_market_volatility,5,2,industrial_production,0.002804244069896169,0.08604622671876334,0.9318195056878651,356,60.06069880121784,0.16870982809330853,0.1660569438259829,0.04363642364134496
2vars_growth_market_volatility,5,2,retail_sales,0.024605548256354987,0.22179915838220093,0.8254950597596311,356,60.06069880121784,0.16870982809330853,0.1660569438259829,0.04363642364134496
2vars_growth_market_volatility,5,2,tot_business_inventories,0.010937543329305863,0.11886422455391062,0.9059232125441645,356,60.06069880121784,0.16870982809330853,0.1660569438259829,0.04363642364134496
2vars_growth_market_volatility,5,2,export_price_index,0.05134433953888425,0.8712383585755124,0.3883465660007128,356,60.06069880121784,0.16870982809330853,0.1660569438259829,0.04363642364134496
2vars_growth_market_volatility,5,2,import_price_index,-0.005358307651955861,-0.08319102384823485,0.9340764607422742,356,60.06069880121784,0.16870982809330853,0.1660569438259829,0.04363642364134496
2vars_growth_market_volatility,5,2,unemployment,0.01821155445812599,0.9011463955935448,0.3724100630984446,356,60.06069880121784,0.16870982809330853,0.1660569438259829,0.04363642364134496
2vars_growth_market_volatility,5,2,cpi,0.06456577096435479,0.11596684268760034,0.9082057637481427,356,60.06069880121784,0.16870982809330853,0.1660569438259829,0.04363642364134496
2vars_growth_market_volatility,5,2,PCE_price_index,-0.0636561459583703,-0.11190555714764763,0.9114065514774654,356,60.06069880121784,0.16870982809330853,0.1660569438259829,0.04363642364134496
2vars_growth_market_volatility,5,2,PPI_inflation,-0.07953733892152147,-0.5857967866933581,0.561000912644773,356,60.06069880121784,0.16870982809330853,0.1660569438259829,0.04363642364134496
2vars_growth_market_volatility,5,2,nat_fin_condition_indx,-0.008560251764996406,-1.2489271241686157,0.21828667355210785,356,60.06069880121784,0.16870982809330853,0.1660569438259829,0.04363642364134496
2vars_growth_market_volatility,5,2,10y_2y_spread,-0.003582352286212086,-0.1748032115219892,0.8620350568059476,356,60.06069880121784,0.16870982809330853,0.1660569438259829,0.04363642364134496
2vars_growth_market_volatility,5,2,10y_treasury_const_maturity_rate,0.0024986340704853983,0.08770894677340513,0.9305054337094278,356,60.06069880121784,0.16870982809330853,0.1660569438259829,0.04363642364134496
2vars_growth_market_volatility,5,2,fed_reserve_discount_rate,0.034634984488983014,0.7316532013795002,0.4682540258086494,356,60.06069880121784,0.16870982809330853,0.1660569438259829,0.04363642364134496
2vars_growth_market_volatility,5,2,fedfunds,-0.03371168884001016,-0.5928426599301754,0.5563172418604232,356,60.06069880121784,0.16870982809330853,0.1660569438259829,0.04363642364134496
2vars_growth_market_volatility,5,2,m2_real_money_supply,-0.0016888521444433974,-0.019264162538926544,0.9847173469658146,356,60.06069880121784,0.16870982809330853,0.1660569438259829,0.04363642364134496
2vars_growth_market_volatility,5,3,industrial_production,0.008971587030733292,0.289900137740801,0.7734694428142368,356,53.981853737744785,0.15163442061164265,0.15439159963385374,0.03886411589756621
2vars_growth_market_volatility,5,3,retail_sales,-0.0034585151876705827,-0.028584530956041874,0.9773456189614294,356,53.981853737744785,0.15163442061164265,0.15439159963385374,0.03886411589756621
2vars_growth_market_volatility,5,3,tot_business_inventories,0.01917519269804395,0.20413704627658416,0.8393363062105146,356,53.981853737744785,0.15163442061164265,0.15439159963385374,0.03886411589756621
2vars_growth_market_volatility,5,3,export_price_index,0.03787431626589605,0.6563192088765025,0.5155755399834456,356,53.981853737744785,0.15163442061164265,0.15439159963385374,0.03886411589756621
2vars_growth_market_volatility,5,3,import_price_index,-0.008375085177861789,-0.13277786253118576,0.8950700265768556,356,53.981853737744785,0.15163442061164265,0.15439159963385374,0.03886411589756621
2vars_growth_market_volatility,5,3,unemployment,0.01863185818824337,0.8122587842451502,0.4217050530463018,356,53.981853737744785,0.15163442061164265,0.15439159963385374,0.03886411589756621
2vars_growth_market_volatility,5,3,cpi,0.0025757895158697217,0.004799559931090601,0.9961956406410042,356,53.981853737744785,0.15163442061164265,0.15439159963385374,0.03886411589756621
2vars_growth_market_volatility,5,3,PCE_price_index,0.0017656627410575227,0.0032811046224346455,0.9973992350431196,356,53.981853737744785,0.15163442061164265,0.15439159963385374,0.03886411589756621
2vars_growth_market_volatility,5,3,PPI_inflation,-0.05966656376257539,-0.46559018157999715,0.6441676829895973,356,53.981853737744785,0.15163442061164265,0.15439159963385374,0.03886411589756621
2vars_growth_market_volatility,5,3,nat_fin_condition_indx,-0.00839407520227202,-1.001529768008807,0.3229089661063904,356,53.981853737744785,0.15163442061164265,0.15439159963385374,0.03886411589756621
2vars_growth_market_volatility,5,3,10y_2y_spread,-0.003791660541453174,-0.19614179767014525,0.8455448587306329,356,53.981853737744785,0.15163442061164265,0.15439159963385374,0.03886411589756621
2vars_growth_market_volatility,5,3,10y_treasury_const_maturity_rate,0.00400501561116527,0.14508234959701513,0.8854130306673209,356,53.981853737744785,0.15163442061164265,0.15439159963385374,0.03886411589756621
2vars_growth_market_volatility,5,3,fed_reserve_discount_rate,0.025684927952129195,0.557943961958538,0.5801567353869381,356,53.981853737744785,0.15163442061164265,0.15439159963385374,0.03886411589756621
2vars_growth_market_volatility,5,3,fedfunds,-0.023037790177702726,-0.4100693987603285,0.6840589332347919,356,53.981853737744785,0.15163442061164265,0.15439159963385374,0.03886411589756621
2vars_growth_market_volatility,5,3,m2_real_money_supply,0.009388507779729957,0.10118273504971752,0.9199376604768568,356,53.981853737744785,0.15163442061164265,0.15439159963385374,0.03886411589756621
2vars_growth_market_volatility,5,4,industrial_production,0.005342931518416568,0.26329258914358006,0.7930757710819609,356,88.12770619767699,0.2475497365103286,0.11281059022944062,0.03357473900699661
2vars_growth_market_volatility,5,4,retail_sales,-0.009888743356527464,-0.11095171036760516,0.9119628023283544,356,88.12770619767699,0.2475497365103286,0.11281059022944062,0.03357473900699661
2vars_growth_market_volatility,5,4,tot_business_inventories,-0.006040099198658563,-0.08739005804187494,0.9306036390265382,356,88.12770619767699,0.2475497365103286,0.11281059022944062,0.03357473900699661
2vars_growth_market_volatility,5,4,export_price_index,0.03942839522378218,1.0315393127389023,0.3057345528223385,356,88.12770619767699,0.2475497365103286,0.11281059022944062,0.03357473900699661
2vars_growth_market_volatility,5,4,import_price_index,0.0048615128554504025,0.10788064376525637,0.9143899063402279,356,88.12770619767699,0.2475497365103286,0.11281059022944062,0.03357473900699661
2vars_growth_market_volatility,5,4,unemployment,0.010673995255494539,0.6230344526395871,0.5352269629720787,356,88.12770619767699,0.2475497365103286,0.11281059022944062,0.03357473900699661
2vars_growth_market_volatility,5,4,cpi,0.053217377349433055,0.1476017225049425,0.8830689284843909,356,88.12770619767699,0.2475497365103286,0.11281059022944062,0.03357473900699661
2vars_growth_market_volatility,5,4,PCE_price_index,-0.02127327354327188,-0.05860575492107486,0.9534281933759008,356,88.12770619767699,0.2475497365103286,0.11281059022944062,0.03357473900699661
2vars_growth_market_volatility,5,4,PPI_inflation,-0.07613195853151954,-0.8996937272745691,0.37127724796611306,356,88.12770619767699,0.2475497365103286,0.11281059022944062,0.03357473900699661
2vars_growth_market_volatility,5,4,nat_fin_condition_indx,-0.00880506545255549,-1.3885632129404073,0.16923895292085978,356,88.12770619767699,0.2475497365103286,0.11281059022944062,0.03357473900699661
2vars_growth_market_volatility,5,4,10y_2y_spread,-0.0035052838345422275,-0.27877216653165654,0.7812173843138424,356,88.12770619767699,0.2475497365103286,0.11281059022944062,0.03357473900699661
2vars_growth_market_volatility,5,4,10y_treasury_const_maturity_rate,0.0001254114662747025,0.006986287835266201,0.9944450813211041,356,88.12770619767699,0.2475497365103286,0.11281059022944062,0.03357473900699661
2vars_growth_market_volatility,5,4,fed_reserve_discount_rate,0.021557323686483696,0.6727563933300986,0.5032520072099462,356,88.12770619767699,0.2475497365103286,0.11281059022944062,0.03357473900699661
2vars_growth_market_volatility,5,4,fedfunds,-0.0184558750123625,-0.4607365148735961,0.6463738528916285,356,88.12770619767699,0.2475497365103286,0.11281059022944062,0.03357473900699661
2vars_growth_market_volatility,5,4,m2_real_money_supply,0.017974904716598447,0.2679924032121854,0.7894700920399964,356,88.12770619767699,0.2475497365103286,0.11281059022944062,0.03357473900699661
2vars_growth_market_volatility,6,0,industrial_production,0.00988720800073814,0.3311015482008598,0.7420438655555883,356,62.86080431159239,0.17657529301009098,0.12460244373972496,0.039492467013649106
2vars_growth_market_volatility,6,0,retail_sales,0.012936768641555369,0.10898631681073491,0.9136787055925757,356,62.86080431159239,0.17657529301009098,0.12460244373972496,0.039492467013649106
2vars_growth_market_volatility,6,0,tot_business_inventories,0.020678001436714936,0.22415859870718846,0.8236083777554035,356,62.86080431159239,0.17657529301009098,0.12460244373972496,0.039492467013649106
2vars_growth_market_volatility,6,0,export_price_index,0.0381769919973116,0.7057815741893081,0.48381805847195336,356,62.86080431159239,0.17657529301009098,0.12460244373972496,0.039492467013649106
2vars_growth_market_volatility,6,0,import_price_index,-0.0007402043964667361,-0.012644971880914405,0.9899647234353552,356,62.86080431159239,0.17657529301009098,0.12460244373972496,0.039492467013649106
2vars_growth_market_volatility,6,0,unemployment,0.017192179256596864,0.7417492079901973,0.4619408406201382,356,62.86080431159239,0.17657529301009098,0.12460244373972496,0.039492467013649106
2vars_growth_market_volatility,6,0,cpi,-0.0976768794947026,-0.19437483517596407,0.8467226077087227,356,62.86080431159239,0.17657529301009098,0.12460244373972496,0.039492467013649106
2vars_growth_market_volatility,6,0,PCE_price_index,0.08242489224186142,0.1657529500042196,0.8690644304220654,356,62.86080431159239,0.17657529301009098,0.12460244373972496,0.039492467013649106
2vars_growth_market_volatility,6,0,PPI_inflation,-0.065880879062058,-0.5414023890856927,0.5907951088951142,356,62.86080431159239,0.17657529301009098,0.12460244373972496,0.039492467013649106
2vars_growth_market_volatility,6,0,nat_fin_condition_indx,-0.006622254382898727,-0.819790148748184,0.4164860574663405,356,62.86080431159239,0.17657529301009098,0.12460244373972496,0.039492467013649106
2vars_growth_market_volatility,6,0,10y_2y_spread,-0.006245629384852101,-0.36867508264994936,0.7140303729481261,356,62.86080431159239,0.17657529301009098,0.12460244373972496,0.039492467013649106
2vars_growth_market_volatility,6,0,10y_treasury_const_maturity_rate,0.0035747245630692653,0.14396653972336867,0.8861442445346717,356,62.86080431159239,0.17657529301009098,0.12460244373972496,0.039492467013649106
2vars_growth_market_volatility,6,0,fed_reserve_discount_rate,0.027932911908434145,0.6693959666665859,0.5065278352870779,356,62.86080431159239,0.17657529301009098,0.12460244373972496,0.039492467013649106
2vars_growth_market_volatility,6,0,fedfunds,-0.031524646137958454,-0.6282429959355068,0.5328948904911055,356,62.86080431159239,0.17657529301009098,0.12460244373972496,0.039492467013649106
2vars_growth_market_volatility,6,0,m2_real_money_supply,0.0044116657861848355,0.04980107954739241,0.9604925736294441,356,62.86080431159239,0.17657529301009098,0.12460244373972496,0.039492467013649106
2vars_growth_market_volatility,6,1,industrial_production,0.010010409634458761,0.3810780609716746,0.7048361507844065,356,63.735653757499136,0.17903273527387398,0.10716518754020166,0.037289562191793545
2vars_growth_market_volatility,6,1,retail_sales,0.010426608421825342,0.09448965656036526,0.925115718035481,356,63.735653757499136,0.17903273527387398,0.10716518754020166,0.037289562191793545
2vars_growth_market_volatility,6,1,tot_business_inventories,0.00622355803224695,0.07065322700049445,0.9439689195326415,356,63.735653757499136,0.17903273527387398,0.10716518754020166,0.037289562191793545
2vars_growth_market_volatility,6,1,export_price_index,0.03154375701951418,0.6243243663561234,0.5353871999472744,356,63.735653757499136,0.17903273527387398,0.10716518754020166,0.037289562191793545
2vars_growth_market_volatility,6,1,import_price_index,-0.005817842191111259,-0.10677364846118478,0.9154160315699884,356,63.735653757499136,0.17903273527387398,0.10716518754020166,0.037289562191793545
2vars_growth_market_volatility,6,1,unemployment,0.016006698661025092,0.7237885695235243,0.472727786551737,356,63.735653757499136,0.17903273527387398,0.10716518754020166,0.037289562191793545
2vars_growth_market_volatility,6,1,cpi,-0.10132350382700607,-0.21471326671972793,0.8309055244030807,356,63.735653757499136,0.17903273527387398,0.10716518754020166,0.037289562191793545
2vars_growth_market_volatility,6,1,PCE_price_index,0.1082092198462874,0.2286626388699298,0.8201079244738243,356,63.735653757499136,0.17903273527387398,0.10716518754020166,0.037289562191793545
2vars_growth_market_volatility,6,1,PPI_inflation,-0.05677075367879439,-0.5258232437795811,0.6014454008875552,356,63.735653757499136,0.17903273527387398,0.10716518754020166,0.037289562191793545
2vars_growth_market_volatility,6,1,nat_fin_condition_indx,-0.008312971585604505,-1.0397995918301977,0.3036711603240607,356,63.735653757499136,0.17903273527387398,0.10716518754020166,0.037289562191793545
2vars_growth_market_volatility,6,1,10y_2y_spread,-0.0008426193407733317,-0.048768180819549097,0.961307518645854,356,63.735653757499136,0.17903273527387398,0.10716518754020166,0.037289562191793545
2vars_growth_market_volatility,6,1,10y_treasury_const_maturity_rate,0.0031263888441957596,0.12603690879245652,0.900232066661669,356,63.735653757499136,0.17903273527387398,0.10716518754020166,0.037289562191793545
2vars_growth_market_volatility,6,1,fed_reserve_discount_rate,0.01809814567835885,0.43514064905898353,0.6654214427413208,356,63.735653757499136,0.17903273527387398,0.10716518754020166,0.037289562191793545
2vars_growth_market_volatility,6,1,fedfunds,-0.012747370395284448,-0.2514452431611849,0.8025492232058746,356,63.735653757499136,0.17903273527387398,0.10716518754020166,0.037289562191793545
2vars_growth_market_volatility,6,1,m2_real_money_supply,0.0075450660139777205,0.09108022932095697,0.927809972086884,356,63.735653757499136,0.17903273527387398,0.10716518754020166,0.037289562191793545
2vars_growth_market_volatility,6,2,industrial_production,0.002636126399501022,0.07474757189595102,0.9408434468321969,356,50.811895739463054,0.14273004421197488,0.17777443685110472,0.042319500358704534
2vars_growth_market_volatility,6,2,retail_sales,0.030946963474688394,0.2553395570560927,0.7999634736271912,356,50.811895739463054,0.14273004421197488,0.17777443685110472,0.042319500358704534
2vars_growth_market_volatility,6,2,tot_business_inventories,0.011503652542812276,0.11446817922593018,0.9095243488999745,356,50.811895739463054,0.14273004421197488,0.17777443685110472,0.042319500358704534
2vars_growth_market_volatility,6,2,export_price_index,0.04869387631974735,0.7571080650256405,0.45407932440076726,356,50.811895739463054,0.14273004421197488,0.17777443685110472,0.042319500358704534
2vars_growth_market_volatility,6,2,import_price_index,-0.00849663953156198,-0.12089445007622318,0.904469747952404,356,50.811895739463054,0.14273004421197488,0.17777443685110472,0.042319500358704534
2vars_growth_market_volatility,6,2,unemployment,0.018835518059251613,0.855748935251273,0.39798860714275963,356,50.811895739463054,0.14273004421197488,0.17777443685110472,0.042319500358704534
2vars_growth_market_volatility,6,2,cpi,0.015966799570475015,0.026255256934367505,0.9792036762098966,356,50.811895739463054,0.14273004421197488,0.17777443685110472,0.042319500358704534
2vars_growth_market_volatility,6,2,PCE_price_index,-0.014653852503829801,-0.0235759234914208,0.9813255013105053,356,50.811895739463054,0.14273004421197488,0.17777443685110472,0.042319500358704534
2vars_growth_market_volatility,6,2,PPI_inflation,-0.07434968485243415,-0.5050251597838664,0.6167235675121536,356,50.811895739463054,0.14273004421197488,0.17777443685110472,0.042319500358704534
2vars_growth_market_volatility,6,2,nat_fin_condition_indx,-0.00884289416610765,-1.196117471519086,0.23973434407602157,356,50.811895739463054,0.14273004421197488,0.17777443685110472,0.042319500358704534
2vars_growth_market_volatility,6,2,10y_2y_spread,-0.004619694723225244,-0.20722444325829473,0.8370420127006366,356,50.811895739463054,0.14273004421197488,0.17777443685110472,0.042319500358704534
2vars_growth_market_volatility,6,2,10y_treasury_const_maturity_rate,0.003930285504982418,0.12484804236333795,0.9013620311867556,356,50.811895739463054,0.14273004421197488,0.17777443685110472,0.042319500358704534
2vars_growth_market_volatility,6,2,fed_reserve_discount_rate,0.03091051431622012,0.5881374324369096,0.560236564052202,356,50.811895739463054,0.14273004421197488,0.17777443685110472,0.042319500358704534
2vars_growth_market_volatility,6,2,fedfunds,-0.0322103836467277,-0.5084858330387526,0.6143201617398839,356,50.811895739463054,0.14273004421197488,0.17777443685110472,0.042319500358704534
2vars_growth_market_volatility,6,2,m2_real_money_supply,-0.009004392145353764,-0.0932004264605172,0.9262786703099233,356,50.811895739463054,0.14273004421197488,0.17777443685110472,0.042319500358704534
2vars_growth_market_volatility,6,3,industrial_production,0.008706958999265822,0.25451465846446136,0.8007776289122388,356,47.0213160547584,0.13208234846842248,0.15489584743466,0.03885459788690901
2vars_growth_market_volatility,6,3,retail_sales,-0.0023211332833608963,-0.017312545165185354,0.9862981495050254,356,47.0213160547584,0.13208234846842248,0.15489584743466,0.03885459788690901
2vars_growth_market_volatility,6,3,tot_business_inventories,0.02010547418086224,0.19306246450170877,0.8481685334327695,356,47.0213160547584,0.13208234846842248,0.15489584743466,0.03885459788690901
2vars_growth_market_volatility,6,3,export_price_index,0.03844864081506245,0.6019975863981836,0.5515507129824044,356,47.0213160547584,0.13208234846842248,0.15489584743466,0.03885459788690901
2vars_growth_market_volatility,6,3,import_price_index,-0.00879091229650249,-0.1259088004379153,0.900616614448464,356,47.0213160547584,0.13208234846842248,0.15489584743466,0.03885459788690901
2vars_growth_market_volatility,6,3,unemployment,0.018859242036293113,0.741808312533349,0.46378313238374447,356,47.0213160547584,0.13208234846842248,0.15489584743466,0.03885459788690901
2vars_growth_market_volatility,6,3,cpi,0.002338701452230268,0.0039427685702044255,0.9968793804631011,356,47.0213160547584,0.13208234846842248,0.15489584743466,0.03885459788690901
2vars_growth_market_volatility,6,3,PCE_price_index,0.0006159194225801254,0.001035317381325099,0.9991805657282806,356,47.0213160547584,0.13208234846842248,0.15489584743466,0.03885459788690901
2vars_growth_market_volatility,6,3,PPI_inflation,-0.05963020197361855,-0.4205668653804057,0.6769706492392733,356,47.0213160547584,0.13208234846842248,0.15489584743466,0.03885459788690901
2vars_growth_market_volatility,6,3,nat_fin_condition_indx,-0.00830096069317637,-0.8958328348483701,0.37724120517482174,356,47.0213160547584,0.13208234846842248,0.15489584743466,0.03885459788690901
2vars_growth_market_volatility,6,3,10y_2y_spread,-0.003968431299766191,-0.18572951899502568,0.8538660092385528,356,47.0213160547584,0.13208234846842248,0.15489584743466,0.03885459788690901
2vars_growth_market_volatility,6,3,10y_treasury_const_maturity_rate,0.004050415519723677,0.13281153926367523,0.895200206240939,356,47.0213160547584,0.13208234846842248,0.15489584743466,0.03885459788690901
2vars_growth_market_volatility,6,3,fed_reserve_discount_rate,0.026411699099521516,0.5182940955295916,0.6079304398071956,356,47.0213160547584,0.13208234846842248,0.15489584743466,0.03885459788690901
2vars_growth_market_volatility,6,3,fedfunds,-0.024089228137269953,-0.38743759481985335,0.7010778569276321,356,47.0213160547584,0.13208234846842248,0.15489584743466,0.03885459788690901
2vars_growth_market_volatility,6,3,m2_real_money_supply,0.008472209847945106,0.08238637377482057,0.9348687786017369,356,47.0213160547584,0.13208234846842248,0.15489584743466,0.03885459788690901
2vars_growth_market_volatility,6,4,industrial_production,0.0048209268210340625,0.2124117176622131,0.8325242752256892,356,74.497632605521,0.20926301293685676,0.11406272718802735,0.03377337979239517
2vars_growth_market_volatility,6,4,retail_sales,-0.008508488844611107,-0.08617675285050694,0.9316202030291763,356,74.497632605521,0.20926301293685676,0.11406272718802735,0.03377337979239517
2vars_growth_market_volatility,6,4,tot_business_inventories,-0.006063000729929297,-0.07899773631051575,0.9373040426202126,356,74.497632605521,0.20926301293685676,0.11406272718802735,0.03377337979239517
2vars_growth_market_volatility,6,4,export_price_index,0.040264297094976274,0.9517018706087749,0.3451640405005967,356,74.497632605521,0.20926301293685676,0.11406272718802735,0.03377337979239517
2vars_growth_market_volatility,6,4,import_price_index,0.0036601609986215184,0.07308634587086979,0.9419867399870554,356,74.497632605521,0.20926301293685676,0.11406272718802735,0.03377337979239517
2vars_growth_market_volatility,6,4,unemployment,0.010846741544729019,0.5719744047983062,0.5695308674869266,356,74.497632605521,0.20926301293685676,0.11406272718802735,0.03377337979239517
2vars_growth_market_volatility,6,4,cpi,0.05196624488800964,0.12956260975517983,0.8973569613077594,356,74.497632605521,0.20926301293685676,0.11406272718802735,0.03377337979239517
2vars_growth_market_volatility,6,4,PCE_price_index,-0.01998656162807513,-0.04950563798556647,0.9606849906378407,356,74.497632605521,0.20926301293685676,0.11406272718802735,0.03377337979239517
2vars_growth_market_volatility,6,4,PPI_inflation,-0.07576777568018593,-0.8059434060948562,0.42353970238704,356,74.497632605521,0.20926301293685676,0.11406272718802735,0.03377337979239517
2vars_growth_market_volatility,6,4,nat_fin_condition_indx,-0.0086425064565867,-1.2329255825745087,0.2225353718174432,356,74.497632605521,0.20926301293685676,0.11406272718802735,0.03377337979239517
2vars_growth_market_volatility,6,4,10y_2y_spread,-0.0036402391302644147,-0.2598912177417086,0.7958602345795129,356,74.497632605521,0.20926301293685676,0.11406272718802735,0.03377337979239517
2vars_growth_market_volatility,6,4,10y_treasury_const_maturity_rate,4.609781880063877e-05,0.002303965119932386,0.9981695425978037,356,74.497632605521,0.20926301293685676,0.11406272718802735,0.03377337979239517
2vars_growth_market_volatility,6,4,fed_reserve_discount_rate,0.02219543538470027,0.6220837899574514,0.5363040059724025,356,74.497632605521,0.20926301293685676,0.11406272718802735,0.03377337979239517
2vars_growth_market_volatility,6,4,fedfunds,-0.019145885576405102,-0.4296807742683417,0.6690064910067741,356,74.497632605521,0.20926301293685676,0.11406272718802735,0.03377337979239517
2vars_growth_market_volatility,6,4,m2_real_money_supply,0.01663154337573393,0.2230067650160707,0.8243071262923403,356,74.497632605521,0.20926301293685676,0.11406272718802735,0.03377337979239517
2vars_growth_market_volatility,6,5,industrial_production,0.006177662313647878,0.185113821267483,0.854050852529,356,57.072697531166014,0.16031656609878095,0.09861608284758006,0.0420756985023149
2vars_growth_market_volatility,6,5,retail_sales,-0.0069984035417194395,-0.0557363937981502,0.9558220602422891,356,57.072697531166014,0.16031656609878095,0.09861608284758006,0.0420756985023149
2vars_growth_market_volatility,6,5,tot_business_inventories,0.005146575154100996,0.053460337198750194,0.9576243175136074,356,57.072697531166014,0.16031656609878095,0.09861608284758006,0.0420756985023149
2vars_growth_market_volatility,6,5,export_price_index,0.04394570247778924,0.7230986665777014,0.47371720108124493,356,57.072697531166014,0.16031656609878095,0.09861608284758006,0.0420756985023149
2vars_growth_market_volatility,6,5,import_price_index,-0.02203524157102371,-0.3424113360312749,0.733787482123621,356,57.072697531166014,0.16031656609878095,0.09861608284758006,0.0420756985023149
2vars_growth_market_volatility,6,5,unemployment,0.015470349102064174,0.61640369021219,0.541029723299054,356,57.072697531166014,0.16031656609878095,0.09861608284758006,0.0420756985023149
2vars_growth_market_volatility,6,5,cpi,0.007956839010658344,0.014677741310225102,0.9883603444511411,356,57.072697531166014,0.16031656609878095,0.09861608284758006,0.0420756985023149
2vars_growth_market_volatility,6,5,PCE_price_index,0.01279688299830317,0.02342333172078699,0.9814260247105273,356,57.072697531166014,0.16031656609878095,0.09861608284758006,0.0420756985023149
2vars_growth_market_volatility,6,5,PPI_inflation,-0.047088871306056726,-0.3537285751729078,0.72535167819579,356,57.072697531166014,0.16031656609878095,0.09861608284758006,0.0420756985023149
2vars_growth_market_volatility,6,5,nat_fin_condition_indx,-0.007792372044630159,-0.8398655583786555,0.40584613680621184,356,57.072697531166014,0.16031656609878095,0.09861608284758006,0.0420756985023149
2vars_growth_market_volatility,6,5,10y_2y_spread,-0.0026066267063930277,-0.12640113318796198,0.9000311626567896,356,57.072697531166014,0.16031656609878095,0.09861608284758006,0.0420756985023149
2vars_growth_market_volatility,6,5,10y_treasury_const_maturity_rate,0.002727870909947432,0.09404552211521777,0.9255302912622227,356,57.072697531166014,0.16031656609878095,0.09861608284758006,0.0420756985023149
2vars_growth_market_volatility,6,5,fed_reserve_discount_rate,0.02446761720387467,0.5469761137042136,0.5873548891842786,356,57.072697531166014,0.16031656609878095,0.09861608284758006,0.0420756985023149
2vars_growth_market_volatility,6,5,fedfunds,-0.01960965456024121,-0.3655470909188401,0.7165789777902014,356,57.072697531166014,0.16031656609878095,0.09861608284758006,0.0420756985023149
2vars_growth_market_volatility,6,5,m2_real_money_supply,0.005971519535198693,0.06521731474750818,0.9483173793025372,356,57.072697531166014,0.16031656609878095,0.09861608284758006,0.0420756985023149
2vars_inflation_monetary_policy,2,0,industrial_production,0.010570735978640704,0.7581932832720947,0.44924294580197177,356,212.65320197642413,0.5973404549899555,0.12546773927774557,0.03826263197413797
2vars_inflation_monetary_policy,2,0,retail_sales,0.04306396103977399,0.7331365559979234,0.46434817148834107,356,212.65320197642413,0.5973404549899555,0.12546773927774557,0.03826263197413797
2vars_inflation_monetary_policy,2,0,tot_business_inventories,0.030590688921275474,0.6190239859671806,0.5366169883173844,356,212.65320197642413,0.5973404549899555,0.12546773927774557,0.03826263197413797
2vars_inflation_monetary_policy,2,0,export_price_index,0.03476154150728181,1.3797101250244796,0.16924265163868646,356,212.65320197642413,0.5973404549899555,0.12546773927774557,0.03826263197413797
2vars_inflation_monetary_policy,2,0,import_price_index,-0.0058760726258156705,-0.1897835943709802,0.8496744606790929,356,212.65320197642413,0.5973404549899555,0.12546773927774557,0.03826263197413797
2vars_inflation_monetary_policy,2,0,unemployment,0.02100737000389264,1.751264103978623,0.08145950788547851,356,212.65320197642413,0.5973404549899555,0.12546773927774557,0.03826263197413797
2vars_inflation_monetary_policy,2,0,cpi,-0.18253891909585845,-0.7461685223197744,0.4564566630953528,356,212.65320197642413,0.5973404549899555,0.12546773927774557,0.03826263197413797
2vars_inflation_monetary_policy,2,0,PCE_price_index,0.14159792546571065,0.5832250522086351,0.5604100515155652,356,212.65320197642413,0.5973404549899555,0.12546773927774557,0.03826263197413797
2vars_inflation_monetary_policy,2,0,PPI_inflation,-0.057453728244649546,-0.9965041161706922,0.3202298465629325,356,212.65320197642413,0.5973404549899555,0.12546773927774557,0.03826263197413797
2vars_inflation_monetary_policy,2,0,nat_fin_condition_indx,-0.0087626859713131,-2.0563499641179512,0.04106940832200889,356,212.65320197642413,0.5973404549899555,0.12546773927774557,0.03826263197413797
2vars_inflation_monetary_policy,2,0,10y_2y_spread,-0.005313333324195548,-0.6399965341236652,0.522919781031896,356,212.65320197642413,0.5973404549899555,0.12546773927774557,0.03826263197413797
2vars_inflation_monetary_policy,2,0,10y_treasury_const_maturity_rate,-0.0008729076039564866,-0.07731967583595309,0.9384478492006423,356,212.65320197642413,0.5973404549899555,0.12546773927774557,0.03826263197413797
2vars_inflation_monetary_policy,2,0,fed_reserve_discount_rate,0.01727566226729534,0.8864656716872149,0.3764494097921558,356,212.65320197642413,0.5973404549899555,0.12546773927774557,0.03826263197413797
2vars_inflation_monetary_policy,2,0,fedfunds,-0.019645239149638186,-0.8097766191871737,0.41904732748606444,356,212.65320197642413,0.5973404549899555,0.12546773927774557,0.03826263197413797
2vars_inflation_monetary_policy,2,0,m2_real_money_supply,-0.013805055692353442,-0.3098739545947793,0.7569849302952358,356,212.65320197642413,0.5973404549899555,0.12546773927774557,0.03826263197413797
2vars_inflation_monetary_policy,2,1,industrial_production,0.0036158305339557607,0.20315589656908462,0.839337433557684,356,143.3467980235759,0.40265954501004464,0.1367485727319525,0.03930120033130666
2vars_inflation_monetary_policy,2,1,retail_sales,-0.024823112830267915,-0.4044247028508272,0.6865788761130345,356,143.3467980235759,0.40265954501004464,0.1367485727319525,0.03930120033130666
2vars_inflation_monetary_policy,2,1,tot_business_inventories,0.0067043665896797154,0.1436899849703882,0.8859724096202966,356,143.3467980235759,0.40265954501004464,0.1367485727319525,0.03930120033130666
2vars_inflation_monetary_policy,2,1,export_price_index,0.04750909513271554,1.3946149307565494,0.1655600195446536,356,143.3467980235759,0.40265954501004464,0.1367485727319525,0.03930120033130666
2vars_inflation_monetary_policy,2,1,import_price_index,-0.007489793957135389,-0.23802879927247145,0.8122413214580435,356,143.3467980235759,0.40265954501004464,0.1367485727319525,0.03930120033130666
2vars_inflation_monetary_policy,2,1,unemployment,0.012549790748898844,1.099357707333892,0.2736860460065875,356,143.3467980235759,0.40265954501004464,0.1367485727319525,0.03930120033130666
2vars_inflation_monetary_policy,2,1,cpi,0.1860883955547727,0.644813536651296,0.5202079378638214,356,143.3467980235759,0.40265954501004464,0.1367485727319525,0.03930120033130666
2vars_inflation_monetary_policy,2,1,PCE_price_index,-0.15039070351986883,-0.512777462115183,0.608995317345564,356,143.3467980235759,0.40265954501004464,0.1367485727319525,0.03930120033130666
2vars_inflation_monetary_policy,2,1,PPI_inflation,-0.07079852726184284,-1.0071823501203614,0.3157570641399974,356,143.3467980235759,0.40265954501004464,0.1367485727319525,0.03930120033130666
2vars_inflation_monetary_policy,2,1,nat_fin_condition_indx,-0.008284400098723894,-1.99822605065124,0.047822252878373384,356,143.3467980235759,0.40265954501004464,0.1367485727319525,0.03930120033130666
2vars_inflation_monetary_policy,2,1,10y_2y_spread,-0.0008946135784163281,-0.07745396423608956,0.9383839745264291,356,143.3467980235759,0.40265954501004464,0.1367485727319525,0.03930120033130666
2vars_inflation_monetary_policy,2,1,10y_treasury_const_maturity_rate,0.006627162595688853,0.3765324448297473,0.7071477239059913,356,143.3467980235759,0.40265954501004464,0.1367485727319525,0.03930120033130666
2vars_inflation_monetary_policy,2,1,fed_reserve_discount_rate,0.032346999581198084,1.1553589210098243,0.2501066612423828,356,143.3467980235759,0.40265954501004464,0.1367485727319525,0.03930120033130666
2vars_inflation_monetary_policy,2,1,fedfunds,-0.027120868172233328,-0.8029961792671418,0.4234731091428876,356,143.3467980235759,0.40265954501004464,0.1367485727319525,0.03930120033130666
2vars_inflation_monetary_policy,2,1,m2_real_money_supply,0.02180283276481992,0.4613703840404447,0.6453199724892928,356,143.3467980235759,0.40265954501004464,0.1367485727319525,0.03930120033130666
2vars_inflation_monetary_policy,3,0,industrial_production,0.004212575907793261,0.20600319903856865,0.8372215631912061,356,112.68596328095967,0.3165336047217968,0.1275422351525144,0.03932149022377969
2vars_inflation_monetary_policy,3,0,retail_sales,-0.024882881299084766,-0.3533949324871358,0.7245617626508989,356,112.68596328095967,0.3165336047217968,0.1275422351525144,0.03932149022377969
2vars_inflation_monetary_policy,3,0,tot_business_inventories,0.007461471736416701,0.13932067771046855,0.8894865450121177,356,112.68596328095967,0.3165336047217968,0.1275422351525144,0.03932149022377969
2vars_inflation_monetary_policy,3,0,export_price_index,0.049039236677657944,1.254334810168211,0.21274429676415707,356,112.68596328095967,0.3165336047217968,0.1275422351525144,0.03932149022377969
2vars_inflation_monetary_policy,3,0,import_price_index,-0.006646998479723876,-0.1841544327013385,0.8542779934080083,356,112.68596328095967,0.3165336047217968,0.1275422351525144,0.03932149022377969
2vars_inflation_monetary_policy,3,0,unemployment,0.012450665408610426,0.950731898904508,0.3441110568326642,356,112.68596328095967,0.3165336047217968,0.1275422351525144,0.03932149022377969
2vars_inflation_monetary_policy,3,0,cpi,0.17875024011002671,0.5398482120813967,0.5905429360661207,356,112.68596328095967,0.3165336047217968,0.1275422351525144,0.03932149022377969
2vars_inflation_monetary_policy,3,0,PCE_price_index,-0.14521440583167744,-0.4317743925571175,0.6668667181755148,356,112.68596328095967,0.3165336047217968,0.1275422351525144,0.03932149022377969
2vars_inflation_monetary_policy,3,0,PPI_inflation,-0.07402963313762063,-0.9180658482442742,0.3608689323878356,356,112.68596328095967,0.3165336047217968,0.1275422351525144,0.03932149022377969
2vars_inflation_monetary_policy,3,0,nat_fin_condition_indx,-0.007426372672544474,-1.4513902552858475,0.14990823581498747,356,112.68596328095967,0.3165336047217968,0.1275422351525144,0.03932149022377969
2vars_inflation_monetary_policy,3,0,10y_2y_spread,-0.0007479374312738164,-0.056630736564479915,0.9549562168167809,356,112.68596328095967,0.3165336047217968,0.1275422351525144,0.03932149022377969
2vars_inflation_monetary_policy,3,0,10y_treasury_const_maturity_rate,0.0070530399295929335,0.3495799125496855,0.7274142677912709,356,112.68596328095967,0.3165336047217968,0.1275422351525144,0.03932149022377969
2vars_inflation_monetary_policy,3,0,fed_reserve_discount_rate,0.03497811084735863,1.0767714457711721,0.2842617776996623,356,112.68596328095967,0.3165336047217968,0.1275422351525144,0.03932149022377969
2vars_inflation_monetary_policy,3,0,fedfunds,-0.03025752692075754,-0.7729638808661577,0.4414293396262243,356,112.68596328095967,0.3165336047217968,0.1275422351525144,0.03932149022377969
2vars_inflation_monetary_policy,3,0,m2_real_money_supply,0.023652858288208962,0.43534773215191874,0.6642803472904388,356,112.68596328095967,0.3165336047217968,0.1275422351525144,0.03932149022377969
2vars_inflation_monetary_policy,3,1,industrial_production,0.008080324526494705,0.40002078717816564,0.6899611413389839,356,120.06378906382832,0.33725783444895596,0.11011387084653024,0.03831651862256509
2vars_inflation_monetary_policy,3,1,retail_sales,0.016107005457237603,0.19255209443547192,0.8476850379106813,356,120.06378906382832,0.33725783444895596,0.11011387084653024,0.03831651862256509
2vars_inflation_monetary_policy,3,1,tot_business_inventories,0.007908701978015483,0.11715750428508956,0.9069610590239403,356,120.06378906382832,0.33725783444895596,0.11011387084653024,0.03831651862256509
2vars_inflation_monetary_policy,3,1,export_price_index,0.0438497814517026,1.2652534464741663,0.20860626163044538,356,120.06378906382832,0.33725783444895596,0.11011387084653024,0.03831651862256509
2vars_inflation_monetary_policy,3,1,import_price_index,-0.007368326877295774,-0.17830659609085694,0.8588288532946211,356,120.06378906382832,0.33725783444895596,0.11011387084653024,0.03831651862256509
2vars_inflation_monetary_policy,3,1,unemployment,0.015984904433961975,0.9502173157123808,0.34420348888642605,356,120.06378906382832,0.33725783444895596,0.11011387084653024,0.03831651862256509
2vars_inflation_monetary_policy,3,1,cpi,-0.07826149350441004,-0.22405790439379603,0.8231515508245733,356,120.06378906382832,0.33725783444895596,0.11011387084653024,0.03831651862256509
2vars_inflation_monetary_policy,3,1,PCE_price_index,0.07646559723027947,0.22094223144836286,0.8255703374608696,356,120.06378906382832,0.33725783444895596,0.11011387084653024,0.03831651862256509
2vars_inflation_monetary_policy,3,1,PPI_inflation,-0.06897934849460446,-0.8963288749883481,0.3721459401112275,356,120.06378906382832,0.33725783444895596,0.11011387084653024,0.03831651862256509
2vars_inflation_monetary_policy,3,1,nat_fin_condition_indx,-0.007032254356084132,-1.22956063094362,0.2216344117432374,356,120.06378906382832,0.33725783444895596,0.11011387084653024,0.03831651862256509
2vars_inflation_monetary_policy,3,1,10y_2y_spread,-0.006351720488257801,-0.5534976030928451,0.5811099907458819,356,120.06378906382832,0.33725783444895596,0.11011387084653024,0.03831651862256509
2vars_inflation_monetary_policy,3,1,10y_treasury_const_maturity_rate,-0.002112050575033162,-0.13563367398292084,0.892372903944882,356,120.06378906382832,0.33725783444895596,0.11011387084653024,0.03831651862256509
2vars_inflation_monetary_policy,3,1,fed_reserve_discount_rate,0.021956955315491408,0.773795642376149,0.44080598204541355,356,120.06378906382832,0.33725783444895596,0.11011387084653024,0.03831651862256509
2vars_inflation_monetary_policy,3,1,fedfunds,-0.023602172101269785,-0.6942479837974523,0.4890736899642554,356,120.06378906382832,0.33725783444895596,0.11011387084653024,0.03831651862256509
2vars_inflation_monetary_policy,3,1,m2_real_money_supply,0.001451372355525957,0.022696568786265067,0.981935776276968,356,120.06378906382832,0.33725783444895596,0.11011387084653024,0.03831651862256509
2vars_inflation_monetary_policy,3,2,industrial_production,0.008858836816394438,0.48816712022089237,0.6264280374435347,356,123.25024765521204,0.3462085608292473,0.1529990923038541,0.03840611424809018
2vars_inflation_monetary_policy,3,2,retail_sales,0.04492026060300433,0.6078514605985453,0.5445709935693976,356,123.25024765521204,0.3462085608292473,0.1529990923038541,0.03840611424809018
2vars_inflation_monetary_policy,3,2,tot_business_inventories,0.03183672932528119,0.5254997737244592,0.6003205970543166,356,123.25024765521204,0.3462085608292473,0.1529990923038541,0.03840611424809018
2vars_inflation_monetary_policy,3,2,export_price_index,0.021949943943196073,0.6286842871486281,0.5308924304548808,356,123.25024765521204,0.3462085608292473,0.1529990923038541,0.03840611424809018
2vars_inflation_monetary_policy,3,2,import_price_index,-0.0029994599029141904,-0.0738585957580603,0.9412604789065635,356,123.25024765521204,0.3462085608292473,0.1529990923038541,0.03840611424809018
2vars_inflation_monetary_policy,3,2,unemployment,0.022677777998629627,1.552550396713448,0.123476578564502,356,123.25024765521204,0.3462085608292473,0.1529990923038541,0.03840611424809018
2vars_inflation_monetary_policy,3,2,cpi,-0.18690660202518433,-0.5913506325032527,0.5555298471356684,356,123.25024765521204,0.3462085608292473,0.1529990923038541,0.03840611424809018
2vars_inflation_monetary_policy,3,2,PCE_price_index,0.15572711627104402,0.4890159910278919,0.6258289277129445,356,123.25024765521204,0.3462085608292473,0.1529990923038541,0.03840611424809018
2vars_inflation_monetary_policy,3,2,PPI_inflation,-0.04834046651244001,-0.592453202124414,0.5547941950471418,356,123.25024765521204,0.3462085608292473,0.1529990923038541,0.03840611424809018
2vars_inflation_monetary_policy,3,2,nat_fin_condition_indx,-0.010220060639290367,-2.100977019667331,0.03798630669165748,356,123.25024765521204,0.3462085608292473,0.1529990923038541,0.03840611424809018
2vars_inflation_monetary_policy,3,2,10y_2y_spread,-0.001592014157728821,-0.138704577259858,0.8899437078047892,356,123.25024765521204,0.3462085608292473,0.1529990923038541,0.03840611424809018
2vars_inflation_monetary_policy,3,2,10y_treasury_const_maturity_rate,0.0026936470118657362,0.16491355679727546,0.8693224519413452,356,123.25024765521204,0.3462085608292473,0.1529990923038541,0.03840611424809018
2vars_inflation_monetary_policy,3,2,fed_reserve_discount_rate,0.016939485580639364,0.6686973119196199,0.5051253323958309,356,123.25024765521204,0.3462085608292473,0.1529990923038541,0.03840611424809018
2vars_inflation_monetary_policy,3,2,fedfunds,-0.014264403744377159,-0.44126182546210824,0.6599117583040031,356,123.25024765521204,0.3462085608292473,0.1529990923038541,0.03840611424809018
2vars_inflation_monetary_policy,3,2,m2_real_money_supply,-0.017408724122485,-0.3133976834813213,0.7545872201067043,356,123.25024765521204,0.3462085608292473,0.1529990923038541,0.03840611424809018
2vars_inflation_monetary_policy,4,0,industrial_production,0.008818009630419645,0.3697715137165444,0.7126494268592087,356,87.25828741870755,0.2451075489289538,0.09969597151192189,0.03870671207926029
2vars_inflation_monetary_policy,4,0,retail_sales,0.008185871800843496,0.08216896445388057,0.9347427246488684,356,87.25828741870755,0.2451075489289538,0.09969597151192189,0.03870671207926029
2vars_inflation_monetary_policy,4,0,tot_business_inventories,0.005029344318094342,0.06356610146780556,0.9494937022232239,356,87.25828741870755,0.2451075489289538,0.09969597151192189,0.03870671207926029
2vars_inflation_monetary_policy,4,0,export_price_index,0.042612343843407945,0.9757648998126048,0.33248195147925697,356,87.25828741870755,0.2451075489289538,0.09969597151192189,0.03870671207926029
2vars_inflation_monetary_policy,4,0,import_price_index,0.00047453871198623894,0.009608672250205381,0.9923603572232897,356,87.25828741870755,0.2451075489289538,0.09969597151192189,0.03870671207926029
2vars_inflation_monetary_policy,4,0,unemployment,0.01414389015818553,0.7251720927596745,0.4707212028247496,356,87.25828741870755,0.2451075489289538,0.09969597151192189,0.03870671207926029
2vars_inflation_monetary_policy,4,0,cpi,-0.06008862973547618,-0.13809057449459586,0.8905583154047088,356,87.25828741870755,0.2451075489289538,0.09969597151192189,0.03870671207926029
2vars_inflation_monetary_policy,4,0,PCE_price_index,0.06450534587594495,0.14879353094041683,0.8821368404016241,356,87.25828741870755,0.2451075489289538,0.09969597151192189,0.03870671207926029
2vars_inflation_monetary_policy,4,0,PPI_inflation,-0.07848907859182516,-0.8087853592550636,0.4213307927486556,356,87.25828741870755,0.2451075489289538,0.09969597151192189,0.03870671207926029
2vars_inflation_monetary_policy,4,0,nat_fin_condition_indx,-0.006622684570317885,-0.9625048322696913,0.33905098524840627,356,87.25828741870755,0.2451075489289538,0.09969597151192189,0.03870671207926029
2vars_inflation_monetary_policy,4,0,10y_2y_spread,-0.002903314432618172,-0.19273612245675548,0.8477138912183058,356,87.25828741870755,0.2451075489289538,0.09969597151192189,0.03870671207926029
2vars_inflation_monetary_policy,4,0,10y_treasury_const_maturity_rate,-0.004239304257461192,-0.22213851022197165,0.8248414910390129,356,87.25828741870755,0.2451075489289538,0.09969597151192189,0.03870671207926029
2vars_inflation_monetary_policy,4,0,fed_reserve_discount_rate,0.0225974355252459,0.6312084931388603,0.5299237623929218,356,87.25828741870755,0.2451075489289538,0.09969597151192189,0.03870671207926029
2vars_inflation_monetary_policy,4,0,fedfunds,-0.01937388907431161,-0.44419647575939014,0.6582466187322003,356,87.25828741870755,0.2451075489289538,0.09969597151192189,0.03870671207926029
2vars_inflation_monetary_policy,4,0,m2_real_money_supply,0.01047603095482075,0.13631363963034168,0.8919577203777418,356,87.25828741870755,0.2451075489289538,0.09969597151192189,0.03870671207926029
2vars_inflation_monetary_policy,4,1,industrial_production,0.005694154761048193,0.2549096344888949,0.799476952085832,356,92.49769194410551,0.2598249773710829,0.15746778604525236,0.03949662080153749
2vars_inflation_monetary_policy,4,1,retail_sales,0.04781005360884091,0.5432134561580165,0.5885622660034753,356,92.49769194410551,0.2598249773710829,0.15746778604525236,0.03949662080153749
2vars_inflation_monetary_policy,4,1,tot_business_inventories,0.03744228750714993,0.5168116300536532,0.606778641531587,356,92.49769194410551,0.2598249773710829,0.15746778604525236,0.03949662080153749
2vars_inflation_monetary_policy,4,1,export_price_index,0.01868523850710549,0.4322743785941848,0.6667581227592176,356,92.49769194410551,0.2598249773710829,0.15746778604525236,0.03949662080153749
2vars_inflation_monetary_policy,4,1,import_price_index,-0.008064296492095384,-0.16672599854071576,0.8680255651181288,356,92.49769194410551,0.2598249773710829,0.15746778604525236,0.03949662080153749
2vars_inflation_monetary_policy,4,1,unemployment,0.023607596979272394,1.3713570073209616,0.1742730626280269,356,92.49769194410551,0.2598249773710829,0.15746778604525236,0.03949662080153749
2vars_inflation_monetary_policy,4,1,cpi,-0.16823337604910552,-0.4415328454297446,0.6600728524778647,356,92.49769194410551,0.2598249773710829,0.15746778604525236,0.03949662080153749
2vars_inflation_monetary_policy,4,1,PCE_price_index,0.12819628674189606,0.3357319097531633,0.7379921048586748,356,92.49769194410551,0.2598249773710829,0.15746778604525236,0.03949662080153749
2vars_inflation_monetary_policy,4,1,PPI_inflation,-0.03520628003186461,-0.3542488306911938,0.7241270350741398,356,92.49769194410551,0.2598249773710829,0.15746778604525236,0.03949662080153749
2vars_inflation_monetary_policy,4,1,nat_fin_condition_indx,-0.010867993883567933,-1.8741266318312961,0.06473121478645938,356,92.49769194410551,0.2598249773710829,0.15746778604525236,0.03949662080153749
2vars_inflation_monetary_policy,4,1,10y_2y_spread,-0.0027541332059251877,-0.18728935395108354,0.8519296320278722,356,92.49769194410551,0.2598249773710829,0.15746778604525236,0.03949662080153749
2vars_inflation_monetary_policy,4,1,10y_treasury_const_maturity_rate,0.0017532016414294996,0.08761491141841907,0.9304116990251026,356,92.49769194410551,0.2598249773710829,0.15746778604525236,0.03949662080153749
2vars_inflation_monetary_policy,4,1,fed_reserve_discount_rate,0.017497593125793902,0.5783780748561269,0.5647078088727546,356,92.49769194410551,0.2598249773710829,0.15746778604525236,0.03949662080153749
2vars_inflation_monetary_policy,4,1,fedfunds,-0.01609489433272047,-0.41295759880004584,0.6807928942686376,356,92.49769194410551,0.2598249773710829,0.15746778604525236,0.03949662080153749
2vars_inflation_monetary_policy,4,1,m2_real_money_supply,-0.022639409151736928,-0.3414502854561053,0.7337007760663221,356,92.49769194410551,0.2598249773710829,0.15746778604525236,0.03949662080153749
2vars_inflation_monetary_policy,4,2,industrial_production,0.009733974402776634,0.40695539319279905,0.6853345646076678,356,83.17488487821784,0.2336373170736456,0.13082366890456454,0.036947737532681386
2vars_inflation_monetary_policy,4,2,retail_sales,0.007764040416745757,0.08200905786529694,0.9348833804277796,356,83.17488487821784,0.2336373170736456,0.13082366890456454,0.036947737532681386
2vars_inflation_monetary_policy,4,2,tot_business_inventories,0.008602449443176495,0.11336189821349887,0.9100817606808798,356,83.17488487821784,0.2336373170736456,0.13082366890456454,0.036947737532681386
2vars_inflation_monetary_policy,4,2,export_price_index,0.03834481026645149,0.9472797143803006,0.3468915673788058,356,83.17488487821784,0.2336373170736456,0.13082366890456454,0.036947737532681386
2vars_inflation_monetary_policy,4,2,import_price_index,-0.009052348638406846,-0.18762847628766374,0.8517335018379864,356,83.17488487821784,0.2336373170736456,0.13082366890456454,0.036947737532681386
2vars_inflation_monetary_policy,4,2,unemployment,0.016974791402831105,0.9007575606166088,0.37093531434561866,356,83.17488487821784,0.2336373170736456,0.13082366890456454,0.036947737532681386
2vars_inflation_monetary_policy,4,2,cpi,-0.08165431066784563,-0.20965379306346807,0.8345724380796287,356,83.17488487821784,0.2336373170736456,0.13082366890456454,0.036947737532681386
2vars_inflation_monetary_policy,4,2,PCE_price_index,0.08628498116921392,0.22036790213753218,0.8262530129801173,356,83.17488487821784,0.2336373170736456,0.13082366890456454,0.036947737532681386
2vars_inflation_monetary_policy,4,2,PPI_inflation,-0.057136711747723196,-0.6240702795924177,0.5346951159000026,356,83.17488487821784,0.2336373170736456,0.13082366890456454,0.036947737532681386
2vars_inflation_monetary_policy,4,2,nat_fin_condition_indx,-0.007693126516242471,-1.2134936196766817,0.22919076803094351,356,83.17488487821784,0.2336373170736456,0.13082366890456454,0.036947737532681386
2vars_inflation_monetary_policy,4,2,10y_2y_spread,-0.005790033365377324,-0.46048665134603817,0.6466542032112494,356,83.17488487821784,0.2336373170736456,0.13082366890456454,0.036947737532681386
2vars_inflation_monetary_policy,4,2,10y_treasury_const_maturity_rate,0.004863398710385382,0.2541300487064304,0.8001713750858974,356,83.17488487821784,0.2336373170736456,0.13082366890456454,0.036947737532681386
2vars_inflation_monetary_policy,4,2,fed_reserve_discount_rate,0.021808771332496278,0.6607939032512314,0.5110043752256677,356,83.17488487821784,0.2336373170736456,0.13082366890456454,0.036947737532681386
2vars_inflation_monetary_policy,4,2,fedfunds,-0.022984795571928382,-0.5896547421805339,0.557400286597888,356,83.17488487821784,0.2336373170736456,0.13082366890456454,0.036947737532681386
2vars_inflation_monetary_policy,4,2,m2_real_money_supply,0.004450389240054308,0.0624888999351284,0.9503590656363123,356,83.17488487821784,0.2336373170736456,0.13082366890456454,0.036947737532681386
2vars_inflation_monetary_policy,4,3,industrial_production,0.004211991306000575,0.18382415971840133,0.8546341989074819,356,93.0691357589691,0.2614301566263177,0.12616322058000384,0.039368527511635824
2vars_inflation_monetary_policy,4,3,retail_sales,-0.023394707829239258,-0.2962876532442743,0.7678073611055645,356,93.0691357589691,0.2614301566263177,0.12616322058000384,0.039368527511635824
2vars_inflation_monetary_policy,4,3,tot_business_inventories,0.007660376366434584,0.12744390225615979,0.8989210144387778,356,93.0691357589691,0.2614301566263177,0.12616322058000384,0.039368527511635824
2vars_inflation_monetary_policy,4,3,export_price_index,0.048426075044483284,1.1041794562944118,0.2729508540244472,356,93.0691357589691,0.2614301566263177,0.12616322058000384,0.039368527511635824
2vars_inflation_monetary_policy,4,3,import_price_index,-0.006182663221849467,-0.1527735681469578,0.878976117228534,356,93.0691357589691,0.2614301566263177,0.12616322058000384,0.039368527511635824
2vars_inflation_monetary_policy,4,3,unemployment,0.012534592022674316,0.8533570468170047,0.3961058259126169,356,93.0691357589691,0.2614301566263177,0.12616322058000384,0.039368527511635824
2vars_inflation_monetary_policy,4,3,cpi,0.1705130855512851,0.45988370201266543,0.6468944656684932,356,93.0691357589691,0.2614301566263177,0.12616322058000384,0.039368527511635824
2vars_inflation_monetary_policy,4,3,PCE_price_index,-0.13751130102429832,-0.3651597258967288,0.7159923952277745,356,93.0691357589691,0.2614301566263177,0.12616322058000384,0.039368527511635824
2vars_inflation_monetary_policy,4,3,PPI_inflation,-0.0742219889733965,-0.8193967184761977,0.4150868784207149,356,93.0691357589691,0.2614301566263177,0.12616322058000384,0.039368527511635824
2vars_inflation_monetary_policy,4,3,nat_fin_condition_indx,-0.007359588476597884,-1.2819500774570913,0.2037032069576723,356,93.0691357589691,0.2614301566263177,0.12616322058000384,0.039368527511635824
2vars_inflation_monetary_policy,4,3,10y_2y_spread,-0.0006801254789336258,-0.04594844758440735,0.9634701924554343,356,93.0691357589691,0.2614301566263177,0.12616322058000384,0.039368527511635824
2vars_inflation_monetary_policy,4,3,10y_treasury_const_maturity_rate,0.00703473350092994,0.31172859523795116,0.7560885382453553,356,93.0691357589691,0.2614301566263177,0.12616322058000384,0.039368527511635824
2vars_inflation_monetary_policy,4,3,fed_reserve_discount_rate,0.034241120530446825,0.9405267589764829,0.34988607399830784,356,93.0691357589691,0.2614301566263177,0.12616322058000384,0.039368527511635824
2vars_inflation_monetary_policy,4,3,fedfunds,-0.029513625495701894,-0.6738928171424502,0.5023956571871286,356,93.0691357589691,0.2614301566263177,0.12616322058000384,0.039368527511635824
2vars_inflation_monetary_policy,4,3,m2_real_money_supply,0.022833482662133833,0.37472185602446056,0.7088964919902154,356,93.0691357589691,0.2614301566263177,0.12616322058000384,0.039368527511635824
2vars_inflation_monetary_policy,5,0,industrial_production,0.00727819821647719,0.2308676701008132,0.818685344317778,356,53.121192165012246,0.1492168319241917,0.12472058561959676,0.038847763570768246
2vars_inflation_monetary_policy,5,0,retail_sales,0.006793154789720437,0.05474495511863432,0.9566352393710045,356,53.121192165012246,0.1492168319241917,0.12472058561959676,0.038847763570768246
2vars_inflation_monetary_policy,5,0,tot_business_inventories,0.01062625185041805,0.10892100613038652,0.9138518104167359,356,53.121192165012246,0.1492168319241917,0.12472058561959676,0.038847763570768246
2vars_inflation_monetary_policy,5,0,export_price_index,0.03889486987370044,0.6686259950172283,0.50787091849205,356,53.121192165012246,0.1492168319241917,0.12472058561959676,0.038847763570768246
2vars_inflation_monetary_policy,5,0,import_price_index,-0.0068199260421019795,-0.10668780237459237,0.9156111619074883,356,53.121192165012246,0.1492168319241917,0.12472058561959676,0.038847763570768246
2vars_inflation_monetary_policy,5,0,unemployment,0.016422488167893486,0.6866582091418091,0.49656541669297116,356,53.121192165012246,0.1492168319241917,0.12472058561959676,0.038847763570768246
2vars_inflation_monetary_policy,5,0,cpi,-0.026745282445088482,-0.04917984336751044,0.9610396398253971,356,53.121192165012246,0.1492168319241917,0.12472058561959676,0.038847763570768246
2vars_inflation_monetary_policy,5,0,PCE_price_index,0.03378526647724323,0.06179982837351631,0.9510537940096355,356,53.121192165012246,0.1492168319241917,0.12472058561959676,0.038847763570768246
2vars_inflation_monetary_policy,5,0,PPI_inflation,-0.062252585173949715,-0.4805903259664981,0.6336280429362366,356,53.121192165012246,0.1492168319241917,0.12472058561959676,0.038847763570768246
2vars_inflation_monetary_policy,5,0,nat_fin_condition_indx,-0.008078590653655536,-0.9567254999378216,0.3448954929869523,356,53.121192165012246,0.1492168319241917,0.12472058561959676,0.038847763570768246
2vars_inflation_monetary_policy,5,0,10y_2y_spread,-0.0033454733438884905,-0.1716093138737805,0.8646767913821802,356,53.121192165012246,0.1492168319241917,0.12472058561959676,0.038847763570768246
2vars_inflation_monetary_policy,5,0,10y_treasury_const_maturity_rate,0.002712812180981052,0.0969886017505695,0.9232572166852056,356,53.121192165012246,0.1492168319241917,0.12472058561959676,0.038847763570768246
2vars_inflation_monetary_policy,5,0,fed_reserve_discount_rate,0.02360857759331175,0.5060894486839592,0.6157863871633844,356,53.121192165012246,0.1492168319241917,0.12472058561959676,0.038847763570768246
2vars_inflation_monetary_policy,5,0,fedfunds,-0.021263196819685318,-0.37496235462627164,0.7098223085516762,356,53.121192165012246,0.1492168319241917,0.12472058561959676,0.038847763570768246
2vars_inflation_monetary_policy,5,0,m2_real_money_supply,0.0051327282582978315,0.054536454822618846,0.9568002289421695,356,53.121192165012246,0.1492168319241917,0.12472058561959676,0.038847763570768246
2vars_inflation_monetary_policy,5,1,industrial_production,0.0055674769093500935,0.22522273155639252,0.822541031849487,356,78.48057477137161,0.22045105272857193,0.1565326346469028,0.0394764271456427
2vars_inflation_monetary_policy,5,1,retail_sales,0.04534644478708468,0.46457578525560467,0.6438501544906137,356,78.48057477137161,0.22045105272857193,0.1565326346469028,0.0394764271456427
2vars_inflation_monetary_policy,5,1,tot_business_inventories,0.037552843605539774,0.4688693336793954,0.6407949247290594,356,78.48057477137161,0.22045105272857193,0.1565326346469028,0.0394764271456427
2vars_inflation_monetary_policy,5,1,export_price_index,0.018597962065348497,0.3894566393740086,0.6982626886576524,356,78.48057477137161,0.22045105272857193,0.1565326346469028,0.0394764271456427
2vars_inflation_monetary_policy,5,1,import_price_index,-0.008240354462453385,-0.15415488077635153,0.877984472763121,356,78.48057477137161,0.22045105272857193,0.1565326346469028,0.0394764271456427
2vars_inflation_monetary_policy,5,1,unemployment,0.02335385345993192,1.2265990988395923,0.2245757026644517,356,78.48057477137161,0.22045105272857193,0.1565326346469028,0.0394764271456427
2vars_inflation_monetary_policy,5,1,cpi,-0.15072344551795658,-0.35567298963469374,0.7232835134466415,356,78.48057477137161,0.22045105272857193,0.1565326346469028,0.0394764271456427
2vars_inflation_monetary_policy,5,1,PCE_price_index,0.11085065567448553,0.2610458721868162,0.794915657188396,356,78.48057477137161,0.22045105272857193,0.1565326346469028,0.0394764271456427
2vars_inflation_monetary_policy,5,1,PPI_inflation,-0.03383294034787205,-0.30789185169935773,0.7591886969576069,356,78.48057477137161,0.22045105272857193,0.1565326346469028,0.0394764271456427
2vars_inflation_monetary_policy,5,1,nat_fin_condition_indx,-0.010995238340210517,-1.7138869011497169,0.09150701886432744,356,78.48057477137161,0.22045105272857193,0.1565326346469028,0.0394764271456427
2vars_inflation_monetary_policy,5,1,10y_2y_spread,-0.0027546963762973115,-0.16878712885389685,0.8665093173482568,356,78.48057477137161,0.22045105272857193,0.1565326346469028,0.0394764271456427
2vars_inflation_monetary_policy,5,1,10y_treasury_const_maturity_rate,0.001703887400668004,0.07684587462507018,0.9389917059267403,356,78.48057477137161,0.22045105272857193,0.1565326346469028,0.0394764271456427
2vars_inflation_monetary_policy,5,1,fed_reserve_discount_rate,0.01779923477136036,0.5318992448486382,0.5966820576419187,356,78.48057477137161,0.22045105272857193,0.1565326346469028,0.0394764271456427
2vars_inflation_monetary_policy,5,1,fedfunds,-0.01627580276018486,-0.37661129761247536,0.7077384650205576,356,78.48057477137161,0.22045105272857193,0.1565326346469028,0.0394764271456427
2vars_inflation_monetary_policy,5,1,m2_real_money_supply,-0.02140438394634834,-0.29137321938177085,0.771731042297251,356,78.48057477137161,0.22045105272857193,0.1565326346469028,0.0394764271456427
2vars_inflation_monetary_policy,5,2,industrial_production,0.010552735710655686,0.39426828370987654,0.6950280099614292,356,66.96341794388515,0.18809948860641895,0.13645705162295252,0.036336439162439706
2vars_inflation_monetary_policy,5,2,retail_sales,-0.0010980710263610762,-0.010468487950613614,0.9916883806580206,356,66.96341794388515,0.18809948860641895,0.13645705162295252,0.036336439162439706
2vars_inflation_monetary_policy,5,2,tot_business_inventories,0.0014911575977804726,0.017823116701525824,0.9858495587570726,356,66.96341794388515,0.18809948860641895,0.13645705162295252,0.036336439162439706
2vars_inflation_monetary_policy,5,2,export_price_index,0.03950383595247682,0.8688575709218549,0.38899852746476116,356,66.96341794388515,0.18809948860641895,0.13645705162295252,0.036336439162439706
2vars_inflation_monetary_policy,5,2,import_price_index,-0.004572046128813796,-0.08461462921839896,0.9328992908336364,356,66.96341794388515,0.18809948860641895,0.13645705162295252,0.036336439162439706
2vars_inflation_monetary_policy,5,2,unemployment,0.015075925858576499,0.7254667363494824,0.471484049608736,356,66.96341794388515,0.18809948860641895,0.13645705162295252,0.036336439162439706
2vars_inflation_monetary_policy,5,2,cpi,-0.07339448514542284,-0.16998128279102628,0.8656978409657707,356,66.96341794388515,0.18809948860641895,0.13645705162295252,0.036336439162439706
2vars_inflation_monetary_policy,5,2,PCE_price_index,0.08807831350111073,0.20218004972184173,0.8405809011822394,356,66.96341794388515,0.18809948860641895,0.13645705162295252,0.036336439162439706
2vars_inflation_monetary_policy,5,2,PPI_inflation,-0.06455373305336162,-0.6231472655338852,0.5359666249119548,356,66.96341794388515,0.18809948860641895,0.13645705162295252,0.036336439162439706
2vars_inflation_monetary_policy,5,2,nat_fin_condition_indx,-0.007628096815428505,-1.0843849178533813,0.28329754221157155,356,66.96341794388515,0.18809948860641895,0.13645705162295252,0.036336439162439706
2vars_inflation_monetary_policy,5,2,10y_2y_spread,-0.005482838852608186,-0.3855560354153234,0.701430191045707,356,66.96341794388515,0.18809948860641895,0.13645705162295252,0.036336439162439706
2vars_inflation_monetary_policy,5,2,10y_treasury_const_maturity_rate,0.004283050528327945,0.19570947604208794,0.8456158157861473,356,66.96341794388515,0.18809948860641895,0.13645705162295252,0.036336439162439706
2vars_inflation_monetary_policy,5,2,fed_reserve_discount_rate,0.023738695783223795,0.6437587080256266,0.5226185452756797,356,66.96341794388515,0.18809948860641895,0.13645705162295252,0.036336439162439706
2vars_inflation_monetary_policy,5,2,fedfunds,-0.02387186619721101,-0.5354637534336069,0.5946583259146587,356,66.96341794388515,0.18809948860641895,0.13645705162295252,0.036336439162439706
2vars_inflation_monetary_policy,5,2,m2_real_money_supply,0.012256937515325207,0.1547712392440114,0.8776130026122035,356,66.96341794388515,0.18809948860641895,0.13645705162295252,0.036336439162439706
2vars_inflation_monetary_policy,5,3,industrial_production,0.004068444707912149,0.16071169558175305,0.8728338709319154,356,79.10296373482652,0.22219933633378236,0.12637719753710175,0.03933715407087623
2vars_inflation_monetary_policy,5,3,retail_sales,-0.023783891712268135,-0.2729049884708865,0.7858173784044153,356,79.10296373482652,0.22219933633378236,0.12637719753710175,0.03933715407087623
2vars_inflation_monetary_policy,5,3,tot_business_inventories,0.007788122254018,0.11740239423200947,0.9069140704485676,356,79.10296373482652,0.22219933633378236,0.12637719753710175,0.03933715407087623
2vars_inflation_monetary_policy,5,3,export_price_index,0.04829972458812181,0.9969795174333043,0.32258223545207754,356,79.10296373482652,0.22219933633378236,0.12637719753710175,0.03933715407087623
2vars_inflation_monetary_policy,5,3,import_price_index,-0.006483199973816701,-0.1450701186156672,0.8851178839262306,356,79.10296373482652,0.22219933633378236,0.12637719753710175,0.03933715407087623
2vars_inflation_monetary_policy,5,3,unemployment,0.012505695242854113,0.7713702106961478,0.44336647751588165,356,79.10296373482652,0.22219933633378236,0.12637719753710175,0.03933715407087623
2vars_inflation_monetary_policy,5,3,cpi,0.1738218329559252,0.4244320247424352,0.6726943495094853,356,79.10296373482652,0.22219933633378236,0.12637719753710175,0.03933715407087623
2vars_inflation_monetary_policy,5,3,PCE_price_index,-0.1407666053661183,-0.3384123535302471,0.7361758777760383,356,79.10296373482652,0.22219933633378236,0.12637719753710175,0.03933715407087623
2vars_inflation_monetary_policy,5,3,PPI_inflation,-0.07351643000866107,-0.7348617099983038,0.4651460006223336,356,79.10296373482652,0.22219933633378236,0.12637719753710175,0.03933715407087623
2vars_inflation_monetary_policy,5,3,nat_fin_condition_indx,-0.007424073443873648,-1.1708715732595887,0.24605300415267206,356,79.10296373482652,0.22219933633378236,0.12637719753710175,0.03933715407087623
2vars_inflation_monetary_policy,5,3,10y_2y_spread,-0.0006096390489165517,-0.03724008180220888,0.9704111409640834,356,79.10296373482652,0.22219933633378236,0.12637719753710175,0.03933715407087623
2vars_inflation_monetary_policy,5,3,10y_treasury_const_maturity_rate,0.006876336309300016,0.2752996548518815,0.7839854813367686,356,79.10296373482652,0.22219933633378236,0.12637719753710175,0.03933715407087623
2vars_inflation_monetary_policy,5,3,fed_reserve_discount_rate,0.0342461139399519,0.8515448592344471,0.39768683288788553,356,79.10296373482652,0.22219933633378236,0.12637719753710175,0.03933715407087623
2vars_inflation_monetary_policy,5,3,fedfunds,-0.029349853132671147,-0.6058944456823321,0.5467581431616573,356,79.10296373482652,0.22219933633378236,0.12637719753710175,0.03933715407087623
2vars_inflation_monetary_policy,5,3,m2_real_money_supply,0.022813272272412876,0.33919897229504575,0.7355861037162938,356,79.10296373482652,0.22219933633378236,0.12637719753710175,0.03933715407087623
2vars_inflation_monetary_policy,5,4,industrial_production,0.008035912674191022,0.30762873104372257,0.7593904185843527,356,78.33185138490448,0.22003329040703506,0.10110456504082888,0.03917826758550353
2vars_inflation_monetary_policy,5,4,retail_sales,0.021374105253267613,0.1952562081268711,0.8458274645995889,356,78.33185138490448,0.22003329040703506,0.10110456504082888,0.03917826758550353
2vars_inflation_monetary_policy,5,4,tot_business_inventories,0.01103092206445216,0.12625257955323813,0.8999383587491105,356,78.33185138490448,0.22003329040703506,0.10110456504082888,0.03917826758550353
2vars_inflation_monetary_policy,5,4,export_price_index,0.04293308085010306,0.9086533732145748,0.36703309768690806,356,78.33185138490448,0.22003329040703506,0.10110456504082888,0.03917826758550353
2vars_inflation_monetary_policy,5,4,import_price_index,-0.004298017513108245,-0.07966610771516551,0.9367580391059711,356,78.33185138490448,0.22003329040703506,0.10110456504082888,0.03917826758550353
2vars_inflation_monetary_policy,5,4,unemployment,0.01637085058895317,0.7590009436935765,0.4507127372737343,356,78.33185138490448,0.22003329040703506,0.10110456504082888,0.03917826758550353
2vars_inflation_monetary_policy,5,4,cpi,-0.10108669519951059,-0.21399782300436676,0.8312472503842472,356,78.33185138490448,0.22003329040703506,0.10110456504082888,0.03917826758550353
2vars_inflation_monetary_policy,5,4,PCE_price_index,0.09593251314281225,0.20446943591177189,0.8386528550323207,356,78.33185138490448,0.22003329040703506,0.10110456504082888,0.03917826758550353
2vars_inflation_monetary_policy,5,4,PPI_inflation,-0.07429639593602852,-0.7064090465401599,0.4825660641991938,356,78.33185138490448,0.22003329040703506,0.10110456504082888,0.03917826758550353
2vars_inflation_monetary_policy,5,4,nat_fin_condition_indx,-0.0064989790029796836,-0.8597014555419558,0.39324809132962457,356,78.33185138490448,0.22003329040703506,0.10110456504082888,0.03917826758550353
2vars_inflation_monetary_policy,5,4,10y_2y_spread,-0.003706297535778366,-0.22839346250465356,0.8200880023073833,356,78.33185138490448,0.22003329040703506,0.10110456504082888,0.03917826758550353
2vars_inflation_monetary_policy,5,4,10y_treasury_const_maturity_rate,-0.0033398684972839755,-0.162645702580029,0.8713235419381782,356,78.33185138490448,0.22003329040703506,0.10110456504082888,0.03917826758550353
2vars_inflation_monetary_policy,5,4,fed_reserve_discount_rate,0.021172580016084075,0.5425795038711244,0.5893541538277134,356,78.33185138490448,0.22003329040703506,0.10110456504082888,0.03917826758550353
2vars_inflation_monetary_policy,5,4,fedfunds,-0.020032990555618708,-0.4328816883800279,0.6665949176514263,356,78.33185138490448,0.22003329040703506,0.10110456504082888,0.03917826758550353
2vars_inflation_monetary_policy,5,4,m2_real_money_supply,0.00038035173969319,0.004512996699194943,0.996413574696349,356,78.33185138490448,0.22003329040703506,0.10110456504082888,0.03917826758550353
2vars_inflation_monetary_policy,6,0,industrial_production,0.0074128401440987255,0.25778187915297124,0.7976401700675191,356,65.6764953658788,0.18448453754460334,0.10641194629956918,0.038632262365791745
2vars_inflation_monetary_policy,6,0,retail_sales,0.015733013760762467,0.13242576101730744,0.8951824846544933,356,65.6764953658788,0.18448453754460334,0.10641194629956918,0.038632262365791745
2vars_inflation_monetary_policy,6,0,tot_business_inventories,0.00934927429713227,0.09836399237574052,0.9220391038815086,356,65.6764953658788,0.18448453754460334,0.10641194629956918,0.038632262365791745
2vars_inflation_monetary_policy,6,0,export_price_index,0.03834217965935311,0.7570328353475863,0.45260599907135046,356,65.6764953658788,0.18448453754460334,0.10641194629956918,0.038632262365791745
2vars_inflation_monetary_policy,6,0,import_price_index,-0.010207365143476756,-0.17396372536632027,0.8626009711445601,356,65.6764953658788,0.18448453754460334,0.10641194629956918,0.038632262365791745
2vars_inflation_monetary_policy,6,0,unemployment,0.01657727114265904,0.7055778204089322,0.4837464226404853,356,65.6764953658788,0.18448453754460334,0.10641194629956918,0.038632262365791745
2vars_inflation_monetary_policy,6,0,cpi,-0.08529536404543328,-0.16827739018044233,0.8670483264409645,356,65.6764953658788,0.18448453754460334,0.10641194629956918,0.038632262365791745
2vars_inflation_monetary_policy,6,0,PCE_price_index,0.08258799547731754,0.16400582492959556,0.8703920351010066,356,65.6764953658788,0.18448453754460334,0.10641194629956918,0.038632262365791745
2vars_inflation_monetary_policy,6,0,PPI_inflation,-0.05688324039442752,-0.5061985643913045,0.6149564797932068,356,65.6764953658788,0.18448453754460334,0.10641194629956918,0.038632262365791745
2vars_inflation_monetary_policy,6,0,nat_fin_condition_indx,-0.00761798552512446,-0.9393991501244237,0.35207129962236783,356,65.6764953658788,0.18448453754460334,0.10641194629956918,0.038632262365791745
2vars_inflation_monetary_policy,6,0,10y_2y_spread,-0.005475556254389713,-0.3211567225372772,0.7494389419606469,356,65.6764953658788,0.18448453754460334,0.10641194629956918,0.038632262365791745
2vars_inflation_monetary_policy,6,0,10y_treasury_const_maturity_rate,-0.002824659527421176,-0.12336226801863304,0.9023180100327064,356,65.6764953658788,0.18448453754460334,0.10641194629956918,0.038632262365791745
2vars_inflation_monetary_policy,6,0,fed_reserve_discount_rate,0.017724331134259152,0.4208071811984541,0.6757108800627329,356,65.6764953658788,0.18448453754460334,0.10641194629956918,0.038632262365791745
2vars_inflation_monetary_policy,6,0,fedfunds,-0.016972261227314888,-0.3369930623717928,0.7375417867254446,356,65.6764953658788,0.18448453754460334,0.10641194629956918,0.038632262365791745
2vars_inflation_monetary_policy,6,0,m2_real_money_supply,-0.0014006858696122826,-0.015356859328651367,0.9878089927911073,356,65.6764953658788,0.18448453754460334,0.10641194629956918,0.038632262365791745
2vars_inflation_monetary_policy,6,1,industrial_production,0.007185522763074791,0.21825290747894,0.8285074257827485,356,50.78568137626059,0.14265640836028257,0.12754690808564995,0.03858109516582187
2vars_inflation_monetary_policy,6,1,retail_sales,0.009067126996736688,0.06960544433660652,0.9449063111417797,356,50.78568137626059,0.14265640836028257,0.12754690808564995,0.03858109516582187
2vars_inflation_monetary_policy,6,1,tot_business_inventories,0.011706551046424393,0.11354932827830277,0.9102478808097165,356,50.78568137626059,0.14265640836028257,0.12754690808564995,0.03858109516582187
2vars_inflation_monetary_policy,6,1,export_price_index,0.04422996850642634,0.7507809936935985,0.45783344159735684,356,50.78568137626059,0.14265640836028257,0.12754690808564995,0.03858109516582187
2vars_inflation_monetary_policy,6,1,import_price_index,-0.005950766182006967,-0.08891745585737967,0.9296574783864484,356,50.78568137626059,0.14265640836028257,0.12754690808564995,0.03858109516582187
2vars_inflation_monetary_policy,6,1,unemployment,0.016390862639328083,0.6450454259888637,0.5231296090913378,356,50.78568137626059,0.14265640836028257,0.12754690808564995,0.03858109516582187
2vars_inflation_monetary_policy,6,1,cpi,-0.017989185091932827,-0.03203399005403309,0.9746280465955852,356,50.78568137626059,0.14265640836028257,0.12754690808564995,0.03858109516582187
2vars_inflation_monetary_policy,6,1,PCE_price_index,0.024503730360264847,0.043560637618749946,0.9655037228990064,356,50.78568137626059,0.14265640836028257,0.12754690808564995,0.03858109516582187
2vars_inflation_monetary_policy,6,1,PPI_inflation,-0.07204101795583893,-0.5486390192772977,0.586757595765766,356,50.78568137626059,0.14265640836028257,0.12754690808564995,0.03858109516582187
2vars_inflation_monetary_policy,6,1,nat_fin_condition_indx,-0.007756480502557029,-0.8753502849538397,0.38738770333030015,356,50.78568137626059,0.14265640836028257,0.12754690808564995,0.03858109516582187
2vars_inflation_monetary_policy,6,1,10y_2y_spread,-0.004260824470605938,-0.21774127194857423,0.8289029482192798,356,50.78568137626059,0.14265640836028257,0.12754690808564995,0.03858109516582187
2vars_inflation_monetary_policy,6,1,10y_treasury_const_maturity_rate,0.0030983692827711894,0.11027082052846594,0.9128283465283418,356,50.78568137626059,0.14265640836028257,0.12754690808564995,0.03858109516582187
2vars_inflation_monetary_policy,6,1,fed_reserve_discount_rate,0.026184298735251105,0.5512872696033934,0.5849607783293966,356,50.78568137626059,0.14265640836028257,0.12754690808564995,0.03858109516582187
2vars_inflation_monetary_policy,6,1,fedfunds,-0.02630382473559991,-0.4583687710613291,0.6495384139432292,356,50.78568137626059,0.14265640836028257,0.12754690808564995,0.03858109516582187
2vars_inflation_monetary_policy,6,1,m2_real_money_supply,0.004757646319275044,0.04802170952003613,0.9619736007576922,356,50.78568137626059,0.14265640836028257,0.12754690808564995,0.03858109516582187
2vars_inflation_monetary_policy,6,2,industrial_production,0.00727792402239671,0.20977065951845397,0.8352325057031447,356,46.70171984239197,0.13118460629885384,0.12574849366077157,0.038823398091390425
2vars_inflation_monetary_policy,6,2,retail_sales,0.0059838025559471215,0.04376489169505065,0.9653752210699282,356,46.70171984239197,0.13118460629885384,0.12574849366077157,0.038823398091390425
2vars_inflation_monetary_policy,6,2,tot_business_inventories,0.010833719288046018,0.10084977715021383,0.920325439264331,356,46.70171984239197,0.13118460629885384,0.12574849366077157,0.038823398091390425
2vars_inflation_monetary_policy,6,2,export_price_index,0.03968814135116521,0.6214044254610559,0.5389205255805001,356,46.70171984239197,0.13118460629885384,0.12574849366077157,0.038823398091390425
2vars_inflation_monetary_policy,6,2,import_price_index,-0.006868597746046537,-0.09758329854333356,0.9228974753321213,356,46.70171984239197,0.13118460629885384,0.12574849366077157,0.038823398091390425
2vars_inflation_monetary_policy,6,2,unemployment,0.016422350697235303,0.62359579145249,0.5374989295331756,356,46.70171984239197,0.13118460629885384,0.12574849366077157,0.038823398091390425
2vars_inflation_monetary_policy,6,2,cpi,-0.02013646403228242,-0.03358783410610977,0.9734232437262451,356,46.70171984239197,0.13118460629885384,0.12574849366077157,0.038823398091390425
2vars_inflation_monetary_policy,6,2,PCE_price_index,0.02741451428010709,0.04551822205612998,0.9639890362027186,356,46.70171984239197,0.13118460629885384,0.12574849366077157,0.038823398091390425
2vars_inflation_monetary_policy,6,2,PPI_inflation,-0.06324663023666621,-0.4449752234819209,0.6594591562682304,356,46.70171984239197,0.13118460629885384,0.12574849366077157,0.038823398091390425
2vars_inflation_monetary_policy,6,2,nat_fin_condition_indx,-0.008097032378558466,-0.8703818545871068,0.39084648023239765,356,46.70171984239197,0.13118460629885384,0.12574849366077157,0.038823398091390425
2vars_inflation_monetary_policy,6,2,10y_2y_spread,-0.003548158644071724,-0.16555900381717198,0.8695894013935028,356,46.70171984239197,0.13118460629885384,0.12574849366077157,0.038823398091390425
2vars_inflation_monetary_policy,6,2,10y_treasury_const_maturity_rate,0.0028398911907365353,0.09264548429915638,0.9267871243807562,356,46.70171984239197,0.13118460629885384,0.12574849366077157,0.038823398091390425
2vars_inflation_monetary_policy,6,2,fed_reserve_discount_rate,0.024308047842899166,0.4739204918964501,0.638909681043391,356,46.70171984239197,0.13118460629885384,0.12574849366077157,0.038823398091390425
2vars_inflation_monetary_policy,6,2,fedfunds,-0.022309799477841022,-0.3576836652814608,0.7230273901601332,356,46.70171984239197,0.13118460629885384,0.12574849366077157,0.038823398091390425
2vars_inflation_monetary_policy,6,2,m2_real_money_supply,0.005639012779428599,0.05433860357379932,0.9570174551386612,356,46.70171984239197,0.13118460629885384,0.12574849366077157,0.038823398091390425
2vars_inflation_monetary_policy,6,3,industrial_production,0.0069605182347404265,0.207499048314428,0.8368039572702908,356,51.558111592512816,0.14482615615874386,0.19341930554002318,0.038973764529701936
2vars_inflation_monetary_policy,6,3,retail_sales,0.03913068417439809,0.3205631713697494,0.7504178083586592,356,51.558111592512816,0.14482615615874386,0.19341930554002318,0.038973764529701936
2vars_inflation_monetary_policy,6,3,tot_business_inventories,0.03615977041747504,0.37178020669088574,0.7122628913834601,356,51.558111592512816,0.14482615615874386,0.19341930554002318,0.038973764529701936
2vars_inflation_monetary_policy,6,3,export_price_index,0.035342418703522865,0.5818887664181848,0.5643128753150366,356,51.558111592512816,0.14482615615874386,0.19341930554002318,0.038973764529701936
2vars_inflation_monetary_policy,6,3,import_price_index,-0.019319406484975887,-0.2897599449208338,0.773682879489094,356,51.558111592512816,0.14482615615874386,0.19341930554002318,0.038973764529701936
2vars_inflation_monetary_policy,6,3,unemployment,0.02581076457028008,1.135325826325285,0.26383381964129327,356,51.558111592512816,0.14482615615874386,0.19341930554002318,0.038973764529701936
2vars_inflation_monetary_policy,6,3,cpi,-0.11955013040690696,-0.21592107920039252,0.8302831341073675,356,51.558111592512816,0.14482615615874386,0.19341930554002318,0.038973764529701936
2vars_inflation_monetary_policy,6,3,PCE_price_index,0.09210728298708082,0.16572769762118433,0.8693099508189452,356,51.558111592512816,0.14482615615874386,0.19341930554002318,0.038973764529701936
2vars_inflation_monetary_policy,6,3,PPI_inflation,-0.0474218627048035,-0.3510947662511387,0.7275890459240744,356,51.558111592512816,0.14482615615874386,0.19341930554002318,0.038973764529701936
2vars_inflation_monetary_policy,6,3,nat_fin_condition_indx,-0.010181206483604592,-1.3957680238511627,0.17143945526694515,356,51.558111592512816,0.14482615615874386,0.19341930554002318,0.038973764529701936
2vars_inflation_monetary_policy,6,3,10y_2y_spread,-0.006025734713783851,-0.29093912169687947,0.7727882004455968,356,51.558111592512816,0.14482615615874386,0.19341930554002318,0.038973764529701936
2vars_inflation_monetary_policy,6,3,10y_treasury_const_maturity_rate,0.003119468956681314,0.10753875259258484,0.9149660806626299,356,51.558111592512816,0.14482615615874386,0.19341930554002318,0.038973764529701936
2vars_inflation_monetary_policy,6,3,fed_reserve_discount_rate,0.021749371661263357,0.4490226858558483,0.6561401204336881,356,51.558111592512816,0.14482615615874386,0.19341930554002318,0.038973764529701936
2vars_inflation_monetary_policy,6,3,fedfunds,-0.02288709617455579,-0.3890974824855605,0.6995244841612485,356,51.558111592512816,0.14482615615874386,0.19341930554002318,0.038973764529701936
2vars_inflation_monetary_policy,6,3,m2_real_money_supply,-0.02127613933978144,-0.22077080099533397,0.8265336893091144,356,51.558111592512816,0.14482615615874386,0.19341930554002318,0.038973764529701936
2vars_inflation_monetary_policy,6,4,industrial_production,0.011068530900093737,0.452946706783365,0.6523222449375994,356,72.48454272961709,0.20360826609443003,0.11136564598637488,0.038223013009703107
2vars_inflation_monetary_policy,6,4,retail_sales,0.009346376038305211,0.08807155063215552,0.9301313157330846,356,72.48454272961709,0.20360826609443003,0.11136564598637488,0.038223013009703107
2vars_inflation_monetary_policy,6,4,tot_business_inventories,0.013211574338856924,0.15524186364406162,0.8771840840583742,356,72.48454272961709,0.20360826609443003,0.11136564598637488,0.038223013009703107
2vars_inflation_monetary_policy,6,4,export_price_index,0.02910335281355244,0.6068669952274673,0.546370886759306,356,72.48454272961709,0.20360826609443003,0.11136564598637488,0.038223013009703107
2vars_inflation_monetary_policy,6,4,import_price_index,0.0002993557298373717,0.0053695684930304246,0.9957346444221806,356,72.48454272961709,0.20360826609443003,0.11136564598637488,0.038223013009703107
2vars_inflation_monetary_policy,6,4,unemployment,0.016131557247355474,0.7640858351070733,0.44799626246244095,356,72.48454272961709,0.20360826609443003,0.11136564598637488,0.038223013009703107
2vars_inflation_monetary_policy,6,4,cpi,-0.11677894947341666,-0.2642480465865063,0.7925505777424187,356,72.48454272961709,0.20360826609443003,0.11136564598637488,0.038223013009703107
2vars_inflation_monetary_policy,6,4,PCE_price_index,0.11067002562191534,0.248509180383551,0.8046417901128629,356,72.48454272961709,0.20360826609443003,0.11136564598637488,0.038223013009703107
2vars_inflation_monetary_policy,6,4,PPI_inflation,-0.05622088544534649,-0.5074101984964137,0.6138425520388049,356,72.48454272961709,0.20360826609443003,0.11136564598637488,0.038223013009703107
2vars_inflation_monetary_policy,6,4,nat_fin_condition_indx,-0.007044049040494415,-0.9300671169789374,0.3562943363708204,356,72.48454272961709,0.20360826609443003,0.11136564598637488,0.038223013009703107
2vars_inflation_monetary_policy,6,4,10y_2y_spread,-0.002067000504364469,-0.13534743727318105,0.8928183644553584,356,72.48454272961709,0.20360826609443003,0.11136564598637488,0.038223013009703107
2vars_inflation_monetary_policy,6,4,10y_treasury_const_maturity_rate,0.0029211189857803878,0.13210073665310682,0.895374058476623,356,72.48454272961709,0.20360826609443003,0.11136564598637488,0.038223013009703107
2vars_inflation_monetary_policy,6,4,fed_reserve_discount_rate,0.022521079535025478,0.6508987429673251,0.5177510671370436,356,72.48454272961709,0.20360826609443003,0.11136564598637488,0.038223013009703107
2vars_inflation_monetary_policy,6,4,fedfunds,-0.02026489412478223,-0.45779528974753353,0.6488557469149518,356,72.48454272961709,0.20360826609443003,0.11136564598637488,0.038223013009703107
2vars_inflation_monetary_policy,6,4,m2_real_money_supply,0.008401722627245433,0.1079853933123929,0.9143899515439382,356,72.48454272961709,0.20360826609443003,0.11136564598637488,0.038223013009703107
2vars_inflation_monetary_policy,6,5,industrial_production,0.0021092196188947816,0.0760433253146958,0.9396720724388312,356,68.79344909333875,0.1932400255430864,0.1165314609990441,0.03927895872465274
2vars_inflation_monetary_policy,6,5,retail_sales,-0.015815379384791946,-0.16320265305338214,0.8709820191766657,356,68.79344909333875,0.1932400255430864,0.1165314609990441,0.03927895872465274
2vars_inflation_monetary_policy,6,5,tot_business_inventories,0.004831896986439897,0.06552732176650031,0.9480016642662106,356,68.79344909333875,0.1932400255430864,0.1165314609990441,0.03927895872465274
2vars_inflation_monetary_policy,6,5,export_price_index,0.04963826818475234,0.9430567472457165,0.34994769030101036,356,68.79344909333875,0.1932400255430864,0.1165314609990441,0.03927895872465274
2vars_inflation_monetary_policy,6,5,import_price_index,-0.0036768124292509297,-0.07482089237931662,0.9406400153001693,356,68.79344909333875,0.1932400255430864,0.1165314609990441,0.03927895872465274
2vars_inflation_monetary_policy,6,5,unemployment,0.01174904856068,0.6515231239184228,0.5175351140641604,356,68.79344909333875,0.1932400255430864,0.1165314609990441,0.03927895872465274
2vars_inflation_monetary_policy,6,5,cpi,0.18303239838936344,0.40372197145842376,0.6880478565950408,356,68.79344909333875,0.1932400255430864,0.1165314609990441,0.03927895872465274
2vars_inflation_monetary_policy,6,5,PCE_price_index,-0.14494749787026107,-0.3149546033367469,0.754037627353473,356,68.79344909333875,0.1932400255430864,0.1165314609990441,0.03927895872465274
2vars_inflation_monetary_policy,6,5,PPI_inflation,-0.08121603148142376,-0.7428391547629637,0.46087183195004466,356,68.79344909333875,0.1932400255430864,0.1165314609990441,0.03927895872465274
2vars_inflation_monetary_policy,6,5,nat_fin_condition_indx,-0.008190292217418405,-1.1267726073864994,0.2649342521831608,356,68.79344909333875,0.1932400255430864,0.1165314609990441,0.03927895872465274
2vars_inflation_monetary_policy,6,5,10y_2y_spread,-0.0001506911318904734,-0.008457983013333194,0.9932834671503521,356,68.79344909333875,0.1932400255430864,0.1165314609990441,0.03927895872465274
2vars_inflation_monetary_policy,6,5,10y_treasury_const_maturity_rate,0.006807725631486232,0.25033353996231117,0.8033010633832152,356,68.79344909333875,0.1932400255430864,0.1165314609990441,0.03927895872465274
2vars_inflation_monetary_policy,6,5,fed_reserve_discount_rate,0.03351784128892717,0.7633568867038021,0.4486484941645621,356,68.79344909333875,0.1932400255430864,0.1165314609990441,0.03927895872465274
2vars_inflation_monetary_policy,6,5,fedfunds,-0.028717426937596182,-0.5432113200196389,0.5892706660078488,356,68.79344909333875,0.1932400255430864,0.1165314609990441,0.03927895872465274
2vars_inflation_monetary_policy,6,5,m2_real_money_supply,0.018131679629597858,0.24552068436428212,0.8070052559312102,356,68.79344909333875,0.1932400255430864,0.1165314609990441,0.03927895872465274
2vars_inflation_market_volatility,2,0,industrial_production,0.009064673520965792,0.6951928462487487,0.4878743570511217,356,187.67426457806633,0.5271749005001863,0.099296337401385,0.033566086083356275
2vars_inflation_market_volatility,2,0,retail_sales,-0.008673845310825063,-0.14532622738498252,0.8846237930749763,356,187.67426457806633,0.5271749005001863,0.099296337401385,0.033566086083356275
2vars_inflation_market_volatility,2,0,tot_business_inventories,-0.006428883246033532,-0.13896418005767597,0.8896413347183418,356,187.67426457806633,0.5271749005001863,0.099296337401385,0.033566086083356275
2vars_inflation_market_volatility,2,0,export_price_index,0.03161719440148851,1.2665686116588095,0.20702533789361954,356,187.67426457806633,0.5271749005001863,0.099296337401385,0.033566086083356275
2vars_inflation_market_volatility,2,0,import_price_index,0.006887716275517232,0.22880418758952661,0.8192934451928755,356,187.67426457806633,0.5271749005001863,0.099296337401385,0.033566086083356275
2vars_inflation_market_volatility,2,0,unemployment,0.011206508917640693,0.9682963971585483,0.3342585308549919,356,187.67426457806633,0.5271749005001863,0.099296337401385,0.033566086083356275
2vars_inflation_market_volatility,2,0,cpi,-0.04100296007270599,-0.17211697524104536,0.8635482981741844,356,187.67426457806633,0.5271749005001863,0.099296337401385,0.033566086083356275
2vars_inflation_market_volatility,2,0,PCE_price_index,0.07401201666827126,0.30966193331065595,0.7571936008460396,356,187.67426457806633,0.5271749005001863,0.099296337401385,0.033566086083356275
2vars_inflation_market_volatility,2,0,PPI_inflation,-0.07420333045534372,-1.3539080634615004,0.17754535732083387,356,187.67426457806633,0.5271749005001863,0.099296337401385,0.033566086083356275
2vars_inflation_market_volatility,2,0,nat_fin_condition_indx,-0.009206104745255418,-2.102300202213502,0.03698571912616355,356,187.67426457806633,0.5271749005001863,0.099296337401385,0.033566086083356275
2vars_inflation_market_volatility,2,0,10y_2y_spread,-0.0013719470288144021,-0.16521305738696415,0.8689706731801348,356,187.67426457806633,0.5271749005001863,0.099296337401385,0.033566086083356275
2vars_inflation_market_volatility,2,0,10y_treasury_const_maturity_rate,-0.0005338279994380457,-0.0457396922049496,0.963570889227408,356,187.67426457806633,0.5271749005001863,0.099296337401385,0.033566086083356275
2vars_inflation_market_volatility,2,0,fed_reserve_discount_rate,0.016703055325335704,0.7969449837032666,0.42658377852184826,356,187.67426457806633,0.5271749005001863,0.099296337401385,0.033566086083356275
2vars_inflation_market_volatility,2,0,fedfunds,-0.011068592095000062,-0.4223297475149908,0.6733128003984139,356,187.67426457806633,0.5271749005001863,0.099296337401385,0.033566086083356275
2vars_inflation_market_volatility,2,0,m2_real_money_supply,0.017707140861500992,0.40462920528110885,0.6862537808569265,356,187.67426457806633,0.5271749005001863,0.099296337401385,0.033566086083356275
2vars_inflation_market_volatility,2,1,industrial_production,0.005314439039244625,0.28880343261003066,0.7731244559870873,356,168.3257354219337,0.4728250994998138,0.1466105594539837,0.04384349650089439
2vars_inflation_market_volatility,2,1,retail_sales,0.017762670827916178,0.28681085382541643,0.7746469045254167,356,168.3257354219337,0.4728250994998138,0.1466105594539837,0.04384349650089439
2vars_inflation_market_volatility,2,1,tot_business_inventories,0.02058358587866342,0.4226481089237851,0.6731480374642611,356,168.3257354219337,0.4728250994998138,0.1466105594539837,0.04384349650089439
2vars_inflation_market_volatility,2,1,export_price_index,0.04284290696299893,1.3254351183199007,0.1870113619678344,356,168.3257354219337,0.4728250994998138,0.1466105594539837,0.04384349650089439
2vars_inflation_market_volatility,2,1,import_price_index,-0.015440313801157237,-0.4860630305429048,0.627620979208857,356,168.3257354219337,0.4728250994998138,0.1466105594539837,0.04384349650089439
2vars_inflation_market_volatility,2,1,unemployment,0.020162385893834,1.7349222806525373,0.08477722438657254,356,168.3257354219337,0.4728250994998138,0.1466105594539837,0.04384349650089439
2vars_inflation_market_volatility,2,1,cpi,0.0003398495361564765,0.001173072717834226,0.999065558477827,356,168.3257354219337,0.4728250994998138,0.1466105594539837,0.04384349650089439
2vars_inflation_market_volatility,2,1,PCE_price_index,-0.012606351048844286,-0.043439794800391375,0.9654078469716416,356,168.3257354219337,0.4728250994998138,0.1466105594539837,0.04384349650089439
2vars_inflation_market_volatility,2,1,PPI_inflation,-0.05189036894998101,-0.7322163243969285,0.4651616507537859,356,168.3257354219337,0.4728250994998138,0.1466105594539837,0.04384349650089439
2vars_inflation_market_volatility,2,1,nat_fin_condition_indx,-0.007856647717595455,-1.9615743226705729,0.05163509650869513,356,168.3257354219337,0.4728250994998138,0.1466105594539837,0.04384349650089439
2vars_inflation_market_volatility,2,1,10y_2y_spread,-0.005298923809989549,-0.4988096598427524,0.6186330410345855,356,168.3257354219337,0.4728250994998138,0.1466105594539837,0.04384349650089439
2vars_inflation_market_volatility,2,1,10y_treasury_const_maturity_rate,0.005905217296614174,0.3858308868742655,0.700160240899288,356,168.3257354219337,0.4728250994998138,0.1466105594539837,0.04384349650089439
2vars_inflation_market_volatility,2,1,fed_reserve_discount_rate,0.03177324098809011,1.3028098207880998,0.19460578455143818,356,168.3257354219337,0.4728250994998138,0.1466105594539837,0.04384349650089439
2vars_inflation_market_volatility,2,1,fedfunds,-0.03194600803223829,-1.112898363565152,0.2675052575317145,356,168.3257354219337,0.4728250994998138,0.1466105594539837,0.04384349650089439
2vars_inflation_market_volatility,2,1,m2_real_money_supply,-0.0020545656594536396,-0.042318291022679096,0.9663003837967858,356,168.3257354219337,0.4728250994998138,0.1466105594539837,0.04384349650089439
2vars_inflation_market_volatility,3,0,industrial_production,0.005614578763694193,0.27221565610563486,0.7859719045503479,356,124.84716555025864,0.3506942852535355,0.11992593796420448,0.04033399490104684
2vars_inflation_market_volatility,3,0,retail_sales,0.01505525292914927,0.2025061890472852,0.8398990547466156,356,124.84716555025864,0.3506942852535355,0.11992593796420448,0.04033399490104684
2vars_inflation_market_volatility,3,0,tot_business_inventories,0.016217117622164275,0.2718203555788921,0.7862750564708014,356,124.84716555025864,0.3506942852535355,0.11992593796420448,0.04033399490104684
2vars_inflation_market_volatility,3,0,export_price_index,0.04116047495062886,1.1430948503528737,0.25550718399770544,356,124.84716555025864,0.3506942852535355,0.11992593796420448,0.04033399490104684
2vars_inflation_market_volatility,3,0,import_price_index,-0.010970022214694152,-0.30564050146439004,0.7604621370995035,356,124.84716555025864,0.3506942852535355,0.11992593796420448,0.04033399490104684
2vars_inflation_market_volatility,3,0,unemployment,0.016151387620443033,1.0863741099456226,0.27971351996433635,356,124.84716555025864,0.3506942852535355,0.11992593796420448,0.04033399490104684
2vars_inflation_market_volatility,3,0,cpi,-0.05301542880480722,-0.15817994509764488,0.8746080958817348,356,124.84716555025864,0.3506942852535355,0.11992593796420448,0.04033399490104684
2vars_inflation_market_volatility,3,0,PCE_price_index,0.04472644464507603,0.1344610159761495,0.8932863515658265,356,124.84716555025864,0.3506942852535355,0.11992593796420448,0.04033399490104684
2vars_inflation_market_volatility,3,0,PPI_inflation,-0.053448875209676915,-0.6898522490030795,0.4917552994101322,356,124.84716555025864,0.3506942852535355,0.11992593796420448,0.04033399490104684
2vars_inflation_market_volatility,3,0,nat_fin_condition_indx,-0.006201357487814363,-1.1086994501224776,0.27000357372455674,356,124.84716555025864,0.3506942852535355,0.11992593796420448,0.04033399490104684
2vars_inflation_market_volatility,3,0,10y_2y_spread,-0.005986864590908106,-0.5181720398679028,0.6053899387764532,356,124.84716555025864,0.3506942852535355,0.11992593796420448,0.04033399490104684
2vars_inflation_market_volatility,3,0,10y_treasury_const_maturity_rate,0.008393268256420118,0.49367506004097034,0.6225303632688473,356,124.84716555025864,0.3506942852535355,0.11992593796420448,0.04033399490104684
2vars_inflation_market_volatility,3,0,fed_reserve_discount_rate,0.03106166366164623,1.1059533413320506,0.2711851359384905,356,124.84716555025864,0.3506942852535355,0.11992593796420448,0.04033399490104684
2vars_inflation_market_volatility,3,0,fedfunds,-0.034933595037181145,-1.0509948785869803,0.2955887190286366,356,124.84716555025864,0.3506942852535355,0.11992593796420448,0.04033399490104684
2vars_inflation_market_volatility,3,0,m2_real_money_supply,0.0007347081616458437,0.012871916958229972,0.989753543158836,356,124.84716555025864,0.3506942852535355,0.11992593796420448,0.04033399490104684
2vars_inflation_market_volatility,3,1,industrial_production,0.006989102948731718,0.27708534821404324,0.7824975079036589,356,89.01640645613675,0.25004608555094593,0.16832964045224197,0.043752150598357194
2vars_inflation_market_volatility,3,1,retail_sales,0.012947958602951493,0.1469520033634037,0.8835749062326059,356,89.01640645613675,0.25004608555094593,0.16832964045224197,0.043752150598357194
2vars_inflation_market_volatility,3,1,tot_business_inventories,0.010939382347079623,0.15818930561865413,0.8747443143506644,356,89.01640645613675,0.25004608555094593,0.16832964045224197,0.043752150598357194
2vars_inflation_market_volatility,3,1,export_price_index,0.04738841650717103,1.0134044085237264,0.3142134523882487,356,89.01640645613675,0.25004608555094593,0.16832964045224197,0.043752150598357194
2vars_inflation_market_volatility,3,1,import_price_index,-0.0162071397513291,-0.32312070821674604,0.747527382798205,356,89.01640645613675,0.25004608555094593,0.16832964045224197,0.043752150598357194
2vars_inflation_market_volatility,3,1,unemployment,0.02072157695982258,1.3003732244241162,0.19756265752275293,356,89.01640645613675,0.25004608555094593,0.16832964045224197,0.043752150598357194
2vars_inflation_market_volatility,3,1,cpi,0.016147731334322672,0.0396853833835955,0.9684522662385118,356,89.01640645613675,0.25004608555094593,0.16832964045224197,0.043752150598357194
2vars_inflation_market_volatility,3,1,PCE_price_index,-0.008731075268276415,-0.021064627963665084,0.9832515597132436,356,89.01640645613675,0.25004608555094593,0.16832964045224197,0.043752150598357194
2vars_inflation_market_volatility,3,1,PPI_inflation,-0.066357828968493,-0.626116733465827,0.53319083643941,356,89.01640645613675,0.25004608555094593,0.16832964045224197,0.043752150598357194
2vars_inflation_market_volatility,3,1,nat_fin_condition_indx,-0.009156579746062479,-1.6789856114472022,0.09742970851812838,356,89.01640645613675,0.25004608555094593,0.16832964045224197,0.043752150598357194
2vars_inflation_market_volatility,3,1,10y_2y_spread,-0.0022765511434946714,-0.14252818887845822,0.8870553841050406,356,89.01640645613675,0.25004608555094593,0.16832964045224197,0.043752150598357194
2vars_inflation_market_volatility,3,1,10y_treasury_const_maturity_rate,-0.000227725087784916,-0.010238860369923672,0.9918586380949854,356,89.01640645613675,0.25004608555094593,0.16832964045224197,0.043752150598357194
2vars_inflation_market_volatility,3,1,fed_reserve_discount_rate,0.027995968751862745,0.788982388449429,0.4326767139832186,356,89.01640645613675,0.25004608555094593,0.16832964045224197,0.043752150598357194
2vars_inflation_market_volatility,3,1,fedfunds,-0.021452129217498873,-0.49752426922761434,0.6203144067579753,356,89.01640645613675,0.25004608555094593,0.16832964045224197,0.043752150598357194
2vars_inflation_market_volatility,3,1,m2_real_money_supply,0.00088772088381761,0.012959103208863424,0.9896957649018807,356,89.01640645613675,0.25004608555094593,0.16832964045224197,0.043752150598357194
2vars_inflation_market_volatility,3,2,industrial_production,0.008793547419702502,0.585991801184004,0.5589281149241607,356,142.13642799360463,0.3992596291955186,0.10120608829171973,0.03358965859865619
2vars_inflation_market_volatility,3,2,retail_sales,-0.010336140370620375,-0.15065741670423827,0.8804866279397281,356,142.13642799360463,0.3992596291955186,0.10120608829171973,0.03358965859865619
2vars_inflation_market_volatility,3,2,tot_business_inventories,-0.0061461800089540036,-0.11571246453157681,0.9080644408886718,356,142.13642799360463,0.3992596291955186,0.10120608829171973,0.03358965859865619
2vars_inflation_market_volatility,3,2,export_price_index,0.03238003098569867,1.1243684223628352,0.2629919117694217,356,142.13642799360463,0.3992596291955186,0.10120608829171973,0.03358965859865619
2vars_inflation_market_volatility,3,2,import_price_index,0.005821623986989257,0.16662256037011094,0.8679338465212862,356,142.13642799360463,0.3992596291955186,0.10120608829171973,0.03358965859865619
2vars_inflation_market_volatility,3,2,unemployment,0.011136490788500404,0.8355851627086006,0.4049683073966195,356,142.13642799360463,0.3992596291955186,0.10120608829171973,0.03358965859865619
2vars_inflation_market_volatility,3,2,cpi,-0.026166937137258144,-0.09511381568720469,0.9243753603627733,356,142.13642799360463,0.3992596291955186,0.10120608829171973,0.03358965859865619
2vars_inflation_market_volatility,3,2,PCE_price_index,0.05776105537086249,0.20885276372018238,0.8349000804305811,356,142.13642799360463,0.3992596291955186,0.10120608829171973,0.03358965859865619
2vars_inflation_market_volatility,3,2,PPI_inflation,-0.07144226322219926,-1.1245055590375335,0.26293398463391604,356,142.13642799360463,0.3992596291955186,0.10120608829171973,0.03358965859865619
2vars_inflation_market_volatility,3,2,nat_fin_condition_indx,-0.009045132685085182,-1.7973577024840837,0.07467135618224252,356,142.13642799360463,0.3992596291955186,0.10120608829171973,0.03358965859865619
2vars_inflation_market_volatility,3,2,10y_2y_spread,-0.0020771878136599657,-0.21468336493788653,0.8303608892653283,356,142.13642799360463,0.3992596291955186,0.10120608829171973,0.03358965859865619
2vars_inflation_market_volatility,3,2,10y_treasury_const_maturity_rate,0.00015550447155046103,0.011477532505794507,0.990860588583677,356,142.13642799360463,0.3992596291955186,0.10120608829171973,0.03358965859865619
2vars_inflation_market_volatility,3,2,fed_reserve_discount_rate,0.01743373977016004,0.7226051239731894,0.471260172884022,356,142.13642799360463,0.3992596291955186,0.10120608829171973,0.03358965859865619
2vars_inflation_market_volatility,3,2,fedfunds,-0.012852843490893884,-0.4259313760128226,0.6708837633858749,356,142.13642799360463,0.3992596291955186,0.10120608829171973,0.03358965859865619
2vars_inflation_market_volatility,3,2,m2_real_money_supply,0.018358289917082944,0.3633568254324639,0.7169465934660648,356,142.13642799360463,0.3992596291955186,0.10120608829171973,0.03358965859865619
2vars_inflation_market_volatility,4,0,industrial_production,0.0055942230490547695,0.30955271877034085,0.7576153911340497,356,106.16235650923242,0.2982088665989675,0.11097283421556281,0.03346170252348092
2vars_inflation_market_volatility,4,0,retail_sales,-0.010834325778436243,-0.1354099829111744,0.8925895853238259,356,106.16235650923242,0.2982088665989675,0.11097283421556281,0.03346170252348092
2vars_inflation_market_volatility,4,0,tot_business_inventories,-0.005617366176679707,-0.09054171325959762,0.928057589873144,356,106.16235650923242,0.2982088665989675,0.11097283421556281,0.03346170252348092
2vars_inflation_market_volatility,4,0,export_price_index,0.03846765052938962,1.1258693484901983,0.26320874810746253,356,106.16235650923242,0.2982088665989675,0.11097283421556281,0.03346170252348092
2vars_inflation_market_volatility,4,0,import_price_index,0.005141406244257445,0.12723317961690142,0.89903917789198,356,106.16235650923242,0.2982088665989675,0.11097283421556281,0.03346170252348092
2vars_inflation_market_volatility,4,0,unemployment,0.010700419088911405,0.6961662111203789,0.4881154988512728,356,106.16235650923242,0.2982088665989675,0.11097283421556281,0.03346170252348092
2vars_inflation_market_volatility,4,0,cpi,0.05117220036009076,0.15884948910160565,0.8741427303905465,356,106.16235650923242,0.2982088665989675,0.11097283421556281,0.03346170252348092
2vars_inflation_market_volatility,4,0,PCE_price_index,-0.019972859917570945,-0.061528772534466675,0.9510742889019204,356,106.16235650923242,0.2982088665989675,0.11097283421556281,0.03346170252348092
2vars_inflation_market_volatility,4,0,PPI_inflation,-0.07464509998814274,-0.9887070801041139,0.3254524096927305,356,106.16235650923242,0.2982088665989675,0.11097283421556281,0.03346170252348092
2vars_inflation_market_volatility,4,0,nat_fin_condition_indx,-0.008809135913673995,-1.5449557911775822,0.12585980679555187,356,106.16235650923242,0.2982088665989675,0.11097283421556281,0.03346170252348092
2vars_inflation_market_volatility,4,0,10y_2y_spread,-0.0037246236597624663,-0.3308383569351145,0.7415342093098687,356,106.16235650923242,0.2982088665989675,0.11097283421556281,0.03346170252348092
2vars_inflation_market_volatility,4,0,10y_treasury_const_maturity_rate,0.0004142585326402286,0.02592262454732528,0.9793763429665177,356,106.16235650923242,0.2982088665989675,0.11097283421556281,0.03346170252348092
2vars_inflation_market_volatility,4,0,fed_reserve_discount_rate,0.021060710362393525,0.7394328700092103,0.46156502957231016,356,106.16235650923242,0.2982088665989675,0.11097283421556281,0.03346170252348092
2vars_inflation_market_volatility,4,0,fedfunds,-0.018321218466430946,-0.5155293431159021,0.6074449649850711,356,106.16235650923242,0.2982088665989675,0.11097283421556281,0.03346170252348092
2vars_inflation_market_volatility,4,0,m2_real_money_supply,0.018436649922299635,0.3063788861962614,0.7600225645288696,356,106.16235650923242,0.2982088665989675,0.11097283421556281,0.03346170252348092
2vars_inflation_market_volatility,4,1,industrial_production,0.007620415692073988,0.31610186242656274,0.7528708292618567,356,85.62905605224367,0.24053105632652716,0.11919624612601021,0.039854791028327
2vars_inflation_market_volatility,4,1,retail_sales,-0.0034171461893935215,-0.04033474747312344,0.9679416838928587,356,85.62905605224367,0.24053105632652716,0.11919624612601021,0.039854791028327
2vars_inflation_market_volatility,4,1,tot_business_inventories,-0.005770342567330904,-0.08165582684154353,0.9351546763661704,356,85.62905605224367,0.24053105632652716,0.11919624612601021,0.039854791028327
2vars_inflation_market_volatility,4,1,export_price_index,0.040391258319234034,0.9407770421424434,0.3500715957806442,356,85.62905605224367,0.24053105632652716,0.11919624612601021,0.039854791028327
2vars_inflation_market_volatility,4,1,import_price_index,-0.013457019776201458,-0.31878702734608744,0.75084234666342,356,85.62905605224367,0.24053105632652716,0.11919624612601021,0.039854791028327
2vars_inflation_market_volatility,4,1,unemployment,0.012523110372030707,0.7360921337369928,0.46414728312848585,356,85.62905605224367,0.24053105632652716,0.11919624612601021,0.039854791028327
2vars_inflation_market_volatility,4,1,cpi,0.013404686525487087,0.03347610592019887,0.9733906993871877,356,85.62905605224367,0.24053105632652716,0.11919624612601021,0.039854791028327
2vars_inflation_market_volatility,4,1,PCE_price_index,-0.0017796524511251412,-0.00438115958884697,0.9965168797825663,356,85.62905605224367,0.24053105632652716,0.11919624612601021,0.039854791028327
2vars_inflation_market_volatility,4,1,PPI_inflation,-0.04282461145296416,-0.4650901495062373,0.643318180589751,356,85.62905605224367,0.24053105632652716,0.11919624612601021,0.039854791028327
2vars_inflation_market_volatility,4,1,nat_fin_condition_indx,-0.0065225803511607255,-0.992000835207606,0.3246320090664381,356,85.62905605224367,0.24053105632652716,0.11919624612601021,0.039854791028327
2vars_inflation_market_volatility,4,1,10y_2y_spread,-0.0062593587884657775,-0.455533241555747,0.6501430811158593,356,85.62905605224367,0.24053105632652716,0.11919624612601021,0.039854791028327
2vars_inflation_market_volatility,4,1,10y_treasury_const_maturity_rate,0.004892740651799825,0.23755191314504087,0.812926253876872,356,85.62905605224367,0.24053105632652716,0.11919624612601021,0.039854791028327
2vars_inflation_market_volatility,4,1,fed_reserve_discount_rate,0.020651083062082153,0.6034777560052117,0.5481518442720157,356,85.62905605224367,0.24053105632652716,0.11919624612601021,0.039854791028327
2vars_inflation_market_volatility,4,1,fedfunds,-0.02314366581605976,-0.5767606145054688,0.5659611961364464,356,85.62905605224367,0.24053105632652716,0.11919624612601021,0.039854791028327
2vars_inflation_market_volatility,4,1,m2_real_money_supply,0.011472183421313235,0.17913205987490077,0.8583542443876944,356,85.62905605224367,0.24053105632652716,0.11919624612601021,0.039854791028327
2vars_inflation_market_volatility,4,2,industrial_production,0.011157351749946226,0.49226614764917404,0.6239441802087784,356,92.32682350485338,0.2593450098450938,0.12188877813654098,0.03897163573768363
2vars_inflation_market_volatility,4,2,retail_sales,0.014420120013771083,0.15261437599370245,0.8791051090955062,356,92.32682350485338,0.2593450098450938,0.12188877813654098,0.03897163573768363
2vars_inflation_market_volatility,4,2,tot_business_inventories,0.023473254989160607,0.3247948784680923,0.7462248600004959,356,92.32682350485338,0.2593450098450938,0.12188877813654098,0.03897163573768363
2vars_inflation_market_volatility,4,2,export_price_index,0.034376483733742955,0.8063010982593168,0.42257439604768776,356,92.32682350485338,0.2593450098450938,0.12188877813654098,0.03897163573768363
2vars_inflation_market_volatility,4,2,import_price_index,-0.0009268460808913698,-0.01952464565750243,0.9844735265116054,356,92.32682350485338,0.2593450098450938,0.12188877813654098,0.03897163573768363
2vars_inflation_market_volatility,4,2,unemployment,0.018625717043487745,1.0045283103916824,0.31829806385139525,356,92.32682350485338,0.2593450098450938,0.12188877813654098,0.03897163573768363
2vars_inflation_market_volatility,4,2,cpi,-0.1597382947672673,-0.4001282612090227,0.690179712677057,356,92.32682350485338,0.2593450098450938,0.12188877813654098,0.03897163573768363
2vars_inflation_market_volatility,4,2,PCE_price_index,0.1578550825551998,0.4019957819127249,0.6888106153759868,356,92.32682350485338,0.2593450098450938,0.12188877813654098,0.03897163573768363
2vars_inflation_market_volatility,4,2,PPI_inflation,-0.07433329805950382,-0.7903541709107071,0.43176974460670814,356,92.32682350485338,0.2593450098450938,0.12188877813654098,0.03897163573768363
2vars_inflation_market_volatility,4,2,nat_fin_condition_indx,-0.0083948442131064,-1.265131526118046,0.209672994800298,356,92.32682350485338,0.2593450098450938,0.12188877813654098,0.03897163573768363
2vars_inflation_market_volatility,4,2,10y_2y_spread,-0.000875058765158853,-0.059874325166159384,0.952412221436967,356,92.32682350485338,0.2593450098450938,0.12188877813654098,0.03897163573768363
2vars_inflation_market_volatility,4,2,10y_treasury_const_maturity_rate,0.003823527926024812,0.1873245530669668,0.8519032401444728,356,92.32682350485338,0.2593450098450938,0.12188877813654098,0.03897163573768363
2vars_inflation_market_volatility,4,2,fed_reserve_discount_rate,0.0280965223223163,0.8469224254065579,0.3996860783103253,356,92.32682350485338,0.2593450098450938,0.12188877813654098,0.03897163573768363
2vars_inflation_market_volatility,4,2,fedfunds,-0.024582872184318483,-0.5946556749707272,0.5538323992080318,356,92.32682350485338,0.2593450098450938,0.12188877813654098,0.03897163573768363
2vars_inflation_market_volatility,4,2,m2_real_money_supply,0.002211051711647402,0.03183356161456234,0.9746878786403892,356,92.32682350485338,0.2593450098450938,0.12188877813654098,0.03897163573768363
2vars_inflation_market_volatility,4,3,industrial_production,0.004080134906771183,0.14010666459236454,0.8890794956364596,356,71.88176393367053,0.2019150672294116,0.16739872769243003,0.04386956764420998
2vars_inflation_market_volatility,4,3,retail_sales,0.03031427011110606,0.29290487012210126,0.7706797795099543,356,71.88176393367053,0.2019150672294116,0.16739872769243003,0.04386956764420998
2vars_inflation_market_volatility,4,3,tot_business_inventories,0.027372226560094953,0.3343623240748372,0.7393578498270184,356,71.88176393367053,0.2019150672294116,0.16739872769243003,0.04386956764420998
2vars_inflation_market_volatility,4,3,export_price_index,0.04645828348015495,0.8624374217970721,0.3921329764537327,356,71.88176393367053,0.2019150672294116,0.16739872769243003,0.04386956764420998
2vars_inflation_market_volatility,4,3,import_price_index,-0.018490296284705984,-0.3156734095016373,0.7534263718627305,356,71.88176393367053,0.2019150672294116,0.16739872769243003,0.04386956764420998
2vars_inflation_market_volatility,4,3,unemployment,0.024188653138109747,1.2778099255946522,0.20659924958113196,356,71.88176393367053,0.2019150672294116,0.16739872769243003,0.04386956764420998
2vars_inflation_market_volatility,4,3,cpi,-0.021476064960943866,-0.045355951481189184,0.9639852846822616,356,71.88176393367053,0.2019150672294116,0.16739872769243003,0.04386956764420998
2vars_inflation_market_volatility,4,3,PCE_price_index,0.014254697877080197,0.029783762336762443,0.9763456263467882,356,71.88176393367053,0.2019150672294116,0.16739872769243003,0.04386956764420998
2vars_inflation_market_volatility,4,3,PPI_inflation,-0.0644202400096983,-0.5253439914560376,0.6014224391972505,356,71.88176393367053,0.2019150672294116,0.16739872769243003,0.04386956764420998
2vars_inflation_market_volatility,4,3,nat_fin_condition_indx,-0.008954272091998344,-1.4343899318033317,0.15703374071855025,356,71.88176393367053,0.2019150672294116,0.16739872769243003,0.04386956764420998
2vars_inflation_market_volatility,4,3,10y_2y_spread,-0.003403831479478669,-0.18484029812885092,0.8540235056890497,356,71.88176393367053,0.2019150672294116,0.16739872769243003,0.04386956764420998
2vars_inflation_market_volatility,4,3,10y_treasury_const_maturity_rate,0.001613197238283772,0.06374731272397281,0.9493989168118893,356,71.88176393367053,0.2019150672294116,0.16739872769243003,0.04386956764420998
2vars_inflation_market_volatility,4,3,fed_reserve_discount_rate,0.029804692305688406,0.7186258092487402,0.47536566781893397,356,71.88176393367053,0.2019150672294116,0.16739872769243003,0.04386956764420998
2vars_inflation_market_volatility,4,3,fedfunds,-0.025632388772959785,-0.5140320624487789,0.6092563816781533,356,71.88176393367053,0.2019150672294116,0.16739872769243003,0.04386956764420998
2vars_inflation_market_volatility,4,3,m2_real_money_supply,-0.015753507844631278,-0.19016010852392598,0.8498727742662391,356,71.88176393367053,0.2019150672294116,0.16739872769243003,0.04386956764420998
2vars_inflation_market_volatility,5,0,industrial_production,0.0034616462287816356,0.11186317359383595,0.9113602601560469,356,68.28355402640271,0.1918077360292211,0.09855123847258918,0.04325805459827833
2vars_inflation_market_volatility,5,0,retail_sales,-0.004376138043528375,-0.039402098924630716,0.96871988055021,356,68.28355402640271,0.1918077360292211,0.09855123847258918,0.04325805459827833
2vars_inflation_market_volatility,5,0,tot_business_inventories,0.003051999629832023,0.03653876566273268,0.9709919219913874,356,68.28355402640271,0.1918077360292211,0.09855123847258918,0.04325805459827833
2vars_inflation_market_volatility,5,0,export_price_index,0.05081904296469242,0.9139928598962747,0.36491649761004563,356,68.28355402640271,0.1918077360292211,0.09855123847258918,0.04325805459827833
2vars_inflation_market_volatility,5,0,import_price_index,-0.017236102373715274,-0.29338174545410856,0.7703917798609532,356,68.28355402640271,0.1918077360292211,0.09855123847258918,0.04325805459827833
2vars_inflation_market_volatility,5,0,unemployment,0.013490775548381127,0.6649603668644123,0.5089984846151414,356,68.28355402640271,0.1918077360292211,0.09855123847258918,0.04325805459827833
2vars_inflation_market_volatility,5,0,cpi,0.03477587381844936,0.07087447134189377,0.9437680709551335,356,68.28355402640271,0.1918077360292211,0.09855123847258918,0.04325805459827833
2vars_inflation_market_volatility,5,0,PCE_price_index,-0.008629066930678258,-0.017346973722190472,0.9862258413469733,356,68.28355402640271,0.1918077360292211,0.09855123847258918,0.04325805459827833
2vars_inflation_market_volatility,5,0,PPI_inflation,-0.06374580415239359,-0.5218738358942229,0.6039621909704294,356,68.28355402640271,0.1918077360292211,0.09855123847258918,0.04325805459827833
2vars_inflation_market_volatility,5,0,nat_fin_condition_indx,-0.006332656686344724,-0.7429264646515059,0.46085140751063824,356,68.28355402640271,0.1918077360292211,0.09855123847258918,0.04325805459827833
2vars_inflation_market_volatility,5,0,10y_2y_spread,-0.0014610798585673371,-0.07632435357070833,0.939452369087189,356,68.28355402640271,0.1918077360292211,0.09855123847258918,0.04325805459827833
2vars_inflation_market_volatility,5,0,10y_treasury_const_maturity_rate,0.002943067972192582,0.11203776496117797,0.9112225033335073,356,68.28355402640271,0.1918077360292211,0.09855123847258918,0.04325805459827833
2vars_inflation_market_volatility,5,0,fed_reserve_discount_rate,0.032338468384099976,0.790415187606782,0.43285598589471297,356,68.28355402640271,0.1918077360292211,0.09855123847258918,0.04325805459827833
2vars_inflation_market_volatility,5,0,fedfunds,-0.028432363535148816,-0.5796428778398305,0.564644963056721,356,68.28355402640271,0.1918077360292211,0.09855123847258918,0.04325805459827833
2vars_inflation_market_volatility,5,0,m2_real_money_supply,0.007333138341590709,0.08838624975024142,0.9299073757422962,356,68.28355402640271,0.1918077360292211,0.09855123847258918,0.04325805459827833
2vars_inflation_market_volatility,5,1,industrial_production,0.004530978740791122,0.23021349920242148,0.8185536578465988,356,90.87780005856484,0.2552747192656316,0.11043520985930755,0.03342811209389167
2vars_inflation_market_volatility,5,1,retail_sales,-0.011568810203511571,-0.13150012542092746,0.8957323810562454,356,90.87780005856484,0.2552747192656316,0.11043520985930755,0.03342811209389167
2vars_inflation_market_volatility,5,1,tot_business_inventories,-0.0067244163101649115,-0.09876854087673548,0.9215859845041501,356,90.87780005856484,0.2552747192656316,0.11043520985930755,0.03342811209389167
2vars_inflation_market_volatility,5,1,export_price_index,0.03865340638755572,1.0316544730615962,0.3055547894673316,356,90.87780005856484,0.2552747192656316,0.11043520985930755,0.03342811209389167
2vars_inflation_market_volatility,5,1,import_price_index,0.006325347979473637,0.14241664473170615,0.8871334375134274,356,90.87780005856484,0.2552747192656316,0.11043520985930755,0.03342811209389167
2vars_inflation_market_volatility,5,1,unemployment,0.010201117896801486,0.6044658125370928,0.5473612807732335,356,90.87780005856484,0.2552747192656316,0.11043520985930755,0.03342811209389167
2vars_inflation_market_volatility,5,1,cpi,0.06698925313175537,0.19057860198248613,0.8493715210071455,356,90.87780005856484,0.2552747192656316,0.11043520985930755,0.03342811209389167
2vars_inflation_market_volatility,5,1,PCE_price_index,-0.03236265315289164,-0.09124989748417338,0.9275377027227378,356,90.87780005856484,0.2552747192656316,0.11043520985930755,0.03342811209389167
2vars_inflation_market_volatility,5,1,PPI_inflation,-0.07676854845328075,-0.9257162828835932,0.35756745751691366,356,90.87780005856484,0.2552747192656316,0.11043520985930755,0.03342811209389167
2vars_inflation_market_volatility,5,1,nat_fin_condition_indx,-0.008771588297690432,-1.4002398074104203,0.1655716147998283,356,90.87780005856484,0.2552747192656316,0.11043520985930755,0.03342811209389167
2vars_inflation_market_volatility,5,1,10y_2y_spread,-0.003480486013589315,-0.28152015022036336,0.7790880230440564,356,90.87780005856484,0.2552747192656316,0.11043520985930755,0.03342811209389167
2vars_inflation_market_volatility,5,1,10y_treasury_const_maturity_rate,0.00041634234988231913,0.023719297566843496,0.9811396107206116,356,90.87780005856484,0.2552747192656316,0.11043520985930755,0.03342811209389167
2vars_inflation_market_volatility,5,1,fed_reserve_discount_rate,0.022044979926452272,0.7040428922518879,0.48358987853591673,356,90.87780005856484,0.2552747192656316,0.11043520985930755,0.03342811209389167
2vars_inflation_market_volatility,5,1,fedfunds,-0.01888488126470862,-0.4838972362842202,0.6298710427662066,356,90.87780005856484,0.2552747192656316,0.11043520985930755,0.03342811209389167
2vars_inflation_market_volatility,5,1,m2_real_money_supply,0.018877352398531017,0.28573255511675405,0.7758719348861463,356,90.87780005856484,0.2552747192656316,0.11043520985930755,0.03342811209389167
2vars_inflation_market_volatility,5,2,industrial_production,0.007488421621726836,0.2322087034162471,0.817561264517094,356,55.95361199859033,0.1571730674117706,0.2028601780667112,0.041173843177644706
2vars_inflation_market_volatility,5,2,retail_sales,0.02854885239283583,0.24179666016507917,0.810174511204357,356,55.95361199859033,0.1571730674117706,0.2028601780667112,0.041173843177644706
2vars_inflation_market_volatility,5,2,tot_business_inventories,0.030538249385469982,0.3276177968740259,0.7449112440656165,356,55.95361199859033,0.1571730674117706,0.2028601780667112,0.041173843177644706
2vars_inflation_market_volatility,5,2,export_price_index,0.040696491954934744,0.68625037526639,0.496518710590095,356,55.95361199859033,0.1571730674117706,0.2028601780667112,0.041173843177644706
2vars_inflation_market_volatility,5,2,import_price_index,-0.017152771303145742,-0.26763781632283556,0.7903549665239313,356,55.95361199859033,0.1571730674117706,0.2028601780667112,0.041173843177644706
2vars_inflation_market_volatility,5,2,unemployment,0.025686157800985154,1.1741263836730178,0.2472956906476813,356,55.95361199859033,0.1571730674117706,0.2028601780667112,0.041173843177644706
2vars_inflation_market_volatility,5,2,cpi,-0.05650910713512919,-0.10221717619345026,0.9190956001904307,356,55.95361199859033,0.1571730674117706,0.2028601780667112,0.041173843177644706
2vars_inflation_market_volatility,5,2,PCE_price_index,0.0390033709596201,0.06981717256029564,0.9446874616473346,356,55.95361199859033,0.1571730674117706,0.2028601780667112,0.041173843177644706
2vars_inflation_market_volatility,5,2,PPI_inflation,-0.05623046740492707,-0.42220093420657245,0.6751417556001642,356,55.95361199859033,0.1571730674117706,0.2028601780667112,0.041173843177644706
2vars_inflation_market_volatility,5,2,nat_fin_condition_indx,-0.009827405621458278,-1.4612379368074753,0.15177085684042568,356,55.95361199859033,0.1571730674117706,0.2028601780667112,0.041173843177644706
2vars_inflation_market_volatility,5,2,10y_2y_spread,-0.0063802787906308035,-0.3162589006470523,0.753452413847711,356,55.95361199859033,0.1571730674117706,0.2028601780667112,0.041173843177644706
2vars_inflation_market_volatility,5,2,10y_treasury_const_maturity_rate,0.0035020922759460803,0.12258324690714888,0.9030516650613865,356,55.95361199859033,0.1571730674117706,0.2028601780667112,0.041173843177644706
2vars_inflation_market_volatility,5,2,fed_reserve_discount_rate,0.026509401201225757,0.5625419266603863,0.5768898625403631,356,55.95361199859033,0.1571730674117706,0.2028601780667112,0.041173843177644706
2vars_inflation_market_volatility,5,2,fedfunds,-0.02681339812221599,-0.46945380820404786,0.6412973089888212,356,55.95361199859033,0.1571730674117706,0.2028601780667112,0.041173843177644706
2vars_inflation_market_volatility,5,2,m2_real_money_supply,-0.013353989537973605,-0.14340020358113986,0.8866949415044254,356,55.95361199859033,0.1571730674117706,0.2028601780667112,0.041173843177644706
2vars_inflation_market_volatility,5,3,industrial_production,0.01221612291041655,0.4950241491541511,0.6223292156131992,356,78.1311988782085,0.21946965977024857,0.12460242366240182,0.038485128714080837
2vars_inflation_market_volatility,5,3,retail_sales,0.010303690737971355,0.09960279231338064,0.9209803606339988,356,78.1311988782085,0.21946965977024857,0.12460242366240182,0.038485128714080837
2vars_inflation_market_volatility,5,3,tot_business_inventories,0.018726479550937043,0.23691635884206835,0.8135010884208476,356,78.1311988782085,0.21946965977024857,0.12460242366240182,0.038485128714080837
2vars_inflation_market_volatility,5,3,export_price_index,0.03542472267305935,0.759148117288771,0.4506345527293494,356,78.1311988782085,0.21946965977024857,0.12460242366240182,0.038485128714080837
2vars_inflation_market_volatility,5,3,import_price_index,-0.005223126511608362,-0.10085007464908112,0.9199942148000269,356,78.1311988782085,0.21946965977024857,0.12460242366240182,0.038485128714080837
2vars_inflation_market_volatility,5,3,unemployment,0.01838733560272893,0.9096439508383771,0.3665256636479497,356,78.1311988782085,0.21946965977024857,0.12460242366240182,0.038485128714080837
2vars_inflation_market_volatility,5,3,cpi,-0.15348772471553174,-0.3519135429804523,0.7260939016431149,356,78.1311988782085,0.21946965977024857,0.12460242366240182,0.038485128714080837
2vars_inflation_market_volatility,5,3,PCE_price_index,0.15284179644606385,0.355838392524269,0.7231669699004608,356,78.1311988782085,0.21946965977024857,0.12460242366240182,0.038485128714080837
2vars_inflation_market_volatility,5,3,PPI_inflation,-0.06710996625418413,-0.6517435002124611,0.5169703641901373,356,78.1311988782085,0.21946965977024857,0.12460242366240182,0.038485128714080837
2vars_inflation_market_volatility,5,3,nat_fin_condition_indx,-0.00847199603277044,-1.1696037808023294,0.2466278107998361,356,78.1311988782085,0.21946965977024857,0.12460242366240182,0.038485128714080837
2vars_inflation_market_volatility,5,3,10y_2y_spread,-0.0015289326005248948,-0.09575118047071206,0.9240263609948884,356,78.1311988782085,0.21946965977024857,0.12460242366240182,0.038485128714080837
2vars_inflation_market_volatility,5,3,10y_treasury_const_maturity_rate,0.0028374767708916277,0.12691863674470616,0.8994146565306347,356,78.1311988782085,0.21946965977024857,0.12460242366240182,0.038485128714080837
2vars_inflation_market_volatility,5,3,fed_reserve_discount_rate,0.02534419042790332,0.6934523277328959,0.49061011110235286,356,78.1311988782085,0.21946965977024857,0.12460242366240182,0.038485128714080837
2vars_inflation_market_volatility,5,3,fedfunds,-0.021622461357090308,-0.4756078568767081,0.6360217479568198,356,78.1311988782085,0.21946965977024857,0.12460242366240182,0.038485128714080837
2vars_inflation_market_volatility,5,3,m2_real_money_supply,0.003752551400079947,0.049497696942468694,0.9606814513124271,356,78.1311988782085,0.21946965977024857,0.12460242366240182,0.038485128714080837
2vars_inflation_market_volatility,5,4,industrial_production,0.007342020966339112,0.26719250924038873,0.7904960485598653,356,62.75383503823362,0.17627481752312815,0.12262847666105448,0.03865092511951914
2vars_inflation_market_volatility,5,4,retail_sales,0.018749837403660475,0.18330457532347724,0.855351676737675,356,62.75383503823362,0.17627481752312815,0.12262847666105448,0.03865092511951914
2vars_inflation_market_volatility,5,4,tot_business_inventories,0.011341209311014868,0.13037224818783924,0.8968312541594632,356,62.75383503823362,0.17627481752312815,0.12262847666105448,0.03865092511951914
2vars_inflation_market_volatility,5,4,export_price_index,0.03213519456481709,0.6351136926815595,0.5284504585339245,356,62.75383503823362,0.17627481752312815,0.12262847666105448,0.03865092511951914
2vars_inflation_market_volatility,5,4,import_price_index,-0.0039324294051686715,-0.07579025815353779,0.9399093506180527,356,62.75383503823362,0.17627481752312815,0.12262847666105448,0.03865092511951914
2vars_inflation_market_volatility,5,4,unemployment,0.016257306443422995,0.7730481404292119,0.4433847748314337,356,62.75383503823362,0.17627481752312815,0.12262847666105448,0.03865092511951914
2vars_inflation_market_volatility,5,4,cpi,-0.042508338212164876,-0.08863522340511386,0.9297503979298414,356,62.75383503823362,0.17627481752312815,0.12262847666105448,0.03865092511951914
2vars_inflation_market_volatility,5,4,PCE_price_index,0.029581796742479984,0.06153724268041427,0.9511936704951061,356,62.75383503823362,0.17627481752312815,0.12262847666105448,0.03865092511951914
2vars_inflation_market_volatility,5,4,PPI_inflation,-0.04958066532644194,-0.4487748783544818,0.6556672691177838,356,62.75383503823362,0.17627481752312815,0.12262847666105448,0.03865092511951914
2vars_inflation_market_volatility,5,4,nat_fin_condition_indx,-0.006755243602326951,-0.9031449858935087,0.3710787808943108,356,62.75383503823362,0.17627481752312815,0.12262847666105448,0.03865092511951914
2vars_inflation_market_volatility,5,4,10y_2y_spread,-0.005949367481691463,-0.37242664057230773,0.7112581547271137,356,62.75383503823362,0.17627481752312815,0.12262847666105448,0.03865092511951914
2vars_inflation_market_volatility,5,4,10y_treasury_const_maturity_rate,0.0041457614416625784,0.17067509550244847,0.8652157258445925,356,62.75383503823362,0.17627481752312815,0.12262847666105448,0.03865092511951914
2vars_inflation_market_volatility,5,4,fed_reserve_discount_rate,0.018138878209387452,0.43155661256911787,0.6680472686111139,356,62.75383503823362,0.17627481752312815,0.12262847666105448,0.03865092511951914
2vars_inflation_market_volatility,5,4,fedfunds,-0.02011954834866537,-0.40321013795465793,0.6886316921048117,356,62.75383503823362,0.17627481752312815,0.12262847666105448,0.03865092511951914
2vars_inflation_market_volatility,5,4,m2_real_money_supply,0.0028459401994379305,0.0364408810497886,0.9710859650487211,356,62.75383503823362,0.17627481752312815,0.12262847666105448,0.03865092511951914
2vars_inflation_market_volatility,6,0,industrial_production,0.007493895493739159,0.2331225297969902,0.8170166473216058,356,51.19880781839635,0.14381687589437175,0.13228615976106728,0.03840389244998649
2vars_inflation_market_volatility,6,0,retail_sales,0.013816210089334265,0.12183553990686827,0.9037221934953099,356,51.19880781839635,0.14381687589437175,0.13228615976106728,0.03840389244998649
2vars_inflation_market_volatility,6,0,tot_business_inventories,0.009129309867074694,0.09418898787084908,0.925493169930693,356,51.19880781839635,0.14381687589437175,0.13228615976106728,0.03840389244998649
2vars_inflation_market_volatility,6,0,export_price_index,0.03133749987941507,0.5500004447922067,0.5857924954140563,356,51.19880781839635,0.14381687589437175,0.13228615976106728,0.03840389244998649
2vars_inflation_market_volatility,6,0,import_price_index,-0.006397583163036415,-0.11007931770862997,0.9129717088789047,356,51.19880781839635,0.14381687589437175,0.13228615976106728,0.03840389244998649
2vars_inflation_market_volatility,6,0,unemployment,0.015764327581121357,0.67117579172819,0.5064895137722822,356,51.19880781839635,0.14381687589437175,0.13228615976106728,0.03840389244998649
2vars_inflation_market_volatility,6,0,cpi,-0.05187933865632347,-0.09672691897141311,0.9234919217148825,356,51.19880781839635,0.14381687589437175,0.13228615976106728,0.03840389244998649
2vars_inflation_market_volatility,6,0,PCE_price_index,0.04461960707492008,0.08271383187575745,0.934547683146894,356,51.19880781839635,0.14381687589437175,0.13228615976106728,0.03840389244998649
2vars_inflation_market_volatility,6,0,PPI_inflation,-0.045103315969368306,-0.3618794098287634,0.7196056617813262,356,51.19880781839635,0.14381687589437175,0.13228615976106728,0.03840389244998649
2vars_inflation_market_volatility,6,0,nat_fin_condition_indx,-0.007245703688607087,-0.8567072741517671,0.3974018949413287,356,51.19880781839635,0.14381687589437175,0.13228615976106728,0.03840389244998649
2vars_inflation_market_volatility,6,0,10y_2y_spread,-0.005036392996948749,-0.27609586630411176,0.7840890748408871,356,51.19880781839635,0.14381687589437175,0.13228615976106728,0.03840389244998649
2vars_inflation_market_volatility,6,0,10y_treasury_const_maturity_rate,0.00438595765900691,0.15330915314286622,0.8790300343579589,356,51.19880781839635,0.14381687589437175,0.13228615976106728,0.03840389244998649
2vars_inflation_market_volatility,6,0,fed_reserve_discount_rate,0.017273682842408353,0.367675235680273,0.7153170999604783,356,51.19880781839635,0.14381687589437175,0.13228615976106728,0.03840389244998649
2vars_inflation_market_volatility,6,0,fedfunds,-0.01803250605456788,-0.32140405975691194,0.7498050256049007,356,51.19880781839635,0.14381687589437175,0.13228615976106728,0.03840389244998649
2vars_inflation_market_volatility,6,0,m2_real_money_supply,0.0039965435752916155,0.04600051326771491,0.9635698398129655,356,51.19880781839635,0.14381687589437175,0.13228615976106728,0.03840389244998649
2vars_inflation_market_volatility,6,1,industrial_production,0.00631761987611552,0.21770722341631796,0.8287035419655009,356,58.320115146476525,0.1638205481642599,0.11556236176988544,0.03739358367958894
2vars_inflation_market_volatility,6,1,retail_sales,0.00970026658899535,0.08127764798287682,0.9356043282699478,356,58.320115146476525,0.1638205481642599,0.11556236176988544,0.03739358367958894
2vars_inflation_market_volatility,6,1,tot_business_inventories,0.0008253392413076453,0.008871687122346697,0.9929632008795763,356,58.320115146476525,0.1638205481642599,0.11556236176988544,0.03739358367958894
2vars_inflation_market_volatility,6,1,export_price_index,0.03108156157598772,0.5843387134054278,0.5620946792188803,356,58.320115146476525,0.1638205481642599,0.11556236176988544,0.03739358367958894
2vars_inflation_market_volatility,6,1,import_price_index,0.0012365073865903355,0.020387221592327077,0.9838302979933349,356,58.320115146476525,0.1638205481642599,0.11556236176988544,0.03739358367958894
2vars_inflation_market_volatility,6,1,unemployment,0.013897251575847452,0.5986272953991347,0.5526123141435728,356,58.320115146476525,0.1638205481642599,0.11556236176988544,0.03739358367958894
2vars_inflation_market_volatility,6,1,cpi,-0.1343144562362141,-0.2620166866176431,0.7945797446724061,356,58.320115146476525,0.1638205481642599,0.11556236176988544,0.03739358367958894
2vars_inflation_market_volatility,6,1,PCE_price_index,0.16005016932610883,0.3138887664728059,0.7551475881748486,356,58.320115146476525,0.1638205481642599,0.11556236176988544,0.03739358367958894
2vars_inflation_market_volatility,6,1,PPI_inflation,-0.07309688452336752,-0.6152112077799174,0.541709552325095,356,58.320115146476525,0.1638205481642599,0.11556236176988544,0.03739358367958894
2vars_inflation_market_volatility,6,1,nat_fin_condition_indx,-0.007661422476421114,-0.9242205318437764,0.3606115456520955,356,58.320115146476525,0.1638205481642599,0.11556236176988544,0.03739358367958894
2vars_inflation_market_volatility,6,1,10y_2y_spread,-0.001395379782689873,-0.07697510741249174,0.9390061208028904,356,58.320115146476525,0.1638205481642599,0.11556236176988544,0.03739358367958894
2vars_inflation_market_volatility,6,1,10y_treasury_const_maturity_rate,1.3895466234179078e-05,0.0005382414140586625,0.9995730747345717,356,58.320115146476525,0.1638205481642599,0.11556236176988544,0.03739358367958894
2vars_inflation_market_volatility,6,1,fed_reserve_discount_rate,0.022426864655305467,0.5283232548349307,0.6000347587037487,356,58.320115146476525,0.1638205481642599,0.11556236176988544,0.03739358367958894
2vars_inflation_market_volatility,6,1,fedfunds,-0.0182393271294719,-0.349756972217143,0.7282557207076761,356,58.320115146476525,0.1638205481642599,0.11556236176988544,0.03739358367958894
2vars_inflation_market_volatility,6,1,m2_real_money_supply,0.003892745554366024,0.044412733711277595,0.9647843143859944,356,58.320115146476525,0.1638205481642599,0.11556236176988544,0.03739358367958894
2vars_inflation_market_volatility,6,2,industrial_production,0.01139329413849897,0.36434853319674393,0.7174116974792786,356,58.32726856557698,0.16384064203813758,0.13046072783381113,0.040631551616946496
2vars_inflation_market_volatility,6,2,retail_sales,0.020911924811483747,0.1644856854323174,0.8701318128308344,356,58.32726856557698,0.16384064203813758,0.13046072783381113,0.040631551616946496
2vars_inflation_market_volatility,6,2,tot_business_inventories,0.042415268138311445,0.4341205109088944,0.6664058676905662,356,58.32726856557698,0.16384064203813758,0.13046072783381113,0.040631551616946496
2vars_inflation_market_volatility,6,2,export_price_index,0.04199828691415956,0.7075754289831252,0.48308697559361535,356,58.32726856557698,0.16384064203813758,0.13046072783381113,0.040631551616946496
2vars_inflation_market_volatility,6,2,import_price_index,-0.003603746465841765,-0.056262294303927346,0.9553976070415677,356,58.32726856557698,0.16384064203813758,0.13046072783381113,0.040631551616946496
2vars_inflation_market_volatility,6,2,unemployment,0.022671895380367294,0.9172648186086982,0.36420103809431925,356,58.32726856557698,0.16384064203813758,0.13046072783381113,0.040631551616946496
2vars_inflation_market_volatility,6,2,cpi,-0.05846316662284536,-0.10749660504110488,0.9149029475295298,356,58.32726856557698,0.16384064203813758,0.13046072783381113,0.040631551616946496
2vars_inflation_market_volatility,6,2,PCE_price_index,0.02819186270519994,0.052313585262334636,0.9585249461699545,356,58.32726856557698,0.16384064203813758,0.13046072783381113,0.040631551616946496
2vars_inflation_market_volatility,6,2,PPI_inflation,-0.07230853073591338,-0.5531383720250485,0.5830786022636851,356,58.32726856557698,0.16384064203813758,0.13046072783381113,0.040631551616946496
2vars_inflation_market_volatility,6,2,nat_fin_condition_indx,-0.008208275904734818,-0.9420791814153201,0.3514982161841145,356,58.32726856557698,0.16384064203813758,0.13046072783381113,0.040631551616946496
2vars_inflation_market_volatility,6,2,10y_2y_spread,-0.004788844671767682,-0.23953459169533275,0.8118472488705832,356,58.32726856557698,0.16384064203813758,0.13046072783381113,0.040631551616946496
2vars_inflation_market_volatility,6,2,10y_treasury_const_maturity_rate,0.010793952625635612,0.38846515307645274,0.6996189760375953,356,58.32726856557698,0.16384064203813758,0.13046072783381113,0.040631551616946496
2vars_inflation_market_volatility,6,2,fed_reserve_discount_rate,0.03258511308926024,0.7035543926008614,0.4855627106169367,356,58.32726856557698,0.16384064203813758,0.13046072783381113,0.040631551616946496
2vars_inflation_market_volatility,6,2,fedfunds,-0.03652411808855268,-0.6423830031591108,0.5240889021232475,356,58.32726856557698,0.16384064203813758,0.13046072783381113,0.040631551616946496
2vars_inflation_market_volatility,6,2,m2_real_money_supply,-0.0007879764347963012,-0.00821242188590927,0.9934860944678268,356,58.32726856557698,0.16384064203813758,0.13046072783381113,0.040631551616946496
2vars_inflation_market_volatility,6,3,industrial_production,0.010326939230728744,0.28454664880711916,0.7776510761947266,356,51.365360791520104,0.14428472132449469,0.1834814631588828,0.043423326496835356
2vars_inflation_market_volatility,6,3,retail_sales,0.0034724124692779076,0.0270155848838733,0.9785991772184941,356,51.365360791520104,0.14428472132449469,0.1834814631588828,0.043423326496835356
2vars_inflation_market_volatility,6,3,tot_business_inventories,0.010998970533043884,0.10948305512389235,0.9134382558927239,356,51.365360791520104,0.14428472132449469,0.1834814631588828,0.043423326496835356
2vars_inflation_market_volatility,6,3,export_price_index,0.05046111691054758,0.7575830769684074,0.45371918160999125,356,51.365360791520104,0.14428472132449469,0.1834814631588828,0.043423326496835356
2vars_inflation_market_volatility,6,3,import_price_index,-0.008567246030652773,-0.1197648835225265,0.9053471911340722,356,51.365360791520104,0.14428472132449469,0.1834814631588828,0.043423326496835356
2vars_inflation_market_volatility,6,3,unemployment,0.019901616200815767,0.8609404418465454,0.3950704846945732,356,51.365360791520104,0.14428472132449469,0.1834814631588828,0.043423326496835356
2vars_inflation_market_volatility,6,3,cpi,-0.011219570493723756,-0.01868203972796519,0.9851997609682988,356,51.365360791520104,0.14428472132449469,0.1834814631588828,0.043423326496835356
2vars_inflation_market_volatility,6,3,PCE_price_index,0.012309121455487161,0.02023704787329111,0.9839680225558356,356,51.365360791520104,0.14428472132449469,0.1834814631588828,0.043423326496835356
2vars_inflation_market_volatility,6,3,PPI_inflation,-0.0768023657358424,-0.5088026117933971,0.6140503766886294,356,51.365360791520104,0.14428472132449469,0.1834814631588828,0.043423326496835356
2vars_inflation_market_volatility,6,3,nat_fin_condition_indx,-0.008366986008049304,-1.0931207474536409,0.2817311255371493,356,51.365360791520104,0.14428472132449469,0.1834814631588828,0.043423326496835356
2vars_inflation_market_volatility,6,3,10y_2y_spread,-0.003934841170799973,-0.17318077307106838,0.8634967501412485,356,51.365360791520104,0.14428472132449469,0.1834814631588828,0.043423326496835356
2vars_inflation_market_volatility,6,3,10y_treasury_const_maturity_rate,0.0006950244859330607,0.022226018477204262,0.9823925963937634,356,51.365360791520104,0.14428472132449469,0.1834814631588828,0.043423326496835356
2vars_inflation_market_volatility,6,3,fed_reserve_discount_rate,0.03648139647920184,0.700882988213046,0.4879622494076292,356,51.365360791520104,0.14428472132449469,0.1834814631588828,0.043423326496835356
2vars_inflation_market_volatility,6,3,fedfunds,-0.03202267917233144,-0.5119378080121729,0.6118767409474848,356,51.365360791520104,0.14428472132449469,0.1834814631588828,0.043423326496835356
2vars_inflation_market_volatility,6,3,m2_real_money_supply,0.014778033272872143,0.14799870717229735,0.8831844072204689,356,51.365360791520104,0.14428472132449469,0.1834814631588828,0.043423326496835356
2vars_inflation_market_volatility,6,4,industrial_production,0.004715102143257198,0.2197695353126969,0.8267629999735688,356,78.84013734430962,0.2214610599559259,0.1099638576620382,0.03356427451129301
2vars_inflation_market_volatility,6,4,retail_sales,-0.012590381626819342,-0.13115369825090356,0.8960727124612324,356,78.84013734430962,0.2214610599559259,0.1099638576620382,0.03356427451129301
2vars_inflation_market_volatility,6,4,tot_business_inventories,-0.009430906466185773,-0.1268006848904425,0.8995030175684271,356,78.84013734430962,0.2214610599559259,0.1099638576620382,0.03356427451129301
2vars_inflation_market_volatility,6,4,export_price_index,0.03937623637226975,0.9517106713124597,0.3448900619171682,356,78.84013734430962,0.2214610599559259,0.1099638576620382,0.03356427451129301
2vars_inflation_market_volatility,6,4,import_price_index,0.006556361012295853,0.13505713748519751,0.89299837436179,356,78.84013734430962,0.2214610599559259,0.1099638576620382,0.03356427451129301
2vars_inflation_market_volatility,6,4,unemployment,0.009805069778837976,0.5309830937566655,0.5973022708014444,356,78.84013734430962,0.2214610599559259,0.1099638576620382,0.03356427451129301
2vars_inflation_market_volatility,6,4,cpi,0.07569190750442646,0.19746960989573845,0.8440974182358569,356,78.84013734430962,0.2214610599559259,0.1099638576620382,0.03356427451129301
2vars_inflation_market_volatility,6,4,PCE_price_index,-0.03843012611614168,-0.09922598555449902,0.9212747055312784,356,78.84013734430962,0.2214610599559259,0.1099638576620382,0.03356427451129301
2vars_inflation_market_volatility,6,4,PPI_inflation,-0.0779672219199951,-0.8583737714339558,0.39394841967759286,356,78.84013734430962,0.2214610599559259,0.1099638576620382,0.03356427451129301
2vars_inflation_market_volatility,6,4,nat_fin_condition_indx,-0.00890166191513616,-1.2985077669613863,0.19885806804068218,356,78.84013734430962,0.2214610599559259,0.1099638576620382,0.03356427451129301
2vars_inflation_market_volatility,6,4,10y_2y_spread,-0.002950139544525205,-0.21804034991122315,0.8281041789851915,356,78.84013734430962,0.2214610599559259,0.1099638576620382,0.03356427451129301
2vars_inflation_market_volatility,6,4,10y_treasury_const_maturity_rate,0.0003296084217976293,0.017057274066776356,0.9864449665860715,356,78.84013734430962,0.2214610599559259,0.1099638576620382,0.03356427451129301
2vars_inflation_market_volatility,6,4,fed_reserve_discount_rate,0.02232523906176401,0.6457640411193395,0.5207833664527302,356,78.84013734430962,0.2214610599559259,0.1099638576620382,0.03356427451129301
2vars_inflation_market_volatility,6,4,fedfunds,-0.018338905997529294,-0.4249960406014905,0.6722913308450404,356,78.84013734430962,0.2214610599559259,0.1099638576620382,0.03356427451129301
2vars_inflation_market_volatility,6,4,m2_real_money_supply,0.020456532239538198,0.2834307718708066,0.7777783254022119,356,78.84013734430962,0.2214610599559259,0.1099638576620382,0.03356427451129301
2vars_inflation_market_volatility,6,5,industrial_production,0.004226125623577915,0.13459827504557623,0.8935732571813664,356,57.94831033372043,0.1627761526228102,0.10578258605929303,0.04037940797058073
2vars_inflation_market_volatility,6,5,retail_sales,0.006721341816141483,0.05587586168665855,0.9557059950630267,356,57.94831033372043,0.1627761526228102,0.10578258605929303,0.04037940797058073
2vars_inflation_market_volatility,6,5,tot_business_inventories,0.006456164102586458,0.06935260603123151,0.9450385089745956,356,57.94831033372043,0.1627761526228102,0.10578258605929303,0.04037940797058073
2vars_inflation_market_volatility,6,5,export_price_index,0.0457345859028638,0.7842523355858784,0.4372984413529497,356,57.94831033372043,0.1627761526228102,0.10578258605929303,0.04037940797058073
2vars_inflation_market_volatility,6,5,import_price_index,-0.028074475972338184,-0.45505784736310895,0.6514141524326238,356,57.94831033372043,0.1627761526228102,0.10578258605929303,0.04037940797058073
2vars_inflation_market_volatility,6,5,unemployment,0.016773071887901957,0.7353630067641118,0.4662102342094294,356,57.94831033372043,0.1627761526228102,0.10578258605929303,0.04037940797058073
2vars_inflation_market_volatility,6,5,cpi,0.006876393736882603,0.012868887632761616,0.9897934076160164,356,57.94831033372043,0.1627761526228102,0.10578258605929303,0.04037940797058073
2vars_inflation_market_volatility,6,5,PCE_price_index,0.012310598034227068,0.02271697866325229,0.9819837515509495,356,57.94831033372043,0.1627761526228102,0.10578258605929303,0.04037940797058073
2vars_inflation_market_volatility,6,5,PPI_inflation,-0.04169791564112992,-0.33005612217064034,0.7430002545493757,356,57.94831033372043,0.1627761526228102,0.10578258605929303,0.04037940797058073
2vars_inflation_market_volatility,6,5,nat_fin_condition_indx,-0.008254372129849174,-0.9323809440593914,0.3564753823945708,356,57.94831033372043,0.1627761526228102,0.10578258605929303,0.04037940797058073
2vars_inflation_market_volatility,6,5,10y_2y_spread,-0.003763874437332297,-0.19062394431933233,0.8497398022017928,356,57.94831033372043,0.1627761526228102,0.10578258605929303,0.04037940797058073
2vars_inflation_market_volatility,6,5,10y_treasury_const_maturity_rate,0.0023307469949224715,0.08663272710596882,0.9313756666916242,356,57.94831033372043,0.1627761526228102,0.10578258605929303,0.04037940797058073
2vars_inflation_market_volatility,6,5,fed_reserve_discount_rate,0.01914942654233592,0.4360163476427523,0.6650606122032894,356,57.94831033372043,0.1627761526228102,0.10578258605929303,0.04037940797058073
2vars_inflation_market_volatility,6,5,fedfunds,-0.016603808431034015,-0.3158665965329054,0.753670050626039,356,57.94831033372043,0.1627761526228102,0.10578258605929303,0.04037940797058073
2vars_inflation_market_volatility,6,5,m2_real_money_supply,-0.010079351819244185,-0.11070559009877008,0.912377794914043,356,57.94831033372043,0.1627761526228102,0.10578258605929303,0.04037940797058073
2vars_market_volatility_monetary_policy,2,0,industrial_production,0.003961132688560363,0.23388836465154272,0.8153864163000242,356,167.9750689748331,0.4718400813899806,0.15566988516156544,0.03946421163663641
2vars_market_volatility_monetary_policy,2,0,retail_sales,-0.0051208601050625495,-0.08936884681647798,0.9289064473438042,356,167.9750689748331,0.4718400813899806,0.15566988516156544,0.03946421163663641
2vars_market_volatility_monetary_policy,2,0,tot_business_inventories,0.0167647676156994,0.3768692961059084,0.7067964318381517,356,167.9750689748331,0.4718400813899806,0.15566988516156544,0.03946421163663641
2vars_market_volatility_monetary_policy,2,0,export_price_index,0.045714276652226236,1.415963516783993,0.15883240509511531,356,167.9750689748331,0.4718400813899806,0.15566988516156544,0.03946421163663641
2vars_market_volatility_monetary_policy,2,0,import_price_index,-0.01802744132084416,-0.5898462894601519,0.5561696488632091,356,167.9750689748331,0.4718400813899806,0.15566988516156544,0.03946421163663641
2vars_market_volatility_monetary_policy,2,0,unemployment,0.017538825055948223,1.688195676756186,0.0934246814844144,356,167.9750689748331,0.4718400813899806,0.15566988516156544,0.03946421163663641
2vars_market_volatility_monetary_policy,2,0,cpi,0.09303064047434524,0.34820405933306336,0.7281687963074894,356,167.9750689748331,0.4718400813899806,0.15566988516156544,0.03946421163663641
2vars_market_volatility_monetary_policy,2,0,PCE_price_index,-0.0736641700369213,-0.27222830236823686,0.7858159824565785,356,167.9750689748331,0.4718400813899806,0.15566988516156544,0.03946421163663641
2vars_market_volatility_monetary_policy,2,0,PPI_inflation,-0.05836026382015092,-0.8755298333186851,0.38266734769244337,356,167.9750689748331,0.4718400813899806,0.15566988516156544,0.03946421163663641
2vars_market_volatility_monetary_policy,2,0,nat_fin_condition_indx,-0.010249488800644822,-2.6437595946233814,0.009059080801351538,356,167.9750689748331,0.4718400813899806,0.15566988516156544,0.03946421163663641
2vars_market_volatility_monetary_policy,2,0,10y_2y_spread,-0.0016639741655325258,-0.15274855956652464,0.8787991787818852,356,167.9750689748331,0.4718400813899806,0.15566988516156544,0.03946421163663641
2vars_market_volatility_monetary_policy,2,0,10y_treasury_const_maturity_rate,0.007631658430420804,0.47411266551763864,0.6361000274954391,356,167.9750689748331,0.4718400813899806,0.15566988516156544,0.03946421163663641
2vars_market_volatility_monetary_policy,2,0,fed_reserve_discount_rate,0.03216789700274552,1.3641884009658025,0.1745251111576751,356,167.9750689748331,0.4718400813899806,0.15566988516156544,0.03946421163663641
2vars_market_volatility_monetary_policy,2,0,fedfunds,-0.02837359431754172,-0.9789570499105048,0.32915699942848375,356,167.9750689748331,0.4718400813899806,0.15566988516156544,0.03946421163663641
2vars_market_volatility_monetary_policy,2,0,m2_real_money_supply,0.005933276927531942,0.1328309140284667,0.8945028193001325,356,167.9750689748331,0.4718400813899806,0.15566988516156544,0.03946421163663641
2vars_market_volatility_monetary_policy,2,1,industrial_production,0.008434458072477823,0.5907905341088641,0.5554361764695583,356,188.02493102516692,0.5281599186100194,0.10568339595264642,0.03798584108292152
2vars_market_volatility_monetary_policy,2,1,retail_sales,0.025501884016916367,0.39710434170952397,0.6917827650786901,356,188.02493102516692,0.5281599186100194,0.10568339595264642,0.03798584108292152
2vars_market_volatility_monetary_policy,2,1,tot_business_inventories,0.017512827486845566,0.3320488291625646,0.7402566156637549,356,188.02493102516692,0.5281599186100194,0.10568339595264642,0.03798584108292152
2vars_market_volatility_monetary_policy,2,1,export_price_index,0.036543764757922786,1.3646978145327489,0.17413045202042743,356,188.02493102516692,0.5281599186100194,0.10568339595264642,0.03798584108292152
2vars_market_volatility_monetary_policy,2,1,import_price_index,-0.0008909720908301157,-0.0276341986764451,0.9779859374046462,356,188.02493102516692,0.5281599186100194,0.10568339595264642,0.03798584108292152
2vars_market_volatility_monetary_policy,2,1,unemployment,0.016858496649920673,1.2581814548924828,0.2100311859792665,356,188.02493102516692,0.5281599186100194,0.10568339595264642,0.03798584108292152
2vars_market_volatility_monetary_policy,2,1,cpi,-0.12512162537765506,-0.47305619750818817,0.6367727784508594,356,188.02493102516692,0.5281599186100194,0.10568339595264642,0.03798584108292152
2vars_market_volatility_monetary_policy,2,1,PCE_price_index,0.10286975565172594,0.3897081918918417,0.6972343911242629,356,188.02493102516692,0.5281599186100194,0.10568339595264642,0.03798584108292152
2vars_market_volatility_monetary_policy,2,1,PPI_inflation,-0.062276720441008966,-1.0282128320261275,0.30529328914866616,356,188.02493102516692,0.5281599186100194,0.10568339595264642,0.03798584108292152
2vars_market_volatility_monetary_policy,2,1,nat_fin_condition_indx,-0.005957680676548704,-1.3043972509681179,0.1938406498242209,356,188.02493102516692,0.5281599186100194,0.10568339595264642,0.03798584108292152
2vars_market_volatility_monetary_policy,2,1,10y_2y_spread,-0.007244083696085049,-0.8318087434518534,0.40667007776839803,356,188.02493102516692,0.5281599186100194,0.10568339595264642,0.03798584108292152
2vars_market_volatility_monetary_policy,2,1,10y_treasury_const_maturity_rate,-0.0017319621627651328,-0.14605835913093723,0.8840463307372051,356,188.02493102516692,0.5281599186100194,0.10568339595264642,0.03798584108292152
2vars_market_volatility_monetary_policy,2,1,fed_reserve_discount_rate,0.017639263161000375,0.8020913610287851,0.4236067539711774,356,188.02493102516692,0.5281599186100194,0.10568339595264642,0.03798584108292152
2vars_market_volatility_monetary_policy,2,1,fedfunds,-0.02071328598584934,-0.7746083416324602,0.4396344966291972,356,188.02493102516692,0.5281599186100194,0.10568339595264642,0.03798584108292152
2vars_market_volatility_monetary_policy,2,1,m2_real_money_supply,-0.0023449757726585283,-0.0490287998045577,0.9609532223283559,356,188.02493102516692,0.5281599186100194,0.10568339595264642,0.03798584108292152
2vars_market_volatility_monetary_policy,3,0,industrial_production,0.005464708124650994,0.27529830336206734,0.783672396224883,356,113.04075534350787,0.31753021163906703,0.15219762981092877,0.03942061992522822
2vars_market_volatility_monetary_policy,3,0,retail_sales,0.047671811064601104,0.6115685838509785,0.5422533340562556,356,113.04075534350787,0.31753021163906703,0.15219762981092877,0.03942061992522822
2vars_market_volatility_monetary_policy,3,0,tot_business_inventories,0.03664692880685391,0.5687450323668994,0.5708431104757277,356,113.04075534350787,0.31753021163906703,0.15219762981092877,0.03942061992522822
2vars_market_volatility_monetary_policy,3,0,export_price_index,0.01741119833477327,0.4533269380690064,0.6513254076343693,356,113.04075534350787,0.31753021163906703,0.15219762981092877,0.03942061992522822
2vars_market_volatility_monetary_policy,3,0,import_price_index,-0.006540335968857978,-0.1523575186382464,0.8792212901785916,356,113.04075534350787,0.31753021163906703,0.15219762981092877,0.03942061992522822
2vars_market_volatility_monetary_policy,3,0,unemployment,0.02282815527818596,1.492347522297037,0.13885207835673063,356,113.04075534350787,0.31753021163906703,0.15219762981092877,0.03942061992522822
2vars_market_volatility_monetary_policy,3,0,cpi,-0.17052912295522735,-0.5027891091527629,0.6162517459438999,356,113.04075534350787,0.31753021163906703,0.15219762981092877,0.03942061992522822
2vars_market_volatility_monetary_policy,3,0,PCE_price_index,0.13160146701769568,0.38683013943031425,0.6997289468134889,356,113.04075534350787,0.31753021163906703,0.15219762981092877,0.03942061992522822
2vars_market_volatility_monetary_policy,3,0,PPI_inflation,-0.03526795294491419,-0.39898094406030116,0.6907838834809144,356,113.04075534350787,0.31753021163906703,0.15219762981092877,0.03942061992522822
2vars_market_volatility_monetary_policy,3,0,nat_fin_condition_indx,-0.010792717119458591,-2.099974121374026,0.03832487029010778,356,113.04075534350787,0.31753021163906703,0.15219762981092877,0.03942061992522822
2vars_market_volatility_monetary_policy,3,0,10y_2y_spread,-0.0010970957287936125,-0.0858245453304136,0.9317827239026717,356,113.04075534350787,0.31753021163906703,0.15219762981092877,0.03942061992522822
2vars_market_volatility_monetary_policy,3,0,10y_treasury_const_maturity_rate,0.0004479924637833625,0.025263959566071713,0.9798963006878485,356,113.04075534350787,0.31753021163906703,0.15219762981092877,0.03942061992522822
2vars_market_volatility_monetary_policy,3,0,fed_reserve_discount_rate,0.015416219086127963,0.5755145576821917,0.5662755119559311,356,113.04075534350787,0.31753021163906703,0.15219762981092877,0.03942061992522822
2vars_market_volatility_monetary_policy,3,0,fedfunds,-0.011798366612749907,-0.34453796312798596,0.7311873080099565,356,113.04075534350787,0.31753021163906703,0.15219762981092877,0.03942061992522822
2vars_market_volatility_monetary_policy,3,0,m2_real_money_supply,-0.022188939930763974,-0.3777579602672653,0.7064353995167643,356,113.04075534350787,0.31753021163906703,0.15219762981092877,0.03942061992522822
2vars_market_volatility_monetary_policy,3,1,industrial_production,0.004166134585340582,0.20364494879747835,0.8390594653123589,356,112.57349138820447,0.31621767243877663,0.1276931786668004,0.039337060652599835
2vars_market_volatility_monetary_policy,3,1,retail_sales,-0.024343835990693712,-0.34565555472234955,0.7303534062678514,356,112.57349138820447,0.31621767243877663,0.1276931786668004,0.039337060652599835
2vars_market_volatility_monetary_policy,3,1,tot_business_inventories,0.007746052405656202,0.144544232089254,0.885371954190648,356,112.57349138820447,0.31621767243877663,0.1276931786668004,0.039337060652599835
2vars_market_volatility_monetary_policy,3,1,export_price_index,0.04865661763871664,1.2417775988558353,0.21732603050799426,356,112.57349138820447,0.31621767243877663,0.1276931786668004,0.039337060652599835
2vars_market_volatility_monetary_policy,3,1,import_price_index,-0.006665426933834817,-0.18457489011195455,0.8539495283956069,356,112.57349138820447,0.31621767243877663,0.1276931786668004,0.039337060652599835
2vars_market_volatility_monetary_policy,3,1,unemployment,0.012522066193812558,0.9560991596833138,0.3414094151931144,356,112.57349138820447,0.31621767243877663,0.1276931786668004,0.039337060652599835
2vars_market_volatility_monetary_policy,3,1,cpi,0.1732266370575079,0.5235824452131943,0.6017684327684516,356,112.57349138820447,0.31621767243877663,0.1276931786668004,0.039337060652599835
2vars_market_volatility_monetary_policy,3,1,PCE_price_index,-0.13999319472233374,-0.4165831337709812,0.6779077966359617,356,112.57349138820447,0.31621767243877663,0.1276931786668004,0.039337060652599835
2vars_market_volatility_monetary_policy,3,1,PPI_inflation,-0.07371183478744013,-0.9117085672125935,0.3641923659952402,356,112.57349138820447,0.31621767243877663,0.1276931786668004,0.039337060652599835
2vars_market_volatility_monetary_policy,3,1,nat_fin_condition_indx,-0.007401191892715365,-1.4470702264518085,0.15111551331233875,356,112.57349138820447,0.31621767243877663,0.1276931786668004,0.039337060652599835
2vars_market_volatility_monetary_policy,3,1,10y_2y_spread,-0.0007217390103377771,-0.054593177401130226,0.9565753550305234,356,112.57349138820447,0.31621767243877663,0.1276931786668004,0.039337060652599835
2vars_market_volatility_monetary_policy,3,1,10y_treasury_const_maturity_rate,0.007013990186434884,0.34738417487829226,0.7290586514293462,356,112.57349138820447,0.31621767243877663,0.1276931786668004,0.039337060652599835
2vars_market_volatility_monetary_policy,3,1,fed_reserve_discount_rate,0.034631784475470995,1.0645572136001835,0.2897308335486013,356,112.57349138820447,0.31621767243877663,0.1276931786668004,0.039337060652599835
2vars_market_volatility_monetary_policy,3,1,fedfunds,-0.029902025643020413,-0.7630979509076181,0.44726506152616174,356,112.57349138820447,0.31621767243877663,0.1276931786668004,0.039337060652599835
2vars_market_volatility_monetary_policy,3,1,m2_real_money_supply,0.023186538669085845,0.4263744371647326,0.6707839217689957,356,112.57349138820447,0.31621767243877663,0.1276931786668004,0.039337060652599835
2vars_market_volatility_monetary_policy,3,2,industrial_production,0.011486697441042658,0.6015223729474493,0.5486824232691565,356,130.38575326828766,0.36625211592215634,0.11414861462510228,0.03738630866807276
2vars_market_volatility_monetary_policy,3,2,retail_sales,0.00812144230362461,0.10199675670075799,0.9189378352035713,356,130.38575326828766,0.36625211592215634,0.11414861462510228,0.03738630866807276
2vars_market_volatility_monetary_policy,3,2,tot_business_inventories,0.003421412304619558,0.053350756639333294,0.9575455043141756,356,130.38575326828766,0.36625211592215634,0.11414861462510228,0.03738630866807276
2vars_market_volatility_monetary_policy,3,2,export_price_index,0.04559138743635913,1.4371558781978073,0.15340351716620582,356,130.38575326828766,0.36625211592215634,0.11414861462510228,0.03738630866807276
2vars_market_volatility_monetary_policy,3,2,import_price_index,-0.004731672433726379,-0.12070031809098555,0.9041401698407776,356,130.38575326828766,0.36625211592215634,0.11414861462510228,0.03738630866807276
2vars_market_volatility_monetary_policy,3,2,unemployment,0.015470942660946264,0.9638262307966244,0.3371662588817639,356,130.38575326828766,0.36625211592215634,0.11414861462510228,0.03738630866807276
2vars_market_volatility_monetary_policy,3,2,cpi,-0.10571521945358532,-0.32605530195309756,0.7449782736995014,356,130.38575326828766,0.36625211592215634,0.11414861462510228,0.03738630866807276
2vars_market_volatility_monetary_policy,3,2,PCE_price_index,0.10803004023981964,0.33341642312594594,0.7394303639326258,356,130.38575326828766,0.36625211592215634,0.11414861462510228,0.03738630866807276
2vars_market_volatility_monetary_policy,3,2,PPI_inflation,-0.07414278985516154,-1.0286456958358172,0.3058164380867656,356,130.38575326828766,0.36625211592215634,0.11414861462510228,0.03738630866807276
2vars_market_volatility_monetary_policy,3,2,nat_fin_condition_indx,-0.006549869903904636,-1.2016401416945186,0.23198498223658204,356,130.38575326828766,0.36625211592215634,0.11414861462510228,0.03738630866807276
2vars_market_volatility_monetary_policy,3,2,10y_2y_spread,-0.006444501017032692,-0.6180259633015011,0.5377868068827123,356,130.38575326828766,0.36625211592215634,0.11414861462510228,0.03738630866807276
2vars_market_volatility_monetary_policy,3,2,10y_treasury_const_maturity_rate,-0.0006315230732569817,-0.04414389584249818,0.9648666728664272,356,130.38575326828766,0.36625211592215634,0.11414861462510228,0.03738630866807276
2vars_market_volatility_monetary_policy,3,2,fed_reserve_discount_rate,0.023912569851242495,0.8927082796323362,0.37388764196170143,356,130.38575326828766,0.36625211592215634,0.11414861462510228,0.03738630866807276
2vars_market_volatility_monetary_policy,3,2,fedfunds,-0.025381501063155766,-0.7904085653694706,0.4309248459755912,356,130.38575326828766,0.36625211592215634,0.11414861462510228,0.03738630866807276
2vars_market_volatility_monetary_policy,3,2,m2_real_money_supply,0.01010450174121932,0.1663235188759023,0.8681959992461499,356,130.38575326828766,0.36625211592215634,0.11414861462510228,0.03738630866807276
2vars_market_volatility_monetary_policy,4,0,industrial_production,0.010937193023202023,0.4312587686055839,0.6676173854784309,356,85.3747751705755,0.23981678418700983,0.11945577605771351,0.04052776000935465
2vars_market_volatility_monetary_policy,4,0,retail_sales,0.019260332097498355,0.18657611595652623,0.852537522059535,356,85.3747751705755,0.23981678418700983,0.11945577605771351,0.04052776000935465
2vars_market_volatility_monetary_policy,4,0,tot_business_inventories,0.009628354337541029,0.1162309223298933,0.907805337579882,356,85.3747751705755,0.23981678418700983,0.11945577605771351,0.04052776000935465
2vars_market_volatility_monetary_policy,4,0,export_price_index,0.04440290520417317,0.9767868017080631,0.3320686038698022,356,85.3747751705755,0.23981678418700983,0.11945577605771351,0.04052776000935465
2vars_market_volatility_monetary_policy,4,0,import_price_index,-0.009402388077673842,-0.1831843938090509,0.8551876556641387,356,85.3747751705755,0.23981678418700983,0.11945577605771351,0.04052776000935465
2vars_market_volatility_monetary_policy,4,0,unemployment,0.017846993038928612,0.8694276326664425,0.3876114235393797,356,85.3747751705755,0.23981678418700983,0.11945577605771351,0.04052776000935465
2vars_market_volatility_monetary_policy,4,0,cpi,-0.15580190518282633,-0.3648949170465496,0.7162998820057593,356,85.3747751705755,0.23981678418700983,0.11945577605771351,0.04052776000935465
2vars_market_volatility_monetary_policy,4,0,PCE_price_index,0.1496575537169236,0.3523792611663433,0.7256221214703813,356,85.3747751705755,0.23981678418700983,0.11945577605771351,0.04052776000935465
2vars_market_volatility_monetary_policy,4,0,PPI_inflation,-0.06885593351150504,-0.6866722509908897,0.4945781744456035,356,85.3747751705755,0.23981678418700983,0.11945577605771351,0.04052776000935465
2vars_market_volatility_monetary_policy,4,0,nat_fin_condition_indx,-0.006477644946024469,-0.9425492729975453,0.3491823055185912,356,85.3747751705755,0.23981678418700983,0.11945577605771351,0.04052776000935465
2vars_market_volatility_monetary_policy,4,0,10y_2y_spread,-0.006409797748373148,-0.4353455332660146,0.664663095634241,356,85.3747751705755,0.23981678418700983,0.11945577605771351,0.04052776000935465
2vars_market_volatility_monetary_policy,4,0,10y_treasury_const_maturity_rate,0.0006722051794454037,0.03315353487171946,0.9736473541510986,356,85.3747751705755,0.23981678418700983,0.11945577605771351,0.04052776000935465
2vars_market_volatility_monetary_policy,4,0,fed_reserve_discount_rate,0.02628360820890724,0.7061305075229788,0.48247168329830714,356,85.3747751705755,0.23981678418700983,0.11945577605771351,0.04052776000935465
2vars_market_volatility_monetary_policy,4,0,fedfunds,-0.02807973515720071,-0.6665909541708945,0.5072443255079389,356,85.3747751705755,0.23981678418700983,0.11945577605771351,0.04052776000935465
2vars_market_volatility_monetary_policy,4,0,m2_real_money_supply,0.0016625050381576824,0.021090661338521857,0.983233877937824,356,85.3747751705755,0.23981678418700983,0.11945577605771351,0.04052776000935465
2vars_market_volatility_monetary_policy,4,1,industrial_production,0.004149730294893934,0.18106872046864003,0.8567896727794906,356,92.95561426390015,0.2611112760221914,0.1275344012284818,0.03932900732300722
2vars_market_volatility_monetary_policy,4,1,retail_sales,-0.02429651703200817,-0.30795351369345275,0.7589496797552409,356,92.95561426390015,0.2611112760221914,0.1275344012284818,0.03932900732300722
2vars_market_volatility_monetary_policy,4,1,tot_business_inventories,0.007795562545898521,0.12984143200310697,0.89703066980847,356,92.95561426390015,0.2611112760221914,0.1275344012284818,0.03932900732300722
2vars_market_volatility_monetary_policy,4,1,export_price_index,0.048579238331005824,1.1079175517114013,0.27134822816751325,356,92.95561426390015,0.2611112760221914,0.1275344012284818,0.03932900732300722
2vars_market_volatility_monetary_policy,4,1,import_price_index,-0.006649937472821136,-0.16436293400678625,0.8698763877090026,356,92.95561426390015,0.2611112760221914,0.1275344012284818,0.03932900732300722
2vars_market_volatility_monetary_policy,4,1,unemployment,0.01251395218338911,0.8528484159903218,0.3963899969578153,356,92.95561426390015,0.2611112760221914,0.1275344012284818,0.03932900732300722
2vars_market_volatility_monetary_policy,4,1,cpi,0.17484965478250122,0.4715313855767879,0.6385954497012958,356,92.95561426390015,0.2611112760221914,0.1275344012284818,0.03932900732300722
2vars_market_volatility_monetary_policy,4,1,PCE_price_index,-0.14163410523688408,-0.3760600226550097,0.7079070154501852,356,92.95561426390015,0.2611112760221914,0.1275344012284818,0.03932900732300722
2vars_market_volatility_monetary_policy,4,1,PPI_inflation,-0.07366548378757808,-0.813975074430887,0.418170790386196,356,92.95561426390015,0.2611112760221914,0.1275344012284818,0.03932900732300722
2vars_market_volatility_monetary_policy,4,1,nat_fin_condition_indx,-0.0074138086376904855,-1.2934331328420827,0.19973034298477166,356,92.95561426390015,0.2611112760221914,0.1275344012284818,0.03932900732300722
2vars_market_volatility_monetary_policy,4,1,10y_2y_spread,-0.0007154923472507291,-0.048275969266945946,0.961621377114442,356,92.95561426390015,0.2611112760221914,0.1275344012284818,0.03932900732300722
2vars_market_volatility_monetary_policy,4,1,10y_treasury_const_maturity_rate,0.006938652078296598,0.30686633785378925,0.7597739213178056,356,92.95561426390015,0.2611112760221914,0.1275344012284818,0.03932900732300722
2vars_market_volatility_monetary_policy,4,1,fed_reserve_discount_rate,0.03454773690901268,0.9486049418533751,0.34579105049236647,356,92.95561426390015,0.2611112760221914,0.1275344012284818,0.03932900732300722
2vars_market_volatility_monetary_policy,4,1,fedfunds,-0.02982999412512581,-0.679723254670391,0.49871930236393736,356,92.95561426390015,0.2611112760221914,0.1275344012284818,0.03932900732300722
2vars_market_volatility_monetary_policy,4,1,m2_real_money_supply,0.023092924678961905,0.37915038028027953,0.7056203510683865,356,92.95561426390015,0.2611112760221914,0.1275344012284818,0.03932900732300722
2vars_market_volatility_monetary_policy,4,2,industrial_production,0.006430923576276127,0.28546328085224787,0.7761400346356084,356,85.35563810465054,0.23976302838384983,0.11846870258671427,0.03500825776753884
2vars_market_volatility_monetary_policy,4,2,retail_sales,-0.0014230494053745287,-0.01554082036200714,0.9876453382192596,356,85.35563810465054,0.23976302838384983,0.11846870258671427,0.03500825776753884
2vars_market_volatility_monetary_policy,4,2,tot_business_inventories,0.002694982899595863,0.037358907062613106,0.9703061612016137,356,85.35563810465054,0.23976302838384983,0.11846870258671427,0.03500825776753884
2vars_market_volatility_monetary_policy,4,2,export_price_index,0.03960849460259911,1.0282473727574788,0.30740624005347206,356,85.35563810465054,0.23976302838384983,0.11846870258671427,0.03500825776753884
2vars_market_volatility_monetary_policy,4,2,import_price_index,-0.0032535248198277207,-0.07057349833271241,0.9439403059196843,356,85.35563810465054,0.23976302838384983,0.11846870258671427,0.03500825776753884
2vars_market_volatility_monetary_policy,4,2,unemployment,0.013979439881156424,0.7839312084151712,0.4357496349893639,356,85.35563810465054,0.23976302838384983,0.11846870258671427,0.03500825776753884
2vars_market_volatility_monetary_policy,4,2,cpi,0.01059269518372506,0.027016747142705407,0.978523964134985,356,85.35563810465054,0.23976302838384983,0.11846870258671427,0.03500825776753884
2vars_market_volatility_monetary_policy,4,2,PCE_price_index,0.007523214334253626,0.019058086197302582,0.9848494893131956,356,85.35563810465054,0.23976302838384983,0.11846870258671427,0.03500825776753884
2vars_market_volatility_monetary_policy,4,2,PPI_inflation,-0.06601666088213323,-0.7601175372468381,0.4497605797532098,356,85.35563810465054,0.23976302838384983,0.11846870258671427,0.03500825776753884
2vars_market_volatility_monetary_policy,4,2,nat_fin_condition_indx,-0.008295093844450664,-1.3071306326529473,0.19548551554474747,356,85.35563810465054,0.23976302838384983,0.11846870258671427,0.03500825776753884
2vars_market_volatility_monetary_policy,4,2,10y_2y_spread,-0.00352710842605098,-0.27659631320559397,0.7829127259095046,356,85.35563810465054,0.23976302838384983,0.11846870258671427,0.03500825776753884
2vars_market_volatility_monetary_policy,4,2,10y_treasury_const_maturity_rate,-0.00014460517557831427,-0.008014440571564956,0.9936284785384393,356,85.35563810465054,0.23976302838384983,0.11846870258671427,0.03500825776753884
2vars_market_volatility_monetary_policy,4,2,fed_reserve_discount_rate,0.01987714027939832,0.6206043318441868,0.5368940928260058,356,85.35563810465054,0.23976302838384983,0.11846870258671427,0.03500825776753884
2vars_market_volatility_monetary_policy,4,2,fedfunds,-0.01628491772113193,-0.4015520165069509,0.6892483979838842,356,85.35563810465054,0.23976302838384983,0.11846870258671427,0.03500825776753884
2vars_market_volatility_monetary_policy,4,2,m2_real_money_supply,0.010014446422123733,0.14420417518491938,0.8857574501833516,356,85.35563810465054,0.23976302838384983,0.11846870258671427,0.03500825776753884
2vars_market_volatility_monetary_policy,4,3,industrial_production,0.005858797103135322,0.2624068105273511,0.7937148853222191,356,92.31397246087381,0.2593089114069489,0.15372438081633177,0.039501532802502674
2vars_market_volatility_monetary_policy,4,3,retail_sales,0.048742484389908164,0.5547080223038449,0.5807165541053325,356,92.31397246087381,0.2593089114069489,0.15372438081633177,0.039501532802502674
2vars_market_volatility_monetary_policy,4,3,tot_business_inventories,0.036847808324508215,0.5085102447872117,0.6125624866302553,356,92.31397246087381,0.2593089114069489,0.15372438081633177,0.039501532802502674
2vars_market_volatility_monetary_policy,4,3,export_price_index,0.01703471292008733,0.39462552898536557,0.6942200040581126,356,92.31397246087381,0.2593089114069489,0.15372438081633177,0.039501532802502674
2vars_market_volatility_monetary_policy,4,3,import_price_index,-0.007097494942726583,-0.14689331932841115,0.8836035984852071,356,92.31397246087381,0.2593089114069489,0.15372438081633177,0.039501532802502674
2vars_market_volatility_monetary_policy,4,3,unemployment,0.02317202851107384,1.3441921026051526,0.18286867387148087,356,92.31397246087381,0.2593089114069489,0.15372438081633177,0.039501532802502674
2vars_market_volatility_monetary_policy,4,3,cpi,-0.16769387301728617,-0.43829005013428046,0.6624142365492864,356,92.31397246087381,0.2593089114069489,0.15372438081633177,0.039501532802502674
2vars_market_volatility_monetary_policy,4,3,PCE_price_index,0.12550735862808704,0.3271683036264659,0.7444363329085757,356,92.31397246087381,0.2593089114069489,0.15372438081633177,0.039501532802502674
2vars_market_volatility_monetary_policy,4,3,PPI_inflation,-0.03317801481214264,-0.333634519782769,0.7395703726510807,356,92.31397246087381,0.2593089114069489,0.15372438081633177,0.039501532802502674
2vars_market_volatility_monetary_policy,4,3,nat_fin_condition_indx,-0.010809734680404429,-1.8687277337366217,0.06549815659146385,356,92.31397246087381,0.2593089114069489,0.15372438081633177,0.039501532802502674
2vars_market_volatility_monetary_policy,4,3,10y_2y_spread,-0.0024742622369079755,-0.16851614881405447,0.8666230756998881,356,92.31397246087381,0.2593089114069489,0.15372438081633177,0.039501532802502674
2vars_market_volatility_monetary_policy,4,3,10y_treasury_const_maturity_rate,0.000910004317203457,0.04554098108411609,0.9637950712204923,356,92.31397246087381,0.2593089114069489,0.15372438081633177,0.039501532802502674
2vars_market_volatility_monetary_policy,4,3,fed_reserve_discount_rate,0.016259839179890174,0.5390836354266605,0.5913984211604226,356,92.31397246087381,0.2593089114069489,0.15372438081633177,0.039501532802502674
2vars_market_volatility_monetary_policy,4,3,fedfunds,-0.014477111597246383,-0.3718746896787994,0.7110167503650446,356,92.31397246087381,0.2593089114069489,0.15372438081633177,0.039501532802502674
2vars_market_volatility_monetary_policy,4,3,m2_real_money_supply,-0.022659142812048134,-0.34268745167537756,0.7327757186162038,356,92.31397246087381,0.2593089114069489,0.15372438081633177,0.039501532802502674
2vars_market_volatility_monetary_policy,5,0,industrial_production,0.007261445338038929,0.2302744501580414,0.8191438179067743,356,53.09232082491228,0.14913573265424798,0.1255191724852609,0.038836503002264045
2vars_market_volatility_monetary_policy,5,0,retail_sales,0.006392467056113284,0.05145413877096777,0.959239749006821,356,53.09232082491228,0.14913573265424798,0.1255191724852609,0.038836503002264045
2vars_market_volatility_monetary_policy,5,0,tot_business_inventories,0.010343269979122358,0.10597015502554831,0.9161770695993847,356,53.09232082491228,0.14913573265424798,0.1255191724852609,0.038836503002264045
2vars_market_volatility_monetary_policy,5,0,export_price_index,0.03935943597226304,0.6761708003270566,0.503126818724438,356,53.09232082491228,0.14913573265424798,0.1255191724852609,0.038836503002264045
2vars_market_volatility_monetary_policy,5,0,import_price_index,-0.006850759350257372,-0.10713854975460868,0.9152564688421201,356,53.09232082491228,0.14913573265424798,0.1255191724852609,0.038836503002264045
2vars_market_volatility_monetary_policy,5,0,unemployment,0.016374120608851232,0.6841390159952642,0.4981397088606685,356,53.09232082491228,0.14913573265424798,0.1255191724852609,0.038836503002264045
2vars_market_volatility_monetary_policy,5,0,cpi,-0.0241630086807645,-0.04439697835339213,0.9648261251772365,356,53.09232082491228,0.14913573265424798,0.1255191724852609,0.038836503002264045
2vars_market_volatility_monetary_policy,5,0,PCE_price_index,0.03169531457926901,0.05793160786058681,0.954114076794206,356,53.09232082491228,0.14913573265424798,0.1255191724852609,0.038836503002264045
2vars_market_volatility_monetary_policy,5,0,PPI_inflation,-0.06279509777527092,-0.4849715473174469,0.6305485012318366,356,53.09232082491228,0.14913573265424798,0.1255191724852609,0.038836503002264045
2vars_market_volatility_monetary_policy,5,0,nat_fin_condition_indx,-0.008106089327654572,-0.9595235042649516,0.3435082827988891,356,53.09232082491228,0.14913573265424798,0.1255191724852609,0.038836503002264045
2vars_market_volatility_monetary_policy,5,0,10y_2y_spread,-0.003496798370013789,-0.1793186688455157,0.8586634586481674,356,53.09232082491228,0.14913573265424798,0.1255191724852609,0.038836503002264045
2vars_market_volatility_monetary_policy,5,0,10y_treasury_const_maturity_rate,0.002838694289661271,0.1014753864052973,0.91971966432981,356,53.09232082491228,0.14913573265424798,0.1255191724852609,0.038836503002264045
2vars_market_volatility_monetary_policy,5,0,fed_reserve_discount_rate,0.023981376345902153,0.5137840825480716,0.6104502647413039,356,53.09232082491228,0.14913573265424798,0.1255191724852609,0.038836503002264045
2vars_market_volatility_monetary_policy,5,0,fedfunds,-0.021868751492283893,-0.38515450255745143,0.7023227993424404,356,53.09232082491228,0.14913573265424798,0.1255191724852609,0.038836503002264045
2vars_market_volatility_monetary_policy,5,0,m2_real_money_supply,0.005426301007425296,0.05760669059890501,0.9543711411700684,356,53.09232082491228,0.14913573265424798,0.1255191724852609,0.038836503002264045
2vars_market_volatility_monetary_policy,5,1,industrial_production,0.010373373692643937,0.37000524630484577,0.7127574062035522,356,72.68719103452314,0.20417750290596387,0.11546164603609099,0.04047407844939995
2vars_market_volatility_monetary_policy,5,1,retail_sales,0.017092616655107952,0.14974115002360558,0.8815003410361024,356,72.68719103452314,0.20417750290596387,0.11546164603609099,0.04047407844939995
2vars_market_volatility_monetary_policy,5,1,tot_business_inventories,0.00997486303235268,0.10898338904538206,0.9136005378969447,356,72.68719103452314,0.20417750290596387,0.11546164603609099,0.04047407844939995
2vars_market_volatility_monetary_policy,5,1,export_price_index,0.0449477849424252,0.8973458173405403,0.3733297858603355,356,72.68719103452314,0.20417750290596387,0.11546164603609099,0.04047407844939995
2vars_market_volatility_monetary_policy,5,1,import_price_index,-0.00921567435858455,-0.16226057595595222,0.8716776647747331,356,72.68719103452314,0.20417750290596387,0.11546164603609099,0.04047407844939995
2vars_market_volatility_monetary_policy,5,1,unemployment,0.017441472330322342,0.7679808255919498,0.44568600215078047,356,72.68719103452314,0.20417750290596387,0.11546164603609099,0.04047407844939995
2vars_market_volatility_monetary_policy,5,1,cpi,-0.12436600210873973,-0.260056597289861,0.7957623739100315,356,72.68719103452314,0.20417750290596387,0.11546164603609099,0.04047407844939995
2vars_market_volatility_monetary_policy,5,1,PCE_price_index,0.11922911524358659,0.25088637762694793,0.8028091289210941,356,72.68719103452314,0.20417750290596387,0.11546164603609099,0.04047407844939995
2vars_market_volatility_monetary_policy,5,1,PPI_inflation,-0.06930980727010852,-0.6263179959375192,0.5336204336761678,356,72.68719103452314,0.20417750290596387,0.11546164603609099,0.04047407844939995
2vars_market_volatility_monetary_policy,5,1,nat_fin_condition_indx,-0.006626246051690786,-0.8653563816936574,0.3904907676543632,356,72.68719103452314,0.20417750290596387,0.11546164603609099,0.04047407844939995
2vars_market_volatility_monetary_policy,5,1,10y_2y_spread,-0.006143345113161962,-0.3734429791012422,0.7102117516098745,356,72.68719103452314,0.20417750290596387,0.11546164603609099,0.04047407844939995
2vars_market_volatility_monetary_policy,5,1,10y_treasury_const_maturity_rate,0.0003731551708053648,0.016642624974100875,0.986780157689924,356,72.68719103452314,0.20417750290596387,0.11546164603609099,0.04047407844939995
2vars_market_volatility_monetary_policy,5,1,fed_reserve_discount_rate,0.026691865636665035,0.6489330038078257,0.5190022062286168,356,72.68719103452314,0.20417750290596387,0.11546164603609099,0.04047407844939995
2vars_market_volatility_monetary_policy,5,1,fedfunds,-0.02830108751537744,-0.6083559528638434,0.5453814026642134,356,72.68719103452314,0.20417750290596387,0.11546164603609099,0.04047407844939995
2vars_market_volatility_monetary_policy,5,1,m2_real_money_supply,0.0026253890552575872,0.030126804089191734,0.9760717431294437,356,72.68719103452314,0.20417750290596387,0.11546164603609099,0.04047407844939995
2vars_market_volatility_monetary_policy,5,2,industrial_production,0.004125779117450429,0.16299787569342492,0.8710412139750945,356,79.07533051700558,0.22212171493540894,0.12768763137396444,0.039332576435746905
2vars_market_volatility_monetary_policy,5,2,retail_sales,-0.024317099082520797,-0.27903090856452156,0.7811339514334652,356,79.07533051700558,0.22212171493540894,0.12768763137396444,0.039332576435746905
2vars_market_volatility_monetary_policy,5,2,tot_business_inventories,0.007828129570763728,0.11805389169949568,0.9064001016245391,356,79.07533051700558,0.22212171493540894,0.12768763137396444,0.039332576435746905
2vars_market_volatility_monetary_policy,5,2,export_price_index,0.04879224690719554,1.0064779628943468,0.31803128714591633,356,79.07533051700558,0.22212171493540894,0.12768763137396444,0.039332576435746905
2vars_market_volatility_monetary_policy,5,2,import_price_index,-0.006687122282225305,-0.14962621557347508,0.8815369330669254,356,79.07533051700558,0.22212171493540894,0.12768763137396444,0.039332576435746905
2vars_market_volatility_monetary_policy,5,2,unemployment,0.012521546198694325,0.7726716522837702,0.4426025159301177,356,79.07533051700558,0.22212171493540894,0.12768763137396444,0.039332576435746905
2vars_market_volatility_monetary_policy,5,2,cpi,0.17537077112876612,0.42815170649786094,0.669999132640954,356,79.07533051700558,0.22212171493540894,0.12768763137396444,0.039332576435746905
2vars_market_volatility_monetary_policy,5,2,PCE_price_index,-0.14207724164277555,-0.34153061048965283,0.733839372884983,356,79.07533051700558,0.22212171493540894,0.12768763137396444,0.039332576435746905
2vars_market_volatility_monetary_policy,5,2,PPI_inflation,-0.07391373530102183,-0.7389808636193548,0.4626597793957896,356,79.07533051700558,0.22212171493540894,0.12768763137396444,0.039332576435746905
2vars_market_volatility_monetary_policy,5,2,nat_fin_condition_indx,-0.007419470609852438,-1.1716201088182503,0.24575634098573174,356,79.07533051700558,0.22212171493540894,0.12768763137396444,0.039332576435746905
2vars_market_volatility_monetary_policy,5,2,10y_2y_spread,-0.0007681852110578502,-0.04690716369691972,0.9627354214647417,356,79.07533051700558,0.22212171493540894,0.12768763137396444,0.039332576435746905
2vars_market_volatility_monetary_policy,5,2,10y_treasury_const_maturity_rate,0.007041938145168812,0.281855673794097,0.7789768886755186,356,79.07533051700558,0.22212171493540894,0.12768763137396444,0.039332576435746905
2vars_market_volatility_monetary_policy,5,2,fed_reserve_discount_rate,0.03467581521960745,0.8616941867278162,0.39211995012233425,356,79.07533051700558,0.22212171493540894,0.12768763137396444,0.039332576435746905
2vars_market_volatility_monetary_policy,5,2,fedfunds,-0.03005541144686787,-0.6195947003873532,0.537756469007979,356,79.07533051700558,0.22212171493540894,0.12768763137396444,0.039332576435746905
2vars_market_volatility_monetary_policy,5,2,m2_real_money_supply,0.023104895056523696,0.34343745409983545,0.7324115192730827,356,79.07533051700558,0.22212171493540894,0.12768763137396444,0.039332576435746905
2vars_market_volatility_monetary_policy,5,3,industrial_production,0.006467362568183988,0.2587789099966618,0.796748906876104,356,72.34263732085688,0.2032096553956654,0.11907541837874547,0.0350428600918002
2vars_market_volatility_monetary_policy,5,3,retail_sales,-0.0020076870738197946,-0.019769744410974975,0.9842968998052559,356,72.34263732085688,0.2032096553956654,0.11907541837874547,0.0350428600918002
2vars_market_volatility_monetary_policy,5,3,tot_business_inventories,0.0027092385099251504,0.03388098885868225,0.9730917992658634,356,72.34263732085688,0.2032096553956654,0.11907541837874547,0.0350428600918002
2vars_market_volatility_monetary_policy,5,3,export_price_index,0.04044664241931321,0.9417956992905924,0.35031797010497856,356,72.34263732085688,0.2032096553956654,0.11907541837874547,0.0350428600918002
2vars_market_volatility_monetary_policy,5,3,import_price_index,-0.0031801063129968735,-0.06219427173370989,0.95062823510637,356,72.34263732085688,0.2032096553956654,0.11907541837874547,0.0350428600918002
2vars_market_volatility_monetary_policy,5,3,unemployment,0.013962351343403769,0.7064025533198756,0.48284891278385755,356,72.34263732085688,0.2032096553956654,0.11907541837874547,0.0350428600918002
2vars_market_volatility_monetary_policy,5,3,cpi,0.014864239634492245,0.03413570248030708,0.9728895859699531,356,72.34263732085688,0.2032096553956654,0.11907541837874547,0.0350428600918002
2vars_market_volatility_monetary_policy,5,3,PCE_price_index,0.003753504699733323,0.00856256302845036,0.9931983932475732,356,72.34263732085688,0.2032096553956654,0.11907541837874547,0.0350428600918002
2vars_market_volatility_monetary_policy,5,3,PPI_inflation,-0.06715541256592197,-0.6948925243697252,0.48997854634409777,356,72.34263732085688,0.2032096553956654,0.11907541837874547,0.0350428600918002
2vars_market_volatility_monetary_policy,5,3,nat_fin_condition_indx,-0.008277108163758394,-1.1761228441622689,0.24449135689626522,356,72.34263732085688,0.2032096553956654,0.11907541837874547,0.0350428600918002
2vars_market_volatility_monetary_policy,5,3,10y_2y_spread,-0.003449361238889847,-0.2437092824251753,0.8083411950948634,356,72.34263732085688,0.2032096553956654,0.11907541837874547,0.0350428600918002
2vars_market_volatility_monetary_policy,5,3,10y_treasury_const_maturity_rate,5.635645533569622e-05,0.0028101207152333566,0.997767777233473,356,72.34263732085688,0.2032096553956654,0.11907541837874547,0.0350428600918002
2vars_market_volatility_monetary_policy,5,3,fed_reserve_discount_rate,0.020594626635101462,0.5778864847953564,0.5656432930546567,356,72.34263732085688,0.2032096553956654,0.11907541837874547,0.0350428600918002
2vars_market_volatility_monetary_policy,5,3,fedfunds,-0.016847960250698818,-0.37350402857275306,0.7101750722103235,356,72.34263732085688,0.2032096553956654,0.11907541837874547,0.0350428600918002
2vars_market_volatility_monetary_policy,5,3,m2_real_money_supply,0.010549445812385207,0.13697587088193247,0.8915381683951642,356,72.34263732085688,0.2032096553956654,0.11907541837874547,0.0350428600918002
2vars_market_volatility_monetary_policy,5,4,industrial_production,0.006110574961891078,0.24809033601873234,0.8048739170572614,356,78.8025203027021,0.22135539410871377,0.15608947801075324,0.03951429756251479
2vars_market_volatility_monetary_policy,5,4,retail_sales,0.05192552182849181,0.5367657606464656,0.593325944760029,356,78.8025203027021,0.22135539410871377,0.15608947801075324,0.03951429756251479
2vars_market_volatility_monetary_policy,5,4,tot_business_inventories,0.03615156905535926,0.4519210222201375,0.65288286921051,356,78.8025203027021,0.22135539410871377,0.15608947801075324,0.03951429756251479
2vars_market_volatility_monetary_policy,5,4,export_price_index,0.016209716308352266,0.34008216948275083,0.7349295003867296,356,78.8025203027021,0.22135539410871377,0.15608947801075324,0.03951429756251479
2vars_market_volatility_monetary_policy,5,4,import_price_index,-0.006770426944035421,-0.127130373171784,0.8992433878048782,356,78.8025203027021,0.22135539410871377,0.15608947801075324,0.03951429756251479
2vars_market_volatility_monetary_policy,5,4,unemployment,0.023438277141556923,1.2323216940220452,0.22242263051269906,356,78.8025203027021,0.22135539410871377,0.15608947801075324,0.03951429756251479
2vars_market_volatility_monetary_policy,5,4,cpi,-0.19642510852599748,-0.4708769708576134,0.639360063974767,356,78.8025203027021,0.22135539410871377,0.15608947801075324,0.03951429756251479
2vars_market_volatility_monetary_policy,5,4,PCE_price_index,0.15381778538853977,0.36768060015045706,0.7143476564749247,356,78.8025203027021,0.22135539410871377,0.15608947801075324,0.03951429756251479
2vars_market_volatility_monetary_policy,5,4,PPI_inflation,-0.03353792460282679,-0.30586022752882586,0.760722659372201,356,78.8025203027021,0.22135539410871377,0.15608947801075324,0.03951429756251479
2vars_market_volatility_monetary_policy,5,4,nat_fin_condition_indx,-0.010667274786849729,-1.6802823224357295,0.09787046214024331,356,78.8025203027021,0.22135539410871377,0.15608947801075324,0.03951429756251479
2vars_market_volatility_monetary_policy,5,4,10y_2y_spread,-0.0027518640476522603,-0.17211649293893688,0.8638993874100545,356,78.8025203027021,0.22135539410871377,0.15608947801075324,0.03951429756251479
2vars_market_volatility_monetary_policy,5,4,10y_treasury_const_maturity_rate,0.001097852567982389,0.04988464148646464,0.9603726324666171,356,78.8025203027021,0.22135539410871377,0.15608947801075324,0.03951429756251479
2vars_market_volatility_monetary_policy,5,4,fed_reserve_discount_rate,0.015523968682546307,0.4667893887025429,0.6422659079330661,356,78.8025203027021,0.22135539410871377,0.15608947801075324,0.03951429756251479
2vars_market_volatility_monetary_policy,5,4,fedfunds,-0.014253960769183015,-0.3323314298432446,0.7407457072096117,356,78.8025203027021,0.22135539410871377,0.15608947801075324,0.03951429756251479
2vars_market_volatility_monetary_policy,5,4,m2_real_money_supply,-0.024277917815791066,-0.3329404637770419,0.7402881292548611,356,78.8025203027021,0.22135539410871377,0.15608947801075324,0.03951429756251479
2vars_market_volatility_monetary_policy,6,0,industrial_production,0.0062478475247986585,0.23225759916050046,0.8172371876456788,356,68.72053774766837,0.1930352183923269,0.15810431925463786,0.039539610927997834
2vars_market_volatility_monetary_policy,6,0,retail_sales,0.054121876700031185,0.5127034443497257,0.6103003501827651,356,68.72053774766837,0.1930352183923269,0.15810431925463786,0.039539610927997834
2vars_market_volatility_monetary_policy,6,0,tot_business_inventories,0.03558378624966855,0.4069997045638856,0.6856559471206896,356,68.72053774766837,0.1930352183923269,0.15810431925463786,0.039539610927997834
2vars_market_volatility_monetary_policy,6,0,export_price_index,0.015748046439935295,0.30245930363064777,0.7634920694939582,356,68.72053774766837,0.1930352183923269,0.15810431925463786,0.039539610927997834
2vars_market_volatility_monetary_policy,6,0,import_price_index,-0.006633516479444073,-0.11410341188461175,0.9095892538993722,356,68.72053774766837,0.1930352183923269,0.15810431925463786,0.039539610927997834
2vars_market_volatility_monetary_policy,6,0,unemployment,0.02364436494691574,1.1378060603599685,0.26034603917518595,356,68.72053774766837,0.1930352183923269,0.15810431925463786,0.039539610927997834
2vars_market_volatility_monetary_policy,6,0,cpi,-0.21647268165966324,-0.47882786125840265,0.634041116733489,356,68.72053774766837,0.1930352183923269,0.15810431925463786,0.039539610927997834
2vars_market_volatility_monetary_policy,6,0,PCE_price_index,0.1737411235181311,0.3831596507155625,0.7031420619419033,356,68.72053774766837,0.1930352183923269,0.15810431925463786,0.039539610927997834
2vars_market_volatility_monetary_policy,6,0,PPI_inflation,-0.0338504421873836,-0.2829313139135497,0.778337449506417,356,68.72053774766837,0.1930352183923269,0.15810431925463786,0.039539610927997834
2vars_market_volatility_monetary_policy,6,0,nat_fin_condition_indx,-0.010578177727902652,-1.5290890707103444,0.13222071401212743,356,68.72053774766837,0.1930352183923269,0.15810431925463786,0.039539610927997834
2vars_market_volatility_monetary_policy,6,0,10y_2y_spread,-0.0030522180031260448,-0.17572143104755603,0.861186006391236,356,68.72053774766837,0.1930352183923269,0.15810431925463786,0.039539610927997834
2vars_market_volatility_monetary_policy,6,0,10y_treasury_const_maturity_rate,0.001323556875038274,0.055128246218487366,0.9562446822433948,356,68.72053774766837,0.1930352183923269,0.15810431925463786,0.039539610927997834
2vars_market_volatility_monetary_policy,6,0,fed_reserve_discount_rate,0.015204004595282823,0.41856740657499986,0.6772325931680463,356,68.72053774766837,0.1930352183923269,0.15810431925463786,0.039539610927997834
2vars_market_volatility_monetary_policy,6,0,fedfunds,-0.014459138578081825,-0.3087114296268242,0.7587576824773874,356,68.72053774766837,0.1930352183923269,0.15810431925463786,0.039539610927997834
2vars_market_volatility_monetary_policy,6,0,m2_real_money_supply,-0.025433676445234882,-0.3193083267654169,0.7507545374280806,356,68.72053774766837,0.1930352183923269,0.15810431925463786,0.039539610927997834
2vars_market_volatility_monetary_policy,6,1,industrial_production,0.011564438640023203,0.3703478384242176,0.7128809016071509,356,60.48561121846983,0.16990340229907255,0.11400024117622987,0.04005330062581113
2vars_market_volatility_monetary_policy,6,1,retail_sales,0.005610109228192294,0.044560447244703004,0.9646570962233754,356,60.48561121846983,0.16990340229907255,0.11400024117622987,0.04005330062581113
2vars_market_volatility_monetary_policy,6,1,tot_business_inventories,0.006179738665330183,0.061565350247284455,0.9511847477795299,356,60.48561121846983,0.16990340229907255,0.11400024117622987,0.04005330062581113
2vars_market_volatility_monetary_policy,6,1,export_price_index,0.04728301786994386,0.8547524911992287,0.3972681512677161,356,60.48561121846983,0.16990340229907255,0.11400024117622987,0.04005330062581113
2vars_market_volatility_monetary_policy,6,1,import_price_index,-0.005730684940138258,-0.09067492320017823,0.9281579543160632,356,60.48561121846983,0.16990340229907255,0.11400024117622987,0.04005330062581113
2vars_market_volatility_monetary_policy,6,1,unemployment,0.01564521959914136,0.6273703485111787,0.5336235983121576,356,60.48561121846983,0.16990340229907255,0.11400024117622987,0.04005330062581113
2vars_market_volatility_monetary_policy,6,1,cpi,-0.08232127375588667,-0.1543385788607227,0.8780408681395282,356,60.48561121846983,0.16990340229907255,0.11400024117622987,0.04005330062581113
2vars_market_volatility_monetary_policy,6,1,PCE_price_index,0.08632732040965124,0.1626020251525014,0.8715681691927757,356,60.48561121846983,0.16990340229907255,0.11400024117622987,0.04005330062581113
2vars_market_volatility_monetary_policy,6,1,PPI_inflation,-0.0766358009915112,-0.6227247525477183,0.5366447770282567,356,60.48561121846983,0.16990340229907255,0.11400024117622987,0.04005330062581113
2vars_market_volatility_monetary_policy,6,1,nat_fin_condition_indx,-0.006698665529037995,-0.7925123633828695,0.4322682384543397,356,60.48561121846983,0.16990340229907255,0.11400024117622987,0.04005330062581113
2vars_market_volatility_monetary_policy,6,1,10y_2y_spread,-0.0047882865658104646,-0.2601010493760805,0.7959859466445605,356,60.48561121846983,0.16990340229907255,0.11400024117622987,0.04005330062581113
2vars_market_volatility_monetary_policy,6,1,10y_treasury_const_maturity_rate,0.0007218872215979746,0.02841762232849551,0.977456175458336,356,60.48561121846983,0.16990340229907255,0.11400024117622987,0.04005330062581113
2vars_market_volatility_monetary_policy,6,1,fed_reserve_discount_rate,0.028649900355525115,0.6351452248932757,0.5285873047345699,356,60.48561121846983,0.16990340229907255,0.11400024117622987,0.04005330062581113
2vars_market_volatility_monetary_policy,6,1,fedfunds,-0.028587988773140397,-0.552735119637626,0.5832117495592726,356,60.48561121846983,0.16990340229907255,0.11400024117622987,0.04005330062581113
2vars_market_volatility_monetary_policy,6,1,m2_real_money_supply,0.01141264395921007,0.11839395953402354,0.9062885076678211,356,60.48561121846983,0.16990340229907255,0.11400024117622987,0.04005330062581113
2vars_market_volatility_monetary_policy,6,2,industrial_production,0.005684810930756266,0.16778573375416472,0.8677801393447504,356,48.86343884645407,0.1372568506922867,0.12319365286141892,0.03936753586547756
2vars_market_volatility_monetary_policy,6,2,retail_sales,0.01748991474144074,0.1285485415000361,0.8984983666959903,356,48.86343884645407,0.1372568506922867,0.12319365286141892,0.03936753586547756
2vars_market_volatility_monetary_policy,6,2,tot_business_inventories,0.015216851337332174,0.1414649824468707,0.8883662683762241,356,48.86343884645407,0.1372568506922867,0.12319365286141892,0.03936753586547756
2vars_market_volatility_monetary_policy,6,2,export_price_index,0.03757119891297267,0.5924173039129705,0.557625697365334,356,48.86343884645407,0.1372568506922867,0.12319365286141892,0.03936753586547756
2vars_market_volatility_monetary_policy,6,2,import_price_index,-0.009716177157179283,-0.13967770603226384,0.8897671722023874,356,48.86343884645407,0.1372568506922867,0.12319365286141892,0.03936753586547756
2vars_market_volatility_monetary_policy,6,2,unemployment,0.01808063119932674,0.6860066584853222,0.4975204718509776,356,48.86343884645407,0.1372568506922867,0.12319365286141892,0.03936753586547756
2vars_market_volatility_monetary_policy,6,2,cpi,-0.04012777365701662,-0.06720580861631681,0.9468250798187938,356,48.86343884645407,0.1372568506922867,0.12319365286141892,0.03936753586547756
2vars_market_volatility_monetary_policy,6,2,PCE_price_index,0.038070461310876436,0.06358118706626807,0.9496888781463975,356,48.86343884645407,0.1372568506922867,0.12319365286141892,0.03936753586547756
2vars_market_volatility_monetary_policy,6,2,PPI_inflation,-0.05672509527676987,-0.4062093444802315,0.6872218697170176,356,48.86343884645407,0.1372568506922867,0.12319365286141892,0.03936753586547756
2vars_market_volatility_monetary_policy,6,2,nat_fin_condition_indx,-0.008107875841835813,-0.8747811440576649,0.38804156436200365,356,48.86343884645407,0.1372568506922867,0.12319365286141892,0.03936753586547756
2vars_market_volatility_monetary_policy,6,2,10y_2y_spread,-0.005068974000668252,-0.24130562050075505,0.8108175330648597,356,48.86343884645407,0.1372568506922867,0.12319365286141892,0.03936753586547756
2vars_market_volatility_monetary_policy,6,2,10y_treasury_const_maturity_rate,0.0027687072165735265,0.09398652970184723,0.9256905558564386,356,48.86343884645407,0.1372568506922867,0.12319365286141892,0.03936753586547756
2vars_market_volatility_monetary_policy,6,2,fed_reserve_discount_rate,0.02210054913510096,0.43107429651760376,0.6692288588306043,356,48.86343884645407,0.1372568506922867,0.12319365286141892,0.03936753586547756
2vars_market_volatility_monetary_policy,6,2,fedfunds,-0.022253659549007685,-0.36582516362156264,0.716839922694184,356,48.86343884645407,0.1372568506922867,0.12319365286141892,0.03936753586547756
2vars_market_volatility_monetary_policy,6,2,m2_real_money_supply,-0.0032181599687337017,-0.03132088020005409,0.9752030888661827,356,48.86343884645407,0.1372568506922867,0.12319365286141892,0.03936753586547756
2vars_market_volatility_monetary_policy,6,3,industrial_production,0.006461546460582237,0.23575504364100286,0.8146498420132773,356,62.87251770871156,0.17660819581098752,0.11906611347797524,0.03507118200421709
2vars_market_volatility_monetary_policy,6,3,retail_sales,-0.00246302197762213,-0.022113522339175434,0.982451271610361,356,62.87251770871156,0.17660819581098752,0.11906611347797524,0.03507118200421709
2vars_market_volatility_monetary_policy,6,3,tot_business_inventories,0.002629345704721727,0.029991846772790508,0.9762008967880187,356,62.87251770871156,0.17660819581098752,0.11906611347797524,0.03507118200421709
2vars_market_volatility_monetary_policy,6,3,export_price_index,0.04066852852882353,0.8631856400213449,0.39243080683440645,356,62.87251770871156,0.17660819581098752,0.11906611347797524,0.03507118200421709
2vars_market_volatility_monetary_policy,6,3,import_price_index,-0.0031019365511257323,-0.05532465108753599,0.9561149763738899,356,62.87251770871156,0.17660819581098752,0.11906611347797524,0.03507118200421709
2vars_market_volatility_monetary_policy,6,3,unemployment,0.013914497459522899,0.6421368734857579,0.523912659627177,356,62.87251770871156,0.17660819581098752,0.11906611347797524,0.03507118200421709
2vars_market_volatility_monetary_policy,6,3,cpi,0.017547969900845433,0.03669203591306258,0.970886382676174,356,62.87251770871156,0.17660819581098752,0.11906611347797524,0.03507118200421709
2vars_market_volatility_monetary_policy,6,3,PCE_price_index,0.0013872596796051248,0.0028814224633500448,0.9977131893769453,356,62.87251770871156,0.17660819581098752,0.11906611347797524,0.03507118200421709
2vars_market_volatility_monetary_policy,6,3,PPI_inflation,-0.06746510341583173,-0.6364826366901616,0.5275580599206782,356,62.87251770871156,0.17660819581098752,0.11906611347797524,0.03507118200421709
2vars_market_volatility_monetary_policy,6,3,nat_fin_condition_indx,-0.008267044973103307,-1.070865851776996,0.2897130174593159,356,62.87251770871156,0.17660819581098752,0.11906611347797524,0.03507118200421709
2vars_market_volatility_monetary_policy,6,3,10y_2y_spread,-0.003339071656646282,-0.21494726764521657,0.8307409293690646,356,62.87251770871156,0.17660819581098752,0.11906611347797524,0.03507118200421709
2vars_market_volatility_monetary_policy,6,3,10y_treasury_const_maturity_rate,7.365789609397199e-05,0.003348043167192358,0.9973428620793383,356,62.87251770871156,0.17660819581098752,0.11906611347797524,0.03507118200421709
2vars_market_volatility_monetary_policy,6,3,fed_reserve_discount_rate,0.02095574389123821,0.5358928930141604,0.5945665961610844,356,62.87251770871156,0.17660819581098752,0.11906611347797524,0.03507118200421709
2vars_market_volatility_monetary_policy,6,3,fedfunds,-0.01702443974565005,-0.34431834139000383,0.7321469369384168,356,62.87251770871156,0.17660819581098752,0.11906611347797524,0.03507118200421709
2vars_market_volatility_monetary_policy,6,3,m2_real_money_supply,0.010931784054833325,0.1294208246635992,0.8975784531104611,356,62.87251770871156,0.17660819581098752,0.11906611347797524,0.03507118200421709
2vars_market_volatility_monetary_policy,6,4,industrial_production,0.007167427738846122,0.20515071909127477,0.8388299239122343,356,46.22133325492328,0.1298352057722564,0.125430494780563,0.03884820514191977
2vars_market_volatility_monetary_policy,6,4,retail_sales,0.0062938008902251475,0.04570384055617399,0.9638469764209179,356,46.22133325492328,0.1298352057722564,0.125430494780563,0.03884820514191977
2vars_market_volatility_monetary_policy,6,4,tot_business_inventories,0.010360281270081172,0.09577977255262186,0.9243277918679178,356,46.22133325492328,0.1298352057722564,0.125430494780563,0.03884820514191977
2vars_market_volatility_monetary_policy,6,4,export_price_index,0.039499321932097584,0.6124756566084831,0.5448044906679428,356,46.22133325492328,0.1298352057722564,0.125430494780563,0.03884820514191977
2vars_market_volatility_monetary_policy,6,4,import_price_index,-0.006894084954959195,-0.0973096985612474,0.9231229561597065,356,46.22133325492328,0.1298352057722564,0.125430494780563,0.03884820514191977
2vars_market_volatility_monetary_policy,6,4,unemployment,0.016342819224224543,0.6161372479438394,0.5424173108517989,356,46.22133325492328,0.1298352057722564,0.125430494780563,0.03884820514191977
2vars_market_volatility_monetary_policy,6,4,cpi,-0.021919765728166753,-0.03629760669747423,0.9712837595442638,356,46.22133325492328,0.1298352057722564,0.125430494780563,0.03884820514191977
2vars_market_volatility_monetary_policy,6,4,PCE_price_index,0.02952369239458999,0.04863628368587051,0.9615291633141352,356,46.22133325492328,0.1298352057722564,0.125430494780563,0.03884820514191977
2vars_market_volatility_monetary_policy,6,4,PPI_inflation,-0.06285298768232789,-0.43826332372196997,0.6643122895572273,356,46.22133325492328,0.1298352057722564,0.125430494780563,0.03884820514191977
2vars_market_volatility_monetary_policy,6,4,nat_fin_condition_indx,-0.008110561222870344,-0.8659923136212545,0.3933175930402948,356,46.22133325492328,0.1298352057722564,0.125430494780563,0.03884820514191977
2vars_market_volatility_monetary_policy,6,4,10y_2y_spread,-0.0034831253847925673,-0.1610806174370204,0.8731019060042713,356,46.22133325492328,0.1298352057722564,0.125430494780563,0.03884820514191977
2vars_market_volatility_monetary_policy,6,4,10y_treasury_const_maturity_rate,0.0028265414799179952,0.0912736714950376,0.9278774509534999,356,46.22133325492328,0.1298352057722564,0.125430494780563,0.03884820514191977
2vars_market_volatility_monetary_policy,6,4,fed_reserve_discount_rate,0.024129248745828155,0.4665233189401316,0.6441865610783111,356,46.22133325492328,0.1298352057722564,0.125430494780563,0.03884820514191977
2vars_market_volatility_monetary_policy,6,4,fedfunds,-0.022021083634006403,-0.35022046121534545,0.728602479779036,356,46.22133325492328,0.1298352057722564,0.125430494780563,0.03884820514191977
2vars_market_volatility_monetary_policy,6,4,m2_real_money_supply,0.0054578365547902855,0.05227888503174327,0.9586505165372308,356,46.22133325492328,0.1298352057722564,0.125430494780563,0.03884820514191977
2vars_market_volatility_monetary_policy,6,5,industrial_production,0.0040463752367330625,0.14634573435121842,0.884205405843751,356,68.83656122377289,0.1933611270330699,0.12770496789082586,0.03933885085261403
2vars_market_volatility_monetary_policy,6,5,retail_sales,-0.02436600988341024,-0.2558247223282706,0.7990795392504075,356,68.83656122377289,0.1933611270330699,0.12770496789082586,0.03933885085261403
2vars_market_volatility_monetary_policy,6,5,tot_business_inventories,0.00790193600238004,0.10904299234331874,0.913581470233044,356,68.83656122377289,0.1933611270330699,0.12770496789082586,0.03933885085261403
2vars_market_volatility_monetary_policy,6,5,export_price_index,0.04888279113553725,0.9230094493380581,0.36019823019771957,356,68.83656122377289,0.1933611270330699,0.12770496789082586,0.03933885085261403
2vars_market_volatility_monetary_policy,6,5,import_price_index,-0.006707565867434941,-0.13734909139292378,0.8912769346905565,356,68.83656122377289,0.1933611270330699,0.12770496789082586,0.03933885085261403
2vars_market_volatility_monetary_policy,6,5,unemployment,0.012503337630345996,0.7060776823594942,0.48324170512052866,356,68.83656122377289,0.1933611270330699,0.12770496789082586,0.03933885085261403
2vars_market_volatility_monetary_policy,6,5,cpi,0.17714016255040257,0.39541511028844956,0.6941285751102115,356,68.83656122377289,0.1933611270330699,0.12770496789082586,0.03933885085261403
2vars_market_volatility_monetary_policy,6,5,PCE_price_index,-0.14383821233544028,-0.316146101983063,0.7531371846175925,356,68.83656122377289,0.1933611270330699,0.12770496789082586,0.03933885085261403
2vars_market_volatility_monetary_policy,6,5,PPI_inflation,-0.07398249155852793,-0.6771398647808125,0.5012713568593714,356,68.83656122377289,0.1933611270330699,0.12770496789082586,0.03933885085261403
2vars_market_volatility_monetary_policy,6,5,nat_fin_condition_indx,-0.007425691405187982,-1.0726986312400093,0.28828141346335956,356,68.83656122377289,0.1933611270330699,0.12770496789082586,0.03933885085261403
2vars_market_volatility_monetary_policy,6,5,10y_2y_spread,-0.0007470328392398226,-0.04172815496646084,0.9668726979912379,356,68.83656122377289,0.1933611270330699,0.12770496789082586,0.03933885085261403
2vars_market_volatility_monetary_policy,6,5,10y_treasury_const_maturity_rate,0.00702191728221116,0.2574738812972433,0.7978131042917851,356,68.83656122377289,0.1933611270330699,0.12770496789082586,0.03933885085261403
2vars_market_volatility_monetary_policy,6,5,fed_reserve_discount_rate,0.03480175976124177,0.7915651067150161,0.4321535938726284,356,68.83656122377289,0.1933611270330699,0.12770496789082586,0.03933885085261403
2vars_market_volatility_monetary_policy,6,5,fedfunds,-0.03018063032067296,-0.5697354863161043,0.5712716749971647,356,68.83656122377289,0.1933611270330699,0.12770496789082586,0.03933885085261403
2vars_market_volatility_monetary_policy,6,5,m2_real_money_supply,0.023113018498871898,0.3143827405751942,0.7544684238998589,356,68.83656122377289,0.1933611270330699,0.12770496789082586,0.03933885085261403
2x2_growth_inflation,4,0,industrial_production,0.004976633337143454,0.23627154868194536,0.8137529570785988,107,107.0,1.0,0.19592757353660883,0.038183326853172064
2x2_growth_inflation,4,0,retail_sales,-0.07913625741140916,-0.6253661260159519,0.5332959577306005,107,107.0,1.0,0.19592757353660883,0.038183326853172064
2x2_growth_inflation,4,0,tot_business_inventories,-0.02646240070341409,-0.43798305737741616,0.662436445552594,107,107.0,1.0,0.19592757353660883,0.038183326853172064
2x2_growth_inflation,4,0,export_price_index,0.05412389068071098,0.9944807927567357,0.32262590369568667,107,107.0,1.0,0.19592757353660883,0.038183326853172064
2x2_growth_inflation,4,0,import_price_index,-0.004379183847245056,-0.06398614987184928,0.9491216020648319,107,107.0,1.0,0.19592757353660883,0.038183326853172064
2x2_growth_inflation,4,0,unemployment,0.009215736653957446,0.5267636678292935,0.5996394285994628,107,107.0,1.0,0.19592757353660883,0.038183326853172064
2x2_growth_inflation,4,0,cpi,0.563337893815293,1.2572124751202058,0.21189382854184036,107,107.0,1.0,0.19592757353660883,0.038183326853172064
2x2_growth_inflation,4,0,PCE_price_index,-0.4810195692496442,-1.1021053658073001,0.2733222088413183,107,107.0,1.0,0.19592757353660883,0.038183326853172064
2x2_growth_inflation,4,0,PPI_inflation,-0.06140398639362807,-0.6028936167938499,0.5480790659712786,107,107.0,1.0,0.19592757353660883,0.038183326853172064
2x2_growth_inflation,4,0,nat_fin_condition_indx,-0.018204329418147352,-3.0986869557358787,0.0025860018157066733,107,107.0,1.0,0.19592757353660883,0.038183326853172064
2x2_growth_inflation,4,0,10y_2y_spread,-0.00832884173634312,-0.5332212250267772,0.595180356742091,107,107.0,1.0,0.19592757353660883,0.038183326853172064
2x2_growth_inflation,4,0,10y_treasury_const_maturity_rate,0.016295078468515883,0.8103400561753233,0.4198588680194115,107,107.0,1.0,0.19592757353660883,0.038183326853172064
2x2_growth_inflation,4,0,fed_reserve_discount_rate,0.029895145635185184,0.7515282426918954,0.45427407392073516,107,107.0,1.0,0.19592757353660883,0.038183326853172064
2x2_growth_inflation,4,0,fedfunds,-0.02859372144970572,-0.5300943902783007,0.5973375775925485,107,107.0,1.0,0.19592757353660883,0.038183326853172064
2x2_growth_inflation,4,0,m2_real_money_supply,0.054478846565113995,0.8289098900400212,0.40932433174828065,107,107.0,1.0,0.19592757353660883,0.038183326853172064
2x2_growth_inflation,4,1,industrial_production,0.020833646341016546,0.5792919307802362,0.5644911537644139,78,78.0,1.0,0.151750630497962,0.03115369254197913
2x2_growth_inflation,4,1,retail_sales,7.653279983818756e-05,0.0008283932622662196,0.9993416975712424,78,78.0,1.0,0.151750630497962,0.03115369254197913
2x2_growth_inflation,4,1,tot_business_inventories,-0.05133268567749714,-0.6621644356737174,0.5103197216961517,78,78.0,1.0,0.151750630497962,0.03115369254197913
2x2_growth_inflation,4,1,export_price_index,0.0720517938200771,1.4859209902617887,0.14236754389772255,78,78.0,1.0,0.151750630497962,0.03115369254197913
2x2_growth_inflation,4,1,import_price_index,0.008207771229476508,0.18811169411084747,0.8514034308833325,78,78.0,1.0,0.151750630497962,0.03115369254197913
2x2_growth_inflation,4,1,unemployment,0.0072300244417879455,0.47819271323488405,0.6341949197592671,78,78.0,1.0,0.151750630497962,0.03115369254197913
2x2_growth_inflation,4,1,cpi,-0.11652571968384678,-0.23577348508847756,0.8143855446291235,78,78.0,1.0,0.151750630497962,0.03115369254197913
2x2_growth_inflation,4,1,PCE_price_index,0.14988349359903516,0.3040468469707511,0.7621103150128357,78,78.0,1.0,0.151750630497962,0.03115369254197913
2x2_growth_inflation,4,1,PPI_inflation,-0.1270593357207262,-1.3512708258137907,0.1815190015959265,78,78.0,1.0,0.151750630497962,0.03115369254197913
2x2_growth_inflation,4,1,nat_fin_condition_indx,0.0004719521732008025,0.06456563992204002,0.9487275708643159,78,78.0,1.0,0.151750630497962,0.03115369254197913
2x2_growth_inflation,4,1,10y_2y_spread,-0.0011832059577591783,-0.08244029344490625,0.9345621757568501,78,78.0,1.0,0.151750630497962,0.03115369254197913
2x2_growth_inflation,4,1,10y_treasury_const_maturity_rate,-0.00815146283279076,-0.37636280867963756,0.7079320944741618,78,78.0,1.0,0.151750630497962,0.03115369254197913
2x2_growth_inflation,4,1,fed_reserve_discount_rate,0.02905689856960074,0.6743946760944981,0.5025673584566128,78,78.0,1.0,0.151750630497962,0.03115369254197913
2x2_growth_inflation,4,1,fedfunds,-0.016751185578231832,-0.3044663963939256,0.7617922167387707,78,78.0,1.0,0.151750630497962,0.03115369254197913
2x2_growth_inflation,4,1,m2_real_money_supply,0.05570981258375858,0.6821030781369369,0.4977142066380926,78,78.0,1.0,0.151750630497962,0.03115369254197913
2x2_growth_inflation,4,2,industrial_production,-0.018895295361849643,-1.050809699326066,0.2969602152081361,86,86.0,1.0,0.23714388351923366,0.0305947374731642
2x2_growth_inflation,4,2,retail_sales,-0.013687581540875435,-0.15584112931661878,0.8766067979569125,86,86.0,1.0,0.23714388351923366,0.0305947374731642
2x2_growth_inflation,4,2,tot_business_inventories,-0.06070173267218743,-0.8298913020469584,0.4094215736345883,86,86.0,1.0,0.23714388351923366,0.0305947374731642
2x2_growth_inflation,4,2,export_price_index,0.0001836371409387036,0.005122215834275668,0.9959276508060033,86,86.0,1.0,0.23714388351923366,0.0305947374731642
2x2_growth_inflation,4,2,import_price_index,-0.017539961067693878,-0.5067664657024358,0.613911323739011,86,86.0,1.0,0.23714388351923366,0.0305947374731642
2x2_growth_inflation,4,2,unemployment,-0.017980313689606443,-1.0417531589150972,0.3011108013110322,86,86.0,1.0,0.23714388351923366,0.0305947374731642
2x2_growth_inflation,4,2,cpi,-0.04947099200415643,-0.17050897969575826,0.8651017500780491,86,86.0,1.0,0.23714388351923366,0.0305947374731642
2x2_growth_inflation,4,2,PCE_price_index,0.13152540006308805,0.4444556573261392,0.6580843089452855,86,86.0,1.0,0.23714388351923366,0.0305947374731642
2x2_growth_inflation,4,2,PPI_inflation,0.04234854197735204,0.5972130221755133,0.5522921069227773,86,86.0,1.0,0.23714388351923366,0.0305947374731642
2x2_growth_inflation,4,2,nat_fin_condition_indx,-0.01713792552367096,-3.0938194901782228,0.002838808529801895,86,86.0,1.0,0.23714388351923366,0.0305947374731642
2x2_growth_inflation,4,2,10y_2y_spread,0.002205703439560508,0.21468952501780209,0.8306336104001295,86,86.0,1.0,0.23714388351923366,0.0305947374731642
2x2_growth_inflation,4,2,10y_treasury_const_maturity_rate,-0.013662566141308922,-0.8113446867686255,0.419918006682495,86,86.0,1.0,0.23714388351923366,0.0305947374731642
2x2_growth_inflation,4,2,fed_reserve_discount_rate,-0.009432343940267183,-0.3630716337227355,0.7176454619899553,86,86.0,1.0,0.23714388351923366,0.0305947374731642
2x2_growth_inflation,4,2,fedfunds,0.017318593103762787,0.5627869584701956,0.5753780663176942,86,86.0,1.0,0.23714388351923366,0.0305947374731642
2x2_growth_inflation,4,2,m2_real_money_supply,-0.02030780745969258,-0.3850024365605454,0.7014029529020385,86,86.0,1.0,0.23714388351923366,0.0305947374731642
2x2_growth_inflation,4,3,industrial_production,0.003145925158669271,0.1244752545496921,0.9013009156183687,85,85.0,1.0,0.2921734517340673,0.04316672638684066
2x2_growth_inflation,4,3,retail_sales,0.05131490498418232,0.39888272217459303,0.6912114218165466,85,85.0,1.0,0.2921734517340673,0.04316672638684066
2x2_growth_inflation,4,3,tot_business_inventories,0.018671191871617712,0.1753722468057527,0.86130077638833,85,85.0,1.0,0.2921734517340673,0.04316672638684066
2x2_growth_inflation,4,3,export_price_index,0.06572648276249024,1.1134923434677642,0.26936100297015586,85,85.0,1.0,0.2921734517340673,0.04316672638684066
2x2_growth_inflation,4,3,import_price_index,0.024676651965392704,0.35961030859079296,0.7202368517594282,85,85.0,1.0,0.2921734517340673,0.04316672638684066
2x2_growth_inflation,4,3,unemployment,0.0333258745342363,1.5873388110938238,0.1170082825094485,85,85.0,1.0,0.2921734517340673,0.04316672638684066
2x2_growth_inflation,4,3,cpi,-0.43141852455567464,-0.8548302644721782,0.395603532584194,85,85.0,1.0,0.2921734517340673,0.04316672638684066
2x2_growth_inflation,4,3,PCE_price_index,0.6039627226137887,1.1385283412364353,0.25883753002011556,85,85.0,1.0,0.2921734517340673,0.04316672638684066
2x2_growth_inflation,4,3,PPI_inflation,-0.23669081002404918,-1.6760288367339353,0.09825847785646258,85,85.0,1.0,0.2921734517340673,0.04316672638684066
2x2_growth_inflation,4,3,nat_fin_condition_indx,-0.01069149084347835,-0.753101730557754,0.4539507259231077,85,85.0,1.0,0.2921734517340673,0.04316672638684066
2x2_growth_inflation,4,3,10y_2y_spread,-0.006850077298532001,-0.33098692260364826,0.7416574290639504,85,85.0,1.0,0.2921734517340673,0.04316672638684066
2x2_growth_inflation,4,3,10y_treasury_const_maturity_rate,0.023349996302805917,0.949244755328669,0.3458091211633856,85,85.0,1.0,0.2921734517340673,0.04316672638684066
2x2_growth_inflation,4,3,fed_reserve_discount_rate,0.02936924118508205,0.6412599813546804,0.5234781640805397,85,85.0,1.0,0.2921734517340673,0.04316672638684066
2x2_growth_inflation,4,3,fedfunds,-0.03906890521968163,-0.6035999428264316,0.5480888862992859,85,85.0,1.0,0.2921734517340673,0.04316672638684066
2x2_growth_inflation,4,3,m2_real_money_supply,-0.0884888167823804,-0.8706868672971716,0.3869443429089663,85,85.0,1.0,0.2921734517340673,0.04316672638684066
