date,value,pct_change_mom,pct_change_yoy,log_value,log_diff,log_pct_change,zscore_value,zscore_pct_change_mom,zscore_pct_change_yoy,zscore_log_value,minmax_value,minmax_pct_change_mom,minmax_pct_change_yoy,minmax_log_value
1990-01-01,127.5,0.9501187648456089,5.198019801980203,4.848116364598481,0.00945633524203604,0.1954329335944971,0.04591620916117385,1.9392671475698717,0.5826348429518259,0.41852427759962535,0.3500303742637543,0.728457247046073,0.46564055856975295,0.6560419536271365
1990-02-01,128.0,0.39215686274509665,5.263157894736836,4.852030263919617,0.0039138993211356166,0.08073030898587685,0.05154532423494503,0.30364798820081457,0.6052920929810959,0.4229861659810281,0.3516811494677901,0.5790631941010176,0.4693457119129631,0.6574836665245611
1990-03-01,128.6,0.46874999999999556,5.237315875613735,4.856706811803519,0.004676547883901705,0.09638332057977372,0.058300262323470395,0.5281744340005654,0.5963033574539315,0.4283174821330748,0.353662079712633,0.5995709727848478,0.4678757787371947,0.6592063064921341
1990-04-01,128.9,0.2332814930015692,4.711616571892785,4.859036909945142,0.002330098141623438,0.04797691587972164,0.06167773136773323,-0.16208201545370904,0.41344721198587636,0.4309738197065771,0.3546525448350546,0.5365243839962838,0.4379732063671039,0.660064614861208
1990-05-01,129.1,0.15515903801395226,4.365400161681476,4.860587297852597,0.0015503879074545424,0.03190730871547309,0.06392937739724158,-0.3910915296761958,0.29302133768676997,0.43274127901591153,0.35531285491666886,0.515607131164718,0.4182798927393725,0.6606357113710538
1990-06-01,129.9,0.6196746707978429,4.673650282030639,4.866764923676554,0.0061776258239572,0.12709628374922843,0.07293596151527561,0.9705976214065719,0.40024124162834285,0.4397838405707577,0.3579540952431262,0.6399809867571404,0.43581362631403747,0.6629112841681788
1990-07-01,130.5,0.4618937644341736,4.819277108433728,4.871373226762748,0.004608303086194532,0.09468924754871821,0.07969089960380096,0.5080759466121098,0.450895218082817,0.4450373569009396,0.3599350254879692,0.5977352187391538,0.4440971006970595,0.6646087856748554
1990-08-01,131.6,0.8429118773946254,5.702811244979911,4.879767018891217,0.008393792128468469,0.17230854089260728,0.0920749527660975,1.6249990255510982,0.7582185214517706,0.45460637247874874,0.36356673093684794,0.6997526502633312,0.49435386016490557,0.6677006992313858
1990-09-01,132.5,0.6838905775075954,6.169871794871806,4.886582645426277,0.006815626535059849,0.13967114636157518,0.1022073598988857,1.1588412397527694,0.9206781086129447,0.4623762618789545,0.3665381263041124,0.6571747674271033,0.5209209714307983,0.6702112841681424
1990-10-01,133.4,0.6792452830188811,6.379585326953752,4.893352133481524,0.00676948805524713,0.13853215112575867,0.11233976703167389,1.1452239432347646,0.9936236268161633,0.47009355290344307,0.3695095216713769,0.6559309918786657,0.5328497946681151,0.6727048736648134
1990-11-01,133.7,0.2248875562218755,6.195393169181873,4.895598484107897,0.002246350626373683,0.04590617157926857,0.11571723607593641,-0.1866881467463907,0.9295553129393622,0.47265441738614655,0.37049998679379836,0.5342769111294766,0.522372665844105,0.6735323330357512
1990-12-01,134.2,0.37397157816005944,6.254948535233562,4.8993312245375815,0.0037327404296840783,0.07624686627796251,0.1213463511497076,0.25033933079268306,0.9502707002359974,0.47690978263380635,0.37215076199783415,0.574194092182248,0.525760265239392,0.6749073147556827
1991-01-01,134.7,0.37257824143070994,5.647058823529405,4.903050083416319,0.00371885887873713,0.07590543909568037,0.12697546622347877,0.24625487943247867,0.7388259279771529,0.48114932276032635,0.37380153720187,0.5738210268881283,0.4911825780166672,0.6762771831067218
1991-02-01,134.8,0.07423904974017681,5.312500000000009,4.9037921984782065,0.0007421150618878158,0.01513578383378622,0.12810128923823327,-0.6283017813049244,0.6224549598782757,0.48199534211356315,0.3741316922426772,0.4939408400309052,0.47215236557044615,0.6765505465144924
1991-03-01,134.8,0.0,4.821150855365497,4.9037921984782065,0.0,0.0,0.12810128923823327,-0.8459274142939517,0.4515469711650461,0.48199534211356315,0.3741316922426772,0.47406336723980297,0.4442036822596256,0.6765505465144924
1991-04-01,135.1,0.2225519287833766,4.809930178432875,4.906015244966153,0.0022230464879466894,0.04533321148143532,0.1314787582824958,-0.19353484537075075,0.44764403707531286,0.4845296396215046,0.37512215736509863,0.5336515479140072,0.4435654331661909,0.677369421638832
1991-05-01,135.6,0.37009622501851247,5.034856700232382,4.909709375506295,0.0036941305401416713,0.07529798330594417,0.13710787335626698,0.2389790536415498,0.5258811519025113,0.4887409891693669,0.37677293256913447,0.5731564680895823,0.4563595942930102,0.678730181128922
1991-06-01,136.0,0.2949852507374784,4.695919938414161,4.912654885736052,0.002945510229757531,0.059993576085215494,0.14161116541528398,0.018797445989769863,0.40798738756836206,0.49209890330897865,0.3780935527323631,0.5530455378876237,0.437080358088175,0.6798151809562822
1991-07-01,136.2,0.14705882352941124,4.367816091954024,4.9141243937154115,0.0014695079793591859,0.02991270532000101,0.14386281144479235,-0.41483663835841433,0.293861680624702,0.4937741586084887,0.37875386281397744,0.5134383023127584,0.4184173145112954,0.6803564847642953
1991-08-01,136.6,0.2936857562408246,3.7993920972644313,4.91705694713669,0.0029325534212780724,0.05967601115324239,0.14836610350380935,0.014988085371742049,0.09614443062114068,0.49711730184356995,0.3800744829772061,0.5526975988098765,0.3860844970283866,0.6814367118582862
1991-09-01,137.0,0.2928257686676483,3.396226415094339,4.919980925828125,0.002923978691435458,0.059466032687249815,0.15286939556282636,0.01246710294227673,-0.04409034257489649,0.5004506697920842,0.3813951031404348,0.5524673375168464,0.3631518225833248,0.6825137803890153
1991-10-01,137.2,0.14598540145984717,2.8485757121439192,4.921439715291784,0.0014587894636592935,0.02965030730102125,0.15512104159233472,-0.41798328635796234,-0.23458193329144275,0.5021137058655123,0.38205541322204906,0.5131508940275528,0.3320006213879001,0.6830511359548642
1991-11-01,137.8,0.4373177842565745,3.0665669409125185,4.925803358579558,0.004363643287773833,0.08866599085253224,0.1618759796808604,0.43603349373597394,-0.1587571498908736,0.5070883073278347,0.3840363434668921,0.5911550108969927,0.34440029254622095,0.6846585152693425
1991-12-01,138.2,0.2902757619738683,2.980625931445613,4.92870191133357,0.0028985527540115186,0.058844264437851734,0.16637927173987707,0.00499196926529207,-0.18865036378239072,0.5103926894273351,0.3853569636301207,0.5517845743504247,0.3395118378023149,0.6857262179735888
1992-01-01,138.3,0.07235890014474222,2.672605790645899,4.929425238670713,0.000723327337142976,0.014675818301768118,0.16750509475463157,-0.6338132843111258,-0.2957902729937994,0.5112172905672062,0.3856871186709279,0.49343743080682095,0.3219911858126403,0.6859926607881465
1992-02-01,138.6,0.2169197396963085,2.8189910979228294,4.931592086755803,0.002166848085090045,0.04395741856659807,0.1708825637988941,-0.21004514176431777,-0.2448724710253475,0.5136875212762381,0.3866775837933494,0.5321435317725781,0.33031780373620134,0.6867908348275664
1992-03-01,139.1,0.3607503607503615,3.189910979228472,4.935193098929397,0.00360101217359432,0.07301926254739133,0.17651167887266528,0.21158242566336086,-0.11585388703075862,0.5177927148594977,0.38832835899738516,0.5706541170580204,0.35141628820392096,0.6881172934992085
1992-04-01,139.4,0.21567217828901697,3.1828275351591495,4.937347498326424,0.002154399397026552,0.04365380145903153,0.17988914791692812,-0.21370226482697427,-0.11831775044086194,0.5202487539268759,0.3893188241198067,0.531809497756579,0.3510133711800383,0.6889108819750601
1992-05-01,139.7,0.21520803443326741,3.0235988200590036,4.939497266262916,0.0021497679364923528,0.043540948600861995,0.18326661696119065,-0.21506286414443562,-0.1737029276418936,0.5226995130781777,0.39030928924222813,0.5316852234441234,0.34195620077296834,0.689702764419193
1992-06-01,140.1,0.28632784538296097,3.0147058823529305,4.942356453342962,0.002859187080045622,0.05788417172682969,0.18776990902020765,-0.006581021634928489,-0.17679619464702406,0.5259590178753045,0.3916299094054568,0.5507275214262298,0.3414503570112278,0.6907559664949826
1992-07-01,140.5,0.2855103497501732,3.1571218795888534,4.945207488773801,0.0028510354308393104,0.057685750871150354,0.19227320107922466,-0.008977442456232764,-0.12725905407402952,0.5292092297024545,0.3929505295686855,0.5505086373314785,0.34955119456962486,0.6918061658522985
1992-08-01,140.8,0.2135231316725994,3.0746705710102518,4.9473404437239425,0.0021329549501416523,0.043131758474923565,0.1956506701234875,-0.2200020172060473,-0.15593843098924653,0.5316408218639338,0.393940994691107,0.5312340914738457,0.3448612392960888,0.6925918551122747
1992-09-01,141.1,0.21306818181816567,2.9927007299270114,4.9494688588587685,0.0021284151348259783,0.04302140026619661,0.19902813916775003,-0.22133566506921257,-0.18445033709035602,0.5340672385858966,0.39493145981352845,0.5311122788511833,0.34019867062269077,0.6933758720987061
1992-10-01,141.7,0.425230333097093,3.279883381924198,4.953712146696635,0.004243287837866205,0.08573218579346342,0.20578307725627537,0.400600130579892,-0.0845584170938741,0.538904633508265,0.39691239005837137,0.5879186011856984,0.3565340546987154,0.6949389176196525
1992-11-01,142.1,0.2822865208186309,3.1204644412191396,4.956531035103055,0.0028188884064199726,0.056904566170645765,0.21028636931529238,-0.018427830282190343,-0.14000976124745337,0.5421181973731185,0.39823301022160007,0.5496454585583911,0.3474660639712127,0.6959772753898665
1992-12-01,142.3,0.14074595355384467,2.966714905933454,4.957937505095806,0.0014064699927516244,0.028376095757098874,0.21253801534480105,-0.433342294468215,-0.1934890928555633,0.5437215886728286,0.39889332030321445,0.5117480341639572,0.33872055760815223,0.696495358703211
1993-01-01,142.8,0.35137034434293835,3.2537960954446943,4.9614450499054845,0.003507544809678187,0.0707460472439081,0.21816713041857225,0.18408568351408477,-0.09363246497181282,0.5477202284306372,0.4005440955072503,0.5681426218062468,0.3550501703443494,0.69778738800072
1993-02-01,143.1,0.21008403361342243,3.2467532467532534,4.963543686562405,0.0020986366569202275,0.04229889953049071,0.22154459946283475,-0.23008344867182057,-0.09608220792508715,0.5501126973594448,0.4015345606296717,0.5303132744868763,0.3546495624470271,0.6985604358711522
1993-03-01,143.3,0.13976240391335715,3.0194104960460155,4.964940334834126,0.001396648271721368,0.02813812791659931,0.22379624549234342,-0.4362254888764994,-0.17515976956571863,0.5517048917888845,0.40219487071128607,0.5114846891819577,0.3417179625614636,0.6990749012830837
1993-04-01,143.8,0.34891835310537633,3.1563845050215145,4.9684234452869465,0.0034831104528203483,0.07015412508348806,0.22942536056611462,0.17689787403880808,-0.12751553809482888,0.5556756761104578,0.4038456459153219,0.5674861022349532,0.34950925158775736,0.7003579300099261
1993-05-01,144.2,0.2781641168289051,3.2211882605583497,4.971201224850849,0.0027777795639023495,0.05590867192564186,0.2339286526251313,-0.030512316557814965,-0.10497458195232295,0.5588423754415682,0.40516626607855044,0.5485416867101994,0.35319538732367706,0.7013811450430399
1993-06-01,144.3,0.06934812760057696,2.9978586723768963,4.971894465779825,0.0006932409289763797,0.013945139164972531,0.2350544756398858,-0.6426391149622872,-0.1826562288078146,0.5596326777443916,0.4054964211193577,0.49263129778738857,0.34049206219900974,0.7016365053132776
1993-07-01,144.5,0.1386001386001201,2.8469750889679624,4.973279507552487,0.0013850417726617437,0.027857425015653803,0.23730612166939413,-0.4396325734954384,-0.23513868461721144,0.5612116406369282,0.406156731200972,0.5111734931574832,0.3319095755181081,0.702146695388003
1993-08-01,144.8,0.20761245674740803,2.840909090909083,4.975353479951616,0.002073972399129431,0.04170230923035145,0.24068359071365697,-0.237328671796711,-0.23724864560748166,0.563575992039902,0.4071471963233935,0.5296515108722117,0.3315645323638399,0.7029106580021104
1993-09-01,145.0,0.13812154696131174,2.7639971651311157,4.976733742420574,0.001380262468957838,0.02774199812174416,0.24293523674316533,-0.4410355252937635,-0.2640012362781163,0.5651495064735187,0.4078075064050078,0.5110453504574923,0.3271896655713218,0.7034190875860247
1993-10-01,145.6,0.4137931034482678,2.752293577981657,4.980863135762585,0.004129393342011234,0.0829739655713091,0.24969017483169068,0.36707283799360996,-0.2680721430096867,0.5698570604147928,0.40978843664985076,0.584856287996807,0.326523947813567,0.7049401792522225
1993-11-01,146.0,0.27472527472527375,2.7445460942997935,4.983606621708336,0.002743485945750912,0.05508053265010915,0.2541934668907077,-0.040592997711079715,-0.2707669820424091,0.5729846646430834,0.41110905681307947,0.5476209382552143,0.32608325921108405,0.7059507619850315
1993-12-01,146.3,0.205479452054802,2.8109627547435068,4.9856593080260785,0.002052686317742136,0.041188770975630895,0.25757093593497055,-0.2435813986031768,-0.24766500256928303,0.575324749678572,0.412099521935501,0.5290803998074964,0.3298611394202466,0.7067068837183308
1994-01-01,146.3,0.0,2.450980392156854,4.9856593080260785,0.0,0.0,0.25757093593497055,-0.8459274142939517,-0.37287914455722854,0.575324749678572,0.412099521935501,0.47406336723980297,0.30938479757803333,0.7067068837183308
1994-02-01,146.7,0.2734107997265811,2.515723270440251,4.9883896851489355,0.002730377122857064,0.05476461495195206,0.2620742279939872,-0.04444627243159279,-0.3503593635995319,0.5784374097042235,0.41342014209872957,0.5472689881546602,0.3130674705236017,0.7077126377221701
1994-03-01,147.1,0.27266530334015826,2.6517794836008246,4.991112627607392,0.002722942458456501,0.05458560037046034,0.2665775200530042,-0.046631633418217924,-0.30303437281215856,0.5815415941304827,0.4147407622619582,0.547069381826335,0.320806553934285,0.7087156531140332
1994-04-01,147.2,0.06798096532969478,2.364394993045882,4.991792206294776,0.0006795786873841081,0.013615775441033762,0.2677033430677584,-0.646646838062741,-0.4029964991422173,0.5823163213272488,0.41507091730276535,0.49226524069296734,0.30445968897548625,0.7089659807995528
1994-05-01,147.5,0.20380434782609758,2.288488210818307,4.993828175779875,0.0020359694850986543,0.04078634287965066,0.27108081211202123,-0.24849182807890743,-0.42939946660816847,0.5846373489892011,0.41606138242518687,0.5286318913898258,0.30014199627002736,0.7097159447676035
1994-06-01,147.9,0.2711864406779618,2.494802494802495,4.996536369716754,0.0027081939368791552,0.05423081935445051,0.2755841041710383,-0.050966796975546756,-0.35763632281603625,0.5877247199382424,0.41738200258841557,0.5466734170014556,0.31187746512865727,0.710713527435722
1994-07-01,148.4,0.33806626098715764,2.69896193771626,4.99991133073328,0.0033749610165259014,0.06754601121250481,0.28121321924480946,0.14508586371879356,-0.28662270623355574,0.5915722127099662,0.41903277779245135,0.5645804593615411,0.3234903633645029,0.7119567185417259
1994-08-01,149.0,0.40431266846361336,2.900552486187835,5.003946305945459,0.004034975212179326,0.08070093538214973,0.2879681573333348,0.33928172709217036,-0.21650263874366163,0.5961721289421619,0.4210137080372943,0.5823179057153148,0.33495713899484947,0.7134430306123439
1994-09-01,149.3,0.2013422818792021,2.965517241379323,5.005957704545144,0.0020113985996852435,0.040196246656276635,0.29134562637759764,-0.25570917073117855,-0.193905681430785,0.5984651455238202,0.42200417315971583,0.5279726743195563,0.3386524326348994,0.7141839437184548
1994-10-01,149.4,0.06697923643670389,2.609890109890123,5.006627272698717,0.0006695681535724418,0.013375425704542643,0.2924714493923518,-0.6495833234458852,-0.31760492551898833,0.5992284606016631,0.422334328200523,0.4919970282241362,0.31842382293187343,0.7144305839520186
1994-11-01,149.8,0.2677376171352108,2.602739726027403,5.00930107108312,0.002673798384402737,0.053405181547727665,0.2969747414513688,-0.06107673789188988,-0.3200920728720461,0.6022766202416302,0.4236549483637517,0.5457499960205531,0.31801709827118724,0.7154154967715921
1994-12-01,150.1,0.20026702269690944,2.597402597402576,5.011301738639416,0.002000667556296243,0.039939055926296874,0.3003522104956314,-0.2588612040747178,-0.3219485082169199,0.6045574033155029,0.42464541348617313,0.5276847741482286,0.31771351431392736,0.7161524570208748
1995-01-01,150.5,0.26648900732844094,2.8708133971291794,5.01396308418893,0.002661345549514138,0.05310687099508993,0.3048555025546484,-0.06473693425088972,-0.22684690809404215,0.6075913665863899,0.42596603364940183,0.5454156812960566,0.33326553458049585,0.7171327827493672
1995-02-01,150.9,0.2657807308970028,2.862985685071595,5.016617365773803,0.0026542815848733525,0.05293779671500243,0.3093587946136654,-0.0668131880184472,-0.22956965329182435,0.6106172768596979,0.4272866538126305,0.5452260405942457,0.3328202824665261,0.7181105064157997
1995-03-01,151.2,0.1988071570576455,2.7872195785180187,5.018603463745433,0.001986097971629519,0.039590381861298596,0.3127362636579279,-0.2631406794308228,-0.2559236889609738,0.6128814504464039,0.42827711893505194,0.527293895767852,0.3285105916064048,0.7188420998540326
1995-04-01,151.8,0.3968253968254176,3.125000000000022,5.02256386496153,0.003960401216096976,0.07891440805609662,0.31949120174645357,0.3173334096591507,-0.13843213922979855,0.6173963515008002,0.43025804917989496,0.5803131920398475,0.3477240534220721,0.7203009420581203
1995-05-01,152.1,0.19762845849802257,3.1186440677966054,5.024538199265247,0.0019743343037168515,0.039309292162315046,0.3228686707907161,-0.2665959367521241,-0.14064294920300333,0.6196471143763774,0.4312485143023164,0.526978299748913,0.34736251837466614,0.7210282022648725
1995-06-01,152.4,0.19723865877712132,3.0425963488843744,5.026508643252546,0.0019704439872993973,0.03921641968185341,0.3262461398349789,-0.267738602388295,-0.16709493925416402,0.6218934422483435,0.43223897942473793,0.5268739310457398,0.3430368089771882,0.7217540294456591
1995-07-01,152.6,0.1312335958005173,2.8301886792452713,5.027820118850356,0.0013114755978103076,0.02609118358070095,0.3284977858644873,-0.46122698432525167,-0.2409775703764517,0.6233885388903965,0.43289928950635226,0.5092011045752469,0.33095473911635936,0.722237120892036
1995-08-01,152.9,0.1965923984272644,2.6174496644295386,5.029784112935016,0.001963994084659859,0.03906253680987515,0.33187525490875014,-0.26963306114289315,-0.31497545465085325,0.6256275138022358,0.43388975462877377,0.526700895122392,0.31885382184018574,0.7229605722049068
1995-09-01,153.1,0.1308044473512071,2.54521098459477,5.031091302663638,0.0013071897286218714,0.025988982812608086,0.3341269009382585,-0.4624849975036834,-0.34010253101331006,0.6271177245061572,0.43455006471038804,0.5090862002674148,0.314744776352795,0.7234420849206167
1995-10-01,153.5,0.2612671456564408,2.7443105756358666,5.033700567027251,0.002609264363613306,0.05186279092632695,0.3386301929972755,-0.08004438977096166,-0.27084890346548623,0.6300923146508614,0.43587068487361674,0.5440175301388508,0.32606986255287523,0.7244032261705966
1995-11-01,153.7,0.13029315960910726,2.603471295060067,5.03500265054455,0.0013020835172987688,0.02586732166445227,0.3408818390267838,-0.46398379522406685,-0.3198376082141898,0.6315767042175725,0.436530994955231,0.5089493032002032,0.318058711025452,0.7248828579767281
1995-12-01,153.9,0.13012361743658385,2.5316455696202667,5.0363030408448335,0.0013003903002832828,0.025827003291500894,0.3431334850562925,-0.46448079407767384,-0.34482104495532023,0.6330591634982162,0.4371913050368454,0.5089039083583635,0.3139731550093118,0.7253618660742233
1996-01-01,154.7,0.5198180636777128,2.7906976744185963,5.04148775757902,0.005184716734186523,0.102946877742216,0.35214006917432616,0.6778762381357633,-0.2547138885951634,0.6389697977427423,0.43983254536330263,0.6132444242878072,0.32870843096750146,0.7272716936839434
1996-02-01,155.0,0.19392372333548735,2.717031146454607,5.043425116919247,0.001937359340226763,0.03842832579161737,0.355517538218589,-0.2774560614119244,-0.28033761923008177,0.6411784087522487,0.44082301048572414,0.5259863585447992,0.3245181673165803,0.7279853338975962
1996-03-01,155.5,0.3225806451612856,2.8439153439153486,5.0466457316192885,0.0032206147000417573,0.06385768848311546,0.36114665329236023,0.09969106195173263,-0.23620296829131138,0.6448499450213323,0.44247378568976,0.5604341925611237,0.3317355325866791,0.7291716704304783
1996-04-01,156.1,0.38585209003214604,2.832674571805005,5.050496827521386,0.0038510959020978675,0.07631001078536315,0.3679015913808856,0.2851660685465376,-0.24011289216915105,0.649240236812551,0.44445471593460295,0.5773750939907069,0.33109614044910896,0.7305902492378816
1996-05-01,156.4,0.19218449711724261,2.827087442472065,5.052416828111211,0.0019200005898243333,0.03801607357443171,0.3712790604251484,-0.2825544591955882,-0.24205628628594306,0.6514290586551983,0.44544518105702446,0.5255206814927393,0.3307783360730393,0.7312974952312736
1996-06-01,156.7,0.19181585677747748,2.8215223097112663,5.054333149361975,0.0019163212507642413,0.03792880350057537,0.3746565294694109,-0.28363509785633956,-0.24399202924480723,0.653613686010748,0.4464356461794459,0.5254219782045234,0.3304617828952986,0.7320033859137233
1996-07-01,157.0,0.19144862795150708,2.8833551769331667,5.056245805348308,0.001912655986332723,0.037841905743274395,0.37803399851367375,-0.2847115987811672,-0.22248444937280412,0.6557941349244318,0.44742611130186744,0.5253236528485028,0.3339789300055686,0.732707926469721
1996-08-01,157.2,0.1273885350318471,2.8122956180510084,5.057518879995106,0.0012730746467983778,0.025178258648961283,0.3802856445431821,-0.47249846189119193,-0.24720138725703047,0.6572454540589159,0.4480864213834817,0.5081715912520448,0.3299369547032989,0.7331768726502633
1996-09-01,157.7,0.31806615776082126,3.0045721750489918,5.060694493968993,0.0031756139738865485,0.06278995786743735,0.3859147596169533,0.08645721559209442,-0.18032104363157458,0.660865689003997,0.44973719658751754,0.5592254405528132,0.34087393639608055,0.7343466328427829
1996-10-01,158.2,0.3170577045022105,3.0618892508143203,5.063860055333554,0.0031655613645611425,0.0625519159145771,0.3915438746907245,0.0835010182873996,-0.16038421002771686,0.6644744638636055,0.4513879717915533,0.5589554276380562,0.3441342184508281,0.7355126900845294
1996-11-01,158.7,0.3160556257901348,3.2530904359141077,5.0670156275323635,0.0031555721988096863,0.06231554909355008,0.39717298976449567,0.08056350743854668,-0.09387791742126926,0.6680718509641151,0.45303874699558916,0.5586871215053196,0.3550100313617929,0.7366750677453984
1996-12-01,159.1,0.2520478890989386,3.378817413905133,5.069532935343741,0.0025173078113773784,0.049680285130748736,0.40167628182351267,-0.10706987771883424,-0.050145786878084575,0.670941609625342,0.4543593671588178,0.5415490782659174,0.36216157223627937,0.7376023361395679
1997-01-01,159.4,0.18856065367693908,3.0381383322559907,5.071416766356115,0.0018838310123738822,0.03715985350918327,0.4050537508677755,-0.2931774564633238,-0.1686455894668024,0.6730891977508839,0.4553498322812394,0.5245503990115391,0.3427832302413714,0.7382962588095868
1997-02-01,159.7,0.18820577164364583,3.0322580645161246,5.073297055220967,0.00188028886485192,0.037076204766406384,0.408431219912038,-0.29421776378679004,-0.17069094711826094,0.6752327477891944,0.4563402974036608,0.5244553795038066,0.3424487517088676,0.738988876704151
1997-03-01,159.8,0.06261740763933155,2.7652733118971096,5.073923033332174,0.0006259781112074592,0.012338684378110365,0.4095570429267925,-0.6623696637390343,-0.2635573489131731,0.6759463697381102,0.456670452444468,0.49082915048940423,0.3272622547316172,0.7392194602328482
1997-04-01,159.9,0.06257822277846437,2.434336963484962,5.074548619839908,0.0006255865077342548,0.012329444172176629,0.4106828659415467,-0.6624845309171522,-0.3786682966309968,0.6766595452547487,0.45700060748527516,0.4908186587602073,0.3084380941549451,0.7394498995115963
1997-05-01,159.9,0.0,2.237851662404089,5.074548619839908,0.0,0.0,0.4106828659415467,-0.8459274142939517,-0.44701258497696394,0.6766595452547487,0.45700060748527516,0.47406336723980297,0.2972617127261642,0.7394498995115963
1997-06-01,160.2,0.18761726078797558,2.233567326100827,5.076423034634259,0.0018744147943507983,0.03693756695959394,0.41406033498580924,-0.2959429346764282,-0.44850282324960045,0.6787963987879194,0.4579910726076966,0.5242978059820308,0.29701801319021415,0.7401403536501445
1997-07-01,160.4,0.12484394506866447,2.165605095541401,5.077670695432414,0.0012476607981550814,0.02457755765512548,0.4163119810153179,-0.479957716870522,-0.47214240471669816,0.6802187458547327,0.458651382689311,0.507490278412849,0.29315221861268353,0.7405999384571931
1997-08-01,160.8,0.24937655860348684,2.2900763358778775,5.080161356744866,0.002490661312451792,0.04905125719736336,0.4208152730743349,-0.1149006620840733,-0.4288470625534953,0.6830581272133758,0.45997200285253964,0.540833830705163,0.30023233122803555,0.7415173914222929
1997-09-01,161.2,0.24875621890545485,2.21940393151554,5.0826458300725275,0.0024844733276614406,0.04890540187985071,0.4253185651333516,-0.11671913659209726,-0.4534293348928105,0.685890454201128,0.46129262301576823,0.5406677350248973,0.2962123778610536,0.7424325649987961
1997-10-01,161.5,0.18610421836229296,2.0859671302149163,5.084505142662711,0.0018593125901835705,0.036581588651762864,0.4286960341776144,-0.3003782933829424,-0.4998432049069329,0.6880100910550287,0.46228308813818975,0.5238926895405683,0.2886222905630812,0.7431174561320799
1997-11-01,161.7,0.12383900928791824,1.8903591682419618,5.085742766583061,0.0012376239203497619,0.024341088967827496,0.43094768020712276,-0.48290360297983553,-0.5678823247917534,0.6894209959704757,0.46294339821980407,0.5072212073012373,0.27749581351115965,0.7435733437831735
1997-12-01,161.8,0.06184291898578831,1.6970458830924073,5.086361004624392,0.0006182380413308763,0.012156297903875846,0.43207350322187726,-0.6646400131583771,-0.635123277823295,0.6901257941543888,0.4632735532606113,0.49062178149435776,0.26649986115138075,0.7438010762015963
1998-01-01,162.0,0.12360939431395046,1.6311166875784044,5.087596335232384,0.001235330607991969,0.024287120140886742,0.4343251492513856,-0.483576700281436,-0.6580557003701197,0.6915340846684614,0.4639338633422256,0.5071597279933333,0.2627497086855029,0.7442561190946282
1998-02-01,162.0,0.0,1.440200375704448,5.087596335232384,0.0,0.0,0.4343251492513856,-0.8459274142939517,-0.7244629043537485,0.6915340846684614,0.4639338633422256,0.47406336723980297,0.2518900997949571,0.7442561190946282
1998-03-01,162.0,0.0,1.3767209011263937,5.087596335232384,0.0,0.0,0.4343251492513856,-0.8459274142939517,-0.746543230417566,0.6915340846684614,0.4639338633422256,0.47406336723980297,0.24827929116509972,0.7442561190946282
1998-04-01,162.2,0.12345679012344402,1.4383989993745905,5.088830141681313,0.001233806448929009,0.024251264597885402,0.436576795280894,-0.4840240468419318,-0.7250894844726181,0.6929406376243967,0.46459417342383985,0.5071188682887006,0.2517876347818059,0.7447106005527334
1998-05-01,162.6,0.2466091245376223,1.6885553470919357,5.0912931971137105,0.002463055432397887,0.048401211355497686,0.441080087339911,-0.12301316611594044,-0.6380765757923335,0.6957485479753912,0.46591479358706855,0.5400928514558606,0.26601690660794125,0.7456178846938414
1998-06-01,162.8,0.12300123001232066,1.6229712858926382,5.09252245356844,0.0012292564547298213,0.02414428725940887,0.44333173336941967,-0.4853594836221,-0.6608889488545782,0.6971499138877704,0.46657510366868293,0.5069968922700788,0.26228638590446046,0.7460706901289368
1998-07-01,163.2,0.24570024570023108,1.74563591022443,5.094976442530006,0.0024539889615660115,0.04818808329154489,0.44783502542843634,-0.12567746924198855,-0.6182220093478356,0.6999474883620481,0.4678957238319115,0.5398494995484228,0.26926373546602356,0.7469746345704614
1998-08-01,163.4,0.1225490196078427,1.6169154228855787,5.096201182425903,0.0012247398958962208,0.024038185646402255,0.450086671457945,-0.4866851010143372,-0.6629953845281953,0.7013437053475566,0.4685560339135259,0.5068758131339326,0.2619419192472855,0.7474257762987039
1998-09-01,163.5,0.0611995104039087,1.4267990074441794,5.096812990337308,0.0006118079114054709,0.012005175806550916,0.4512124944726992,-0.6665261121910583,-0.729124357254153,0.7020411731124552,0.46888618895433304,0.4904495091306269,0.2511278096769667,0.7476511401326319
1998-10-01,163.9,0.24464831804280607,1.4860681114551078,5.099256485749784,0.0024434954124759045,0.047941633666148675,0.4557157865317162,-0.1287611081504469,-0.7085085416575312,0.7048267848250666,0.4702068091175617,0.5395678463825774,0.2544991260539387,0.7485512192000573
1998-11-01,164.1,0.12202562538132788,1.4842300556586308,5.100475998096045,0.0012195123462612756,0.02391549336004939,0.4579674325612245,-0.4882193878922907,-0.7091478801457507,0.7062170423463514,0.470867119199176,0.5067356745608638,0.25439457465718884,0.7490004353228836
1998-12-01,164.4,0.1828153564899626,1.606922126081578,5.10230248262208,0.0018264845260347329,0.035810079818365814,0.46134490160548736,-0.31001931989505876,-0.6664713939525253,0.7082992548451547,0.4718575843215975,0.5230120982262972,0.26137348539397376,0.7496732340031947
1999-01-01,164.7,0.18248175182480342,1.6666666666666607,5.104125637183595,0.001823154561514606,0.03573199683326589,0.4647223706497499,-0.31099725437398124,-0.6456902053018609,0.7103776711476882,0.4728480494440189,0.5229227757244886,0.26477184532315406,0.7503448060671822
1999-02-01,164.7,0.0,1.6666666666666607,5.104125637183595,0.0,0.0,0.4647223706497499,-0.8459274142939517,-0.6456902053018609,0.7103776711476882,0.4728480494440189,0.47406336723980297,0.26477184532315406,0.7503448060671822
1999-03-01,164.8,0.06071645415908211,1.7283950617283939,5.1047326174753715,0.0006069802917769707,0.011891954370302216,0.46584819366450436,-0.6679421516125973,-0.6242189644099205,0.7110696353729802,0.47317820448482617,0.49032017103434583,0.26828304989876983,0.7505683916127817
1999-04-01,165.9,0.6674757281553312,2.281134401972884,5.111385197196399,0.006652579721027507,0.13032180565644147,0.47823224682680093,1.1107224667726678,-0.4319573721075006,0.7186536496074075,0.476809909933705,0.6527796987602545,0.2997237004883141,0.7530189170857179
1999-05-01,166.0,0.06027727546713546,2.091020910209096,5.111987788356544,0.0006025911601446055,0.01178919484439156,0.4793580698415551,-0.6692295676175797,-0.49808532787868065,0.7193406101742433,0.4771400649745121,0.4902025811334762,0.2889097572212046,0.7532408858631883
1999-06-01,166.0,0.0,1.9656019656019597,5.111987788356544,0.0,0.0,0.4793580698415551,-0.8459274142939517,-0.5417103139062559,0.7193406101742433,0.4771400649745121,0.47406336723980297,0.2817757377519947,0.7532408858631883
1999-07-01,166.7,0.42168674698794817,2.1446078431372584,5.116195789756748,0.0042080014002046084,0.08231634296522738,0.4872388309448346,0.39021240103926963,-0.4794459651605967,0.7241377781686034,0.4794511502601622,0.586969807569482,0.29195786310347177,0.7547909333716396
1999-08-01,167.1,0.23995200959807672,2.2643818849449104,5.118592435601348,0.002396645844600087,0.04684429492316511,0.4917421230038516,-0.14252794786044967,-0.43778446883169425,0.7268699808572652,0.48077177042339087,0.5383104118699396,0.2987707919543586,0.7556737550645892
1999-09-01,167.8,0.418910831837227,2.629969418960254,5.122772794033106,0.004180358431757902,0.08167007794335213,0.4996228841071315,0.38207503540873144,-0.31062065707077496,0.7316356355628001,0.4830828557090411,0.5862265575134538,0.3195659644343658,0.7572136200872731
1999-10-01,168.1,0.17878426698449967,2.56253813300793,5.12455904041457,0.0017862463814637408,0.03486874107601068,0.503000353151394,-0.321836125313933,-0.33407555789701093,0.7336719761331199,0.4840733208314625,0.5219327757909513,0.3157303707900037,0.7578715967583202
1999-11-01,168.4,0.17846519928614857,2.6203534430225606,5.126342101808226,0.001783061393656027,0.0347944355717944,0.5063778221956569,-0.3227714458772084,-0.3139654214302377,0.7357046857822207,0.48506378595388405,0.5218473455555874,0.3190189931632405,0.7585284002162558
1999-12-01,168.8,0.23752969121140222,2.676399026763998,5.128714582161857,0.0023724803536309125,0.04628018002923451,0.5108811142546739,-0.14962877382799583,-0.29447085611328166,0.738409339544725,0.4863844061171127,0.5376618371913705,0.32220695082647133,0.7594023203772179
2000-01-01,169.3,0.2962085308056972,2.792956891317555,5.13167228913909,0.0029577069772326325,0.057669556959161206,0.516510229328445,0.022383390315575364,-0.25392805591287554,0.7417811581109417,0.48803518132114854,0.5533730705858063,0.328836938645451,0.760491812964023
2000-02-01,170.0,0.41346721795627595,3.2179720704310855,5.135798437050262,0.004126147911172495,0.08040552238508525,0.5243909904317245,0.3661175316322694,-0.10609328255854657,0.746485012225275,0.49034626660679864,0.5847690323002059,0.35301244555952443,0.7620117091524853
2000-03-01,171.0,0.588235294117645,3.762135922330101,5.14166355650266,0.005865119452398204,0.11420073284198473,0.535649220579267,0.8784356894481977,0.08318546245215978,0.7531713130707963,0.49364781701487026,0.6315631075316249,0.38396530938761714,0.7641721679853928
2000-04-01,170.9,-0.05847953216373547,3.013863773357439,5.141078590121546,-0.0005849663811146044,-0.011376986741473694,0.5345233975645127,-1.0173553251922733,-0.17708910887363535,0.7525044449463886,0.4933176619740631,0.4584054983219044,0.34140245657650603,0.7639566914217372
2000-05-01,171.2,0.17554125219425565,3.1325301204819134,5.1428324637076415,0.0017538735860958,0.034114895451420324,0.5379008666087753,-0.3313427548975507,-0.13581290653064404,0.7545038801730412,0.49430812709648453,0.5210644600126672,0.3481523780766256,0.7646027433413335
2000-06-01,172.2,0.5841121495327117,3.7349397590361377,5.14865659199363,0.00582412828598855,0.11324748233758619,0.5491590967563177,0.8663490321789873,0.07372570940273657,0.7611434506368802,0.49760967750455615,0.6304591373893934,0.38241835044106653,0.7667481027839798
2000-07-01,172.7,0.29036004645761615,3.5992801439711952,5.1515559851526325,0.00289939315900245,0.056313586023803985,0.5547882118300889,0.005239042257079786,0.02653866895799017,0.7644487908073365,0.499260452708592,0.5518071414837363,0.3747018261305618,0.7678161150574344
2000-08-01,172.7,0.0,3.3512866546977715,5.1515559851526325,0.0,0.0,0.5547882118300889,-0.8459274142939517,-0.059721923796727916,0.7644487908073365,0.499260452708592,0.47406336723980297,0.3605955809675547,0.7678161150574344
2000-09-01,173.6,0.5211349160393786,3.45649582836709,5.15675380222625,0.00519781707361755,0.10089800224628576,0.564920618962877,0.681736481899168,-0.023126585304016727,0.7703743595832605,0.5022318480758565,0.6135970109262479,0.36658003806570255,0.7697307682711798
2000-10-01,173.9,0.1728110599078514,3.4503271861986873,5.158480421360237,0.001726619133987306,0.03348267534590832,0.5682980880071399,-0.3393460877337055,-0.02527224941599462,0.7723427244339972,0.503222313198278,0.520333452233373,0.36622915635906866,0.7703667808177895
2000-11-01,174.2,0.17251293847038163,3.444180522565321,5.160204064418402,0.0017236430581650808,0.0334137753247532,0.5716755570514024,-0.34022000606595815,-0.02741026864396498,0.7743076965254819,0.5042127783206994,0.5202536303501122,0.36587952482478586,0.7710016971055166
2000-12-01,174.6,0.22962112514350874,3.4360189573459543,5.162497643405501,0.002293578987099032,0.044447447396778195,0.5761788491104194,-0.1728120810306664,-0.03024913935662571,0.77692240186016,0.5055333984839281,0.5355443221183548,0.36541528263747863,0.7718465533819941
2001-01-01,175.6,0.572737686139746,3.7212049616065945,5.168208681201016,0.005711037795514962,0.11062547995175365,0.5874370792579617,0.8330057336795041,0.06894827846650697,0.7834330479179045,0.5088349488919998,0.6274136298377968,0.3816370943670743,0.7739502551310428
2001-02-01,176.0,0.2277904328018332,3.529411764705892,5.170483995038151,0.0022753138371349735,0.04402519281798689,0.5919403713169789,-0.17817860418875708,0.0022360639666486413,0.7860269307802291,0.5101555690552284,0.5350541550521289,0.3707276069284936,0.7747883833084774
2001-03-01,176.1,0.05681818181817455,2.9824561403508643,5.17105201550216,0.0005680204640086117,0.010985827720455532,0.593066194331733,-0.6793696145006966,-0.18801375471053772,0.7866744803722875,0.5104857240960355,0.48927641033617025,0.33961594285601066,0.7749976177219791
2001-04-01,176.4,0.17035775127769437,3.2182562902282053,5.172754143572691,0.0017021280705309394,0.032916475514621624,0.5964436633759959,-0.346537759036395,-0.10599442122051705,0.7886149251406414,0.5114761892184571,0.5196765799307937,0.3530286124119289,0.7756246088096397
2001-05-01,177.3,0.5102040816326481,3.5630841121495394,5.177843213080163,0.005089069507471677,0.09838220348814541,0.606576070508784,0.6496936450742298,0.013948454717074312,0.7944165204920902,0.5144475845857216,0.6106702848398518,0.37264294103523043,0.7774992040771244
2001-06-01,177.7,0.2256063169768563,3.193960511033689,5.180096735160606,0.002253522080443382,0.04352240861118517,0.6110793625678007,-0.18458115905166927,-0.11444532176995066,0.7969855605115068,0.5157682047489501,0.534469359004287,0.3516466317044989,0.7783293051046244
2001-07-01,177.4,-0.16882386043892694,2.7214823393167498,5.178407069875479,-0.001689665285127262,-0.032618411807994185,0.6077018935235382,-1.3408205954466925,-0.27878934255604915,0.7950593234559299,0.5147777396265287,0.4288608531436734,0.3247713579062412,0.7777069047733886
2001-08-01,177.4,0.0,2.7214823393167498,5.178407069875479,0.0,0.0,0.6077018935235382,-0.8459274142939517,-0.27878934255604915,0.7950593234559299,0.5147777396265287,0.47406336723980297,0.3247713579062412,0.7777069047733886
2001-09-01,178.1,0.3945885005636862,2.5921658986175045,5.182345190295616,0.003938120420137636,0.07604887694223628,0.6155826546268177,0.3107761333120824,-0.3237700106386232,0.7995488241572608,0.5170888249121788,0.5797142640533673,0.317415642958016,0.7791575396864184
2001-10-01,177.6,-0.28074115665356336,2.127659574468077,5.17953383055807,-0.002811359737546759,-0.054248793438371745,0.6099535395530465,-1.6688968910939634,-0.4853411509812128,0.796343843057935,0.515438049708143,0.39889504649412744,0.29099381991977186,0.7781219551554026
2001-11-01,177.5,-0.05630630630630851,1.894374282433997,5.178970608915471,-0.0005632216425990322,-0.01087398327772604,0.6088277165382924,-1.0109846933683762,-0.5664857311505349,0.7957017641751962,0.5151078946673359,0.4589873785857428,0.27772419928578734,0.777914488422199
2001-12-01,177.4,-0.05633802816901179,1.603665521191311,5.178407069875479,-0.000563539039991845,-0.010881294422138144,0.6077018935235382,-1.011077683384743,-0.6676041521915638,0.7950593234559299,0.5147777396265287,0.4589788850710093,0.2611882447769085,0.7777069047733886
2002-01-01,177.7,0.16910935738443378,1.1958997722095743,5.180096735160606,0.001689665285127262,0.03262905488747858,0.6110793625678007,-0.3501973224628035,-0.8094389854982365,0.7969855605115068,0.5157682047489501,0.519342323017044,0.23799391156652436,0.7783293051046244
2002-02-01,178.0,0.16882386043894915,1.1363636363636465,5.181783550292085,0.001686815131479058,0.03256339056429969,0.6144568316120635,-0.3510342331411456,-0.8301476838735108,0.7989085483604985,0.5167586698713716,0.5192658813359385,0.234607406014458,0.7789506555613138
2002-03-01,178.5,0.2808988764045006,1.3628620102214661,5.184588601219693,0.002805050927608299,0.0541329235461907,0.6200859466858347,-0.022495595091218686,-0.7513638252964258,0.8021063373469324,0.5184094450754075,0.5492739173791581,0.24749097646633467,0.7799839161969228
2002-04-01,179.3,0.4481792717086819,1.643990929705219,5.189060380611087,0.00447177939139376,0.08625138338540506,0.6290925308038687,0.4678730457000669,-0.6535775999152228,0.8072042151597083,0.5210506854018648,0.5940631693669054,0.26348201507088764,0.781631128221053
2002-05-01,179.5,0.1115448968209698,1.2408347433727984,5.190175207928333,0.0011148273172461032,0.02148418471696889,0.6313441768333771,-0.5189427766629815,-0.7938090701350864,0.8084751305936413,0.5217109954834791,0.5039294641161105,0.2405498807634505,0.7820417828623197
2002-06-01,179.6,0.055710306406675514,1.0692177827799743,5.190732155868099,0.0005569479397662391,0.010730811917780692,0.6324699998481312,-0.6826172596220211,-0.8535033015879867,0.8091100573859759,0.5220411505242862,0.4889797771838727,0.23078804819540516,0.7822469386320706
2002-07-01,180.0,0.22271714922048602,1.465614430665152,5.19295685089021,0.0022246950221109785,0.04285898318980852,0.6369732919071482,-0.19305051532700016,-0.7156230293568921,0.8116462342410415,0.5233617706875149,0.5336957856130977,0.25333568972117715,0.7830664210057978
2002-08-01,180.5,0.2777777777777768,1.747463359639223,5.195730777772936,0.002773926882725597,0.05341709862753952,0.6426024069809194,-0.03164483752682558,-0.6175863601208693,0.8148085414731302,0.5250125458915508,0.54843824459983,0.2693676835557238,0.7840882168761572
2002-09-01,180.8,0.16620498614958734,1.516002245929271,5.1973914479580765,0.0016606701851404893,0.031962206206781474,0.6459798760251823,-0.3587112464776002,-0.6980964288601107,0.8167017237950175,0.5260030110139723,0.5185646789012052,0.25620182494684957,0.7846999366542711
2002-10-01,181.2,0.22123893805308104,2.0270270270270174,5.199601393608879,0.0022099456508026805,0.04252028489544202,0.650483168084199,-0.1973837690812419,-0.5203445827975712,0.8192210862041627,0.5273236311772008,0.5332999952256611,0.28526968825107146,0.7855139859912492
2002-11-01,181.5,0.16556291390728006,2.2535211267605604,5.201255653704905,0.0016542600960258724,0.031815132945745006,0.6538606371284619,-0.360593428141372,-0.4415622109066677,0.8211069609537806,0.5283140962996223,0.5183927643418047,0.29815301558428764,0.786123344567045
2002-12-01,181.8,0.16528925619836432,2.4802705749718212,5.202907181743378,0.0016515280384732378,0.03175248725366675,0.6572381061727247,-0.36139563307709716,-0.3626910201072054,0.8229897211276642,0.5293045614220439,0.5183194926110635,0.31105086752554584,0.7867316967698387
2003-01-01,182.6,0.44004400440043057,2.757456387169399,5.207297968160868,0.004390786417490133,0.08439101956108086,0.6662446902907584,0.44402518256483875,-0.26627634190975086,0.827995266057148,0.5319458017485011,0.5918849551368733,0.32681761621730404,0.7883490744509016
2003-02-01,183.6,0.5476451259583737,3.146067415730336,5.21275947818639,0.005461510025521754,0.10488184196324468,0.6775029204383007,0.7594489692556846,-0.13110417358831636,0.8342214477057652,0.5352473521565728,0.6206951079276977,0.3489223999275126,0.7903608608554952
2003-03-01,183.9,0.16339869281045694,3.025210084033625,5.214392131610276,0.0016326534238855217,0.03132032910242444,0.6808803894825636,-0.36693766325446575,-0.17314247508347214,0.8360826906109043,0.5362378172789943,0.5178132950986424,0.34204785190749976,0.7909622604585788
2003-04-01,183.2,-0.38064165307233333,2.175125488008911,5.21057845224003,-0.0038136793702454597,-0.07313756376561287,0.6729996283792837,-1.9617469322130523,-0.4688308875477956,0.8317350540785583,0.5339267319933441,0.37214673268446075,0.2936937529512995,0.7895574642991492
2003-05-01,182.9,-0.16375545851528006,1.8941504178273005,5.20893955539682,-0.0016388968432101692,-0.03145326105791213,0.6696221593350212,-1.3259629944841693,-0.5665635988950753,0.8298666936065481,0.5329362668709227,0.43021791552101063,0.2777114655279994,0.7889537648877605
2003-06-01,183.1,0.10934937124111865,1.948775055679297,5.210032451680465,0.0010928962836445066,0.020981166550737562,0.6718738053645296,-0.5253787782784511,-0.5475632870162023,0.83111260742036,0.5335965769525369,0.5033416131114384,0.28081859763754924,0.7893563410754434
2003-07-01,183.7,0.3276897870016393,2.055555555555544,5.21330399222108,0.003271540540615625,0.06279309334360494,0.6786287434530549,0.11466808860992775,-0.5104213876826489,0.8348421997092147,0.53557750719738,0.5618021630331724,0.2868924341495314,0.7905614365070971
2003-08-01,184.5,0.4354926510615087,2.216066481994461,5.217649463480582,0.0043454712595014655,0.08335349839536654,0.6876353275710889,0.4306832667562968,-0.4545902136514453,0.8397960848589389,0.5382187475238372,0.5906663322898174,0.2960225386789789,0.7921621220245757
2003-09-01,185.1,0.3252032520325132,2.378318584070782,5.220896219579452,0.0032467560988704847,0.06222641290096753,0.6943902656596143,0.10737901704315408,-0.3981533993551985,0.8434974226109266,0.5401996777686803,0.5611363943930038,0.30525168391503943,0.7933580879292825
2003-10-01,184.9,-0.10804970286331095,2.041942604856528,5.219815138393079,-0.0010810811863732894,-0.020706812411230846,0.6921386196301059,-1.1626661799732056,-0.515156436170729,0.8422649781382792,0.5395393676870659,0.4451331070025169,0.28611810890206285,0.7929598639174535
2003-11-01,185.0,0.05408328826392861,1.9283746556473913,5.220355825078324,0.0005406866852455394,0.010358349307604264,0.6932644426448601,-0.6873867287146233,-0.5546592418509091,0.8428813669211609,0.539869522727873,0.4885441437944871,0.27965819199497927,0.7931590297374261
2003-12-01,185.5,0.2702702702702675,2.0352035203520247,5.22305488204749,0.00269905696916517,0.05170254786464046,0.6988935577186313,-0.053652474736753185,-0.5175005195806838,0.8459583216262625,0.5415202979319089,0.5464281127792883,0.2857347795716305,0.794153246737929
2004-01-01,186.3,0.43126684636118906,2.026286966046009,5.227358277607543,0.004303395560053325,0.08239230981172962,0.7079001418366654,0.4182956698512495,-0.520602001244658,0.8508642400146821,0.5441615382583662,0.589534874947016,0.2852275924619268,0.7957384333696199
2004-02-01,186.7,0.21470746108425143,1.688453159041381,5.2295030505476765,0.002144772940133599,0.04102976735536057,0.7124034338956821,-0.2165302535078273,-0.6381121202811793,0.8533093048150594,0.5454821584215949,0.5315511951509295,0.26601109399690026,0.7965284758710046
2004-03-01,187.1,0.2142474558114671,1.7400761283306032,5.231643233280044,0.0021401827323677125,0.04092516462235185,0.7169067259546991,-0.21787872091168478,-0.6201558910926893,0.8557491367279711,0.5468027785848235,0.5314280289422356,0.26894748665369816,0.7973168275364237
2004-04-01,187.4,0.16034206306787535,2.2925764192139875,5.2332453698043215,0.00160213652427732,0.03062396369242215,0.7202841949989619,-0.3758979204893103,-0.42797744831023077,0.8575755900310724,0.547793243707245,0.5169948838345801,0.3003745397536321,0.7979069860205759
2004-05-01,188.2,0.4268943436499306,2.8977583378895444,5.23750522715128,0.004259857346958107,0.08139991622668763,0.7292907791169956,0.4054780398625283,-0.2174745388091081,0.8624318743765038,0.5504344840337023,0.5883641392765535,0.334798203608953,0.7994761350390838
2004-06-01,188.9,0.37194473963868546,3.1676679410158393,5.241217774507464,0.003712547356184537,0.07088388832412473,0.7371715402202754,0.24439782133473203,-0.12359077426319756,0.8666642192977219,0.5527455693193525,0.5736514070630072,0.3501510705116468,0.8008436784955051
2004-07-01,189.1,0.10587612493382359,2.939575394665228,5.242275975664412,0.001058201156947547,0.020189986420615647,0.7394231862497838,-0.5355603125087152,-0.20292914039846227,0.867870580284545,0.5534058794009667,0.502411652946112,0.33717682111460384,0.8012334744843294
2004-08-01,189.2,0.052882072977267214,2.5474254742547275,5.2428046566177775,0.0005286809533657788,0.010084950808009197,0.7405490092645379,-0.6909079919585722,-0.3393322559900553,0.8684732824007065,0.5537360344417739,0.4882225189318247,0.3148707398776675,0.8014282179068222
2004-09-01,189.8,0.3171247357294016,2.5391680172879516,5.245970886175828,0.0031662295580501265,0.060391904055667744,0.7473039473530636,0.0836975147848433,-0.34220448112260843,0.87208281900826,0.5557169646866169,0.558973375219542,0.3144010432225755,0.8025945212824347
2004-10-01,190.8,0.5268703898840821,3.1909140075716547,5.251225759014186,0.005254872838358793,0.10016969122352837,0.7585621775006061,0.6985495490156524,-0.11550499956727632,0.8780734319850954,0.5590185150946886,0.6151326815159331,0.3514733419747914,0.8045301913965013
2004-11-01,191.7,0.4716981132075304,3.621621621621607,5.255931650051599,0.0047058910374122576,0.08961509661500333,0.7686945846333939,0.5368165839898031,0.03430979678391459,0.8834381996556865,0.561989910461953,0.6003603287945618,0.3759726432071065,0.8062636401252089
2004-12-01,191.7,0.0,3.3423180592991875,5.255931650051599,0.0,0.0,0.7686945846333939,-0.8459274142939517,-0.0628415071274263,0.8834381996556865,0.561989910461953,0.47406336723980297,0.3600854336817089,0.8062636401252089
2005-01-01,191.6,-0.052164840897228615,2.8448738593666034,5.25540986553676,-0.0005217845148388633,-0.009927536154963335,0.7675687616186397,-0.9988443301187451,-0.23586956392964026,0.882843359555487,0.5616597554211459,0.46009625412055083,0.3317900543968586,0.8060714370553299
2005-02-01,192.4,0.41753653444676075,3.0530262453133394,5.259576538231606,0.004166672694846163,0.07928349646275645,0.7765753457366737,0.37804639629546,-0.16346706559115468,0.8875934123700412,0.5643009957476032,0.585858589993914,0.34363007727823436,0.8076062608386263
2005-03-01,193.1,0.36382536382535413,3.2068412613575736,5.263208189434469,0.0036316512028626846,0.06904835734329318,0.7844561068399533,0.22059654280225952,-0.10996495754216727,0.8917335347844979,0.5666120810332532,0.5714774477737239,0.3523793082859871,0.8089440056165363
2005-04-01,193.7,0.31071983428274663,3.3617929562433257,5.2663105704129505,0.0031023809784818113,0.05894467531628589,0.7912110449284786,0.06492207603072515,-0.05606747382856724,0.8952702833073384,0.5685930112780962,0.5572584656849892,0.36119319530731936,0.810086789909747
2005-05-01,193.6,-0.05162622612286949,2.869287991498415,5.265794174842477,-0.0005163955704734491,-0.009805642177174168,0.7900852219137244,-0.9972654254638851,-0.2273774961924904,0.8946815866631348,0.5682628562372891,0.4602404679885849,0.33317876719856315,0.8098965718961911
2005-06-01,193.7,0.05165289256197081,2.541026998411855,5.2663105704129505,0.0005163955704734491,0.00980660377765119,0.7912110449284786,-0.6945112326637375,-0.3415578640919051,0.8952702833073384,0.5685930112780962,0.4878934064183171,0.31450678488363293,0.810086789909747
2005-07-01,194.9,0.6195147134744561,3.067160232681121,5.272486606513515,0.006176036100564275,0.11727443754006028,0.8047209211055296,0.9701287197453152,-0.15855078278105114,0.9023110325599881,0.5725548717677822,0.6399381582544253,0.34443403988033694,0.812361777120854
2005-08-01,196.1,0.6157003591585442,3.6469344608879517,5.2786247332023,0.006138126688785661,0.1164180612844623,0.8182307972825804,0.9589472556054863,0.04311446551056978,0.9093085646652147,0.5765167322574681,0.6389168665703923,0.3774124758313782,0.8146228001281297
2005-09-01,198.8,1.37684854665987,4.741833508956805,5.292299294222474,0.013674561020173392,0.2590553735362322,0.848628018680945,3.1901902023182407,0.4239576931683101,0.924897715006208,0.5854309183592616,0.8427139577239777,0.4396919914995243,0.8196599227957826
2005-10-01,199.1,0.15090543259557165,4.350104821802936,5.293807211070151,0.0015079168476770377,0.02849266006785811,0.8520054877252075,-0.40356062208646226,0.28770109686845924,0.926616756839103,0.586421383481683,0.51446823019193,0.417409870648025,0.8202153747860267
2005-11-01,198.1,-0.5022601707684538,3.3385498174230532,5.288771953704505,-0.005035257365645585,-0.095115994309658,0.8407472575776651,-2.3182615561129567,-0.06415223015822372,0.9208765079226776,0.5831198330736115,0.3395834282663746,0.3598710903782053,0.8183606016070893
2005-12-01,198.1,0.0,3.3385498174230532,5.288771953704505,0.0,0.0,0.8407472575776651,-0.8459274142939517,-0.06415223015822372,0.9208765079226776,0.5831198330736115,0.47406336723980297,0.3598710903782053,0.8183606016070893
2006-01-01,199.3,0.6057546693589266,4.018789144050117,5.294811227218749,0.006039273514243604,0.11419046930192245,0.8542571337547161,0.9297922887015535,0.1724582054698902,0.9277613463189547,0.5870816935632974,0.6362539125176055,0.39856413324410356,0.8205852113382445
2006-02-01,199.4,0.050175614651282174,3.63825363825363,5.295312857527738,0.0005016303089888652,0.009473997985232074,0.8553829567694703,-0.6988417506531176,0.040094979361038036,0.9283332104022616,0.5874118486041046,0.48749786590995414,0.37691869749608764,0.8207699904617909
2006-03-01,199.7,0.15045135406217547,3.4179181771103018,5.296816240421769,0.001503382894031624,0.028390822874513333,0.8587604258137328,-0.40489171574408483,-0.03654520800352788,0.9300470834780088,0.5884023137265261,0.5143466508650906,0.3643856828508314,0.8213237723376783
2006-04-01,200.7,0.5007511266900355,3.613835828600931,5.301811255802292,0.004995015380522716,0.09430222144397593,0.8700186559612753,0.6219830896427869,0.03160163245671092,0.9357414560876792,0.5917038641345976,0.6081392603274838,0.37552977551142674,0.8231637220926568
2006-05-01,201.3,0.2989536621823774,3.9772727272727293,5.304796332645746,0.0029850768434540598,0.0563029632597134,0.8767735940498009,0.030430515859058177,0.15801737990321216,0.939144476603173,0.5936847943794407,0.5541080782999263,0.3962026165967624,0.8242632965660651
2006-06-01,201.8,0.24838549428713996,4.1817243159525175,5.307277107919509,0.002480775273762781,0.04676476000589069,0.8824027091235721,-0.1178058851429981,0.22913261474600172,0.9419725877687055,0.5953355695834766,0.5405684736720199,0.4078321325261246,0.825177107937881
2006-07-01,202.9,0.5450941526263575,4.104669061056954,5.312713246831769,0.0054361389122599135,0.10242802103075377,0.8947867622858686,0.7519710019586746,0.20233016932039297,0.9481698460684581,0.5989672750323553,0.620012085944315,0.4034491129563793,0.8271795487108651
2006-08-01,203.8,0.44356826022671214,3.926568077511483,5.3171391207886245,0.004425873956855675,0.08330722459930495,0.9049191694186568,0.4543562469803188,0.1403805735634975,0.9532153911796997,0.6019386703996198,0.5928285730783875,0.3933184593451664,0.8288098511388088
2006-09-01,202.8,-0.4906771344455385,2.012072434607637,5.312220271717028,-0.004918849071596121,-0.09250931675578444,0.8936609392711145,-2.2843068433232383,-0.5255463000292632,0.947607849002028,0.5986371199915481,0.3426847811278794,0.28441904839113524,0.8269979577902217
2006-10-01,201.9,-0.4437869822485285,1.4063284781516971,5.307772525318792,-0.0044477463982364185,-0.08372669375019681,0.8835285321383263,-2.146852241081695,-0.7362447054372679,0.9425373690664433,0.5956657246242837,0.35523959867644367,0.24996341497587066,0.8253595984915592
2006-11-01,202.0,0.04952947003467045,1.9687026754164672,5.308267697401205,0.00049517208241312,0.009329188092577212,0.8846543551530804,-0.7007358701452814,-0.5406317812909706,0.9431018707002443,0.5959958796650908,0.48732486097413175,0.2819521108211061,0.8255419986810082
2006-12-01,203.1,0.544554455445545,2.5239777889954462,5.313698468586339,0.00543077118513402,0.10230778654574113,0.897038408315377,0.7503889243188372,-0.34748816054673365,0.949293009731888,0.5996275851139696,0.6198675822624309,0.3135370000373938,0.8275424622131917
2007-01-01,203.437,0.1659281142294633,2.075765178123423,5.315356374642572,0.0016579060562325054,0.031200604739489712,0.900832431875099,-0.3595228736075912,-0.5033917917559093,0.9511830409163424,0.6007402076014898,0.5184905465668319,0.28804198808108655,0.8281531638045897
2007-02-01,204.226,0.3878350545869269,2.420260782347028,5.319227223776111,0.0038708491335395223,0.0728238872562903,0.9097151754615097,0.290978965100835,-0.38356447246302544,0.955595851609207,0.6033451308734582,0.5779060318747629,0.3076374196587221,0.8295790188565253
2007-03-01,205.288,0.5200121434097538,2.798197295943927,5.324413871269311,0.0051866474931996365,0.09750753774939724,0.9216714158781999,0.6784451668152599,-0.2521052644731897,0.9615086869402969,0.6068513774068304,0.6132963890503743,0.32913502079522655,0.8314895576751813
2007-04-01,205.904,0.3000662483924943,2.5929247633283525,5.327410040751309,0.002996169481998656,0.05627228751254876,0.9286064856490858,0.03369197029683659,-0.3235060516130448,0.9649243531860409,0.6088851324582024,0.5544059727664739,0.3174588083317851,0.832593218201588
2007-05-01,206.755,0.41329940166290324,2.709885742672613,5.331534517408233,0.004124476656923726,0.07741992122578534,0.9381872395046443,0.3656255920506217,-0.2828230343412303,0.969626302052103,0.6116947518554714,0.5847240995617469,0.32411172593042614,0.8341124987715564
2007-06-01,207.234,0.23167517109623503,2.692765113974227,5.333848589587692,0.0023140721794590036,0.04340349240736785,0.9435799317453173,-0.16679081523840378,-0.28877817285790297,0.9722643698520329,0.6132761945009377,0.536094292015328,0.32313787864729054,0.8349649038624797
2007-07-01,207.603,0.17805958481715844,2.3178905864958077,5.335627602054373,0.0017790124666809959,0.03335326147340112,0.9477342186697604,-0.3239604711391483,-0.4191723176545047,0.9742924636797381,0.6144944666015162,0.5217387424605957,0.30181444791743484,0.8356202158691127
2007-08-01,207.667,0.030828070885302594,1.897448478900876,5.335935835254491,0.0003082332001183019,0.0057768874274444215,0.948454745399203,-0.7555574747038736,-0.5654164207817249,0.9746438529265037,0.6147057658276327,0.4823175696086292,0.277899064235541,0.8357337557799698
2007-09-01,208.547,0.42375533907650365,2.8338264299802685,5.34016443549993,0.004228600245438585,0.07924758422881428,0.9583619879290403,0.39627630762540617,-0.2397122366146093,0.9794645038315569,0.6176111301867357,0.5875236721879012,0.3311616598861752,0.8372913910208611
2007-10-01,209.19,0.3083237831280172,3.610698365527476,5.343242929901029,0.0030784944010990856,0.05764793272344804,0.9656010299139101,0.05789825028070506,0.030510315804587584,0.9829740213928037,0.6197340270991258,0.5566169240461764,0.3753513118612975,0.8384253765219052
2007-11-01,210.834,0.7858884267890387,4.373267326732666,5.351071093983903,0.007828164082873457,0.14650586143232225,0.9841095602764698,1.4578394972881255,0.2957578059811719,0.9918982147619252,0.6251617759699956,0.6844846465397613,0.4187273889993552,0.8413089369294223
2007-12-01,211.445,0.2898014551732553,4.108813392417532,5.353964917386851,0.0028938234029487475,0.05407933014012212,0.9909883388966181,0.003601578115679294,0.2037717090994526,0.9951972053490673,0.6271790232693273,0.5516575789139689,0.40368484879920463,0.8423748975432711
2008-01-01,212.174,0.3447705076970342,4.294695655165981,5.357406692754025,0.003441775367173605,0.06428460814147385,0.9991955886741766,0.16473880834911658,0.26842789912382437,0.9991208672172357,0.6295858535168116,0.5663755184581595,0.4142581133533122,0.8436427001947335
2008-02-01,212.687,0.24178268779397882,4.142959270611968,5.359821601391479,0.002414908637454083,0.04507607460004781,1.0049710607398659,-0.13716146616952365,0.21564880999356104,1.0018738896911197,0.6312795488761523,0.5388005751486408,0.405627118052031,0.8445322491184676
2008-03-01,213.448,0.3578027806118822,3.9749035501344343,5.363393243284224,0.00357164189274517,0.06663732785094911,1.0135385738821456,0.20294183832196216,0.15719329929976966,1.0059456008303698,0.6337920287366948,0.5698649037773107,0.39606785421390595,0.845847889036425
2008-04-01,213.942,0.2314381020201539,3.9037609759888126,5.365704950249732,0.002311706965508087,0.043101575078474674,1.0191001395750314,-0.16748576362371909,0.1324474858758869,1.0085809722603163,0.6354229946382822,0.5360308168748741,0.3920211568777549,0.846699422883819
2008-05-01,215.208,0.5917491656617146,4.088413823123993,5.371605002317856,0.005900052068123607,0.10995856318654074,1.03335305894182,0.8887363131993992,0.19667604322388005,1.0153070966729376,0.6396027574549009,0.6325039450861616,0.4025244904102909,0.8488727493963728
2008-06-01,217.463,1.04782350098509,4.935966105947864,5.382028721115022,0.010423718797166082,0.1940522207546591,1.058740367924528,2.2256804990715047,0.4914836307988677,1.0271902510353728,0.6470477536251024,0.7546176470103968,0.4507345475573886,0.8527124010061748
2008-07-01,219.016,0.7141444751521009,5.497512078341837,5.389144786508527,0.0071160653935047335,0.13221901558397864,1.0762243993436613,1.24752803798515,0.6868084700906051,1.0353026440468949,0.6521750614088376,0.6652752351642058,0.4826761327179371,0.8553336547521082
2008-08-01,218.69,-0.14884757278006422,5.308017162091239,5.387655201900231,-0.0014895846082954023,-0.02764046369703177,1.0725542163155626,-1.2822617606859321,0.6208956759778523,1.0336045011690291,0.6510987559758064,0.43420949534472497,0.4718973749626184,0.8547849555737753
2008-09-01,218.877,0.08550916822900323,4.953319875136075,5.3885099281999045,0.000854726299673203,0.015864532299159073,1.0746595053531531,-0.5952643612601356,0.4975198635285632,1.0345788985750117,0.6517161459021158,0.4969584092804872,0.45172165622458926,0.8550998001389772
2008-10-01,216.995,-0.8598436564828615,3.7310578899565128,5.3798743118003465,-0.00863561639955801,-0.16025982163203611,1.0534715162154784,-3.366487963877796,0.07237546295559912,1.0247342006617657,0.645502628034125,0.24384060784084607,0.3821975438501825,0.851918808877086
2008-11-01,213.153,-1.7705477084725474,1.0999174706166848,5.362010217707528,-0.017864094092818306,-0.3320541160903079,1.0102173959886205,-6.036141555532933,-0.8428249032238275,1.0043689364234651,0.6328180713663136,0.0,0.2325342929227212,0.8453384416419498
2008-12-01,211.398,-0.8233522399403226,-0.02222800255385904,5.353742612653447,-0.008267605054081528,-0.1541885359855999,0.9904592020796835,-3.2595163949860875,-1.2331453667017693,0.9949437755018168,0.627023850400148,0.2536111685090081,0.16870495934029828,0.8422930099996705
2009-01-01,211.933,0.2530771341261451,-0.11358601902212717,5.356270186985713,0.002527574332266802,0.04721135316241298,0.9964823552086187,-0.10405273106447185,-1.2649228003615676,0.9978252381100581,0.6287901798684663,0.5418246581675361,0.16350837703612914,0.8432240601404726
2009-02-01,212.705,0.3642660652187324,0.008463140671510772,5.359906229217159,0.0036360422314452023,0.06788384649227819,1.0051737088825217,0.22188842248052523,-1.2224699404448265,1.001970366345515,0.6313389767834977,0.5715954453772295,0.17045071803718367,0.8445634223852668
2009-03-01,212.495,-0.0987282856538485,-0.4464787676623838,5.358918458675886,-0.0009877705412728588,-0.018428877279386136,1.0028094805515377,-1.1353412165252126,-1.3807142507967674,1.000844297037141,0.6306456511978026,0.44762891234490837,0.14457293345224786,0.8441995700190705
2009-04-01,212.709,0.10070825195886979,-0.5763244243767063,5.359925034428083,0.001006575752197314,0.01878318843548943,1.0052187418031118,-0.5507095046295374,-1.4258789982569477,1.0019918044933183,0.63135218298513,0.5010279572387042,0.13718711589578594,0.8445703494196395
2009-05-01,213.022,0.14714939189219844,-1.015761495855172,5.3613954467607305,0.0014704123326474416,0.02743344959494909,1.0087425678392923,-0.41457114469504813,-1.578730197597656,1.0036680907655486,0.6323855682628563,0.5134625519519085,0.11219126990744757,0.845111986352675
2009-06-01,214.79,0.8299612246622345,-1.2291746182109153,5.369660806616172,0.00826535985544119,0.15416433907025073,1.0286471187401474,1.5870352583912075,-1.6529625594631914,1.013090692135991,0.6382227093843269,0.6962851187119973,0.10005200837371513,0.8481565909599258
2009-07-01,214.726,-0.029796545463012247,-1.9587610037622771,5.369362796761016,-0.000298009855155712,-0.005549882308930609,1.0279265920107046,-0.9332735224401215,-1.9067375850407566,1.012750957615207,0.6380114101582104,0.46608535534737255,0.05855203007858857,0.8480468168915389
2009-08-01,215.445,0.33484533777929926,-1.4838355663267633,5.372705656551895,0.003342859790879338,0.06225803540218511,1.0360212594867875,0.13564399378144326,-1.7415423217799824,1.0165618546357402,0.6403852249016139,0.5637180585946873,0.08556650805638494,0.8492781832807476
2009-09-01,215.861,0.19308872334005134,-1.377942862886472,5.374634682018732,0.001929025466836265,0.03590417175531879,1.040704683228165,-0.27990379482430744,-1.7047092283228875,1.0187609649376907,0.6417586698713716,0.525762787664677,0.09158984536285525,0.849988753652341
2009-10-01,216.509,0.3001931798703783,-0.22396829420033848,5.377632117017317,0.002997434998585291,0.055770023004786395,1.0480000163637726,0.03406405942401989,-1.3033175199745042,1.0221780738862973,0.6438980745358021,0.5544399586136366,0.15722966609143324,0.8510928803408625
2009-11-01,217.234,0.3348590589767664,1.9145871744709275,5.380975113562248,0.003342996544930976,0.06216484267029809,1.056162233220741,0.13568421633675073,-0.5594549979909624,1.0259891268079575,0.646291698581654,0.563721732439251,0.2788739391896925,0.8523242971044073
2009-12-01,217.347,0.052017639964274665,2.8141231232083674,5.3814951547170455,0.0005200411547976458,0.009664440809009633,1.0574344132274134,-0.6934420058271159,-0.24656571864089882,1.0265819794584874,0.6466647737777661,0.4879910673742465,0.3300409059637206,0.8525158579951064
2010-01-01,217.488,0.06487322116246474,2.6211113889767157,5.382143676592892,0.0006485218758465194,0.01205096087986135,1.0590218236782167,-0.6557569330050713,-0.313701781979569,1.027321301547663,0.6471302923853042,0.49143314356427265,0.3190621062767377,0.8527547456812614
2010-02-01,217.281,-0.09517766497462166,2.151336357866529,5.381191446716147,-0.0009522298767450366,-0.017692390503920574,1.0566913700376754,-1.12493286572432,-0.47710555827892326,1.026235748988728,0.6464468714508335,0.4485795894641585,0.2923405912090848,0.8524039849738506
2010-03-01,217.353,0.03313681361922782,2.2861714393279886,5.381522759962044,0.0003313132458968582,0.006156875278962026,1.0575019626082984,-0.7487895863669707,-0.43020531874008366,1.0266134497421655,0.6466845830802146,0.4829357344563187,0.3000102147997765,0.852526026585171
2010-04-01,217.403,0.023004053314190642,2.2067707525304403,5.38175277403992,0.00023001407787592854,0.004274144849625294,1.0580648741156755,-0.7784929349823884,-0.4578235853661754,1.0268756683271179,0.6468496606006181,0.48022269235829823,0.2954937835121694,0.8526107539211226
2010-05-01,217.29,-0.05197720362644098,2.003548929218568,5.381232866875345,-0.0005199071645751729,-0.00966055458888615,1.0567926941090031,-0.9982942869814689,-0.5285110658759925,1.0262829684269188,0.646476585404506,0.4601464939169616,0.2839342184989526,0.8524192423866834
2010-06-01,217.199,-0.041879515854381655,1.1215605940686268,5.380813983997617,-0.0004188828777280662,-0.007784143301181601,1.055768195165577,-0.9686937505951483,-0.8352966868037196,1.0258054373276362,0.6461761443173716,0.46285014535976193,0.2337653865550613,0.8522649438731601
2010-07-01,217.605,0.18692535416828804,1.3407784804821077,5.382681492658975,0.0018675086613582081,0.03470680582737806,1.060339036605479,-0.2979712016950093,-0.7590452300422303,1.0279344177930472,0.6475165737830486,0.5241125482900889,0.2462348318575361,0.8529528540880685
2010-08-01,217.923,0.14613634796996067,1.1501775395112546,5.384141789386214,0.0014602967272390188,0.027129539974279915,1.0639191537923975,-0.41754079915040915,-0.8253427372708395,1.0295991721635755,0.6485664668128154,0.5131913098889921,0.2353931617414697,0.8534907648652719
2010-09-01,218.275,0.1615249422961318,1.1183122472331775,5.385755735696871,0.001613946310657255,0.029975925111025425,1.0678820508043325,-0.37243040788375004,-0.8364265726096725,1.0314390887533667,0.6497286125564566,0.5173115992257,0.23358061566865793,0.854085273568973
2010-10-01,219.035,0.348184629481163,1.1666951489314625,5.389231534398666,0.003475798701795263,0.06453687973180244,1.0764383057164646,0.17474702393071448,-0.8195973494235516,1.0354015375981507,0.6522377908665911,0.5672896480585119,0.236332708375016,0.8553656089598629
2010-11-01,219.59,0.25338416234848005,1.084544776600338,5.3917621712579,0.0025306368592339368,0.0469572858965428,1.0826866234483508,-0.10315270322918851,-0.8481720504492329,1.0382864915209025,0.6540701513430708,0.5419068648385122,0.23165987081089148,0.8562977872044472
2010-12-01,220.472,0.4016576346828282,1.437793022217937,5.395770702696749,0.004008531438849161,0.0743454794838172,1.0926163824384831,0.331498715197853,-0.7253002639930075,1.0428562615599282,0.65698211880299,0.5816070215927174,0.2517531658836103,0.8577743585214233
2011-01-01,221.187,0.3243042200370194,1.7007834915029774,5.399008497577555,0.0032377948808059998,0.06000616147732174,1.100666016993976,0.10474357911956168,-0.633823210156497,1.0465473834245145,0.6593427273447612,0.5608956789731364,0.2667124619769801,0.8589670234971587
2011-02-01,221.898,0.321447463006419,2.124898173333145,5.402217816828981,0.0032093192514253133,0.05944275236582364,1.1086706186288784,0.09636923220569203,-0.4863016604664846,1.05020604275763,0.6616901296849002,0.5601307835394626,0.29083674724211056,0.8601491992704973
2011-03-01,223.046,0.51735482068338,2.619241510354109,5.407378028214637,0.005160211385656588,0.09552023929100262,1.121595066838257,0.6706554450662994,-0.31435218953195276,1.0560887406346318,0.6654803095533663,0.612584892063606,0.31895574474945393,0.862050000159259
2011-04-01,224.093,0.46940989750992035,3.0772344447868694,5.412061144263693,0.004683116049055691,0.08660604131280891,1.1333824338027338,0.530108868961787,-0.1550466282553632,1.0614275445673758,0.6689370328306173,0.5997476600517829,0.3450070763185281,0.8637750595575934
2011-05-01,224.806,0.3181714734507679,3.4589718808964998,5.415237808054813,0.0031766637911196938,0.05869600705614708,1.141409551897932,0.08676593982507598,-0.022265329794831864,1.065048976315678,0.6712910382715724,0.5592536387822992,0.36672087968262834,0.8649452064578234
2011-06-01,224.806,0.0,3.5023181506360412,5.415237808054813,0.0,0.0,1.141409551897932,-0.8459274142939517,-0.007188018965448542,1.065048976315678,0.6712910382715724,0.47406336723980297,0.3691864811370829,0.8649452064578234
2011-07-01,225.395,0.26200368317570444,3.5798809769996165,5.4178544185734765,0.002616610518663798,0.04831940186951211,1.1480406494548343,-0.07788529096230375,0.019790977126164896,1.0680319411581398,0.6732356514619267,0.5442147377344494,0.3735983721404553,0.8659090537167252
2011-08-01,226.106,0.3154462166418792,3.75499603070808,5.4210039158623875,0.0031494972889110073,0.05813181834701808,1.1560452510897368,0.07877707493297742,0.08070196465822803,1.071622402794382,0.6755830538020655,0.5585239524749307,0.3835591815414684,0.8670691936409453
2011-09-01,226.597,0.21715478580843772,3.812621692818685,5.423173109318271,0.0021691934558836223,0.04001460780236332,1.1615730420921802,-0.20935612353048055,0.10074613511652325,1.0740953072519788,0.6772041150524287,0.532206465265327,0.3868370164547736,0.8678682316145252
2011-10-01,226.75,0.0675207527019328,3.5222681306640524,5.423848088995246,0.0006749796769751626,0.012446213007932805,1.163295551304754,-0.6479959133105623,-0.00024873556852166777,1.0748647915261693,0.6777092522648637,0.4921420189650697,0.3703212662078391,0.8681168652215625
2011-11-01,227.169,0.18478500551268873,3.451432214581729,5.425694233875741,0.0018461448804947267,0.034037547700505044,1.1680127497365744,-0.3042454567214705,-0.024887882860198222,1.0769694170458353,0.6790926018858457,0.5235394708825245,0.3662920120466472,0.8687969059345033
2011-12-01,227.223,0.023770849015480877,3.062066838419386,5.42593191411771,0.00023768024196879622,0.004380642028900539,1.1686206941645418,-0.7762451368161863,-0.16032243900250265,1.0772403751423818,0.6792708856078816,0.4804280015687754,0.34414431990269406,0.8688844571570038
2012-01-01,227.842,0.27241960540966836,3.0087663379855023,5.4286524062749715,0.002720492157261667,0.05013870797352382,1.1755895386258706,-0.047351876576422314,-0.17886217073102686,1.0803417661982615,0.681314545310478,0.547003596313923,0.3411125067343961,0.8698865699628407
2012-02-01,228.329,0.21374461249461518,2.8981784423473878,5.430787571311839,0.0021351650368677255,0.039331400816888795,1.1810722967077236,-0.21935276449800745,-0.21732841215207918,1.0827758778829772,0.6829224003592088,0.5312933928661558,0.33482209978660576,0.8706730733241201
2012-03-01,228.807,0.20934703870292282,2.5828752813320977,5.4328788534432375,0.0020912821313983088,0.03850789786816744,1.1864537307182486,-0.23224388828504974,-0.3270016041632936,1.0851599625715977,0.684500541454267,0.5301159444249761,0.3168871785796665,0.8714434121023071
2012-04-01,229.187,0.16607883500068255,2.2731633741348567,5.434538264209312,0.001659410766074565,0.030543857333076296,1.190731858174315,-0.3590810481349326,-0.4347299674211401,1.0870517091418632,0.6857551306093342,0.5185309019867821,0.29927029635575486,0.8720546679643718
2012-05-01,228.713,-0.2068180132381081,1.7379429374660749,5.43246794243903,-0.002070321770282213,-0.0380956333294602,1.1853954570843797,-1.4521973113629372,-0.6208978876224057,1.0846915194960276,0.6841901957159082,0.4186879355062593,0.2688261475274062,0.8712920500855938
2012-06-01,228.524,-0.08263631713106845,1.653870448297634,5.431641237641456,-0.0008267047975740738,-0.015217849536042216,1.1832676515864942,-1.088168941986867,-0.6501411664329979,1.0837490669114078,0.6835662026887828,0.45193752981221585,0.26404397704725,0.8709875274417463
2012-07-01,228.59,0.02888099280600187,1.4175114798464783,5.431930005871957,0.00028876823050083544,0.005316408390521055,1.184010694776232,-0.7612651730239608,-0.7323548760800734,1.0840782658781856,0.6837841050157155,0.481796240312539,0.250599521044732,0.8710938972913823
2012-08-01,229.918,0.580952797585188,1.6859349154821235,5.43772272361508,0.005792717743123177,0.10664198060101882,1.1989616244121684,0.8570876532979095,-0.6389880512693625,1.0906820279768201,0.6881685639576346,0.6296132223003102,0.26586785249031425,0.8732276864351914
2012-09-01,231.015,0.47712662775423187,1.9497168982819613,5.442482643478538,0.004759919863458251,0.08753517061079741,1.2113119028840222,0.5527298253169843,-0.547235682039856,1.0961083891048347,0.6917903647552891,0.6018138111677308,0.28087217107085616,0.8749810370696335
2012-10-01,231.638,0.26967945804385884,2.1556780595369363,5.445175808232938,0.002693164754400179,0.04948412206011721,1.2183257802659413,-0.055384391904333245,-0.47559536637529404,1.0991786266201355,0.6938472306595178,0.5462699230665132,0.2925875537739765,0.8759730836305505
2012-11-01,231.249,-0.16793444944266378,1.7960197033926262,5.443495052058861,-0.0016807561740774801,-0.030866885354485785,1.2139463287385472,-1.3382133606864608,-0.6006968078731795,1.0972625460493888,0.6925629275507779,0.4290989925452444,0.27212964190878997,0.8753539650342933
2012-12-01,231.221,-0.012108160467716456,1.7595049796895523,5.443373963123214,-0.00012108893564644063,-0.0022244703905882623,1.213631098294416,-0.881421485073975,-0.6133978740186262,1.097124503327605,0.692470484139352,0.47082141262037197,0.2700526291367042,0.8753093610560269
2013-01-01,231.679,0.1980788942180789,1.684061762098299,5.445352792889694,0.001978829766479784,0.03635300054498636,1.2187873677019905,-0.2652755217004606,-0.6396395978953753,1.0993803910802997,0.6939825942262488,0.527098903714089,0.26576130468965403,0.876038277198743
2013-02-01,232.937,0.5429926752100966,2.0181404902574807,5.450768030738649,0.0054152378489549235,0.09944696064552172,1.232950221227599,0.7458106947547636,-0.5234356233386867,1.105553821937426,0.6981359446396029,0.6194494162939216,0.2847642085842929,0.8780330189150922
2013-03-01,232.282,-0.28119191025899326,1.5187472411246183,5.447952150764697,-0.0028158799739523843,-0.0516602423378254,1.2255760804809586,-1.670218238000303,-0.6971416259201092,1.102343687718757,0.695973429122316,0.39877435741528305,0.2563579644298267,0.8769957693225634
2013-04-01,231.797,-0.2087979266581219,1.138808047576867,5.445861988630356,-0.002090162134340545,-0.03836601490795344,1.2201158388594004,-1.458001263768066,-0.829297434293143,1.0999608798391316,0.6943721771744011,0.41815781456219014,0.23474644782541004,0.8762258431033286
2013-05-01,231.893,0.041415548950163306,1.3903888279197085,5.4462760583811445,0.0004140697507883928,0.007603383112764206,1.2211966289535645,-0.7245211585914407,-0.7417890593690691,1.1004329239206327,0.694689126013576,0.48515236218608276,0.2490567435360527,0.8763783686670092
2013-06-01,232.445,0.23804082055085551,1.7157935271568725,5.448653637903099,0.0023775795219549423,0.043655141540166476,1.2274111719950078,-0.1481304404518671,-0.6286022078770909,1.1031433907912507,0.6965115818388316,0.5377986918463435,0.26756625553204355,0.8772541671432103
2013-07-01,232.9,0.19574523005443378,1.885471805415806,5.450609176890295,0.001955538987195915,0.03589031561104239,1.2325336667121398,-0.272116465146996,-0.5695823162537339,1.1053727267987536,0.6980137872745042,0.5264740661645948,0.27721781291352987,0.8779745039602643
2013-08-01,233.456,0.23872906826962748,1.538809488600279,5.452993622521666,0.0023844456313710793,0.04374640620870007,1.238793242674173,-0.14611289919864248,-0.6901632920762949,1.108091021109813,0.699849449301392,0.5379829698691806,0.2574991354429922,0.8788528316171337
2013-09-01,233.544,0.037694469193350066,1.0947341081747997,5.453370496187798,0.0003768736661315941,0.006911316832924896,1.239783966927157,-0.7354291960772827,-0.8446278534464706,1.108520661244675,0.7001399857373024,0.48415604472406726,0.23223945541876828,0.8789916557361466
2013-10-01,233.669,0.053523104853914205,0.8767991434911471,5.453905584051288,0.0005350878634899914,0.009812057769842397,1.2411912456955998,-0.6890288600406707,-0.9204330662795522,1.1091306673090218,0.7005526795383114,0.4883941549337789,0.21984298464678995,0.8791887591899535
2013-11-01,234.1,0.18444894273523804,1.2328701961954458,5.455748374496865,0.0018427904455773358,0.033788455212091506,1.2460435428891905,-0.30523059695323157,-0.7965794112539368,1.1112314687358953,0.7019756477641901,0.5234494902222351,0.24009684526068295,0.8798675642727243
2013-12-01,234.719,0.2644169158479315,1.5128383667573297,5.458389053990231,0.002640679493365994,0.048401783075435745,1.2530123873505192,-0.07081109901505699,-0.6991969339321413,1.1142418724749061,0.7040193074667864,0.5448608797169866,0.2560218587090411,0.8808402775111541
2014-01-01,235.288,0.24241752904536895,1.557758795574915,5.460810295707806,0.0024212417175748513,0.04435817406245324,1.2594183203044709,-0.13530048155745156,-0.683572076892734,1.1170021147299574,0.7058978896489793,0.5389705536134156,0.2585770007153283,0.881732159270391
2014-02-01,235.547,0.11007786202441583,1.1204746347724948,5.461910468915507,0.0011001732077007276,0.020146702561074648,1.2623342019126842,-0.5232432678106236,-0.8356744204807862,1.11825632431743,0.7067529912046698,0.5035366661970347,0.23370361554601923,0.8821374159652624
2014-03-01,236.028,0.204205530106516,1.6126949139408042,5.463950442055756,0.002039973140249174,0.037349076881776355,1.2677494106136522,-0.24731579541111873,-0.6644634214688806,1.1205819161903987,0.7083410369509522,0.5287393077682844,0.26170185030812876,0.8828888547084143
2014-04-01,236.468,0.18641856050976013,2.015125303606169,5.465812892223319,0.0018624501675628125,0.034086146778111726,1.2727030318785708,-0.2994568253811685,-0.5244844080812631,1.1227051299171074,0.7097937191305037,0.5239768545117695,0.28459270020219696,0.8835749015908382
2014-05-01,236.918,0.19030059035471947,2.166947687079812,5.467714089705059,0.0019011974817404464,0.034783435130858464,1.277769235444965,-0.2880769760263031,-0.4716754055939787,1.1248725160092126,0.711279416814136,0.525016266288826,0.29322858725223977,0.8842752213244538
2014-06-01,237.231,0.1321132206079767,2.0589816945944195,5.469034349983856,0.0013202602787965034,0.024146476153208418,1.2812930614811455,-0.4586484369679489,-0.5092296596851947,1.1263776272844512,0.7123128020918624,0.5094366237290864,0.28708731812566535,0.8847615486711026
2014-07-01,237.498,0.11254852864928111,1.9742378703305974,5.470159202386607,0.0011248524027509532,0.02056766022604517,1.2842990089305393,-0.5160007129823633,-0.5387064517361316,1.127659971426398,0.7131943160508175,0.5041981860950334,0.2822669610887987,0.8851758961245457
2014-08-01,237.46,-0.01600013473797013,1.7150983482969062,5.469999188237646,-0.00016001414896038568,-0.0029252192311091108,1.283871196184933,-0.8928304856889517,-0.628844014791889,1.1274775535322403,0.7130688571353109,0.4697793382278334,0.26752671270590095,0.8851169537646641
2014-09-01,237.477,0.007159100480080838,1.6840509711232077,5.4700707766799335,7.158844228705163e-05,0.0013087468539563218,1.284062586097441,-0.8249411034634336,-0.6396433513645107,1.1275591651457937,0.7131249834922481,0.47598021323257383,0.2657606908826519,0.8851433238810323
2014-10-01,237.43,-0.019791390324119806,1.6095417021513292,5.469872843189151,-0.0001979334907824537,-0.0036184813481110467,1.2835334492805066,-0.9039442378132936,-0.6655602160615055,1.1273335187838538,0.7129698106230687,0.468764231218496,0.26152249084718676,0.8850704136595168
2014-11-01,236.983,-0.18826601524659647,1.231524989320798,5.467988408604609,-0.0018844345845421273,-0.034451158894643896,1.2785010204045553,-1.397813663939593,-0.7970473200797887,1.1251852425793851,0.7114940175906607,0.42365522477770706,0.24002032785684166,0.884376268659359
2014-12-01,236.252,-0.30846094445592387,0.6531213919623191,5.4648990319464845,-0.0030893766581243653,-0.05649932712481487,1.2702712541667018,-1.7501551559548825,-0.9982358162204837,1.12166331912514,0.7090805842423603,0.3914730855484399,0.2071198554637611,0.8832382746008588
2015-01-01,234.747,-0.6370316441765556,-0.22993097820542818,5.458508338453997,-0.0063906934924871095,-0.11694074227407425,1.2533276177946506,-2.713332981622183,-1.305391544813604,1.11437785807885,0.7041117508782125,0.3034984257634867,0.15689049959697499,0.8808842167992562
2015-02-01,235.342,0.25346436802173855,-0.08703146293520536,5.4610397753424955,0.0025314368884981064,0.04637598280585742,1.2600262647324383,-0.10291758693293632,-1.2556862201791306,1.117263724043784,0.7060761733710151,0.5419283398721161,0.16501884039326972,0.8818166897403602
2015-03-01,235.976,0.26939517808124425,-0.022031284423873476,5.463730104939077,0.0026903295965814422,0.04926405423246738,1.26716398264598,-0.05621773509806512,-1.2330769414275902,1.1203307294479108,0.7081693563297325,0.5461938072320339,0.1687161489653877,0.8828076919505523
2015-04-01,236.222,0.10424788961589382,-0.10403098939391064,5.464772040831459,0.0010419358923821065,0.019070046879510194,1.2699335072622755,-0.5403333496496767,-1.2615992352069594,1.1215185478537857,0.7089815377301182,0.5019756936586085,0.16405188158889106,0.8831914965124695
2015-05-01,237.001,0.3297745341246827,0.03503321824429584,5.468064360535513,0.0032923197040535257,0.06024624045530835,1.278703668547211,0.12077935234326247,-1.2132279613602857,1.125271828618074,0.7115534454980059,0.5623603531549433,0.17196206427994162,0.8844042460980674
2015-06-01,237.657,0.27679208104607333,0.1795718097550525,5.470828457707228,0.0027640971717151075,0.05054982877787939,1.2860890675239989,-0.03453432595539432,-1.1629525101128402,1.1284229298712267,0.713719262565701,0.5481743247351054,0.1801836382145642,0.8854224211238472
2015-07-01,238.034,0.15863197801873063,0.22568611104094582,5.472413520611222,0.0015850629039944053,0.02897299588622282,1.2903334202896222,-0.3809108933464209,-1.14691238351498,1.1302299190589489,0.7149639470695439,0.5165370093176809,0.18280668949452092,0.8860062904174638
2015-08-01,238.033,-0.000420108051790713,0.2413037985344868,5.472409319521879,-4.2010893430699525e-06,-7.676849212989723e-05,1.2903221620594745,-0.8471589262949096,-1.1414800192033288,1.130225129770776,0.7149606455191359,0.4739508834944154,0.18369504720628416,0.8860047429160612
2015-09-01,237.498,-0.22475875193775918,0.008842961634170088,5.470159202386607,-0.0022501171352722338,-0.04111748599003873,1.2842990089305393,-1.5047891027377844,-1.2223378257611885,1.127659971426398,0.7131943160508175,0.41388431064033393,0.17047232282863614,0.8851758961245457
2015-10-01,237.733,0.09894820166906904,0.12761656067050708,5.471148195188653,0.00098899280204634,0.01807978096166618,1.286944693015212,-0.5558689464563246,-1.1810243175456985,1.1287874341255306,0.7139701803967144,0.5005567045506791,0.17722834497989523,0.8855401987192677
2015-11-01,238.017,0.11946174910508756,0.4363182169185187,5.472342099692004,0.0011939045033511064,0.021821827169676844,1.2901420303771138,-0.4957351791029154,-1.0736473540200258,1.1301484984235415,0.7149078207126067,0.5060491978198618,0.19478776260016853,0.8859799820094202
2015-12-01,237.761,-0.10755534268560574,0.6387247515364791,5.471265967442488,-0.001076132249516526,-0.0196649301142382,1.2872599234593431,-1.1612170040075356,-1.0032434587212926,1.1289216957934787,0.7140626238081403,0.4452654717218355,0.20630095275802654,0.8855835809739913
2016-01-01,237.652,-0.04584435630738959,1.2375025026943876,5.4708074187620355,-0.00045854868045225317,-0.008381034356230721,1.2860327763732609,-0.9803163523971133,-0.7949681370806069,1.1283989452417287,0.7137027548136605,0.4617885610789616,0.24036033786823366,0.8854146712774298
2016-02-01,237.336,-0.13296753235823022,0.8472775790126619,5.469476858635799,-0.0013305601262363353,-0.02432109237976432,1.2824751756466377,-1.2357107358440464,-0.9307016731628285,1.1268820920268408,0.71265946488471,0.4384613691565712,0.21816375335991575,0.8849245499080746
2016-03-01,238.08,0.31347962382444194,0.8916160965521946,5.472606751644727,0.003129893008927631,0.05722472349409813,1.2908512988764094,0.07301217077237303,-0.9152792247105278,1.1304502045677418,0.7151158183883153,0.5579973981163203,0.22068579537162097,0.8860774684551006
2016-04-01,238.992,0.38306451612901693,1.1726257503534843,5.476430078567937,0.0038233269232099687,0.0698629939390516,1.3011188047709676,0.27699452624777,-0.8175344840009374,1.134808839416843,0.7181268323604766,0.5766287223088687,0.23667004996357235,0.8874858183598864
2016-05-01,239.557,0.23640958693178504,1.0784764621246223,5.478791384359091,0.0023613057911546775,0.04311761051045693,1.3074797048043292,-0.15291226686459225,-0.8502828171682743,1.1375007540549116,0.719992208341037,0.5373619297650334,0.2313146958953263,0.8883556222905821
2016-06-01,240.222,0.2775957287827202,1.0792865347959424,5.481563495793126,0.002772111434034663,0.05059713428674506,1.3149664278524449,-0.03217849909607873,-0.8500010462677268,1.1406609916554753,0.7221877393624047,0.548389501061779,0.23136077405542227,0.8893767494273901
2016-07-01,240.101,-0.05037007434789409,0.8683633430518256,5.481059668149813,-0.0005038276433131372,-0.00919131272856255,1.3136041820045923,-0.9935831204489899,-0.923367325353806,1.1400866225868105,0.721788251763028,0.4605768020717387,0.21936314354494524,0.8891911608999793
2016-08-01,240.545,0.18492217858316895,1.0553158595656864,5.482907182229998,0.0018475140801852419,0.03370724261444469,1.318602836190101,-0.30384334521281325,-0.8583388645715492,1.1421928090092208,0.7232541401442117,0.5235761989115831,0.22999728575372738,0.8898717059674502
2016-09-01,241.176,0.26232097944252075,1.5486446201652182,5.485526957414767,0.0026197751847689688,0.0477807684445164,1.3257067794132003,-0.07695516320403334,-0.6867422979159324,1.1451793816059364,0.725337418451705,0.544299693669802,0.25805857261802423,0.8908367189538187
2016-10-01,241.741,0.23426874979268764,1.685924966243646,5.487866905098523,0.002339947683755561,0.04265675297780991,1.332067679446562,-0.15918795384001905,-0.6389915119537984,1.147846947766072,0.7272027944322655,0.536788721566228,0.2658672865625652,0.8916986554724081
2016-11-01,242.026,0.11789477167711837,1.6843334719788938,5.489045158402165,0.001178253303642407,0.021470150862223925,1.3352762750386113,-0.5003286438069331,-0.6395450879329319,1.1491901695238422,0.7281437362985659,0.5056296403053497,0.26577675995906497,0.8921326735308495
2016-12-01,242.637,0.2524522158776188,2.0507989115119862,5.491566499307847,0.0025213409056821234,0.04593405288026986,1.3421550536587596,-0.10588462721451548,-0.5120759106942111,1.1520645259570463,0.7301609835978977,0.5416573365823971,0.28662186903418035,0.8930614275442439
2017-01-01,243.618,0.4043076694815628,2.5103933482571117,5.495601424731506,0.004034925423658464,0.07347494424709833,1.3531993774334987,0.3392670729898232,-0.3522132922982294,1.1566643854297791,0.733399804548216,0.5823165672400779,0.3127642964796564,0.8945477212749029
2017-02-01,244.006,0.15926573570097524,2.8103616813294208,5.497192815154803,0.0015913904232975895,0.02895752985534461,1.3575675707307453,-0.3790530851276621,-0.24787407640077785,1.1584785880592752,0.7346808061065477,0.5167066976572954,0.32982694945435304,0.8951339213556553
2017-03-01,243.892,-0.04672016261895173,2.44119623655914,5.496725504355929,-0.0004673107988741876,-0.008500898814867153,1.3562841324939254,-0.9828837061495732,-0.37628240753778475,1.1579458485959115,0.7343044293600276,0.4615540643257128,0.30882825999320107,0.8949617840699043
2017-04-01,244.193,0.12341528217407749,2.176223471915395,5.4979588962370896,0.0012333918811604505,0.022438666078250513,1.3596728597683359,-0.48414572396181116,-0.4684489713011799,1.1593519289400196,0.7352981960328572,0.5071077545535836,0.29375620793838514,0.8954161128189974
2017-05-01,244.004,-0.07739779600562935,1.8563431667619756,5.4971846186014535,-0.0007742776356360892,-0.014083001532916306,1.3575450542704501,-1.0728126506571694,-0.5797142501354621,1.1584692438980797,0.7346742030057315,0.45334014153072466,0.27556093184250086,0.8951309020964181
2017-06-01,244.163,0.0651628661825221,1.640565809959127,5.497836035045509,0.0006514164440556414,0.011850001214286365,1.3593351128639095,-0.6549078625892631,-0.6547689733678865,1.15921186582693,0.735199149520615,0.4915106958905136,0.26328718907367055,0.8953708560175416
2017-07-01,244.243,0.03276499715354486,1.7251073506566073,5.498163631351514,0.0003275963060049847,0.005958640889192068,1.3602357712757127,-0.7498795355781095,-0.6253625424396884,1.159585329227907,0.7354632735532607,0.4828361807617905,0.2680960399150012,0.8954915284673836
2017-08-01,245.183,0.38486261632881824,1.92812155729698,5.502004870500302,0.0038412391487883113,0.06986403836519717,1.3708185076144026,0.2822655082380969,-0.5547472780884558,1.1639643842116707,0.738566730936848,0.5771101628434974,0.2796437953775853,0.8969064764689826
2017-09-01,246.435,0.5106389920997767,2.1805652303711787,5.50709826702641,0.005093396526107519,0.09257346450957105,1.3849138117591258,0.6509685491312411,-0.46693875964566023,1.1697709124120748,0.7427002720477537,0.6107867319254108,0.294003173733315,0.8987826656248283
2017-10-01,246.626,0.07750522450138408,2.020757753132485,5.507873019073535,0.0007747520471248492,0.01406824446485988,1.3870641337173062,-0.618727260182305,-0.5225252500556854,1.1706541382883426,0.7433308681756954,0.49481535688118955,0.2849130824594862,0.8990680511002835
2017-11-01,247.284,0.2668007428251684,2.172493864295566,5.5105374736878545,0.0026644546143197445,0.04837538202302483,1.394472049154389,-0.06382310743012762,-0.46974625602011155,1.1736916459273892,0.7455032883442065,0.5454991483376729,0.2935440622098773,0.9000495220751048
2017-12-01,247.805,0.21068892447551058,2.129930719552253,5.512642146554028,0.0021046728661735514,0.038193604094383105,1.4003375870612587,-0.22831026114838207,-0.484551169269326,1.176090996201302,0.7472233961068119,0.5304752337481388,0.2911230060909573,0.9008247934265257
2018-01-01,248.859,0.42533443635115464,2.151318868063945,5.516886471015856,0.004244324461827986,0.07699256271298527,1.4122037616367684,0.40090530065737373,-0.4771116418287071,1.1809295728864169,0.7507032302369194,0.5879464747860115,0.29233959636263207,0.9023882207953463
2018-02-01,249.529,0.26922876006090224,2.263468931091861,5.519575140902034,0.0026886698861776637,0.04873527668736166,1.4197467758356217,-0.05670557575799359,-0.43810202531574743,1.183994686202383,0.7529152690103273,0.5461492488805615,0.29871886175687096,0.9033786116393026
2018-03-01,249.577,0.0192362410782021,2.3309497646499366,5.519767484813539,0.00019234391150568797,0.0034847593627373996,1.4202871708827038,-0.7895379648650521,-0.4146298901425363,1.1842139603823156,0.7530737434299147,0.47921386229561613,0.3025572737440695,0.9034494628991859
2018-04-01,250.227,0.2604406656061986,2.4709963021052994,5.522368505879615,0.002601021066075404,0.047121931734106504,1.4276050204786064,-0.08246714766880996,-0.36591692848560287,1.1871791530769344,0.7552197511951614,0.5437962404702926,0.31052333284248995,0.9044075676713715
2018-05-01,250.792,0.2257949781598212,2.781921607842497,5.524623910323381,0.0022554044437663734,0.04084125210703782,1.4339659205119677,-0.18402811440054714,-0.2577665038356972,1.1897503390112947,0.7570851271757219,0.5345198729527313,0.3282092350125914,0.9052383620809076
2018-06-01,251.018,0.09011451720948305,2.8075506935940187,5.525524649707929,0.0009007393845479328,0.016304085113638678,1.4365102805253123,-0.5817641616950825,-0.24885183379671774,1.1907771918413823,0.757831277567946,0.49819148943673114,0.3296670562157767,0.90557015589607
2018-07-01,251.214,0.07808204989283585,2.854124785561929,5.526305165525123,0.0007805158171940718,0.014125641756668195,1.4387168936342307,-0.6170363442643592,-0.2326517763196635,1.1916669884790814,0.758478381447928,0.4949698016250801,0.3323162610859071,0.9058576644975856
2018-08-01,251.663,0.17873207703393845,2.6429238568742575,5.528090890938355,0.0017857254132316314,0.03231318864493904,1.443771838970477,-0.3219891158366606,-0.30611466178622104,1.1937027351398724,0.7599607775811522,0.5219188019547306,0.3203028324775522,0.9065154492662464
2018-09-01,252.182,0.2062281702117419,2.332055105808828,5.53015104905668,0.0020601581183248285,0.03726708114915045,1.4496148604170516,-0.24138659326279754,-0.414245414792633,1.1960513381104105,0.7616742822429413,0.529280868763455,0.3026201472228118,0.907274323290901
2018-10-01,252.772,0.2339580144498754,2.492032470218053,5.532487896644746,0.002336847588066071,0.04225648752333999,1.4562572162041014,-0.160098848792315,-0.3585998318311284,1.198715370127278,0.7636221969837036,0.5367055223153809,0.31171990193613086,0.9081351178669999
2018-11-01,252.594,-0.07041919199911595,2.147328577667773,5.531783456665163,-0.0007044399795823608,-0.012732788444225207,1.4542532512378388,-1.0523554503075891,-0.47849960090717203,1.197912300783281,0.7630345210110668,0.4552086596723877,0.29211262260309956,0.9078756323461176
2018-12-01,252.767,0.06848935445813442,2.0023809043401064,5.5324681157771955,0.0006846591120321932,0.012376824172455336,1.4562009250533636,-0.6451565373885186,-0.5289173447612309,1.1986928197201636,0.7636056892316633,0.49240136165765125,0.2838677794753301,0.9081278314425086
2019-01-01,252.561,-0.08149798035343991,1.4875893578291333,5.531652803697076,-0.0008153120801193126,-0.01473685998829577,1.4538817296429705,-1.0848320018906088,-0.7079794002904176,1.1977633549590603,0.7629255698476005,0.45224231898184575,0.2545856568510504,0.907827505387879
2019-02-01,253.319,0.3001255142321968,1.5188615351321877,5.5346495640642495,0.0029967603671732235,0.05417477331857157,1.4624154680948074,0.0338657032032386,-0.6971018705665709,1.2011796948204185,0.7654281450569188,0.5544218411688882,0.25636446564603266,0.9089313835710795
2019-03-01,254.277,0.37817929172307974,1.8831863513063984,5.538424223980678,0.0037746599164281136,0.06820052241314212,1.4732008525761526,0.26267389502530203,-0.570377275132569,1.2054828487451776,0.7685910303478514,0.5753207056310247,0.27708781282332356,0.9103218066347283
2019-04-01,255.233,0.3759679404743643,2.000583470209061,5.542176853455601,0.0037526294749232747,0.06775626646067234,1.4839637205972034,0.25619150177071376,-0.529542553648915,1.20976088772371,0.7717473125379679,0.5747286173105014,0.2837655387004163,0.9117041146271788
2019-05-01,255.296,0.02468332856644384,1.7959105553606136,5.542423656282941,0.0002468028273403533,0.004453174878138455,1.4846729890964983,-0.7735702784961668,-0.6007347732809287,1.2100422456681674,0.7719553102136764,0.48067231756568246,0.27212343340346534,0.9117950262194561
2019-06-01,255.213,-0.03251128102280676,1.671194894390049,5.542098490612086,-0.0003251656708549433,-0.005866849793889628,1.4837385559942526,-0.9412315451608565,-0.6441151332760097,1.2096715532180617,0.7716812815298064,0.4653584860998039,0.265029417772363,0.9116752491115117
2019-07-01,255.802,0.23078761661827762,1.826331335037068,5.544403707722465,0.0023052171103783436,0.041594661557953216,1.490369653551155,-0.1693926077688003,-0.590153388686358,1.2122995261416023,0.7736258947201606,0.5358566496957136,0.27385381341232423,0.9125243923742035
2019-08-01,256.036,0.09147700174354512,1.7376412106666406,5.545318059592794,0.0009143518703291775,0.01649143746613735,1.4930040794056798,-0.5777701509931574,-0.621002838492872,1.213341897355574,0.7743984575156494,0.498556294069184,0.26880898485020227,0.9128612004461738
2019-09-01,256.43,0.1538846099767177,1.6844977040391562,5.546855722882189,0.0015376632893948639,0.027729036871648738,1.4974398220838117,-0.3948274100420248,-0.6394879624216571,1.2150948504600168,0.7756992683764297,0.5152659036204135,0.26578610172732053,0.9134276097516574
2019-10-01,257.155,0.2827282299262768,1.7339736996186295,5.549679015936231,0.0028232930540426082,0.050898981244373864,1.5056020389407794,-0.017132996572911008,-0.6222785239064802,1.2183134356717265,0.7780928924222815,0.5497637259769469,0.2686003712687213,0.9144675900054268
2019-11-01,257.879,0.281542260504386,2.092290394862917,5.552490482662294,0.0028114667260625836,0.05065998804596461,1.5137529975676005,-0.02060956782547822,-0.4976437578235456,1.2215185387391398,0.7804832149177255,0.5494461831878458,0.2889819674304723,0.9155032139464301
2019-12-01,258.63,0.29122185210892493,2.3195274699624457,5.555398468889943,0.0029079862276493174,0.05237264677409037,1.5222079284084047,0.007765354232192454,-0.4186029537630723,1.2248336751026023,0.7829626792741873,0.5520378895663837,0.3019075563274633,0.9165743915383766
2020-01-01,259.127,0.19216641534238743,2.599767976845202,5.55731828900884,0.001919820118897242,0.0345577392809604,1.5278032687917333,-0.28260746442278595,-0.32112574858154186,1.2270222912064026,0.7846035498269989,0.525515840105505,0.317848060678104,0.9172815710540076
2020-02-01,259.25,0.04746707213065804,2.3413166797595197,5.557792847109637,0.00047455810079632954,0.008539336351032212,1.5291880310998809,-0.7067816189918354,-0.41102392353022527,1.2275632926738673,0.7850096405271917,0.4867726548458891,0.30314695957230753,0.9174563779354215
2020-03-01,258.076,-0.4528447444551498,1.4940399642909163,5.553254115186731,-0.004538731922905548,-0.08166428738461962,1.5159708689066664,-2.1734043216993606,-0.7057356593815289,1.2223890882369381,0.7811336203481156,0.3528143868446582,0.25495257711362096,0.91578450346592
2020-04-01,256.032,-0.7920147553434065,0.3130472940411133,5.545302436667713,-0.007951678519018124,-0.14318953093236386,1.4929590464850895,-3.16765315124097,-1.1165251848371982,1.213324087048721,0.7743852513140171,0.26200176617421067,0.18777592585931915,0.9128554456296248
2020-05-01,255.802,-0.08983252093487382,0.1982013035848551,5.544403707722465,-0.0008987289452484504,-0.0162070320873009,1.490369653551155,-1.1092640181415616,-1.156472536847464,1.2122995261416023,0.7736258947201606,0.450010749420899,0.18124331203098518,0.9125243923742035
2020-06-01,257.042,0.4847499237691677,0.7166562831830481,5.549239495667466,0.004835787945001613,0.0872192610769984,1.5043298589341072,0.5750768869579863,-0.9761362143585007,1.2178123777191103,0.7777198172261695,0.6038549453100149,0.2107338162761615,0.9143056895608405
2020-07-01,258.352,0.5096443382793581,0.9968647625897997,5.554322996139265,0.005083500471799063,0.09160715582321455,1.5190781404273876,0.6480528037380668,-0.8786701494253399,1.2236076243084872,0.7820448482607433,0.6105204138041372,0.2266724988554734,0.9161782334340769
2020-08-01,259.316,0.3731343283582156,1.2810698495523853,5.558047395230248,0.003724399090982544,0.06705406029809957,1.5299310742896184,0.24788500225892757,-0.7798139280901532,1.2278534803380543,0.7852275428541243,0.5739699189174533,0.24283851452392438,0.917550142562048
2020-09-01,259.997,0.2626139536318739,1.3910228912373812,5.56067009248742,0.002622697257172568,0.047187385617175615,1.5375979290200952,-0.07609633360383548,-0.7415685105240704,1.2308433841295292,0.7874758986820212,0.544378137379652,0.24909281001761302,0.9185162319147523
2020-10-01,260.319,0.1238475828567287,1.2303863428671624,5.561907802037412,0.0012377095499918056,0.022258280556219923,1.541223079127604,-0.48287847027210445,-0.7974433801469962,1.2322543866637123,0.7885389979134203,0.507223502870501,0.23995555992250578,0.918972151108139
2020-11-01,260.911,0.2274132890799363,1.1757452138405844,5.564179353001697,0.0022715509642852183,0.0408412193286134,1.5478879513749488,-0.17928416981079698,-0.8164494282187783,1.2348439798094981,0.7904935157549986,0.5349531749871015,0.2368474897699761,0.9198088932043605
2020-12-01,262.045,0.4346309661148906,1.3204191315779434,5.568516244737962,0.004336891736264725,0.0779430615212906,1.560654784362262,0.42815730861699974,-0.7661269058947646,1.2397880842081332,0.7942374739177519,0.5904356165257976,0.24507676126526864,0.9214064183928963
2021-01-01,262.639,0.226678623900467,1.3553199782346148,5.570780465692942,0.002264220954979912,0.0406611178896954,1.5673421730699022,-0.1814377800102346,-0.7539872012232169,1.242369321062489,0.7961985948601464,0.5347564687096561,0.2470619742673436,0.922240460427597
2021-02-01,263.573,0.3556212139095738,1.667502410800381,5.574330369461162,0.003549903768219842,0.06372363423907679,1.5778573600277064,0.19654675600127997,-0.6453995049912309,1.246416250500092,0.7992822429412852,0.5692807902559379,0.26481938371490116,0.923548092951413
2021-03-01,264.847,0.4833575517978028,2.623645747764214,5.579152300760062,0.004821931298899962,0.08650243131116397,1.5922003452356754,0.5709952637060055,-0.31282024556543475,1.2519133053482585,0.8034884181611686,0.6034821383294197,0.31920626444190653,0.9253242859430362
2021-04-01,266.625,0.6713309948762847,4.137373453318349,5.585843176791514,0.006690876031452575,0.11992639151545692,1.612217478438006,1.122023862243453,0.21370587224878887,1.259540977798832,0.8093585747867199,0.6538119447226746,0.4053093883067445,0.9277889181366961
2021-05-01,268.404,0.6672292545710334,4.9264665639830785,5.592493308116134,0.006650131324619224,0.11905331234951522,1.6322458698704838,1.1099999498494908,0.4881793661458659,1.2671222008343574,0.8152320329626793,0.6527137055668779,0.4501941992269379,0.9302385417252479
2021-06-01,270.71,0.8591526206762845,5.317418943207719,5.601048137201335,0.008554829085201554,0.1529698582345418,1.6582073485907163,1.6726074209879085,0.6241659360739291,1.2768748003184627,0.8228454082036925,0.7041011021066439,0.47243216250799536,0.9333897744002415
2021-07-01,271.965,0.46359572974770114,5.269167647240969,5.6056733815458815,0.004625244344546253,0.08257819306758396,1.6723364274258818,0.5130651171359526,0.6073824898493139,1.2821476298699628,0.8269888539658223,0.5981909192004264,0.4696875557349145,0.9350935163409867
2021-08-01,272.752,0.28937547110843287,5.181323173271246,5.608562957408569,0.0028895758626878987,0.05154734616183987,1.681196654551998,0.002352841068604098,0.576827186090915,1.2854417782143734,0.8295871741369748,0.5515435218686863,0.46469082904800507,0.936157912342904
2021-09-01,273.942,0.4362937760309826,5.363523425270289,5.612916405148828,0.004353447740258254,0.07762144729974718,1.6945939484275736,0.4330316983323374,0.640202647211058,1.2904047566401105,0.8335160191225801,0.5908808331466942,0.475054655255662,0.9377615360543012
2021-10-01,276.528,0.9439954442911347,6.226591220771449,5.622312081658137,0.009395676509309503,0.16739384361204035,1.7237077315891183,1.9213171399077857,0.9404070592121927,1.301115931459023,0.8420538284778534,0.7268177306710824,0.5241472582562691,0.9412225009111005
2021-11-01,278.824,0.830295666261649,6.865559520296194,5.630580758395195,0.008268676737057667,0.1470689747734344,1.7495566280078754,1.588015646273665,1.1626620241710064,1.3105423141110806,0.8496341882147858,0.6963746653025832,0.5604927426110947,0.9442683273154935
2021-12-01,280.806,0.7108426821220482,7.159457345112474,5.637664039444742,0.007083281049546919,0.12580018569108287,1.771870440160304,1.237849104853883,1.2648897102778105,1.318617332609005,0.8561778611235836,0.6643911815381637,0.5772100958846803,0.9468775047131001
2022-01-01,282.542,0.6182204083958309,7.578082463000535,5.643827212102196,0.006163172657454474,0.10932138939696578,1.7914147276964376,0.9663345714769508,1.4105018024211817,1.325643417394675,0.8619093526319959,0.6395916086410642,0.6010221264408978,0.9491477535826415
2022-02-01,284.525,0.7018425579205845,7.949220898953979,5.650821123167954,0.00699391106575753,0.12392142429096253,1.8137397980790142,1.2114659852803118,1.5395964071755248,1.3336165531256712,0.8684563270912019,0.6619814022568117,0.6221330426279034,0.9517240109054838
2022-03-01,287.467,1.0340040418240992,8.540780148538584,5.661108071040681,0.010286947872727659,0.18204341720449158,1.846861511173084,2.1851698977370018,1.7453608878004305,1.3453437871261875,0.8781694883917487,0.7509174929213867,0.6557818284389075,0.9555132819639286
2022-04-01,288.582,0.3878706077567129,8.235161744022502,5.664979274332307,0.0038712032916254913,0.0683824304896774,1.8594144377875936,0.29108318627697505,1.6390563843735593,1.349757001563175,0.8818507170967487,0.5779155512202762,0.6383977908455749,0.9569392674725363
2022-05-01,291.299,0.9415001628653163,8.530051713089225,5.674350231072438,0.00937095674013122,0.16541908251264115,1.890003049098466,1.9140024288267574,1.7416291720852166,1.36043999557266,0.8908210295554791,0.726149620170996,0.655171578786356,0.9603911266249928
2022-06-01,295.072,1.2952327333770608,8.999298141923106,5.687219394356731,0.012869163284292995,0.22679536440703973,1.9324803514451439,2.9509401972367058,1.904849082486239,1.3751109836142996,0.9032777792451335,0.8208613597512056,0.6818630261561628,0.9651315752578526
2022-07-01,294.94,-0.04473484437697017,8.447778206754553,5.6867719458227945,-0.00044744853393652306,-0.007867615136858408,1.9309942650656682,-0.9770639099559525,1.71301164085393,1.3746008873519697,0.902841974591268,0.46208563240847755,0.6504917371736695,0.9649667543799045
2022-08-01,295.162,0.07526954634839989,8.216255059541266,5.687524358153115,0.0007524123303204178,0.01323092146983118,1.9334935921584222,-0.6252809657443472,1.6324799947467346,1.375458645704759,0.9035749187818599,0.49421675504278867,0.6373223500051991,0.9652439108603859
2022-09-01,296.421,0.4265454225137466,8.205751582451759,5.691780741114604,0.0042563829614890025,0.07483718211047652,1.9476677039141783,0.4044552064158307,1.6288265272207079,1.3803109692124467,0.9077315707456222,0.5882707157963903,0.6367248963247709,0.9668117800640772
2022-10-01,297.979,0.5256037865063456,7.757261470809462,5.6970230142236336,0.005242273109029583,0.09210251321105645,1.9652080264840492,0.6948366059918578,1.472826371780175,1.3862872183589199,0.9128753862813977,0.6147935490207544,0.6112140997044797,0.9687428089774416
2022-11-01,298.708,0.24464811278648302,7.131380368978291,5.699466507588555,0.0024434933649217783,0.04289070552849772,1.9734152762616082,-0.12876170984237836,1.2551235804846834,1.389072827737297,0.9152822165288821,0.5395677914252874,0.5756130349701173,0.9696428872906356
2022-12-01,298.808,0.03347750980888797,6.410831677385809,5.699801226661965,0.0003347190734093175,0.005872814112750646,1.974541099276362,-0.7477908636706103,1.0044921730735175,1.3894544111716522,0.9156123715696891,0.48302695571068155,0.5346271343915698,0.9697661834629573
2023-01-01,300.456,0.5515247249069821,6.340296309929161,5.705301320625471,0.005500093963505925,0.09649624161940373,1.993094662559512,0.77082169263899,0.9799575668432953,1.3957245789350043,0.9210533266421912,0.6217338688333295,0.5306149758912745,0.9717921825379495
2023-02-01,301.476,0.33948398434380245,5.957648712766894,5.708690411008784,0.0033890903833135866,0.05940247837676882,2.004578057310005,0.1492418024595636,0.8468596833299358,1.3995881793406588,0.9244209080584243,0.5649600541643525,0.5088494011884027,0.9730405782975888
2023-03-01,301.643,0.05539412755906081,4.931348641757127,5.709244198915542,0.0005537879067576412,0.009700787166355695,2.0064581817446445,-0.683544111758339,0.48987751928649037,1.4002195036605207,0.9249722669765721,0.48889512043701805,0.4504718992028017,0.9732445700465076
2023-04-01,302.858,0.4027940313549472,4.946947488062325,5.713264048795419,0.004019849879877135,0.07040949274232933,2.0201369313739086,0.3348299680353024,0.49530332999030524,1.4048021768471173,0.9289836507223792,0.5819112912999537,0.451359185199244,0.9747253105924468
2023-05-01,303.316,0.15122598709624846,4.125314539356473,5.714775166352928,0.0015111175575093228,0.02644928616293285,2.0252932007814826,-0.40262094308516283,0.20951137073434492,1.4065248675245128,0.930495760809276,0.5145540585179602,0.40462345902189023,0.975281941587123
2023-06-01,304.099,0.2581466193672721,3.0592533347792994,5.717353306285935,0.002578139933007151,0.045113584663591944,2.0341083949870087,-0.08919195444637155,-0.16130107151589035,1.4094639754751428,0.9330808747787961,0.5431820106026504,0.34398428355564986,0.9762316179297692
2023-07-01,304.615,0.16968158395787025,3.28032820234625,5.7190486841599295,0.0016953778739940972,0.029653194112211345,2.039917641743141,-0.3485198875994386,-0.08440369338161849,1.411396724945016,0.9347844747893611,0.5194955364294414,0.35655935675783546,0.9768561225341024
2023-08-01,306.138,0.49997537875678955,3.7186358677607556,5.724035980683444,0.004987296523514928,0.08720500207191062,2.057063926257847,0.6197090487491679,0.0680546600145313,1.417082297972588,0.9398127360608541,0.6079315541608529,0.38149096041919384,0.9786932289927187
2023-09-01,307.374,0.4037394900339164,3.6950823322234427,5.728065247176042,0.004029266492597827,0.07039205389685055,2.07097909872021,0.33760150194091887,0.05986193712139985,1.4216757062015153,0.9438934523652308,0.582164437443824,0.38015119965483524,0.9801774382155184
2023-10-01,307.653,0.09076890042749586,3.2465375076767167,5.728972524479765,0.0009072773037228643,0.015839157980446217,2.0741201449313746,-0.5798458914244387,-0.09615724933313756,1.4227100123315506,0.9448145849290828,0.4983667002544413,0.3546372908816979,0.980511640320119
2023-11-01,308.087,0.14106802143973862,3.139855644977696,5.7303822106196,0.0014096861398344984,0.024606264627924368,2.0790062168154075,-0.4323981791033442,-0.13326483929268235,1.424317070074397,0.9462474578061858,0.5118342676982112,0.3485690650017052,0.9810309083243174
2023-12-01,308.735,0.21033019893732519,3.322200208829762,5.732483303766044,0.002101093146444022,0.036665846521555245,2.086301549951015,-0.22936183538849084,-0.0698391815886703,1.4267123394283474,0.9483868624706162,0.5303791851436683,0.35894109988606826,0.9818048610602912
2024-01-01,309.794,0.34301261599751776,3.1079425939238847,5.735907560461455,0.003424256695411465,0.05973426373804269,2.0982240156772622,0.15958569425118127,-0.1443652867624069,1.4306160298175432,0.951883204352764,0.56590484373173,0.3467538023374169,0.9830662105833123
2024-02-01,311.022,0.3963924414288167,3.16642120765831,5.739863649227149,0.003956088765693977,0.06897058092365516,2.1120491222984445,0.3160642367296607,-0.12402443064160755,1.4351260146309304,0.955937508253876,0.5801972684235591,0.3500801544305604,0.9845234642653521
2024-03-01,312.107,0.34884992058441533,3.4690014354717524,5.743346077733961,0.0034824285068122407,0.0606709273883288,2.124264302008528,0.17669726976459801,-0.0187767086811815,1.4390960215265352,0.9595196904466339,0.5674677794576791,0.36729137593286776,0.9858062417924892
2024-04-01,313.016,0.2912462713108077,3.3540471111874304,5.7462543074445245,0.0029082297105631483,0.05063650476919701,2.1344980332126444,0.007836937102466615,-0.05876174289129679,1.442411435463204,0.9625207997675709,0.5520444277969065,0.3607525999123626,0.9868775090731141
2024-05-01,313.14,0.03961458839163434,3.238866396761142,5.746650374883377,0.00039606743885212126,0.0068926193945051395,2.135894053750939,-0.7298005254867586,-0.09882552331324634,1.4428629567106013,0.9629301920181716,0.4846701557916677,0.3542009464777993,0.9870234033560251
2024-06-01,313.131,-0.0028741138149102063,2.9700853998204435,5.746621633332193,-2.8741551183486536e-05,-0.000500144419945947,2.135792729679611,-0.8543526411852091,-0.19231672013957113,1.442830191025343,0.962900478064499,0.47329382453479324,0.3389122764037931,0.9870128161994242
2024-07-01,313.566,0.1389194937581939,2.9384633061405374,5.74800986423121,0.0013882308990167402,0.02415733952214616,2.140690059793792,-0.4386964102677657,-0.20331596271229233,1.444412789557088,0.9643366524920102,0.5112590003600609,0.3371135638354784,0.9875241810117247
2024-08-01,314.131,0.1801853517281904,2.6109140322338353,5.749810096357823,0.0018002321266132881,0.03131922472534576,2.1470509598271534,-0.3177289612906313,-0.31724877040958516,1.4464650740310876,0.9662020284725706,0.5223079156124901,0.31848206518513017,0.9881873094323462
2024-09-01,314.851,0.22920373984103293,2.432541464144644,5.752099511045318,0.002289414687495217,0.039817222640881056,2.1551568855333842,-0.17403561151724342,-0.3792928325324848,1.449075032018301,0.9685791447663823,0.5354325673878941,0.30833596343385744,0.9890306317591856
2024-10-01,315.564,0.2264563237849071,2.5714034967967203,5.754361514024355,0.0022620029790365592,0.03932482347868138,2.163184003628582,-0.1820894344095241,-0.3309918820406496,1.4516537403556258,0.9709331502073375,0.5346969479518613,0.3162346461055788,0.9898638567865334
2024-11-01,316.449,0.2804502414724075,2.7141684004842848,5.75716209115944,0.0028005771350851916,0.048668772864890464,2.1731475373091573,-0.023810731281935824,-0.2813333799052095,1.4548464291692544,0.9738550223184809,0.5491537955741642,0.3243553299912332,0.9908954694685667
2024-12-01,317.603,0.36467171645351293,2.872366268806581,5.760802175172198,0.003640084012757505,0.06322705449526289,2.186139534899421,0.22307755551833833,-0.22630676636791405,1.4589961650799728,0.9776650114893954,0.5717040583162454,0.33335386427274816,0.9922363205325074
2025-01-01,319.086,0.46693513600313263,2.999412512831112,5.765460658927812,0.004658483755614284,0.08086519227636924,2.2028354902082263,0.5228543103259147,-0.18211575010807282,1.4643068879265937,0.9825612107445657,0.5990850437509573,0.34058044699675416,0.9939523064488144
2025-02-01,319.775,0.2159292479143371,2.8142703731568686,5.767617623485457,0.0021569645576446916,0.03741183376742008,2.2105924107798827,-0.21294868648608303,-0.2465145000872262,1.4667658513053605,0.9848359789757269,0.5318783280352612,0.3300492817637462,0.994746839819985
2025-03-01,319.615,-0.05003518098661841,2.4055852640280317,5.767117146457854,-0.0005004770276029191,-0.008677361438891307,2.2087910939562763,-0.9926014082640076,-0.3886691182054933,1.4661953019755498,0.9843077309104356,0.46066646962136354,0.30680265395616885,0.994562485515912
2025-04-01,320.321,0.2208907591946696,2.3337465177498906,5.769323618000104,0.002206471542250732,0.03825952354039597,2.216739404440441,-0.198404426602053,-0.41365708403824125,1.4687107038626397,0.9866386254985342,0.5332067704900437,0.30271635729502855,0.995375255140078
2025-05-01,320.58,0.08085639093282637,2.3759340869898393,5.770131855197735,0.000808237197630568,0.014009219297550501,2.2196552860486545,-0.6089035930092118,-0.3989828087571414,1.4696321031796968,0.9874937270542247,0.4957126302136552,0.30511605011064885,0.9956729751109801
2025-06-01,321.5,0.2869798490236386,2.6726833178446263,5.772997543677674,0.0028656884799387328,0.04966417669221013,2.2300128577843936,-0.004669726898395369,-0.2957633063902146,1.4728990196443872,0.9905311534296506,0.5509020951131591,0.32199559567708985,0.9967285720240683
2025-07-01,322.132,0.19657853810264303,2.7318012794754543,5.774961399431027,0.0019638557533534495,0.03401795581057243,2.2371280592376404,-0.2696736915379442,-0.27520006326771707,1.475137836857012,0.9926177332875519,0.526697184026594,0.32535831484663325,0.9974519723816099
2025-08-01,323.364,0.3824519141221616,2.9392196249335534,5.778778623692607,0.0038172242615797103,0.06609956322747301,2.250998198779412,0.2751987341413405,-0.203052889243758,1.4794895146045657,0.9966852433902961,0.5764646983919994,0.3371565843935863,0.9988580743271972
2025-09-01,324.368,0.310486015759337,3.022699626172387,5.781878673725838,0.0031000500332307723,0.05364541947532331,2.262301461847545,0.06423665637166874,-0.17401569794037286,1.4830236058241186,1.0,0.5571958608785781,0.34190505326320564,1.0
