date,value,pct_change_mom,pct_change_yoy,log_value,log_diff,log_pct_change,zscore_value,zscore_pct_change_mom,zscore_pct_change_yoy,zscore_log_value,minmax_value,minmax_pct_change_mom,minmax_pct_change_yoy,minmax_log_value
1990-01-01,58.553,0.7571455612341405,4.1590322867562035,4.069932326988991,0.007542936008441359,0.18567732638306023,-0.0637722805340987,1.9907827251194152,0.3629448088958854,0.23494614424452512,0.3869837051043069,0.8043122989936878,0.4306683318009423,0.6350201134587148
1990-02-01,58.811,0.44062644100217874,4.271125137406484,4.074328912238199,0.0043965852492080515,0.10802600377537441,-0.05590591616728887,0.7053940456792938,0.4096556564100099,0.2414849559954763,0.3892847905387929,0.6729009582621533,0.43925046246329974,0.6370866591760654
1990-03-01,59.033,0.3774804033259027,4.276478485126822,4.078096609577351,0.00376769733915161,0.09247405941710252,-0.04913718403770836,0.4489570824996254,0.4118864802993493,0.24708845558409676,0.391264794284746,0.6466841993287842,0.4396603291885231,0.6388576060266695
1990-04-01,59.157,0.21005200481085673,3.8042429240730646,4.080194926617659,0.00209831704030794,0.05145334309588634,-0.045356450776141026,-0.23097204124592216,0.21509852143166314,0.2502091729915116,0.392370742323026,0.5771718415626195,0.4035047022697344,0.6398438869350344
1990-05-01,59.29,0.22482546444209106,3.659282829519017,4.0824406577192764,0.002245731101617743,0.0550397993725138,-0.04130130945526616,-0.17097681014507224,0.15469137830821156,0.25354913163768583,0.3935569607834393,0.5833054367020251,0.3924061668584805,0.6408994575033988
1990-06-01,59.552,0.44189576657109875,3.8903038972820214,4.08684988045984,0.004409222740563656,0.10800457643460604,-0.03331298595098648,0.7105487949899135,0.2509614776608941,0.26010673846988636,0.3958937219610956,0.673427952570473,0.41009376225638094,0.6429719432747139
1990-07-01,59.699,0.24684309511016078,3.8984319253728694,4.089315269839506,0.0024653893796662274,0.06032493122523075,-0.028830987648967025,-0.08156289673570269,0.25434855434365816,0.26377338340741724,0.397204805522605,0.592446642338204,0.41071606598671073,0.6441307607604134
1990-08-01,60.096,0.6650027638653855,4.576619218320399,4.095943283585798,0.006628013746291295,0.16208126077184026,-0.016726543255077664,1.6165895056294073,0.5369598274365657,0.2736308822873769,0.40074562303225975,0.7660567631761095,0.4626399124038653,0.6472461543319146
1990-09-01,60.465,0.614017571884995,4.98489425981874,4.102064685237239,0.006121401651441261,0.1494503519121615,-0.005475812823477474,1.4095379109496067,0.7070944354567615,0.2827349234424861,0.40403671033972227,0.7448889031407104,0.493898549613922,0.6501234228596312
1990-10-01,60.811,0.5722318696766759,5.174769539424751,4.107770693660513,0.005706008423274511,0.1391008884820799,0.00507365256767037,1.239845575959963,0.7862184400736959,0.2912211719317777,0.40712266212395537,0.7275404562393679,0.5084359126096625,0.6528054423365444
1990-11-01,60.888,0.126621828287643,5.078954180688577,4.10903611096509,0.0012654173045767436,0.030805451397997174,0.007421365963966245,-0.5697831827277975,0.7462906785307226,0.2931031610374169,0.4078094201799841,0.5425335822803702,0.5011000305853931,0.6534002318295732
1990-12-01,60.945,0.09361450532126003,4.873264157761614,4.1099718181078,0.0009357071427098518,0.022771937686627552,0.009159283672912648,-0.7038263939199673,0.6605764225333076,0.2944947894293154,0.4083177995201613,0.5288297132635715,0.48535184823065985,0.6538400462489137
1991-01-01,61.177,0.38067109689063905,4.481410004611219,4.113771301887912,0.0037994837801118564,0.092445494720228,0.0162329136461679,0.4619145347529645,0.49728465602546146,0.30014556333240733,0.4103869926240401,0.6480089007209093,0.4553504384760252,0.6556259338159404
1991-02-01,61.208,0.050672638409854365,4.0757681386135225,4.114277899929551,0.0005065980416389948,0.01231468656039958,0.01717809696155973,-0.8782139303237522,0.32824733350184243,0.30089900015665055,0.4106634796336101,0.5110012538004989,0.4242934042769754,0.6558640522542342
1991-03-01,61.221,0.021239053718469236,3.706401504243373,4.114490267915058,0.00021236798550727798,0.0051617316737528895,0.01757446415833691,-0.9977441392094651,0.17432646847987457,0.30121484397644477,0.41077942579891363,0.49878111738663716,0.3960136995492421,0.655963872484271
1991-04-01,61.332,0.18131033468908875,3.676657031289632,4.116301729574142,0.0018114616590843013,0.044026393092000404,0.020958830223127275,-0.34769237515702456,0.16193148046351152,0.3039089363484627,0.4117694276718902,0.565238971905971,0.3937363825580953,0.6568153215342809
1991-05-01,61.586,0.4141394378138541,3.872491145218415,4.120434571981841,0.0041328424076985115,0.10040183347117537,0.028703235452467033,0.5978299464690592,0.24353862472582213,0.31005549713791997,0.4140348373632058,0.6619041736180303,0.4087299699647299,0.6587578990788999
1991-06-01,61.69,0.16886954827395328,3.5901397098334176,4.122121843221548,0.0016872712397066891,0.04094886619920857,0.03187417302668489,-0.39821458692618517,0.1258783567680477,0.3125648875816111,0.4149624066856343,0.5600738481644116,0.38711238332008,0.6595509743763829
1991-07-01,61.787,0.1572378019127907,3.4975460225464383,4.123692986348666,0.0015711431271183685,0.03811491234064768,0.03483168211033045,-0.4454512754516686,0.08729311620594778,0.31490156674503195,0.41582754345751466,0.5552446189436008,0.3800231611422485,0.660289465481787
1991-08-01,61.931,0.23305873403789423,3.0534478168264156,4.126020862082643,0.0023278757339770806,0.05645123780271266,0.03922221105924747,-0.13754138442586702,-0.09776956574336126,0.3183636948151803,0.4171118702116463,0.5867236978023206,0.34602180595949306,0.6613836468420692
1991-09-01,62.144,0.34393114918216394,2.776813032332748,4.12945427266886,0.003433410586216823,0.08321360218435103,0.045716535129520654,0.31271308103640255,-0.21304761568698688,0.32347002716505086,0.4190116035354661,0.6327553331536833,0.32484190150970094,0.6629974674643649
1991-10-01,62.26,0.1866632337796048,2.3827925868675104,4.131319165013462,0.001864892344602076,0.04516074574174578,0.04925335011614828,-0.32595417530327725,-0.37724211015118886,0.32624358420669797,0.42004620008740556,0.5674613704952564,0.29467463457870774,0.6638740307673855
1991-11-01,62.397,0.22004497269514367,2.478320851399296,4.133517197296572,0.0021980322831103294,0.05320412670424268,0.053430450574493006,-0.19039045558039344,-0.33743398526234236,0.3295126028898591,0.4212680942909892,0.5813206882629355,0.30198853589715885,0.6649071812566382
1991-12-01,62.553,0.25001201980863197,2.6384444991385703,4.136014197393493,0.002497000096920665,0.06040860549834104,0.058186856935819785,-0.06869384815997072,-0.2707079518930063,0.3332262607971662,0.42265944827463187,0.5937623058058585,0.314248033796085,0.6660808568625973
1992-01-01,62.638,0.13588476971528873,2.388152410219524,4.137372122692619,0.0013579252991258173,0.03283173689252461,0.06077848860705558,-0.5321662449558012,-0.3750085877646483,0.335245832214424,0.42341755781700124,0.5463793390587681,0.29508499709573965,0.6667191282828766
1992-02-01,62.797,0.25383952233468676,2.596065873741993,4.1399073016324595,0.0025351789398406765,0.06127510082876153,0.0656263643214848,-0.053150305596368894,-0.2883677892267335,0.3390162715219707,0.4248356686080217,0.5953513953946126,0.3110034120531762,0.6679107492532169
1992-03-01,62.949,0.2420497794480614,2.8225608859705043,4.142324874740668,0.0024175731082083374,0.0583967932628493,0.07026081154534174,-0.10102862027407943,-0.19398376814474955,0.342611801814846,0.426191346848494,0.5904565697092761,0.32834448044461045,0.6690470914528934
1992-04-01,63.119,0.2700598897520168,2.9136502967455735,4.145021833573083,0.002696958832415497,0.0651073711977812,0.07544407488781332,0.012720838741817758,-0.15602538317923115,0.34662284791213405,0.42770756593323284,0.6020857128282872,0.3353185311596535,0.6703147545161772
1992-05-01,63.203,0.13308195630477027,2.625596726528756,4.146351768380655,0.0013299348075719308,0.03208510982499746,0.07800521677468171,-0.5435485103488781,-0.2760618200816701,0.34860079053233384,0.4284567565398097,0.545215676440767,0.3132643737087732,0.670939869446324
1992-06-01,63.315,0.17720677815926678,2.6341384341060037,4.148122267902572,0.0017704995219167685,0.04270017646399449,0.08142007262383927,-0.3643569769826906,-0.2725023566740004,0.3512339620558584,0.42945567734857876,0.5635352711470522,0.31391834985517614,0.6717720648882861
1992-07-01,63.524,0.33009555397616186,2.8112709793322255,4.1514177872484,0.0032955193458281684,0.079446051321308,0.08779243755664261,0.25652653079552623,-0.1986884491691858,0.3561352159614593,0.43131973492922826,0.6270111174029662,0.3274800947735045,0.6733210719027172
1992-08-01,63.609,0.13380769472954857,2.709466987453779,4.152754969768523,0.001337182520122937,0.032210261376985905,0.09038406922787841,-0.5406012762141406,-0.24111176799260958,0.35812393772622464,0.4320778444715977,0.5455169860720795,0.3196857068604318,0.6739495935061078
1992-09-01,63.713,0.16349887594522272,2.524781153450051,4.1543886233889475,0.0016336536204244467,0.039339032336771496,0.09355500680209626,-0.4200249641548133,-0.3180732493013684,0.3605535854834561,0.43300541379402613,0.5578440705420329,0.30554566180214787,0.6747174666853054
1992-10-01,63.938,0.3531461397203062,2.6951493735946075,4.157913863818121,0.0035252404291732375,0.08485581751611626,0.10041520828477922,0.3501352895595254,-0.2470781420643016,0.3657964915654793,0.4350121743473569,0.6365811818435134,0.31858951176681294,0.6763744504803659
1992-11-01,64.064,0.19706590759795972,2.671602801416717,4.159882583692755,0.001968719874634317,0.04734874119847188,0.10425692111508136,-0.28370876797299577,-0.25689036769779267,0.36872446587301916,0.43613596025722207,0.5717803175233569,0.31678672275833497,0.677299816280181
1992-12-01,64.176,0.17482517482518833,2.5945997793870967,4.161629309027697,0.0017467253349421341,0.04198977494676015,0.10767177696423935,-0.37402870222411616,-0.2889787337201208,0.3713222792892064,0.43713488106599124,0.5625464851078625,0.3108911639192045,0.6781208370396358
1993-01-01,64.332,0.2430815258040342,2.704428621603494,4.164057174633401,0.0024278656057035164,0.058339304763088684,0.11242818332556592,-0.09683868354909062,-0.24321133400050152,0.374933117076365,0.43852623504963384,0.5908849266813095,0.3192999559958489,0.6792620170658104
1993-02-01,64.429,0.1507803270534236,2.598850263547625,4.165563842309942,0.0015066676765416176,0.0361826846595692,0.1153856924092117,-0.471675173318934,-0.2872074903595332,0.3771739052675921,0.4393913718215143,0.5525636263122939,0.3112165924387962,0.6799702025001741
1993-03-01,64.561,0.20487668596440578,2.560803189883898,4.167610513308896,0.0020466709989532816,0.04913310842016294,0.11941034394571916,-0.2519890851857828,-0.3030623022048467,0.3802178122134877,0.44056867134613503,0.5750231701400941,0.30830360596723994,0.6809322079994362
1993-04-01,64.733,0.266414708570184,2.557074731855713,4.17027111784527,0.0026606045363744,0.06384004762147732,0.12465458685692557,-0.0020822942322731696,-0.30461600909522385,0.38417479046387254,0.442102728302459,0.6005723188002646,0.3080181451748578,0.6821827832978905
1993-05-01,64.933,0.30896142616594346,2.7372118412100743,4.173355969056923,0.003084851211652584,0.07397243786986252,0.13075254373042158,0.17070053514260322,-0.22955005263258768,0.388762728649837,0.44388651546097524,0.6182367215032901,0.32180992761816246,0.6836327690706566
1993-06-01,64.955,0.03388107741824076,2.5902234857458684,4.173694722447697,0.0003387533907739382,0.008117050002098836,0.13142331898650586,-0.9464046999459185,-0.2908024038629225,0.38926653888589835,0.444082732048412,0.5040297901452665,0.31055610308679654,0.6837919947718
1993-07-01,65.059,0.160110845970296,2.416409545998355,4.175294550499781,0.0015998280520843622,0.03833121870364664,0.1345942565607237,-0.43378380239555864,-0.36323339645767644,0.3916458796409434,0.4450103013708404,0.5564374396847328,0.29724843954537905,0.6845439687748351
1993-08-01,65.17,0.17061436542216146,2.4540552437548158,4.176999240344289,0.0017046898445078895,0.04082801402127689,0.13797862262551408,-0.3911288595036011,-0.34754584424302976,0.39418117586634993,0.44600030324381695,0.560798255462806,0.3001306955960307,0.6853452314134281
1993-09-01,65.238,0.1043424888752531,2.393546058104312,4.178042121243667,0.0010428808993783178,0.024967227413053017,0.14005192796250263,-0.66025989909521,-0.37276097016522386,0.395732198192353,0.4466067908777125,0.5332837212904576,0.29549794931013573,0.6858354211707415
1993-10-01,65.443,0.3142340353781581,2.353842785198146,4.181179534764492,0.003137413520824417,0.07509291265570539,0.1463023337578359,0.19211267665091264,-0.3893059461897672,0.4003983095571344,0.4484351727151916,0.6204257856117168,0.2924581597622097,0.6873101130298805
1993-11-01,65.567,0.18947786623473295,2.346091408591411,4.183072520598068,0.0018929858335763328,0.0452739667798685,0.15008306701940324,-0.31452391260080576,-0.39253606629645793,0.40321364857852665,0.44954112075347163,0.5686299401043334,0.29186469348433186,0.6881998812353503
1993-12-01,65.582,0.022877362087636577,2.1908501620543364,4.18330126805425,0.00022874745618217673,0.0054684076131961135,0.15054041378491545,-0.9910909454636453,-0.45722752657093835,0.4035538527300903,0.4496749047903604,0.49946130472939926,0.27997900537630893,0.6883074003778514
1994-01-01,65.604,0.03354579000336422,1.977243051669464,4.183636669700863,0.00033540164661260974,0.00801763069693262,0.15121118904100017,-0.9477663069386499,-0.5462409569836438,0.40405267809201273,0.4498711213777972,0.503890586647269,0.26362466947445,0.6884650506443906
1994-02-01,65.756,0.23169318943967454,2.059631532384487,4.185950921647264,0.0023142519464016686,0.05531675260335156,0.1558456362648571,-0.14308688059221508,-0.5119083859296111,0.4074945442140261,0.45122679961826956,0.5861567556019592,0.2699325535408071,0.6895528283576894
1994-03-01,65.937,0.2752600523146187,2.1313176685614943,4.188699740703246,0.002748819055981677,0.06566773255192171,0.16136428723537083,0.03383877336869996,-0.4820356495649341,0.41158271931485674,0.45284112699672674,0.6042446987810872,0.27542103727354805,0.6908448675030543
1994-04-01,66.015,0.1182947358842501,1.980442741723687,4.189881988931164,0.0011822482279182367,0.028224706976009983,0.16374249041603434,-0.6035996242120559,-0.5449075959945333,0.41334101539398893,0.4535368039885481,0.5390763681432802,0.2638696463660634,0.691400564680242
1994-05-01,66.111,0.14542149511476143,1.8141776908505713,4.191335147535729,0.0014531586045647416,0.034682566439903084,0.1666695097153125,-0.493437466553954,-0.6141928482939208,0.4155022223354977,0.4543930218246359,0.5503387645431267,0.2511399460961647,0.6920835990172733
1994-06-01,66.272,0.24352982105853016,2.0275575398352785,4.193767485213174,0.0024323376774448846,0.058032526434326215,0.17157836499847676,-0.09501815010152653,-0.525274121268161,0.41911971120152686,0.4558289704872415,0.5910710483929892,0.26747688225290683,0.6932268810704031
1994-07-01,66.481,0.31536697247704915,2.1857083570297586,4.196916192551991,0.003148707338817225,0.07508063691941125,0.17795072993127967,0.1967135504318238,-0.4593701973037913,0.4238026192723013,0.4576930280678909,0.6208961546150826,0.2795853349298416,0.6947068814109846
1994-08-01,66.634,0.23014094252493678,2.2464324075494924,4.199214957790696,0.0022987652387049806,0.054772721999651885,0.1826156669395042,-0.1493905775392986,-0.4340655338233628,0.4272214528223228,0.4590576252441559,0.5855122989635654,0.28423453184904446,0.6957873798410096
1994-09-01,66.708,0.11105441666416915,2.2532879610043244,4.200324885759333,0.001109927968636626,0.02643179689045816,0.18487191098269765,-0.6330026642375823,-0.4312087172628431,0.42887219075475297,0.4597176264928069,0.536070356830795,0.28475941149275796,0.696309084018261
1994-10-01,66.821,0.16939497511543333,2.1056491908989505,4.2020174023957955,0.0016925166364627486,0.040294898192305695,0.18831725661622284,-0.39608082099944597,-0.49273210646703886,0.4313893824032434,0.46072546623736854,0.5602919931082135,0.27345578946402416,0.6971046248319542
1994-11-01,66.948,0.19006001107435555,2.106242469534969,4.203916198651392,0.0018987962555963023,0.04518772945856231,0.1921894592308926,-0.31215981407147525,-0.492484877961923,0.43421336296201724,0.46185817108302635,0.5688716330352965,0.2735012124748938,0.6979971241348691
1994-12-01,66.991,0.06422895381490434,2.148455368851221,4.204558282009895,0.0006420833585032426,0.0152734576086333,0.1935005199586944,-0.8231615393534976,-0.47489410128302156,0.43516830002605517,0.46224168532210735,0.5166295191054563,0.27673314578256997,0.6982989253145315
1995-01-01,67.127,0.20301234494184417,2.3215047862935156,4.206586347543449,0.0020280655335538356,0.048234924991552575,0.1976471306326715,-0.2595602007735561,-0.4027816971139616,0.4381845360344186,0.46345466058989837,0.5742491393226948,0.2899822754364147,0.6992521856075343
1995-02-01,67.246,0.1772759098425336,2.265952916844083,4.208357537159066,0.0017711896156171747,0.04210515295024475,0.2012754149724016,-0.3640762322270603,-0.42593103168725016,0.44081873389828274,0.46451601394921554,0.5635639730061325,0.2857290746355832,0.7000847054171818
1995-03-01,67.37,0.18439758498647318,2.1732866220786518,4.210199814972569,0.0018422778135027684,0.043776646761495286,0.20505614823396934,-0.33515500749358634,-0.46454652892347936,0.44355865752824497,0.4656219619874957,0.566520726071267,0.278634293433572,0.7009506391156926
1995-04-01,67.547,0.26272821730739526,2.320684692872832,4.212823651872983,0.0026238369004145667,0.062320958997807985,0.210452840067013,-0.017053188036637665,-0.40312344289434515,0.4474609531928407,0.46720061362278253,0.599041773792168,0.2899194868745143,0.7021839323653924
1995-05-01,67.651,0.15396686751447675,2.3294156796902055,4.214362136473547,0.0015384846005632724,0.03651908381874236,0.21362377764123086,-0.45873458687911983,-0.3994851038610507,0.4497490610344054,0.46812818294521097,0.5538866034328401,0.2905879547495244,0.7029070728442622
1995-06-01,67.717,0.09755953348804525,2.1804080154514516,4.215337256224591,0.0009751197510441401,0.02313801518396552,0.21563610340948458,-0.6878055780465315,-0.46157893270306766,0.4511993057414449,0.46871683270752135,0.5304675967514347,0.2791795264976689,0.703365412540004
1995-07-01,67.802,0.1255223946719619,1.9870338893819506,4.216591693036351,0.0012544368117604066,0.029758871841356616,0.2182277350807206,-0.5742479983836629,-0.5421609614730438,0.4530649641332712,0.46947494224989084,0.5420771231401574,0.2643742823895917,0.7039550408251594
1995-08-01,67.948,0.2153328810359456,1.9719662634690938,4.218742706757064,0.002151013720713024,0.05101309012833788,0.2226792435983722,-0.20952632727995654,-0.5484398773212202,0.4562640545628242,0.47077710687560753,0.5793643379415669,0.2632206643523531,0.7049660909789811
1995-09-01,67.995,0.06917054217931984,1.929303831624396,4.219434173060923,0.0006914663038584123,0.0163903407228716,0.2241122634636441,-0.803093678247926,-0.5662179812495141,0.45729243630382893,0.47119629685785897,0.5186811510948138,0.2599543136231043,0.7052911038350808
1995-10-01,68.171,0.25884256195307653,2.0203229523652944,4.2220192544764314,0.0025850814155088386,0.06126606813807722,0.22947846551232057,-0.03283289006849881,-0.5282888872427757,0.46113709295865885,0.4727660295573533,0.5974285405083225,0.2669229827437457,0.7065061806789075
1995-11-01,68.169,-0.00293379882942979,1.8238035490231175,4.221989916057771,-2.9338418660707077e-05,-0.0006948906883685879,0.22941748594358533,-1.0959104395330408,-0.610181602343069,0.4610934594599731,0.47274819168576804,0.4887451139998682,0.25187692773321707,0.7064923906168479
1995-12-01,68.3,0.1921694611920488,1.9539938200653806,4.223909766576744,0.001919850518973476,0.04547264576999499,0.23341164769572517,-0.30359330693870096,-0.5559292761402963,0.46394875292569054,0.47391657227459616,0.5697474274200693,0.26184464566144017,0.7073947861449802
1996-01-01,68.452,0.22254758418740472,1.9738704247173278,4.226132769715205,0.0022230031384609106,0.05262903947549358,0.2380460949195821,-0.1802273144758951,-0.5476463834882722,0.4672549094586016,0.47527225051506855,0.5823597140610837,0.26336645206798115,0.708439673791881
1996-02-01,68.56,0.15777479109448933,1.9540195699372598,4.227709274289524,0.0015765045743192374,0.037303716192171876,0.24133899163127,-0.4432705546957427,-0.5559185457651485,0.4695995624225908,0.47623549558066736,0.5554675643008153,0.26184661714101026,0.709180684961181
1996-03-01,68.767,0.3019253208867978,2.0736232744544836,4.230723978707092,0.0030147044175672377,0.07130822443022211,0.2476503769953381,0.14212681085531623,-0.5060778077393246,0.4740831749431905,0.4780817152897316,0.6153154950459969,0.2710037990122364,0.7105976993371275
1996-04-01,68.973,0.2995622900519246,2.1111226257272797,4.233715123669909,0.0029911449628174935,0.07070054623916633,0.253931272575039,0.13253050879909922,-0.49045124039787047,0.4785317487164825,0.47991901606300336,0.6143344198743831,0.2738748503817911,0.7120036399620702
1996-05-01,69.092,0.17253128035608079,2.1300498144890767,4.235438949831038,0.001723826161128983,0.04071663092046762,0.25755955691476906,-0.38334424050900806,-0.48256398422591645,0.4810955053867342,0.48098036942232053,0.561594113739393,0.2753239669497302,0.7128138973251863
1996-06-01,69.091,-0.0014473455682395553,2.0290325915205853,4.235424476270614,-1.447356042394432e-05,-0.00034172515753772004,0.25752906713040147,-1.089873931555101,-0.5246594441148179,0.48107397961579745,0.4809714504865279,0.48936225465110156,0.2675898161842289,0.7128070942558464
1996-07-01,69.237,0.21131551142696825,2.11645674168901,4.237535401813017,0.002110925542402775,0.04983976350492192,0.2619805756480535,-0.2258409227859782,-0.48822843068373084,0.48421344899024726,0.48227361511224476,0.5776964199777392,0.27428324467175846,0.7137993015922297
1996-08-01,69.303,0.0953247541054747,1.9941720138929808,4.2384881953021605,0.0009527934891435663,0.022484614258000413,0.2639929014163072,-0.6968810491185389,-0.5391863931251316,0.4856304890133342,0.48286226487455514,0.5295397685852008,0.264920796434711,0.7142471471798625
1996-09-01,69.499,0.28281603970967684,2.211927347599074,4.241312363978023,0.0028241686758621043,0.06663150976784493,0.2699688991523332,0.06452374637280235,-0.44844433304614517,0.48983072767076086,0.48461037628990106,0.6073817681417233,0.2815927314907785,0.715574603228447
1996-10-01,69.709,0.3021626210449213,2.2560912998195626,4.244329434251246,0.00301707027322351,0.07113529998044044,0.27637175386950413,0.14309049019531242,-0.43004052204638316,0.4943178588049867,0.4864833528063432,0.6154140165252427,0.2849740426656085,0.7169927296376185
1996-11-01,69.833,0.17788233943967224,2.44099223987444,4.2461066774130005,0.001777243161754427,0.04187335571579354,0.28015248713107144,-0.36161351294972827,-0.3529894026751047,0.4969610597920415,0.4875893008446232,0.5638157484008096,0.29913055682273787,0.717828094821377
1996-12-01,69.914,0.11599100711698895,2.3631039531478937,4.247265915308209,0.0011592378952087756,0.027301195737150508,0.2826221596648374,-0.6129550997225651,-0.38544667236994945,0.4986851338044138,0.4883117346438223,0.538119913804074,0.29316721973320414,0.7183729763537358
1997-01-01,70.005,0.1301599107474738,2.2687430608309356,4.248566668069889,0.0013007527616792913,0.030625649243920527,0.2853967300422779,-0.5554149791972832,-0.42476833496255945,0.5006196754909836,0.4891233578009472,0.5440025114222317,0.28594269557682117,0.7189843747223821
1997-02-01,70.151,0.20855653167630717,2.320595099183187,4.2506500616143645,0.0020833935444759533,0.04903756271812387,0.2898482385599299,-0.23704517905872824,-0.4031607779888758,0.5037181979620148,0.49042552242666404,0.5765509560707884,0.289912627340239,0.7199636410763481
1997-03-01,70.225,0.1054867357557221,2.120203004348009,4.251704372990307,0.0010543113759426959,0.024803532651707094,0.2921044826031233,-0.6556130961293681,-0.4866673043246706,0.5052862202391711,0.491085523675315,0.5337587858507916,0.27457006863464745,0.7204592035493154
1997-04-01,70.294,0.09825560697758196,1.9152421962217003,4.252686446667827,0.0009820736775196792,0.023098352833716973,0.2942082777244795,-0.6849788136385767,-0.5720776850868604,0.5067468071580811,0.49170093024500316,0.5307565901949924,0.25887771692980693,0.7209208118287788
1997-05-01,70.262,-0.04552308874156141,1.6933943148266017,4.252231112131374,-0.00045533453645330013,-0.010706985858555118,0.2932326046247203,-1.2688661556942897,-0.6645251739236704,0.5060696118692803,0.4914155242996406,0.471063036266126,0.24189244539594257,0.7207067889944805
1997-06-01,70.352,0.12809199851984143,1.8251291774616263,4.253511212438454,0.0012801003070803674,0.03010420349516263,0.2959766852177936,-0.5638128003637469,-0.6096291921983331,0.5079734382381289,0.4922182285209729,0.5431439625985488,0.25197842141816684,0.7213084800018031
1997-07-01,70.394,0.05969979531499359,1.6710718257579193,4.254108032259219,0.0005968198207648712,0.014031227166388938,0.2972572561612277,-0.8415545168738092,-0.6738273049424993,0.5088610572051263,0.49259282382426134,0.5147491183561343,0.24018337548840515,0.7215890057677607
1997-08-01,70.45,0.0795522345654387,1.6550510078928937,4.254903238344689,0.0007952060854705678,0.01869266317264806,0.2989646840858065,-0.7609334768143844,-0.6805034308149651,0.5100437257083787,0.49309228422864587,0.5229913871226481,0.23895677850708252,0.7219627798758907
1997-09-01,70.62,0.24130589070263664,1.6129728485302142,4.25731339050024,0.0024101521555506267,0.056644111993686685,0.3041479474282781,-0.10404956312085324,-0.6980380592436537,0.5136282192057205,0.4946085033133847,0.5901477244890577,0.23573516125328747,0.723095633973537
1997-10-01,70.712,0.13027470971396227,1.4388386004676512,4.258615289758647,0.0013018992584070688,0.03058030121325661,0.3069530075900862,-0.5549487789505886,-0.7706025293329577,0.5155644660170294,0.49542904540630217,0.5440501732699261,0.22240297404424939,0.7237075712349305
1997-11-01,70.716,0.005656748500948439,1.2644451763492937,4.258671855643777,5.656588512970018e-05,0.0013282694322214184,0.30707496672755585,-1.061024103817933,-0.8432750021463543,0.5156485935053923,0.4954647211494724,0.492311708464921,0.20905094361807053,0.7237341591391874
1997-12-01,70.701,-0.021211606991344834,1.1256686786623504,4.258459717074068,-0.00021213856970891953,-0.004981331666298328,0.3066176199620436,-1.1701368801950967,-0.9011053435498704,0.51533309088374,0.4953309371125837,0.4811565952575224,0.19842584104369224,0.7236344467424367
1998-01-01,70.736,0.049504250293508356,1.0442111277765953,4.258954637083887,0.0004949200098192108,0.011622042773695718,0.3076847624149057,-0.8829587711941643,-0.9350499815551044,0.5160691595808202,0.4956430998653241,0.5105161663632809,0.19218923147330805,0.7238670761056243
1998-02-01,70.699,-0.052307170323462326,0.7811720431640357,4.258431428530926,-0.000523208552960952,-0.012284905511916744,0.3065566403933088,-1.2964164081383855,-1.0446624902950756,0.515291018810113,0.49531309924099853,0.4682464441573891,0.1720502504378905,0.7236211501578452
1998-03-01,70.71,0.015558918796587662,0.6906372374510417,4.25858700561615,0.00015557708522351277,0.003653389465929635,0.30689202802135096,-1.0208112484600165,-1.082389762639808,0.5155224004882508,0.4954112075347169,0.49642285812863896,0.16511866178069615,0.7236942767187926
1998-04-01,70.798,0.12445198698911586,0.7169886476797505,4.259830751713104,0.0012437460969545455,0.02920560494159563,0.3095751290456894,-0.5785949393106683,-1.0714087170348958,0.5173721591379736,0.49619607388446413,0.5416327148888359,0.16713619674754013,0.7242788800016691
1998-05-01,70.895,0.1370095200429411,0.9009137229227582,4.261199909189521,0.0013691574764171932,0.03214112381968448,0.31253263812933474,-0.5275986177701153,-0.9947642558238586,0.5194084355862267,0.49706121065634445,0.5468463091060648,0.1812179960653584,0.724922430930149
1998-06-01,70.835,-0.08463220255306991,0.6865476461223485,4.260353228831314,-0.0008466803582072302,-0.019869529152605203,0.3107032510672859,-1.4276888268789167,-1.0840939594359593,0.5181492120839548,0.49652607450878955,0.45482584630734535,0.1648055516498102,0.7245244621500523
1998-07-01,71.01,0.24705301051741735,0.8750745802199145,4.262820712194002,0.0024674833626878723,0.057917342298985375,0.3160389633315952,-0.08071042726109429,-1.0055318315228108,0.5218189712931334,0.49808688827249137,0.5925337943089525,0.179239681680519,0.725684263879523
1998-08-01,71.108,0.13800873116462942,0.9339957416607536,4.264199848060439,0.001379135866437231,0.0323526594138146,0.31902696219960813,-0.5235408070974217,-0.9809784601752933,0.5238700880800176,0.49896094398016433,0.5472611582092681,0.18375084455424037,0.7263325049932245
1998-09-01,71.067,-0.0576587725713118,0.6329651656754365,4.2636230940441,-0.00057675401633972,-0.013525492164778719,0.31777688104054114,-1.3181493414954946,-1.1064226187488804,0.5230123119365594,0.4985952676126684,0.4660245839868679,0.1607031325772209,0.7260614108429072
1998-10-01,71.223,0.21951116551985894,0.7226496209978395,4.265815799961641,0.002192705917541282,0.05142823061927704,0.32253328740186815,-0.1925582541627099,-1.06904970073806,0.526273408994232,0.49998662159631113,0.5810990640004111,0.16756961611737609,0.727092057757833
1998-11-01,71.226,0.00421212248851166,0.7211946377057687,4.265857920299452,4.212033781136881e-05,0.0009873923251024763,0.3226247567549706,-1.066890750739769,-1.0696560150774423,0.526336052374088,0.5000133784036889,0.49171193350974346,0.1674582186763113,0.7271118557598695
1998-12-01,71.298,0.10108668182966518,0.8444010692918225,4.266868276535944,0.0010103562364918162,0.023684713728600038,0.3248200212294292,-0.6734817781266351,-1.0183139642223804,0.5278387024666819,0.5006555417807548,0.5319319863029778,0.17689123503890905,0.7275867578111597
1999-01-01,71.398,0.14025638867849466,0.9358742365980444,4.268269857748736,0.0014015812127921023,0.03284800753047268,0.327868999666177,-0.514413037749827,-0.9801956618963414,0.5299232010456115,0.5015474353600128,0.5481943330746155,0.18389466718794878,0.7282455490067441
1999-02-01,71.358,-0.05602397826268701,0.932120680631976,4.267709460973164,-0.0005603967755725137,-0.013129366095609996,0.32664940829147804,-1.3115104183998552,-0.9817598274907537,0.5290897521725415,0.5011906779283096,0.46670331237382673,0.18360728482981986,0.7279821433200728
1999-03-01,71.412,0.0756747666694757,0.9927874416631566,4.268465922450716,0.0007564614775521505,0.017725233745879976,0.328295856647322,-0.7766799294606282,-0.9564790374380099,0.5302147978428037,0.501672300461109,0.5213815530801469,0.18825209551142158,0.7283377061348864
1999-04-01,71.757,0.48311208200302325,1.3545580383626632,4.273285410856578,0.0048194884058618825,0.11290914566080001,0.33881483225410247,0.8779288421276762,-0.8057235603536899,0.5373825713842126,0.5047493333095495,0.690540003390511,0.2159502271287606,0.7306030308267593
1999-05-01,71.804,0.06549883635045273,1.2821778686790353,4.273940184808824,0.0006547739522462237,0.015322495206682163,0.3402478521193739,-0.8180045281934248,-0.8358855113570292,0.5383563825059089,0.5051685232918008,0.5171567446533021,0.21040860632078853,0.7309107970203275
1999-06-01,71.826,0.030638961617723837,1.3990259052728105,4.274246527497287,0.0003063426884635234,0.007167687782638765,0.3409186273754582,-0.9595709786350679,-0.7871931033399885,0.5388119899961774,0.5053647398792376,0.5026837394427351,0.21935480683108127,0.7310547885808233
1999-07-01,72.017,0.2659204187898556,1.4181101253344375,4.276902202257324,0.00265567476003703,0.062131997837577835,0.34674217618964687,-0.004089612107829759,-0.7792404097645002,0.542761636447537,0.5070682566156206,0.6003671012364876,0.22081594613843153,0.7323030467154789
1999-08-01,72.148,0.18190149548023005,1.4625639871744367,4.278719564807953,0.0018173625506285873,0.042492497248813876,0.3507363379417867,-0.34529166271947886,-0.7607157888830081,0.5454645049075377,0.5082366372044488,0.5654844080492754,0.2242194535748472,0.7331572693867102
1999-09-01,72.407,0.3589843100293866,1.885544626901381,4.282302979800842,0.0035834149928888337,0.083749704522873,0.35863319209296396,0.3738441827803704,-0.5844531276241326,0.5507939309816158,0.5105466415747273,0.6390050537005219,0.2566039910072094,0.7348415972200847
1999-10-01,72.529,0.16849199663016012,1.8336773233365689,4.283986481881956,0.0016835020811143409,0.03931300725463771,0.36235294578579647,-0.3997478295577206,-0.606067045851117,0.5532977157524727,0.5116347517414221,0.5599170975464082,0.25263289049798826,0.735632900883878
1999-11-01,72.594,0.08961932468392053,1.920646954763705,4.284882273787396,0.0008957919054397578,0.020910241179050715,0.36433478176968254,-0.7200508796944478,-0.5698254375024546,0.5546299802954499,0.51221448256794,0.5271710076421459,0.2592915198060554,0.7360539537739947
1999-12-01,72.763,0.2328016089484075,2.0547560941400977,4.287207584245778,0.002325310458382468,0.05426777936485827,0.36948755532778693,-0.1385855730959987,-0.513940057450828,0.558088293165107,0.5137217827168863,0.5866169454749401,0.2695592768527144,0.7371469293668476
2000-01-01,72.961,0.2721163228563972,2.1891369506148672,4.2899250518124985,0.0027174675667200887,0.06338549074940136,0.3755245326325477,0.021072043024387907,-0.4579414486261296,0.5621298408324242,0.5154877320038173,0.602939495788297,0.27984783729252416,0.738424232237992
2000-02-01,73.191,0.31523690738888277,2.5687379130580945,4.293072462588522,0.0031474107760232073,0.07336750031783357,0.38253718303706813,0.19618535424640246,-0.2997557787102035,0.5668108205930322,0.517539087236111,0.6208421546304821,0.30891110975232117,0.7399036231496332
2000-03-01,73.505,0.4290144963178477,2.930879964151667,4.29735343111593,0.004280968527408113,0.09971805891269003,0.3921109753284565,0.6582377720469599,-0.1488455107586782,0.5731776816285394,0.5203396330749814,0.6680799502347392,0.33663768091889534,0.7419158250460987
2000-04-01,73.444,-0.08298755186720852,2.3509901473026895,4.296523211059941,-0.0008302200559890949,-0.019319333848077935,0.3902510984820405,-1.421009876894188,-0.39049468510553803,0.571942938674572,0.5197955779916341,0.4555086668317601,0.292239754118949,0.7415255931720615
2000-05-01,73.505,0.08305647840529673,2.368948805080495,4.29735343111593,0.0008302200559890949,0.01932306693588348,0.3921109753284565,-0.7467026924041084,-0.3830110309728172,0.5731776816285394,0.5203396330749814,0.5244462672604057,0.2936147173451992,0.7419158250460987
2000-06-01,73.754,0.33875246581867025,2.684264750925869,4.300735231037276,0.003381799921346129,0.07869494505290398,0.39970293163595927,0.2916823737446555,-0.25161393490727685,0.5782072561304888,0.5225604480873343,0.6306052648623204,0.3177561557283889,0.7435053868874513
2000-07-01,73.939,0.2508338530791354,2.668814307732892,4.3032404289377215,0.002505197900445566,0.05825045639560322,0.4053435417439426,-0.06535637148077922,-0.2580523767153493,0.5819331062030747,0.5242104512089617,0.5941035117710953,0.3165732281687433,0.7446829157419672
2000-08-01,73.934,-0.0067623311107767314,2.475467095414974,4.303172803340055,-6.762559766659848e-05,-0.0015715040510344558,0.40519109282210536,-1.1114581639476289,-0.3386231901032656,0.5818325301815437,0.5241658565299988,0.4871555968807853,0.30177004465000207,0.7446511293938539
2000-09-01,74.252,0.4301133443341376,2.5480961785462775,4.307464713346977,0.00429191000692164,0.09973826762408322,0.41488684425096384,0.6627002095753125,-0.3083575129654658,0.5882156639084148,0.5270020781120396,0.6685361662477719,0.3073307229421864,0.7466684741606036
2000-10-01,74.353,0.1360232721004051,2.5148561265149194,4.308824021789514,0.001359308442537177,0.031557041856311585,0.4179663124720792,-0.5316037847866538,-0.322209163563973,0.5902372924026719,0.5279028906270903,0.5464368420118577,0.3047857749985687,0.7473073957056798
2000-11-01,74.457,0.13987330706226597,2.5663277956855968,4.310221777544265,0.0013977557547510955,0.032439378997217716,0.4211372500462971,-0.5159687376786058,-0.3007601123891561,0.592316101577536,0.5288304599495188,0.5480352865413087,0.30872658467260017,0.7479643888049047
2000-12-01,74.571,0.15310850558041267,2.4847793521432404,4.311751691684374,0.0015299141401090566,0.035495021348541655,0.4246130854641899,-0.4622204069840782,-0.33474262678880806,0.5945914630206227,0.529847218629873,0.5535302316202759,0.30248301611553063,0.7486835008736917
2001-01-01,74.932,0.4841023990559412,2.7014432367977514,4.316581035598812,0.004829343914438233,0.11200422148038847,0.4356198976208502,0.8819505338597409,-0.24445539063411412,0.6017738941455056,0.533066954450995,0.6909511598842415,0.319071386891471,0.7509534579922972
2001-02-01,75.048,0.15480702503603005,2.537197196376595,4.31812790882365,0.0015468732248375971,0.035835611843748616,0.4391567126074778,-0.45532269515403334,-0.3128992896375174,0.6040744779500894,0.5341015510029343,0.5542354171988207,0.3064962675016807,0.7516805414120145
2001-03-01,75.055,0.009327363820488266,2.1087000884293827,4.31822117811214,9.326928848985006e-05,0.0021599473303934857,0.4393701410980503,-1.0461176824464273,-0.4914607496543742,0.6042131924944486,0.5341639835534825,0.49383566215244845,0.27368937439911806,0.7517243811735029
2001-04-01,75.187,0.17587102791285503,2.373236751810892,4.319978343671223,0.0017571655590833402,0.04069188414872471,0.44339479263455733,-0.3697814778597268,-0.3812241763722758,0.6068265331110488,0.5353412830781031,0.5629806988651792,0.29394301410007706,0.7525503091960414
2001-05-01,75.385,0.2633433971298338,2.5576491395143286,4.322608316230882,0.002629972559659244,0.06087929962685923,0.4494317699393185,-0.014554933969069903,-0.30437664442212575,0.6107379540213739,0.5371072323650342,0.599297182075871,0.3080621233728526,0.7537864864158264
2001-06-01,75.518,0.17642767128738246,2.3917346855763633,4.324371038435715,0.0017627222048330893,0.04077913324262994,0.4534869112601932,-0.3675209411452985,-0.3735157974843031,0.6133595587471554,0.5382934508254476,0.5632118041838796,0.29535926574893734,0.7546150262522671
2001-07-01,75.493,-0.03310469027252294,2.1017325092305805,4.324039936724868,-0.0003311017108469372,-0.007656644351372588,0.452724666651006,-1.2184348616947978,-0.4943642490980028,0.6128671284552519,0.538070477430633,0.47621886505573857,0.27315591776261045,0.7544593971028764
2001-08-01,75.484,-0.011921635118483653,2.0964644142072553,4.323920713266849,-0.00011922345801895773,-0.0027572237945028277,0.4524502585916987,-1.1324101713980366,-0.49655954685247067,0.6126898136292915,0.5379902070084998,0.4850135744449922,0.27275257821357046,0.7544033579923823
2001-09-01,75.227,-0.3404695034709193,1.3130959435436296,4.320510209068632,-0.0034105041982170903,-0.0788752714117269,0.4446143840092567,-2.466647769192799,-0.8230014650324678,0.6076175487546398,0.5356980405098064,0.3486081786412872,0.2127757774363162,0.7528003041573403
2001-10-01,75.492,0.35226713812859245,1.531881699460702,4.324026690375893,0.00351648130726101,0.0813904177307645,0.4526941768666388,0.34656565150931645,-0.7318300118700422,0.612847427851846,0.5380615584948405,0.6362162409275031,0.22952660439316697,0.7544531708649682
2001-11-01,75.441,-0.06755682721347744,1.321568153430852,4.323350893804686,-0.000675796571207421,-0.015628871410799938,0.4511391978638973,-1.3583454831257238,-0.8194709624013554,0.6118423508862942,0.5376066927694187,0.4619151430462772,0.2134244326523202,0.7541355233201422
2001-12-01,75.363,-0.1033920547182654,1.0620750693969505,4.322316438392951,-0.001034455411734747,-0.023927167540738203,0.44876099468323377,-1.5038728551405927,-0.9276057971295248,0.6103038593482751,0.5369110157775975,0.4470371941616328,0.19355694297534604,0.753649293830723
2002-01-01,75.431,0.09022995369079023,0.6659371163187933,4.323218331102334,0.000901892709382679,0.020865957461402296,0.45083430002022234,-0.7175711065540673,-1.0926826902002686,0.6116451972985107,0.537517503411493,0.5274245265335907,0.16322755395621616,0.7540732143077387
2002-02-01,75.558,0.1683657912529446,0.679565078349853,4.324900573251765,0.0016822421494309125,0.038911801824315084,0.45470650263489254,-0.4002603514017041,-1.0870037048531374,0.61414710823874,0.5386502082571508,0.5598647000235816,0.1642709474477163,0.7548639257604689
2002-03-01,75.763,0.27131475158157503,0.9433082406235416,4.3276100468266545,0.00270947357488982,0.06264822806902881,0.4609569084302258,0.01781685059978582,-0.9770977959179147,0.6181767668592734,0.54047859009463,0.6026067021300843,0.18446383456589652,0.7561374711815367
2002-04-01,76.08,0.4184100418409997,1.1877053213986466,4.331785418237135,0.004175371410480189,0.09648215447557451,0.47062217007471663,0.6151729305732785,-0.8752537023226865,0.6243865788146656,0.5433058927408781,0.6636772285934436,0.20317553355956858,0.7581000388147313
2002-05-01,76.13,0.06572029442690752,0.9882602639782245,4.332442405318121,0.000656987080986049,0.015166658030207891,0.4721466592930905,-0.8171051837739252,-0.9583655833263821,0.6253636814072171,0.5437518395305072,0.5172486888705153,0.1879054825900943,0.7584088452546408
2002-06-01,76.225,0.12478654932353006,0.9362006409068035,4.333689492874319,0.0012470875561980677,0.028784861736808054,0.47504318880800106,-0.5772362768800767,-0.9800596441056799,0.6272184096348573,0.5445991384308024,0.5417716173503726,0.1839196575812725,0.7589950191378576
2002-07-01,76.393,0.2204001311905568,1.1921635118487872,4.335891068938179,0.0022015760638600668,0.05080142607079008,0.48016547258173786,-0.18894815184507266,-0.8733959044961761,0.6304926987981515,0.5460975196439561,0.5814681417691256,0.20351686463232496,0.7600298353254913
2002-08-01,76.543,0.19635306899847826,1.402946319749887,4.337852674421502,0.0019616054833226926,0.04524111542780762,0.48473894023686,-0.28660361573249266,-0.7855594051891382,0.6334100922428462,0.5474353600128433,0.5714843635980004,0.21965496432638704,0.7609518571176134
2002-09-01,76.681,0.18029081692643167,1.9328166748640685,4.339653959302632,0.001801284881130627,0.041524805389347996,0.4889465304795719,-0.35183265138945924,-0.5647541244204884,0.6360890492242147,0.5486661731522194,0.5648156919600639,0.26022326636633775,0.7617985227332749
2002-10-01,76.821,0.18257456214707535,1.7604514385630265,4.341478040276407,0.0018240809737744001,0.04203286692627817,0.49321510029101906,-0.3425583293479043,-0.636581419585935,0.6388019096442761,0.5499148241631808,0.5657638495977891,0.2470265194640859,0.7626559032935935
2002-11-01,76.897,0.09893128181097666,1.9299850214074654,4.342466864047111,0.0009888237707045278,0.022776201135443763,0.4955323239029477,-0.6822348884652992,-0.5659341187917343,0.6402725356244428,0.550592663283417,0.5310371145932969,0.26000646734825494,0.7631206843481475
2002-12-01,76.971,0.09623262285913814,2.13367302257077,4.343428727536664,0.000961863489552961,0.02215016302178352,0.4977885679461412,-0.6931941811103086,-0.4810541366376528,0.6417030649857084,0.5512526645320681,0.5299166944721417,0.2756013695226295,0.7635727931467589
2003-01-01,77.201,0.2988138389782957,2.3465153584070197,4.346412410314712,0.002983682778047836,0.06869418068569111,0.5048012183506612,0.12949103827216138,-0.39235939976442075,0.6461405406410989,0.5533040197643617,0.6140236804821295,0.29189715222448104,0.764975226289166
2003-02-01,77.526,0.42097900286266476,2.6046216151830226,4.350613363968138,0.004200953653426431,0.09665336044635264,0.5147103982700921,0.6256055180667329,-0.284802477688096,0.6523883997310993,0.5562026738969506,0.6647438011654153,0.3116584626700023,0.766949818453128
2003-03-01,77.725,0.2566880788380743,2.589654580732015,4.353176955944817,0.0025635919766786586,0.058924840297480685,0.5207778653592205,-0.04158227684816385,-0.2910394754977143,0.6562010962652494,0.5579775421196742,0.5965340494756215,0.31051254618611074,0.7681547945243629
2003-04-01,77.593,-0.1698295271791439,1.9886961093585676,4.351477216934783,-0.0016997390100339516,-0.039045943393423155,0.5167532138227134,-1.773676382109971,-0.541468288359529,0.6536731631575353,0.5568002425950536,0.4194539084362707,0.264501546429592,0.7673558589476145
2003-05-01,77.504,-0.11470106839533978,1.8048075660055396,4.350329547930627,-0.001147669004155638,-0.02637423906735048,0.5140396230140079,-1.549798921614845,-0.6180975261595069,0.6519662949529607,0.5560064573095139,0.4423419560080372,0.25042254409170006,0.766816415190462
2003-06-01,77.588,0.10838150289016468,1.788127254837657,4.351412776056045,0.0010832281254176124,0.024899909615649918,0.5166007649008758,-0.6438574053467673,-0.6250484732264344,0.6535773236022328,0.5567556479160906,0.5349606255057354,0.24914545452620965,0.7673255695265229
2003-07-01,77.816,0.2938598752384447,1.8627361145654664,4.354347065567139,0.0029342895110939793,0.06743303065248618,0.5235524357366614,0.10937292058974549,-0.593957792155066,0.6579413392298815,0.5587891652767992,0.6119669105261403,0.25485770984881934,0.7687047861409876
2003-08-01,78.079,0.33797676570370694,2.0067151797029004,4.3577211346457725,0.003374069078633468,0.0774873713056623,0.5315712490253083,0.28853224447068454,-0.5339594593635888,0.6629594160529941,0.5611348453902479,0.6302832123049955,0.2658811350047077,0.7702907142213657
2003-09-01,78.323,0.31250400235658393,2.141338793182146,4.360841301880897,0.003120167235124427,0.07160089273079429,0.5390107564109733,0.1850869877782805,-0.4778596898907912,0.6675998779172647,0.5633110657236378,0.619707516337152,0.27618828157485076,0.771757299735277
2003-10-01,78.333,0.012767641688915532,1.9682118170812668,4.360968970147846,0.0001276682669493212,0.0029276063518768325,0.5393156542546482,-1.0321466647620483,-0.5500044139683334,0.6677897522667504,0.5634002550815637,0.49526398511394204,0.2629332138211352,0.771817308195332
2003-11-01,78.432,0.12638351652560775,1.996176703902619,4.362232007345702,0.0012630371978561428,0.028962306462210208,0.5423341429070289,-0.5707509702057643,-0.5383510073818835,0.6696682015638993,0.5642832297250292,0.5424346408068245,0.26507428090317114,0.7724109789566471
2003-12-01,78.605,0.2205732354141121,2.122877447350291,4.3644353106434775,0.002203303297775072,0.050508622513989465,0.5476088756026029,-0.18824517311456745,-0.4855528220134431,0.6729450595520382,0.5658262056171458,0.5815400105967877,0.2747748311967686,0.773446607003405
2004-01-01,78.909,0.3867438458113437,2.212406575044379,4.368295289787583,0.0038599791441056297,0.08844166242290008,0.5568777700503167,0.48657605507450286,-0.4482446314595377,0.6786858050522991,0.5685375620980905,0.6505301641346675,0.28162942243519407,0.7752609294643993
2004-02-01,79.077,0.21290347108693375,2.000619147124838,4.370422061315747,0.0021267715281636512,0.04868653300833525,0.562000053824053,-0.21939219586916073,-0.5364997716720286,0.6818488413342522,0.5700359433112441,0.5783557037132391,0.2654144063257294,0.7762605849570573
2004-03-01,79.199,0.15428000556418908,1.8964297201672586,4.371963672478042,0.0015416111622954531,0.03527373651026622,0.5657198075168856,-0.45746292877547284,-0.5799171386759546,0.6841415991478829,0.571124053477939,0.5540166110321175,0.2574373830758183,0.7769851950270737
2004-04-01,79.346,0.18560840414652002,2.2592244145734686,4.373818036123993,0.0018543636459504853,0.04241489145080379,0.5702018058189052,-0.3302378535471429,-0.4287349040282407,0.6868994974055959,0.5724351370394485,0.5670234298860904,0.2852139223728529,0.7778568094809593
2004-05-01,79.604,0.3251581680235871,2.709537572254317,4.377064342844067,0.003246306720074088,0.07422134833370286,0.5780681701857149,0.2364757357446135,-0.24108235420006519,0.6917275599416824,0.5747362224739344,0.6249612301567822,0.3196911110229406,0.7793826848750015
2004-06-01,79.831,0.2851615496708648,2.890910965613247,4.379911900198316,0.0028475573542490196,0.06505632842488396,0.5849893512371328,0.07404889591010552,-0.16550121881846538,0.6959625833596464,0.5767608208988504,0.6083555690560978,0.333577546700608,0.7807211344038476
2004-07-01,79.905,0.09269581991957487,2.684537884239746,4.380838429037072,0.0009265288387565462,0.021154051950555974,0.5872455952803263,-0.7075571884906953,-0.25150011597501193,0.6973405613391586,0.5774208221475013,0.5284482965571892,0.31777706755081414,0.7811566347058329
2004-08-01,79.946,0.051310931731429754,2.391167919671111,4.381351406758814,0.0005129777217414144,0.011709578658303244,0.5884956764393928,-0.8756218120052317,-0.3737519777190179,0.6981034863286155,0.5777864985149972,0.5112662582688127,0.29531587262416953,0.7813977518123764
2004-09-01,80.104,0.19763340254672634,2.2739169847937557,4.383325790405502,0.001974383646688338,0.045063348345952825,0.5933130623694547,-0.2814041628602004,-0.42261227976479326,0.7010398840686973,0.579195690370225,0.572015928162048,0.28633882513573977,0.7823257797791277
2004-10-01,80.448,0.4294417257565186,2.700011489410592,4.387611012967782,0.004285222562280033,0.09776189968948579,0.6038015481918675,0.6599727569148209,-0.2450520222077816,0.7074130719082201,0.5822638042828729,0.6682573259120587,0.31896176845389174,0.7843399812177485
2004-11-01,80.758,0.3853420843277666,2.9656262749897966,4.391457028402968,0.0038460154351858122,0.08765625356985662,0.6132533813457862,0.48088348161813566,-0.13436617851025542,0.7131330499130734,0.5850286743785731,0.6499481855300016,0.33929795209513713,0.7861477402570801
2004-12-01,80.801,0.053245498897958043,2.7937154125055708,4.391989341688088,0.0005323132851202672,0.012121564247968841,0.6145644420735881,-0.8677655070412547,-0.20600412898557593,0.7139247316766781,0.5854121886176542,0.5120694453397939,0.32613599327653964,0.7863979457409502
2005-01-01,80.907,0.13118649521663972,2.53203056685547,4.393300346897258,0.0013110052091693802,0.02984991782029045,0.6177963592165407,-0.5512460049685293,-0.31505230512711535,0.7158745212932491,0.5863575958116677,0.5444287252995116,0.306100696424872,0.78701416311122
2005-02-01,81.132,0.2780970744187927,2.598732880610055,4.396077457896541,0.002777110999283572,0.06321240935063255,0.6246565606992239,0.045359960756539947,-0.28725640566916966,0.7200047735245876,0.5883643563649986,0.6054225640491359,0.31120760528482594,0.788319500439368
2005-03-01,81.375,0.299511906522687,2.747509438250484,4.3990681005287335,0.0029906426321923973,0.0680297984017697,0.6320655783005213,0.13232590056543306,-0.225258882568431,0.7244526002077613,0.5905316577625958,0.6143135018106558,0.3225983393928333,0.7897252049517045
2005-04-01,81.603,0.28018433179721747,2.844503818718014,4.401866026000138,0.002797925471404561,0.06360268601135477,0.6390172491363065,0.05383634285737113,-0.18483980419311957,0.7286138087170245,0.5925651751233042,0.6062891445272742,0.330024490497544,0.7910403257949633
2005-05-01,81.649,0.05637047657562899,2.5689663835988252,4.4024295719440465,0.0005635459439083945,0.01280243289050187,0.6404197792172107,-0.8550749279462616,-0.2996605714554354,0.7294519411837821,0.592975446169763,0.5133668630315843,0.30892860207249745,0.7913052116986596
2005-06-01,81.7,0.062462491885995064,2.3411957760769653,4.403054001865957,0.0006244299219106964,0.014183757211938541,0.6419747582199522,-0.8303351665404364,-0.39457615308647914,0.730380623213039,0.5934303118951847,0.5158961254000174,0.29148987066851334,0.7915987151582234
2005-07-01,82.046,0.4235006119950979,2.679431825292533,4.407280065586012,0.004226063720055073,0.09598028364548039,0.6525242236111003,0.6358458088599939,-0.2536278907572371,0.7366658271944566,0.5965162636794178,0.6657907143397319,0.31738613392034204,0.7935851099139044
2005-08-01,82.377,0.40343222094920694,3.0408025417156592,4.411306271738861,0.004026206152849099,0.09135353535363322,0.6626163422367357,0.5543477854670901,-0.10303905005075512,0.7426537934482086,0.5994684314267621,0.6574587874351816,0.3450536496263068,0.7954775647648231
2005-09-01,83.172,0.9650752030299747,3.8300209727354373,4.420910752723848,0.009604480984986452,0.2177241930926055,0.6868557208088821,2.835187977757977,0.22584063828652393,0.7569380366885118,0.6065589853818643,0.8906398263360916,0.405478339130227,0.7999919999279932
2005-10-01,83.305,0.15990958495648577,3.551362370723954,4.422508571381032,0.0015978186571841135,0.03614229615922504,0.6909108621297572,-0.43460112625446085,0.10971923186723835,0.7593143889754068,0.6077452038422776,0.5563538808158645,0.3841434857584127,0.8007430294465728
2005-11-01,83.131,-0.20887101614549541,2.938408578716656,4.420417676822263,-0.0020908945587692074,-0.04727847385757045,0.6856056396498155,-1.9322244278301082,-0.1457082190857687,0.7562047106373505,0.6061933090143684,0.4032447947326064,0.33721409193465984,0.7997602373588646
2005-12-01,83.131,0.0,2.8836276778752667,4.420417676822263,0.0,0.0,0.6856056396498155,-1.0839962404782093,-0.16853627895795373,0.7562047106373505,0.6061933090143684,0.4899631587022844,0.33301991856771396,0.7997602373588646
2006-01-01,83.534,0.4847770386498418,3.246937842213904,4.425253734607981,0.004836057785718495,0.10940273384290045,0.6978930227499099,0.8846902549106094,-0.017139239911279115,0.7633971269525422,0.6097876401387787,0.6912312544753048,0.3608359236316279,0.8020333502270245
2006-02-01,83.584,0.05985586707208945,3.0222353695212645,4.425852114213911,0.0005983796059298996,0.013521927595938621,0.6994175119682838,-0.8409207072334806,-0.11077628167712106,0.7642870657065988,0.6102335869284078,0.5148139157018216,0.3436320968967761,0.802314609145456
2006-03-01,83.746,0.1938169984685878,2.9136712749615823,4.427788408370544,0.0019362941566329894,0.0437496352490907,0.7043568570358153,-0.2969026344678978,-0.156016641227863,0.7671668149362926,0.6116784545268058,0.5704314463894653,0.3353201373083936,0.8032247337467343
2006-04-01,84.135,0.4644997970052467,3.102827101944805,4.43242265162841,0.004634243257865656,0.10466270811642087,0.7162173831547652,0.8023440862458754,-0.07719244379365027,0.7740590830383968,0.61514792055012,0.6828126176836292,0.34980241707288134,0.8054029868715722
2006-05-01,84.361,0.2686159148986844,3.321534862643749,4.435105209499539,0.002682557871128921,0.06052125625122251,0.7231080744218156,0.006856836186428984,0.013946507539089666,0.7780487113376555,0.6171636000392434,0.6014862082191502,0.36654727250568636,0.8066638809895983
2006-06-01,84.569,0.24655942912008566,3.511627906976744,4.437567769200157,0.002462559700618705,0.055524267955231466,0.7294499495702513,-0.08271486838315806,0.09316125813042916,0.7817111478412408,0.6190187386841003,0.5923288708492387,0.3811013081556575,0.8078213684291857
2006-07-01,84.858,0.34173278624556325,3.4273456353752785,4.440979271266418,0.0034115020662603968,0.07687774573130746,0.7382614972524529,0.3037854976729191,0.058039514735724655,0.7867848967929474,0.6215963111281563,0.6318426242446559,0.37464843035651246,0.8094248912964004
2006-08-01,85.125,0.31464328643144857,3.335882588586636,4.444120764469677,0.0031414932032589604,0.0707387495272771,0.7464022696785698,0.19377465103831462,0.019925429787963408,0.791457075656465,0.6239776669847754,0.6205956970836344,0.36764577306156676,0.810901500746075
2006-09-01,84.902,-0.26196769456681146,2.0800269321406217,4.441497650165868,-0.0026231143038089044,-0.05902437046221287,0.7396030477646219,-2.147850799180487,-0.5034093032274438,0.7875558546720832,0.6219887443030298,0.38120029487862345,0.2714940802983365,0.8096685471415398
2006-10-01,84.702,-0.23556571105509683,1.67697016985775,4.439139214130117,-0.0023584360357506995,-0.05310001764072814,0.7335050908911259,-2.0406319660943466,-0.6713693725209874,0.7840482758602744,0.6202049571445135,0.39216178134017954,0.2406349686048495,0.8085600013922668
2006-11-01,84.731,0.0342376803381228,1.9246731063020883,4.439481532335936,0.00034231820581887007,0.007711364507989593,0.7343892946377827,-0.9449565303821469,-0.5681476770611137,0.7845573878596781,0.6204636062824983,0.5041778433427356,0.2595997728156667,0.8087209026786307
2006-12-01,85.032,0.3552418831360482,2.2867522344251823,4.443027656231281,0.0035461238953446994,0.07987698269529275,0.7435667197323942,0.35864613357941205,-0.4172636300974758,0.7898313528308759,0.6231482059560653,0.6374512855260023,0.287321526430085,0.8103877024183695
2007-01-01,85.316,0.33399190892842157,2.133263102449301,4.446362010178776,0.003334353947495039,0.07504688706627682,0.7522258184927586,0.2723496840478312,-0.48122495677627747,0.7947903634124718,0.6256811837211584,0.6286287929097955,0.27556998493366447,0.8119549630262625
2007-02-01,85.581,0.31060996764968873,2.389213246554367,4.449463295893526,0.0031012857147505457,0.06974883528716447,0.7603056113501406,0.17739528571325014,-0.3745665206391642,0.7994027437770561,0.6280447017061924,0.6189211573960468,0.2951662175837921,0.8134126735786175
2007-03-01,85.894,0.3657353851906464,2.564898622023759,4.453113977889444,0.0036506819959178927,0.08204769324171579,0.7698489138571618,0.40126039567763006,-0.3013556714511482,0.8048322125535784,0.6308363286092704,0.6418079423148664,0.308617163286366,0.8151286192083382
2007-04-01,86.096,0.23517358604792094,2.3307779164438047,4.455462952747064,0.0023489748576199787,0.05274903964469502,0.7760078502993927,-0.12895294013097794,-0.3989174384577143,0.8083257202490021,0.6326379536393718,0.587601734926532,0.29069225126571285,0.8162327178796999
2007-05-01,86.346,0.2903735365173743,2.352983013477794,4.458362480416092,0.0028995276690277905,0.0650780334115364,0.7836302963912626,0.09521484912324604,-0.3896642265394356,0.8126380364034226,0.6348676875875171,0.6105194641752077,0.29239233332277975,0.8175955952372693
2007-06-01,86.529,0.21193801681604896,2.3176341212501006,4.4604796178663255,0.002117137450233564,0.04748688469216056,0.7892099269305112,-0.2233129194873831,-0.40439466389616346,0.8157867444241438,0.6364998528375594,0.5779548696654918,0.2896859268917921,0.8185907223831858
2007-07-01,86.661,0.1525500121346557,2.1247260128685497,4.4620039555943665,0.0015243377280409476,0.034174300941436364,0.7932345784670186,-0.46448845686426055,-0.4847824957924368,0.8180538123606357,0.6376771523621801,0.5532983581952428,0.2749163623535158,0.8193072133472235
2007-08-01,86.72,0.06808137455140972,1.873715124816444,4.462684537691336,0.0006805820969697507,0.015252834908774382,0.7950334757446998,-0.8075168035804567,-0.5893826665273892,0.8190660065888619,0.6382033695739424,0.518228954152777,0.2556982924548521,0.8196271102531352
2007-09-01,87.054,0.38514760147601024,2.534687050952855,4.466528615761603,0.0038440780702666544,0.086138243422762,0.8052170637234382,0.4800936839723894,-0.31394530657299885,0.8247831032519962,0.6411822941286646,0.6498674407955922,0.30630408400484677,0.8214339586645704
2007-10-01,87.318,0.30326004548899554,3.08847488843238,4.469556627159244,0.003028011397641528,0.06779339523217409,0.8132663667964526,0.14754714657651338,-0.08317323608307692,0.829286506549471,0.643536893177906,0.6158696415043645,0.34870357293658605,0.8228572277771191
2007-11-01,87.781,0.53024576834102,3.5996270550330056,4.474845076311854,0.005288449152609509,0.11832156058777521,0.8273831369585959,1.0693394172447264,0.12983188219238048,0.8371517409309992,0.6476663604498711,0.7101088083042759,0.3878387600307213,0.8253429800890345
2007-12-01,87.984,0.231257333591528,3.471634208298058,4.477154979765459,0.0023099034536047114,0.05161974133658376,0.8335725631851939,-0.1448568974324766,0.076495257135108,0.8405871397666556,0.6494769044157651,0.5859757984410501,0.37803928282808075,0.8264287138617165
2008-01-01,88.206,0.25231860338243983,3.3874068170097082,4.479674987909884,0.002520008144425212,0.05628592612527683,0.8403412953147746,-0.059326779239197894,0.0413963832269285,0.8443350163420565,0.6514569081617182,0.5947199453940177,0.3715906068135742,0.82761320403838
2008-02-01,88.382,0.1995329115933142,3.2729227281756534,4.4816683290007475,0.0019933410908636873,0.044497448949831764,0.8457074973634512,-0.2736902294232921,-0.006310930712344863,0.8472996084993316,0.6530266408612125,0.5728045599210421,0.36282539651305146,0.8285501426534758
2008-03-01,88.635,0.2862573827249859,3.1911425710759778,4.484526813465748,0.002858484465000366,0.06378170482861378,0.8534214128084235,0.07849908963391995,-0.0403900037825999,0.8515508832387495,0.6552831316167356,0.6088105333273066,0.35656408734171774,0.8298937282987954
2008-04-01,88.799,0.18502848761776658,3.13951867682587,4.486375388673455,0.0018485752077070927,0.041221187532114456,0.8584217374446902,-0.332592902874127,-0.061902489533590524,0.8543001726544044,0.6567458370867189,0.566782662097718,0.3526116229054585,0.8307626219883641
2008-05-01,89.18,0.42905888579827245,3.282143932550441,4.49065679919933,0.004281410525875273,0.0954313929388162,0.8700383452886999,0.6584180383625694,-0.0024683103404969397,0.8606676910511607,0.6601439516236923,0.668098379709498,0.36353139676507135,0.8327750316392543
2008-06-01,89.827,0.7254989908050957,3.8114389395462744,4.497885598267991,0.007228799068660585,0.16097420470764234,0.889765235774459,1.8622655494657374,0.218097213850746,0.8714187065816652,0.6659145030814924,0.7911733826255771,0.4040556486028963,0.8361728148983462
2008-07-01,90.245,0.46533892927516085,4.135655023597695,4.502528194016212,0.004642595748221012,0.10321729280995395,0.9025099656400657,0.8057518144093749,0.3532031369840746,0.8783233969066968,0.6696426182427914,0.6831610057890926,0.4288785055471648,0.8383549939798515
2008-08-01,90.172,-0.08089090808356403,3.9806273062730657,4.501718957591886,-0.0008092364243257322,-0.01797293408181133,0.9002842113812394,-1.4124953764673571,0.2886006576787145,0.8771198618128118,0.6689915359299329,0.4563791443259577,0.4170091658109676,0.837974625131706
2008-09-01,90.247,0.08317437785565485,3.6678383532060543,4.502550355663266,0.0008313980713801072,0.018468457920461923,0.9025709452088004,-0.7462239010480238,0.15825659910534787,0.878356356767581,0.6696604561143764,0.5244952163565352,0.39306120080347423,0.838365410713342
2008-10-01,89.651,-0.6604097643134965,2.6718431480336147,4.495924354478613,-0.006626001184653063,-0.1471610678672186,0.8843990337257825,-3.765929749639303,-0.2567902114959715,0.8685018510654955,0.664344770381998,0.21577646029040823,0.3168051243429008,0.8352509631147718
2008-11-01,88.593,-1.1801318445973763,0.9250293343662008,4.484052847717827,-0.01187150676078641,-0.2640504115457465,0.8521408418649893,-5.87652855947547,-0.984714902610789,0.8508459787216329,0.6549085363134471,0.0,0.18306435225319392,0.8296709481567036
2008-12-01,88.098,-0.55873488876097,0.12956901254774777,4.478449831208856,-0.005603016508970882,-0.12495429245046319,0.8370483986030868,-3.3530266241569526,-1.3161956846628347,0.8425129047305777,0.6504936630961193,0.25798949217700523,0.12216176677193322,0.82703733840856
2009-01-01,88.108,0.011350995482306558,-0.11110355304627673,4.478563334721911,0.00011350351305505768,0.00253443752487037,0.8373532964467617,-1.0378996852917797,-1.416487714413864,0.8426817125809595,0.6505828524540452,0.4946758267201733,0.10373522669564557,0.8270906889489255
2009-02-01,88.266,0.17932537340537014,-0.13124844425335125,4.48035498249613,0.0017916477742190295,0.04000496677871723,0.8421706823768236,-0.3557533313524955,-1.4248824062778265,0.8453463367962499,0.651992044309273,0.5644148623753921,0.10219287954758811,0.8279328247941203
2009-03-01,88.169,-0.10989508984208252,-0.5257516782309568,4.479255427308407,-0.0010995551877233112,-0.02454169796854977,0.8392131732931778,-1.5302817738941583,-1.589278086281088,0.8437110257594403,0.6511269075373927,0.44433728597340455,0.07198864902729021,0.8274159961793244
2009-04-01,88.295,0.14290737107147677,-0.5675739591662121,4.480683480865087,0.0014280535566806307,0.03188149414239394,0.8430548861234803,-0.5036473602930053,-1.6067060861591043,0.8458348952736486,0.652250693447258,0.549294959002876,0.06878662251532297,0.8280872302836187
2009-05-01,88.387,0.10419616059800241,-0.8892128279883504,4.481724900005859,0.0010414191407717155,0.02324241703792751,0.8458599462852884,-0.6608541403243723,-1.7407380433179063,0.847383743602376,0.6530712355401753,0.5332229692098681,0.044161084112909775,0.8285767329642995
2009-06-01,88.912,0.5939787525314877,-1.018624689681269,4.487647116537565,0.005922216531706326,0.1321414558867362,0.8618670830782154,1.3281599786229046,-1.7946659941460685,0.8561915471258432,0.6577536768312806,0.7365692537116599,0.03425296330177415,0.8313603776606068
2009-07-01,88.922,0.01124707576030115,-1.4660091971854472,4.487759580970807,0.00011246443324175459,0.0025060890556094506,0.8621719809218898,-1.0383217047708506,-1.9810981295496752,0.8563588096070559,0.6578428661892063,0.49463268168050817,0.0,0.8314132397978558
2009-08-01,89.18,0.2901419221340129,-1.1001197711041022,4.49065679919933,0.0028972182285231796,0.06455823170226083,0.8700383452886999,0.09427425979597237,-1.8286262717142578,0.8606676910511607,0.6601439516236923,0.6104233032967499,0.02801348029235114,0.8327750316392543
2009-09-01,89.324,0.16147118187932463,-1.0227486786264395,4.4922702087726405,0.0016134095733102427,0.03592814248458698,0.8744288742376167,-0.4282594587905978,-1.7963845249680637,0.8630672308938052,0.6614282783778239,0.5570022193590846,0.03393721959669172,0.8335333894226403
2009-10-01,89.663,0.37951726299763067,0.013385238313023962,4.496058197904312,0.003787989131671665,0.08432237945692478,0.8847649111381923,0.4572287987919256,-1.3646112841449598,0.8687009094062625,0.664451797611509,0.6475298558570458,0.1132664239776,0.8353138741110328
2009-11-01,89.887,0.24982434225935268,1.4606120122357291,4.49855332590445,0.0024951280001381804,0.055495900860469405,0.8915946228365078,-0.06945600937491364,-0.7615292074300823,0.8724117830417435,0.6664496392290472,0.5936843864739777,0.22407000511425001,0.8364866697673563
2009-12-01,89.939,0.05785041218417941,2.089718268292118,4.49913166275729,0.0005783368528398114,0.012856063070532109,0.8931800916236166,-0.8490648882490169,-0.49937077157663406,0.8732719132553083,0.6669134238902613,0.5139812977057785,0.27223607510587744,0.8367585079050649
2010-01-01,90.136,0.2190373475355445,2.301720615608116,4.5013196408618645,0.002187978104574384,0.04863111970441203,0.8991865791440101,-0.19448243578152205,-0.41102607108355876,0.8765259788835347,0.6686704542413999,0.5809023458478526,0.2884675460234014,0.8377869325858964
2010-02-01,90.134,-0.0022188692642144403,2.1163301837627158,4.50129745192305,-2.2188938814338144e-05,-0.0004929429719413569,0.8991255995752753,-1.0930071003317585,-0.48828116935495336,0.8764929784330404,0.6686526163698148,0.48904193604532536,0.27427355505593093,0.8377765030243435
2010-03-01,90.261,0.14090132469433136,2.3727160339801934,4.50270547344229,0.0014080215192402434,0.031280348261342183,0.9029978021899451,-0.5117939433547959,-0.38144116765268793,0.8785870553435833,0.6697853212154725,0.5484620954343271,0.2939031465399664,0.8384383213846375
2010-04-01,90.31,0.05428701210934417,2.282122430488709,4.503248196262708,0.0005427228204171186,0.012053260503441798,0.9044918016239518,-0.8635359069765826,-0.41919294195315887,0.8793942186656847,0.6702223490693091,0.5125018572819148,0.2869670561664294,0.8386934197067827
2010-05-01,90.339,0.03211161554643738,2.20846957131704,4.503569260871414,0.00032106460870640063,0.007129622768142774,0.9053760053706086,-0.9535905099439058,-0.4498852426109485,0.8798717212994849,0.6704809982072939,0.5032951509336555,0.2813279948221911,0.8388443310742433
2010-06-01,90.301,-0.042063781976775516,1.5622188231059875,4.503148534558742,-0.00042072631267231486,-0.009342063778783327,0.9042173935646445,-1.254817861389327,-0.7191880570228664,0.8792459970154552,0.6701420786471759,0.47249925958062605,0.23184929631806256,0.8386465752909826
2010-07-01,90.378,0.08527037352852318,1.6373900721981194,4.5040008749487335,0.0008523403899918236,0.01892765436117827,0.9065651069609403,-0.7377120326083353,-0.6878630194899749,0.8805136383875617,0.6708288367032046,0.5253654247702869,0.2376046096856746,0.8390472044799605
2010-08-01,90.502,0.13720153134610946,1.4823951558645243,4.505371949909205,0.0013710749604713968,0.030441267631564628,0.9103458402225076,-0.5268188571185746,-0.7524518301083345,0.8825527666097609,0.6719347847414846,0.5469260277112677,0.2257377812817281,0.839691656691649
2010-09-01,90.592,0.09944531612562368,1.419551296404098,4.506365908929489,0.0009939590202838744,0.02206164177640524,0.9130899208155809,-0.6801473877531563,-0.7786398511946525,0.8840310299785804,0.6727374889628169,0.5312505296262349,0.22092628607853373,0.8401588514894661
2010-10-01,90.881,0.31901271635463857,1.3584198610352205,4.5095509584334295,0.003185049503940718,0.07067889222287516,0.9219014684977825,0.21151896852143964,-0.8041142783259965,0.8887679878545774,0.6753150614068729,0.6224097822612316,0.21624589867764596,0.8416559338929301
2010-11-01,91.062,0.19916154091614846,1.3071968137772894,4.511540593205964,0.00198963477253411,0.04412046323178931,0.9274201194682963,-0.2751983710608495,-0.8254597248535268,0.891727067798061,0.6769293887853302,0.5726503754959149,0.212324124167127,0.842591130411413
2010-12-01,91.268,0.22621949880301528,1.477668197333748,4.513800233283324,0.0022596400773604586,0.05008577515102086,0.9337010150479972,-0.1653156166444415,-0.7544216278060089,0.8950877125378455,0.6787666895586019,0.5838842071859712,0.2253758726005649,0.8436532386749714
2011-01-01,91.542,0.3002147521584897,1.5598650927487467,4.5167978833591205,0.002997650075796443,0.06641078295164249,0.9420552159646867,0.1351801667563431,-0.7201688933488998,0.8995459610261213,0.6812104779657692,0.6146053068910581,0.23166908838015562,0.8450622369259139
2011-02-01,91.797,0.27856066068034924,1.8450307320212023,4.519579617353888,0.0027817339947677766,0.06158641733817749,0.9498301109783938,0.04724259120272599,-0.601335902528801,0.9036830887973352,0.6834848065928774,0.6056150342295509,0.25350213805685945,0.8463697472203479
2011-03-01,92.166,0.4019739207163697,2.1105460830258993,4.523591298995063,0.004011681641174825,0.08876227394625236,0.9610808414099938,0.5484256073404096,-0.4906914947767477,0.9096494535030153,0.6867758939003398,0.6568533352633008,0.2738307087191697,0.8482553750530931
2011-04-01,92.557,0.4242345333420161,2.488096556306063,4.527824670951344,0.00423337195628104,0.09358431556849567,0.9730023470976785,0.6388262739587113,-0.3333602958290375,0.9159455266427011,0.6902631977952391,0.666095421329058,0.3027369902039217,0.850245204930219
2011-05-01,92.838,0.30359670257245064,2.7662471357885243,4.530856038735591,0.003031367784246619,0.06694976074701486,0.98156997650494,0.1489143158129544,-0.21745059035900272,0.920453921718779,0.6927694187529544,0.6160094136567426,0.32403294800212723,0.8516700516594796
2011-06-01,92.819,-0.020465757556165087,2.7884519551278464,4.53065136021481,-0.00020467852078098758,-0.00451743597746912,0.9809906706019581,-1.167107974959153,-0.20819749416044367,0.9201495140385024,0.6925999589728954,0.48146625451029995,0.3257330087981422,0.8515738457413459
2011-07-01,92.977,0.17022376884043844,2.875699838456258,4.532352150738686,0.0017007905238761722,0.03753964692165823,0.98580805653202,-0.39271507781485776,-0.17183993388393226,0.9226790110078678,0.6940091508281232,0.560636088891473,0.33241294182147707,0.8523732755656305
2011-08-01,93.196,0.23554212332081992,2.9767297960266115,4.534704802315587,0.0023526515769010103,0.05190796078184956,0.9924853193084978,-0.12745630498871882,-0.12973916728686624,0.926177986895963,0.6959623977666984,0.5877547429884327,0.34014806758240834,0.8534791024210381
2011-09-01,93.327,0.14056397270270082,3.0190303779583205,4.5361094550558825,0.0014046527402955533,0.03097561586762332,0.9964794810606377,-0.5131639346232877,-0.11211185188799745,0.9282670535974229,0.6971307783555266,0.5483220347723168,0.343386714107371,0.8541393373397959
2011-10-01,93.329,0.002143002560872631,2.693632332390705,4.536130884851872,2.1429795989291733e-05,0.0004724267833822182,0.9965404606293725,-1.0752934763932525,-0.2477103169080765,0.9282989250144187,0.6971486162271118,0.4908528832772453,0.31847336300481305,0.8541494100782088
2011-11-01,93.52,0.20465235885951394,2.6992598449408156,4.538175317163813,0.002044432311941513,0.04506995860213969,1.002364009443561,-0.2529000807708464,-0.24536524423763342,0.9313395024779754,0.6988521329634948,0.5749300347693315,0.31890422052809775,0.8551103633178662
2011-12-01,93.574,0.057741659538068646,2.5266248849541872,4.538752567118376,0.000577249954562653,0.01271986898301325,1.0040104577994051,-0.8495065343020816,-0.3173049374898025,0.9321980162044657,0.6993337554962942,0.5139361461489845,0.3056868228537494,0.8553816905761417
2012-01-01,93.894,0.3419753350289767,2.569312446745764,4.54216648640909,0.003413919290713885,0.0752171271782176,1.0137671887969988,0.30477049175537185,-0.2995163615188236,0.9372753601679291,0.7021878149499202,0.6319433248304461,0.30895509759943984,0.8569863496216763
2012-02-01,94.104,0.22365646367179526,2.5131540246413397,4.54440055365814,0.0022340672490503977,0.04918505862203659,1.0201700435141694,-0.17572413901194706,-0.32291845608895603,0.9405979717750025,0.7040607914663622,0.5828200949052066,0.3046554574930814,0.858036437779669
2012-03-01,94.284,0.19127773527161107,2.2980274721697835,4.546311503981685,0.0019109503235448244,0.042050657748604614,1.025658204700316,-0.3072146186700554,-0.41256506183091657,0.9434400284446257,0.7056661999090269,0.569377203660178,0.28818478901116806,0.8589346499109822
2012-04-01,94.408,0.13151754274318694,1.9998487418563693,4.547625815323448,0.0013143113417628527,0.02890939920443536,1.0294389379618831,-0.5499016162230134,-0.5368208116207028,0.9453947350996315,0.7067721479473069,0.5445661684949733,0.2653554220226395,0.8595524212768564
2012-05-01,94.302,-0.11227862045588566,1.5769404769598871,4.5465023983222475,-0.001123417001200444,-0.024703373734380474,1.0262070208189304,-1.5399613258461424,-0.7130533131535123,0.9437239356331613,0.7058267407532934,0.4433476997727195,0.2329764258023001,0.8590243767920944
2012-06-01,94.254,-0.05090029903925819,1.5460196726963193,4.5459932657458575,-0.000509132576389959,-0.011198335154904981,1.0247435111692915,-1.2907030837085054,-0.7259384968613992,0.942966729327679,0.7053986318352495,0.46883054423184417,0.2306090457166331,0.8587850670356211
2012-07-01,94.288,0.03607273961847568,1.4100261354958565,4.546353928095558,0.0003606623497001138,0.007933631411582986,1.0257801638377855,-0.9375043283687631,-0.7826091350174049,0.9435031236147611,0.7057018756521972,0.5049397170651708,0.22019701409534947,0.8589545906981764
2012-08-01,94.605,0.3362039708128428,1.51186746212284,4.549710328783724,0.003356400688166339,0.0738262075775653,1.0354454254822767,0.2813328990345666,-0.7401702582191793,0.9484949231629755,0.7085291782984455,0.629547189301773,0.22799426045736276,0.8605322140296227
2012-09-01,94.893,0.3044236562549596,1.6779710051753494,4.5527499410407595,0.003039612257035529,0.0668089183130105,1.044226483380111,0.15227258655861847,-0.6709523087596866,0.9530155798130926,0.7110978318067088,0.6163527454973649,0.24071159525335842,0.8619609359435932
2012-10-01,95.174,0.2961230016966576,1.9768774978838444,4.555706795252501,0.002956854211741522,0.06494655428110896,1.0527941127873728,0.11856350954183292,-0.5463932889748389,0.9574131547421963,0.7136040527644242,0.6129065077356258,0.26359668169169576,0.8633507587405481
2012-11-01,95.109,-0.06829596318324027,1.6991017964071764,4.5550236022975,-0.0006831929550008553,-0.014996420658874854,1.0508122768034862,-1.3613471248824802,-0.6621467769050089,0.9563970775211005,0.7130243219379063,0.46160827106742724,0.2423294255636636,0.8630296346419001
2012-12-01,95.094,-0.015771378103024425,1.6243828413875505,4.554865876078344,-0.00015772621915655094,-0.00346268719830789,1.050354930037974,-1.148044032782007,-0.693283336409821,0.9561624995482431,0.7128905379010176,0.4834152511377002,0.23660874104887794,0.8629554979143635
2013-01-01,95.275,0.19033798136582902,1.4708075063369241,4.556767446759924,0.0019015706815803668,0.04174811582415838,1.0558735810084883,-0.31103097273759683,-0.7572805852607889,0.9589906063659652,0.7145048652794749,0.5689870398033279,0.22485059961279424,0.8638493012925573
2013-02-01,95.614,0.3558121228024236,1.6046076681118793,4.560319252850196,0.0035518060902717252,0.07794573964483575,1.0662096179090637,0.36096188502971766,-0.7015239610177826,0.9642730221690824,0.7175283845131599,0.6376880357072924,0.2350947005017956,0.8655187718586139
2013-03-01,95.488,-0.13177986487334925,1.276992915022701,4.559000585141241,-0.0013186677089542798,-0.028916127048128626,1.062367905078761,-1.619156158660136,-0.838046162800933,0.9623118365165437,0.7164045986032946,0.43525123889239675,0.21001163229881673,0.8648989528508876
2013-04-01,95.391,-0.10158344504020977,1.0412253198881505,4.557984234381338,-0.0010163507599036947,-0.02229327987401941,1.0594103959951158,-1.4965280653408648,-0.9362942144939094,0.9608002710821777,0.7155394618314144,0.4477880866273996,0.19196062997657853,0.8644212331681899
2013-05-01,95.461,0.07338218490213766,1.2290301372187118,4.558717787114753,0.0007335527334149106,0.016093797075500405,1.061544680900839,-0.7859901368448379,-0.8580330039541282,0.9618912457730607,0.716163787336895,0.5204297267147703,0.2063394728019753,0.8647660280882844
2013-06-01,95.673,0.2220802212421935,1.5055063976064709,4.560936126990842,0.0022183398760891038,0.04866148727957764,1.0680085151867449,-0.1821252820884805,-0.7428210134897241,0.9651904668792562,0.7180546017249222,0.5821656758898874,0.22750724021910076,0.8658087238420824
2013-07-01,95.792,0.12438200955338097,1.5951128457492025,4.5621791741829965,0.0012430471921547337,0.027254211800920025,1.071636799526475,-0.5788791186791815,-0.7054806022931518,0.9670391860843512,0.7191159550842394,0.5416036618930986,0.2343677513194022,0.8663929986157548
2013-08-01,95.934,0.14823784867212808,1.4047883304264985,4.563660455031338,0.0014812808483419815,0.03246871268722806,1.075966348906657,-0.48200021443064783,-0.7847918104733697,0.9692422177711227,0.7203824439667859,0.5515080487136259,0.21979599362679672,0.8670892513709779
2013-09-01,95.976,0.043780098817935986,1.1412854478201728,4.564098160212627,0.0004377051812882726,0.009591098759464955,1.0772469198500911,-0.9062046322995189,-0.8945975911056916,0.9698931938401926,0.7207570392700743,0.5081396324609875,0.1996215029673456,0.8672949878042738
2013-10-01,96.103,0.13232474785362935,0.9761069199571093,4.565420532970781,0.0013223727581541667,0.028973363668693963,1.081119122464761,-0.5466235447112876,-0.9634300722394901,0.9718598898190125,0.721889744115732,0.5449013011900561,0.186974989826562,0.8679165483120787
2013-11-01,96.246,0.14879868474448887,1.1954704602088029,4.566907413862759,0.0014868808919779042,0.032568322704107366,1.0854791616293107,-0.4797226511102838,-0.8720178472901576,0.9740712501583761,0.7231651519340712,0.5517408947424709,0.20377005350882046,0.8686154332796978
2013-12-01,96.414,0.17455270868400596,1.3881001955959427,4.568651419287671,0.001744005424912487,0.03818788661269501,1.0906014454030473,-0.3751351911248495,-0.7917460177831407,0.9766650183943485,0.7246635331472249,0.5624333635343839,0.2185183050606124,0.8694351755882401
2014-01-01,96.614,0.20743875370796694,1.4054054054054133,4.570723658253724,0.0020722389660523532,0.04535778232728216,1.0966994022765433,-0.24158449139341173,-0.7845346656592478,0.9797469512431298,0.7264473203057412,0.5760868807841134,0.21984323854979398,0.8704091989081324
2014-02-01,96.66,0.04761214730784058,1.0939820528374389,4.571199666416938,0.0004760081632140256,0.010414284450432909,1.0981019323574472,-0.8906426285116302,-0.9143096571038397,0.9804548933379029,0.7268575913521998,0.5097306094276793,0.1959998275959029,0.8706329390553957
2014-03-01,96.815,0.16035588661287292,1.38970341823057,4.572801940955362,0.0016022745384240977,0.035051510661321394,1.1028278489344066,-0.43278868883736266,-0.7910779297866019,0.9828378726243808,0.7282400264000499,0.5565391748322056,0.21864105210515095,0.8713860629908402
2014-04-01,96.987,0.17765842069927817,1.6731138157687786,4.57457694890326,0.0017750079478986436,0.03881663738813934,1.108072091845613,-0.36252285016071917,-0.6729763757042003,0.9854777492945402,0.7297740833563738,0.5637227825734418,0.24033971574545773,0.8722203775474962
2014-05-01,97.147,0.16497056306516988,1.7661662878033946,4.576225295264303,0.0016483463610423854,0.03603276061270311,1.11295045734441,-0.414048421687895,-0.6341999523479762,0.9879292487979704,0.731201113083187,0.5584550806365506,0.24746406371969173,0.872995156818235
2014-06-01,97.253,0.10911299371054728,1.6514586142380772,4.577315830351805,0.0010905350875018982,0.023830450144801674,1.1161823744873627,-0.6408868106511132,-0.6820004375486449,0.9895511447105463,0.7321465202772005,0.5352643233972525,0.23868173516972957,0.8735077456768506
2014-07-01,97.391,0.14189793631045333,1.6692416903290486,4.578733803915053,0.0014179735632486867,0.030978276697579687,1.120389964730075,-0.5077466893114292,-0.674589951056433,0.9916600227766724,0.7333773334165768,0.5488758652835773,0.2400432553889585,0.8741742418388382
2014-08-01,97.379,-0.012321467076015225,1.5062438759980923,4.578610581652741,-0.00012322226231198385,-0.0026911864194123503,1.1200240873176652,-1.1340338947026913,-0.7425136946866412,0.991476760737814,0.7332703061870658,0.4848475735614815,0.22756370355178293,0.8741163231533062
2014-09-01,97.413,0.0349151254377178,1.4972493123280861,4.578959671968004,0.0003490903152627567,0.007624372263981272,1.1210607399861594,-0.9422054161324819,-0.7462618703250372,0.9919959445421073,0.7335735500040135,0.5044591027141901,0.22687505552276885,0.8742804075631571
2014-10-01,97.384,-0.029770153880892547,1.3329448612426242,4.578661926107295,-0.00029774586070896447,-0.00650247833654527,1.1201765362395026,-1.2048932616617833,-0.8147301099676315,0.9915531226650263,0.7333149008660287,0.47760328662755736,0.21429546405514094,0.8741404568062786
2014-11-01,97.291,-0.09549823379610967,1.0857594081832067,4.577706487483181,-0.0009554386241141799,-0.020867201805541136,1.1173409862933268,-1.4718159353455718,-0.9177361619913368,0.9901321486707666,0.7324854398373186,0.4503145241065502,0.19537027976655094,0.8736913679145734
2014-12-01,97.12,-0.17576137566680528,0.7322588005891362,4.575947327311188,-0.0017591601719928462,-0.03842885464157009,1.112127233166488,-1.7977657037553938,-1.0650454050133908,0.9875158415704997,0.7309603018167873,0.41699114358905187,0.1683053207973102,0.8728645023556215
2015-01-01,96.654,-0.47981878088962926,0.04140186722421113,4.571137591243883,-0.004809736067304726,-0.10510907847645079,1.0979189936512423,-3.0325471801064388,-1.3529363158188064,0.9803625721731802,0.7268040777374444,0.29075361566214336,0.11541145257344461,0.8706037615970371
2015-02-01,96.825,0.1769197343100215,0.1707014276846719,4.572905225400816,0.001767634156932374,0.038669458568008075,1.1031327467780816,-0.3655226661646029,-1.299055162674123,0.9829914821889281,0.7283292157579758,0.5634160972499099,0.12531097529964524,0.871434610219274
2015-03-01,97.008,0.18900077459333975,0.19934927438929329,4.574793449329375,0.0018882239285593627,0.04129156051762006,1.10871237731733,-0.31646138858788964,-1.2871171560013999,0.9857997390775475,0.7299613810080181,0.5684318628058709,0.12750433163047234,0.8723221401662178
2015-04-01,97.094,0.08865248226950229,0.11032406404982709,4.575679581421032,0.0008861320916571103,0.019369881973285707,1.1113344987729332,-0.7239772405834362,-1.3242153562965608,0.9871176370837026,0.7307284094861801,0.5267695972696487,0.12068832166244281,0.8727386526128605
2015-05-01,97.327,0.23997363379817394,0.18528621573490334,4.578076442989975,0.0023968615689424766,0.05238263576572422,1.1184386185305562,-0.10945987748621389,-1.2929774529300315,0.9906823641853157,0.7328065215258516,0.5895946025611123,0.12642762596919055,0.8738652596793953
2015-06-01,97.516,0.19419071788917552,0.27042867572208973,4.580016467104551,0.0019400241145763886,0.04237640281317123,1.12420118777601,-0.29538495454967245,-1.2574972555546697,0.9935676607867647,0.7344922003906494,0.5705866059579642,0.13294636210878882,0.874777137488715
2015-07-01,97.605,0.09126707412117074,0.2197328295222345,4.580928721615057,0.0009122545105055835,0.019918149138931085,1.1269147785847156,-0.7133593456359585,-1.2786230091393387,0.9949244093029516,0.7352859856761892,0.5278551146957103,0.12906495153173658,0.8752059283673085
2015-08-01,97.612,0.007171763741609105,0.23927130079379744,4.5810004366808865,7.17150658298138e-05,0.0015655136804682002,1.1271282070752877,-1.05487160523239,-1.270481021965933,0.9950310673770223,0.7353484182267371,0.49294070738245255,0.13056086953562804,0.8752396369055853
2015-09-01,97.477,-0.1383026677047816,0.06569964994405098,4.579616452739727,-0.0013839839411593502,-0.030211390727619136,1.1230120861856783,-1.6456453543573775,-1.3428110489799892,0.9929727403016607,0.7341443618947388,0.43254312361399655,0.11727175628503297,0.8745891170306437
2015-10-01,97.477,0.0,0.09549823379610967,4.579616452739727,0.0,0.0,1.1230120861856783,-1.0839962404782093,-1.3303935121043056,0.9929727403016607,0.7341443618947388,0.4899631587022844,0.11955321615234828,0.8745891170306437
2015-11-01,97.538,0.06257886475782293,0.2538775426298434,4.5802420456632404,0.000625592923513274,0.013660378111768345,1.1248719630320942,-0.829862574641622,-1.2643943720930826,0.9939031520024953,0.7346884169780862,0.5159444406964218,0.13167916276481914,0.8748831671408114
2015-12-01,97.456,-0.08406979843752493,0.34596375617792496,4.5794009940941285,-0.0008410515691119613,-0.018362600943944152,1.1223718007139611,-1.4254048957127292,-1.2260206037907884,0.9926522999044368,0.7339570642430946,0.4550593433510707,0.13872953138589242,0.8744878440844616
2016-01-01,97.496,0.04104416351993212,0.8711486332691809,4.579811351521201,0.0004103574270724053,0.00896094112747825,1.1235913920886602,-0.9173153047200587,-1.0071678351421351,0.9932626030861423,0.7343138216747978,0.5070037360721629,0.17893910060412369,0.8746807261361975
2016-02-01,97.445,-0.052309838352349036,0.640330493157748,4.579288116273988,-0.0005232352472130941,-0.011424820959915483,1.1220364130859186,-1.2964272430418975,-1.1033533713622543,0.9924844226144671,0.7338589559493761,0.46824533645415506,0.1612670418939842,0.8744347876412053
2016-03-01,97.673,0.23397814151573382,0.6855104733630268,4.581625164662902,0.0023370483889140203,0.05103518995908107,1.1289880839217041,-0.13380765749353665,-1.084526165578683,0.9959601926955147,0.7358924733100847,0.5871054142978452,0.1647261429088575,0.8755332804636115
2016-04-01,97.993,0.3276238059647829,0.9259068531526138,4.584896047548002,0.0032708828850998017,0.07139132442188778,1.1387448149192976,0.24648872672881852,-0.9843492267805721,1.0008248060790328,0.7387465327637106,0.6259849054007094,0.18313153745581817,0.877070707497325
2016-05-01,98.153,0.16327696876308195,0.8486853596638255,4.586527485716385,0.0016314381683830703,0.03558288239176033,1.1436231804180945,-0.4209261323989344,-1.0165286332836818,1.0032511589100839,0.7401735624905237,0.5577519398666357,0.17721925185313678,0.87783753933815
2016-06-01,98.325,0.17523662037839394,0.8296074490339977,4.588278318317873,0.0017508326014885611,0.03817338077534149,1.148867423329301,-0.3723578159411362,-1.024478697620062,1.005855080849417,0.7417076194468476,0.562717307684853,0.17575859561288484,0.8786604906536183
2016-07-01,98.342,0.017289600813619188,0.7550842682239489,4.588451199381217,0.00017288106334412134,0.0037678852796263484,1.149385749663548,-1.013782924007539,-1.0555336749436939,1.0061121978309917,0.7418592413553214,0.49714139685094866,0.17005290009906726,0.8787417506772081
2016-08-01,98.479,0.13930975575033866,0.8882104659263312,4.589843327478582,0.0013921280973647754,0.030339825724912117,1.1535628501218926,-0.5182573276257285,-1.0000579020916667,1.0081826372847742,0.7430811355589051,0.5478013132084588,0.18024540048278215,0.879396098584628
2016-09-01,98.666,0.18988819951462066,1.2197749212634612,4.591740408876367,0.0018970813977849943,0.04133216021617869,1.1592644397986114,-0.31285754327569626,-0.861889797484563,1.0110040674250362,0.7447489765521178,0.5688003008914394,0.20563086853171628,0.8802877918456115
2016-10-01,98.868,0.20473111304806224,1.4270032930845167,4.593785627121453,0.002045218245085856,0.04454124281791927,1.1654233762408421,-0.25258025888348523,-0.7755344873949503,1.0140458137659347,0.7465506015822192,0.5749627316676982,0.22149683102262066,0.8812491145007768
2016-11-01,98.901,0.033377837116166376,1.3974040886628902,4.594119349801006,0.0003337226795530057,0.007264655050143176,1.166429539124969,-0.9484483660184464,-0.7878689397374248,1.0145421420877871,0.7468449264633744,0.5038208565340607,0.21923063618169578,0.8814059755952677
2016-12-01,99.071,0.17188906077794108,1.6571581021178838,4.595836764807015,0.001717415006009304,0.03738289920751647,1.1716128024674406,-0.38595230341165554,-0.6796253716303657,1.0170963637816748,0.7483611455481132,0.561327479181122,0.23911810331818206,0.8822132194957975
2017-01-01,99.451,0.38356330308566555,2.0052104701731244,4.5996650605536,0.003828295746584942,0.08329921062253387,1.1831989205270828,0.47365982552392705,-0.5345864954055011,1.0227899882185931,0.7517503411492941,0.6492096771336642,0.26576593038890467,0.8840126496743166
2017-02-01,99.586,0.13574524137516253,2.1971368464261953,4.601021592461758,0.0013565319081578764,0.029491971487050073,1.1873150414166926,-0.5327328715429339,-0.4546077666722494,1.0248074873181956,0.7529543974812926,0.5463214101531381,0.28046033087030164,0.8846502661530959
2017-03-01,99.535,-0.05121201775349915,1.9063610209576698,4.600509341105897,-0.000512251355861082,-0.011133426469900343,1.185760062413951,-1.29196897787048,-0.575778609999535,1.0240456426147981,0.7524995317558709,0.4687011259074804,0.2581977502226616,0.8844094904634052
2017-04-01,99.725,0.19088762746772847,1.76747318686028,4.60241639779147,0.0019070566855727833,0.041453164077576155,1.1915531214437722,-0.30879885204750335,-0.6336553470300779,1.0268819084799032,0.7541941295564613,0.5692152400179801,0.24756412343272102,0.8853058724514551
2017-05-01,99.682,-0.043118576084222315,1.557772049759043,4.601985119043317,-0.0004312787481524083,-0.009370702493571859,1.1902420607159707,-1.2591013953630683,-0.7210410971635532,1.0262404901093933,0.7538106153173804,0.4720613337208748,0.2315088393694885,0.8851031566619365
2017-06-01,99.766,0.08426797215144166,1.4655479277905004,4.6028274439096135,0.0008423248662960958,0.018303511300166164,1.1928032026028392,-0.7417827989538612,-0.7594723340658671,1.027493235915891,0.7545598059239572,0.52494925114761,0.22444791210817214,0.8854990782115928
2017-07-01,99.803,0.0370867830723709,1.4856317748266346,4.603198242985862,0.00037079907624892883,0.008055897831660275,1.1939313246244356,-0.9333862833825959,-0.751103080264581,1.0280447060272588,0.7548898065482826,0.5053607242060308,0.22598558555002848,0.8856733664829638
2017-08-01,100.027,0.2244421510375405,1.5719087318108338,4.605440149544651,0.002241906558788642,0.04870323719394776,1.2007610363227512,-0.17253345136954507,-0.7151501202114455,1.0313789766305144,0.7568876481658209,0.5831462939356246,0.23259118183644195,0.8867271393851496
2017-09-01,100.4,0.37289931718436087,1.757444307056133,4.609162207257629,0.0037220577129781773,0.08081871856149281,1.2121337258918212,0.4303532260831077,-0.6378345384107176,1.0369145987853956,0.7602144112164537,0.6447822394363597,0.24679628537367482,0.8884766340475976
2017-10-01,100.531,0.1304780876494105,1.6820407007323013,4.610466137647274,0.001303930389644492,0.028289965312811027,1.2161278876439612,-0.5541228582426028,-0.6692564028434138,1.0388538663921743,0.7613827918052819,0.5441346110351798,0.2410231821103538,0.8890895260102699
2017-11-01,100.675,0.1432393987923941,1.7937129048240186,4.611897506737518,0.0014313690902438836,0.03104608183879254,1.220518416592878,-0.5022989909641171,-0.6227208453423491,1.040982666926389,0.7626671185594135,0.5494328091521301,0.24957310693882165,0.8897623185289466
2017-12-01,100.821,0.1450211075242125,1.7664099484208329,4.613346667272226,0.001449160534708227,0.03142221900185316,1.22496992511053,-0.49506344629224835,-0.6340984151501948,1.043137927747289,0.7639692831851304,0.5501725329737739,0.24748271903306807,0.8904434736361504
2018-01-01,101.199,0.3749218912726615,1.7576494957315614,4.617088875381619,0.0037422081093927417,0.08111699335193734,1.2364950636014371,0.438566928416557,-0.6377490330740797,1.04870351853496,0.7673406409147261,0.6456219649242787,0.24681199517151428,0.8922024396753722
2018-02-01,101.416,0.21442899633394852,1.8376076958608545,4.619230869636426,0.0021419942548073223,0.046392744706058586,1.2431113468091803,-0.21319701599732285,-0.6044291980259386,1.051889194783664,0.7692760499817162,0.5789890661397589,0.2529338104082187,0.8932092503711637
2018-03-01,101.524,0.10649207225683632,1.998292058070028,4.6202952237331605,0.0010643540967345544,0.02304180342513895,1.2464042435208682,-0.6515304102031179,-0.5374695061498335,1.0534721530752504,0.770239295047315,0.5341761780683644,0.26523623811771735,0.8937095332670197
2018-04-01,101.766,0.23836728261297235,2.0466282276259795,4.622676060117757,0.0023808363845967406,0.05152996224930817,1.2537827713377985,-0.1159832926503599,-0.5173270668020368,1.0570130467566585,0.7723976775091197,0.5889276830941989,0.2689369854931344,0.8948286079478046
2018-05-01,101.941,0.17196313110467987,2.2662065367869744,4.624394214555757,0.0017181544379996083,0.03716796106096876,1.2591184836021072,-0.38565150275417015,-0.42582534428247615,1.059568368169149,0.7739584912728213,0.5613582314495411,0.28574849246175005,0.8956361994067067
2018-06-01,102.029,0.0863244425697074,2.268307840346395,4.625257086600273,0.0008628720445162941,0.018659136840026846,1.2618015846264452,-0.7334314431390686,-0.42494969815896716,1.0608516727213049,0.7747433576225685,0.5258030495994729,0.2859093739238916,0.8960417788341811
2018-07-01,102.137,0.10585225769144113,2.3386070559001215,4.626315049337198,0.0010579627369251554,0.022873598529038475,1.2650944813381333,-0.6541287063145729,-0.3956549133529528,1.0624251254770591,0.7757066026881673,0.5339105420151725,0.2912916712768745,0.896539057571925
2018-08-01,102.208,0.06951447565524127,2.180411288951989,4.627009952592547,0.0006949032553489332,0.015020664350307023,1.267259256028224,-0.80169695947749,-0.46157756858409354,1.063458618816616,0.7763398471294405,0.518823944235273,0.27917977712569,0.8968656859129933
2018-09-01,102.418,0.2054633688165497,2.009960159362545,4.629062478407694,0.0020525258151469217,0.04435965853060164,1.2736621107453951,-0.2496065577226242,-0.5326072254861491,1.0665112333250304,0.7782128236458826,0.5752667471477892,0.2661295793905379,0.8978304433764833
2018-10-01,102.595,0.17282118377628386,2.053098049357893,4.630789198605711,0.0017267201980164515,0.03730172591254188,1.2790588025784388,-0.3821669385684905,-0.5146309906954003,1.0690792941452836,0.7797914752811694,0.5617144748635603,0.2694323324768477,0.8986420610361014
2018-11-01,102.63,0.0341147229397043,1.9418922274646144,4.631130287657623,0.0003410890519122134,0.007365678662618613,1.2801259450313005,-0.9454558621377285,-0.5609721994255293,1.0695865780882405,0.7801036380339098,0.5041267943047907,0.26091811512608587,0.898802384578012
2018-12-01,102.701,0.06918055149565117,1.8646908878110713,4.631821853985452,0.000691566327828852,0.014932992269112155,1.2822907197213915,-0.803053030270983,-0.5931432075096543,1.0706151085896753,0.780736882475183,0.5186853067290073,0.25500737255533223,0.8991274444488051
2019-01-01,102.648,-0.05160611873301635,1.4318323303589953,4.631305659592718,-0.0005161943927340928,-0.011144521723993606,1.2806747611499152,-1.2935694275913576,-0.7735221518850618,1.0698473996133528,0.7802641788781762,0.46853750439209135,0.22186655512743683,0.8988848153966749
2019-02-01,102.836,0.1831501831501825,1.4001735426362627,4.6331354862697935,0.0018298266770759852,0.03950995273407365,1.2864068406110014,-0.3402207242120766,-0.7867148648655921,1.072568805318024,0.7819409388071815,0.5660028339843125,0.21944267303975573,0.8997448966344234
2019-03-01,103.069,0.22657435139445958,1.5218076513927814,4.635398666857461,0.0022631805876676125,0.048847710030819336,1.2935109603686243,-0.16387455518951827,-0.7360280255740448,1.075934715673983,0.784019050846853,0.5840315336879834,0.22875530813014747,0.9008086690591428
2019-04-01,103.36,0.28233513471558336,1.5663384627478738,4.638218040034292,0.002819373176830453,0.06082266875961917,1.3023834876195608,0.06257078430580001,-0.7174713386237094,1.0801278222360122,0.7866144611624941,0.6071821076283489,0.23216470702876704,0.9021338710588633
2019-05-01,103.435,0.07256191950464341,1.4655536045359518,4.638943396095012,0.00072535606072055,0.01563867964937682,1.3046702214471217,-0.7893212463692889,-0.7594699684770752,1.0812066064434418,0.7872833813469378,0.5200891716937611,0.224448346735099,0.9024748132619302
2019-06-01,103.484,0.04737274616908316,1.4260651383430245,4.639417011383275,0.00047361528826250776,0.010209550921902455,1.3061642208811282,-0.8916148399640642,-0.775925431177897,1.0819109897402013,0.7877204092007741,0.5096312156703805,0.22142500336790147,0.9026974286759739
2019-07-01,103.622,0.13335394843647652,1.4539295260287632,4.640749662493561,0.0013326511102862426,0.028724538169688785,1.3103718111238405,-0.5424439464074144,-0.7643139041562159,1.083892972175644,0.7889512223401504,0.5453286012165901,0.2235583759653357,0.9033238203614713
2019-08-01,103.67,0.04632220956939381,1.4304164057608038,4.641212777335021,0.00046311484145977744,0.00997931099802063,1.3118353207734794,-0.8958810841378398,-0.7741121898546016,1.0845817387059695,0.7893793312581943,0.5091950574283395,0.22175814812521297,0.903541500205717
2019-09-01,103.733,0.06076975016879871,1.2839539924622612,4.641820290263355,0.000607512928334053,0.013089529773346875,1.3137561771886308,-0.837209414892023,-0.8351453727422721,1.0854852609737025,0.789941224213127,0.5151933386034221,0.21054459114311874,0.9038270520986343
2019-10-01,103.917,0.17737846201304475,1.2885618207514993,4.643592503585368,0.0017722133220132719,0.03817927474982774,1.3193662975122469,-0.36365976639418923,-0.8332252184831803,1.0881209813426547,0.7915823083989618,0.5636065502703809,0.21089737889201207,0.9046600530853656
2019-11-01,104.024,0.10296679080419313,1.3582773068303577,4.644621641749019,0.0010291381636511332,0.022162542532666585,1.3226287044395673,-0.6658466286601481,-0.8041736828971819,1.0896515648151455,0.7925366345287681,0.5327125636054897,0.21623498434363175,0.9051437832859885
2019-12-01,104.307,0.2720526032454096,1.5637627676458932,4.647338473848636,0.0027168320996171502,0.05849415322007889,1.331257313415564,0.020813276771778015,-0.7185446711373668,1.09369216738541,0.7950606933580685,0.6029130408951309,0.2319675048719537,0.9064207874658202
2020-01-01,104.49,0.17544364232504606,1.7944821136310463,4.649091373046019,0.0017528991973829733,0.03771834582841915,1.3368369439548127,-0.3715170968514734,-0.6224003039779075,1.0962991628649463,0.7966928586081109,0.5628032583583872,0.24963199963759994,0.9072447101521713
2020-02-01,104.573,0.07943343860656871,1.689097203314005,4.649885392115493,0.0007940190694739613,0.01707901621545993,1.3393675960573133,-0.7614159089043726,-0.6663158476325792,1.0974800659812662,0.7974331302788951,0.5229420658171385,0.2415634469606464,0.9076179263221095
2020-03-01,104.271,-0.2887934744149945,1.1662090444265472,4.646993279241751,-0.0028921128737424695,-0.06219750875250396,1.3301596811783347,-2.256790675257286,-0.8842115378129967,1.0931787774648407,0.7947396116695357,0.3700628580835406,0.20152972067624422,0.9062585341723942
2020-04-01,103.838,-0.415264071505983,0.4624613003096023,4.64283199236968,-0.004161286872070846,-0.08954794255157106,1.3169576045472158,-2.770389580952633,-1.1774742514753995,1.0869899127082487,0.7908777124713479,0.317555222163585,0.1476488972489401,0.9043025867548627
2020-05-01,103.942,0.10015601224984128,0.49016290423937736,4.643833051265483,0.001001058895803375,0.021561385323631832,1.3201285421214337,-0.6772612406163837,-1.1659305589958726,1.0884787353513334,0.7918052817937763,0.5315455940459378,0.14976980668342246,0.9047731187374533
2020-06-01,104.27,0.3155606011044698,0.7595377063120967,4.646983688801502,0.003150637536018408,0.06784562453552301,1.330129191393967,0.19749987906031127,-1.053677857500902,1.093164514103654,0.794730692733743,0.6209765446955136,0.17039386731818498,0.906254026336858
2020-07-01,104.578,0.29538697611970477,0.9225840072571545,4.649933204461607,0.002949515660104929,0.06347161637800802,1.3395200449791511,0.11557449913481473,-0.9857339087387461,1.0975511747879618,0.7974777249578581,0.6126009271191715,0.18287713142117568,0.9076403997630862
2020-08-01,104.87,0.2792174262273184,1.157519050834388,4.652721487846314,0.0027882833847074906,0.05996394490208612,1.348423062014455,0.04990972549307079,-0.8878327943269245,1.101698043124972,0.8000820542092918,0.6058877079340975,0.20086439135300632,0.9089509884952085
2020-09-01,105.057,0.17831601029845157,1.27635371578958,4.654503060006745,0.0017815721604312884,0.03829096938394727,1.3541246516911738,-0.3598523693825735,-0.8383125271385001,1.1043476824057967,0.8017498952025045,0.5639957984052031,0.20996269348330707,0.9097883884566794
2020-10-01,105.151,0.08947523725215678,1.1874861668446979,4.655397412326977,0.0008943523202313841,0.01921477564201801,1.3569906914217167,-0.7206360208180014,-0.8753450274597683,1.105677805928836,0.802588275167007,0.5271111859082274,0.20315875449644077,0.9102087646924205
2020-11-01,105.258,0.10175842360033993,1.186264708144269,4.656414479175103,0.0010170668481261913,0.02184704672973936,1.3602530983490368,-0.67075382517738,-0.8758540284421641,1.1071904363638374,0.8035426012968132,0.5322108777855683,0.20306523632730739,0.9106868209611197
2020-12-01,105.699,0.41897052955595093,1.334522131784066,4.660595432093501,0.004180952918398262,0.08978910569703569,1.3736990932550954,0.6174490792092142,-0.8140728366150278,1.1134085494046162,0.8074758519813416,0.6639099299924343,0.21441622413750136,0.9126520120942878
2021-01-01,106.147,0.42384506948978107,1.5857976839888988,4.664824925856343,0.004229493762841763,0.09075007312835393,1.3873585166517266,0.6372446556781246,-0.709362376179985,1.1196988547096312,0.811471535216418,0.665933725040533,0.23365455743679375,0.9146400190876098
2021-02-01,106.5,0.33255767944453396,1.8427318715156016,4.66814498514948,0.0033200592931370565,0.07117221644770133,1.3981214105334467,0.2665252575772997,-0.6022938737277704,1.124636605597944,0.8146199195511992,0.6280333343502739,0.25332613110263225,0.9162005607181443
2021-03-01,107.054,0.5201877934272403,2.669006722866385,4.673333380054565,0.0051883949050850475,0.11114468212942707,1.4150127510730306,1.0284938371016041,-0.25797219431381463,1.1323530345196977,0.8195610099802892,0.7059329722047212,0.31658795998979583,0.9186392841053364
2021-04-01,107.618,0.526836923421814,3.6402858298503427,4.678587919982253,0.0052545399276882065,0.1124366592401449,1.4322089894562888,1.0554960492172174,0.14677503083732932,1.140167837480973,0.8245912897673049,0.7086935355686179,0.3909517053794163,0.9211090979196297
2021-05-01,108.175,0.5175714099871831,4.07246348925363,4.683750286110948,0.005162366128694806,0.1103402611426052,1.4491917993489751,1.0178686664880263,0.3268702343252039,1.1478455551622353,0.8295591370037727,0.7048467109530352,0.42404039141812366,0.9235355868900351
2021-06-01,108.76,0.5407903859486973,4.306128320705871,4.68914361976427,0.005393333653321619,0.11514989749379367,1.467028323203951,1.1121612603359128,0.424242031438581,1.1558667787869772,0.8347767144424328,0.7144866870760567,0.4419304004872779,0.926070638511182
2021-07-01,109.256,0.4560500183891092,4.473216164011551,4.693693752376124,0.004550132611853996,0.09703547131028056,1.4821512562502206,0.7680294142949403,0.49387015423889996,1.162633953515623,0.839200506595553,0.6793044670985476,0.45472309596269866,0.9282093567503196
2021-08-01,109.674,0.3825876839715914,4.580909697720981,4.697512329162522,0.0038185767863980757,0.08135547370267115,1.4948959861158273,0.4696978223319641,0.5387477374404636,1.1683131234503596,0.842928621756852,0.6488046228806073,0.46296840306679643,0.930004218684528
2021-09-01,110.034,0.3282455276546914,4.737428253233955,4.700789408942753,0.0032770797802310625,0.06976202616619798,1.50587230848812,0.24901354741385356,0.6039714723823787,1.1731869531525447,0.8461394386421813,0.6262430297148831,0.4749518853915225,0.9315445584712915
2021-10-01,110.762,0.6616136830434272,5.336135652537788,4.707383755200045,0.006594346257291939,0.14028167789748025,1.528068871507645,1.6028263998838197,0.8534622282354093,1.1829943801334701,0.8526324238991804,0.7646496960316833,0.5207905370052316,0.9346441271693371
2021-11-01,111.5,0.666293494158654,5.93019057933839,4.7140245909001735,0.006640835700128633,0.14107274965191596,1.5505703323708449,1.6218311798320968,1.1010142258857418,1.1928709484360998,0.8592145985141053,0.7665926442256868,0.5662729827887372,0.9377655474984897
2021-12-01,112.191,0.6197309417040442,6.141969176624196,4.720202775967546,0.006178185067372333,0.1310596698901101,1.5716387733687733,1.4327399875934401,1.189265686234767,1.2020594406017782,0.8653775831467789,0.7472609607512147,0.5824873228010904,0.9406695061773935
2022-01-01,112.805,0.547280976192388,6.272433512016362,4.725660664322715,0.005457888355168805,0.11562826035689255,1.590359500970406,1.1385196402530893,1.2436322193471072,1.2101766730649917,0.8708538097234239,0.71718142844093,0.5924760238343654,0.9432349007203934
2022-02-01,113.471,0.5903993617304204,6.545539906103293,4.731547297666153,0.005886633343438419,0.12456741525859183,1.6106656973591473,1.3136240213271424,1.3574399337135459,1.218931555569897,0.876793820961283,0.7350831743120153,0.6133857852079242,0.946001820098947
2022-03-01,114.469,0.8795198773254853,6.926410970164576,4.740304043978887,0.008756746312734265,0.18507151597224603,1.6410945021578918,2.487746575021327,1.516154874877944,1.2319550072816816,0.8856949188822789,0.8551192547848039,0.6425463000696888,0.950117790918293
2022-04-01,114.812,0.2996444452209701,6.684755338326309,4.743296008039351,0.002991964060464092,0.06311755601973168,1.6515524981959373,0.13286414211695763,1.4154531860169477,1.2364047992561487,0.8887541138591344,0.6143685287803613,0.6240444937930244,0.9515241165471963
2022-05-01,115.525,0.6210152248893985,6.794545874740021,4.74948695675633,0.006190948716978895,0.13051997401145599,1.6732917144499506,1.437955479998575,1.4612046231082838,1.2456122741316578,0.8951133150792449,0.7477941651122741,0.6324503530742063,0.9544340745787652
2022-06-01,116.638,0.9634278294741394,7.243471864656126,4.7590751213369344,0.009588164580604186,0.20187790108496806,1.7072268444509553,2.8284979701592956,1.648279118390076,1.2598722508353966,0.9050400906163877,0.8899558753397052,0.6668213364227196,0.9589408404727895
2022-07-01,116.631,-0.006001474648065219,6.7502013619389345,4.759015104789497,-6.001654743759133e-05,-0.0012610968708748338,1.707013415960383,-1.108368314957996,1.4427255696849555,1.2597829913570988,0.9049776580658396,0.48747148670063534,0.6290552176948335,0.95891263063901
2022-08-01,116.956,0.27865661788033513,6.6396775899483895,4.761797795690242,0.0027826909007453438,0.05847199135688985,1.7169225958798138,0.047632274765861925,1.3966685818379496,1.263921542284625,0.9078763121984286,0.6056548734161812,0.6205932199223014,0.9602205907120421
2022-09-01,117.371,0.35483429665856825,6.667939000672507,4.765339858140489,0.00354206245024713,0.07438498235798896,1.7295758563923176,0.35699091905821134,1.4084455545816166,1.2691894668805261,0.9115776705523497,0.6372820651470551,0.62275698967327,0.9618854814334186
2022-10-01,117.919,0.4668955704560718,6.461602354598139,4.769997948079424,0.004658089938934573,0.09774937523032712,1.7462842582256966,0.8120733565343083,1.3224618405852098,1.27611720090665,0.9164652473666842,0.6838072868240945,0.6069593001081469,0.9640749433154719
2022-11-01,118.224,0.25865212561164697,6.030493273542614,4.772581130046292,0.002583181966867798,0.05415478151113984,1.755583642457778,-0.03360625477786666,1.142811930440931,1.2799590326106622,0.9191855227834216,0.597349475790422,0.5739524273068607,0.9652891273533523
2022-12-01,118.384,0.13533631073217034,5.520050627946982,4.773933578183195,0.0013524481369033836,0.028337876299033837,1.7604620079565745,-0.5343935447395267,0.9301024806874181,1.28197045813044,0.9206125525102345,0.5461516317080872,0.5348715630525607,0.9659248243197104
2023-01-01,119.018,0.5355453439654045,5.507734586232882,4.779274742177014,0.005341163993819009,0.11188182462840146,1.7797925312455567,1.090861069738985,0.9249701930959482,1.2899140925437231,0.9262671578027311,0.7123090682367507,0.5339286137152901,0.9684353544132831
2023-02-01,119.369,0.2949133744475585,5.197803844154003,4.782219535757624,0.002944793580609506,0.06161590909645742,1.790494445558542,0.1136511959628149,0.7958171958334085,1.2942937303256774,0.929397704265927,0.6124042987743693,0.5101994810420485,0.9698195083003449
2023-03-01,119.538,0.14157779658034997,4.428273156924578,4.783634312454741,0.0014147766971177589,0.02958410182842819,1.795647219116646,-0.5090467813393998,0.4751416988674195,1.2963978538596752,0.9309050044148732,0.5487429507502516,0.4512821382482497,0.9704845018257094
2023-04-01,119.951,0.3454968294600791,4.476012960317743,4.787083326057956,0.003449013603214368,0.0721002772773538,1.808239500060415,0.3190713310636993,0.49503562308931054,1.3015273917622896,0.9345885248972092,0.6334053670104909,0.4549372262234289,0.9721056564006356
2023-05-01,120.15,0.16590107627281192,4.003462454014284,4.788740962182478,0.0016576361245226323,0.0346272669936587,1.8143069671495438,-0.410269594227816,0.2981164216004511,1.3039927074460427,0.936363393119933,0.5588414079715155,0.41875748624775255,0.9728848021785266
2023-06-01,120.469,0.26550145651267343,3.284521339529123,4.791392458422528,0.0026514962400492337,0.055369381242131865,1.8240332083627695,-0.005791023914509171,-0.001477607595263923,1.3079361394027322,0.9392085336377664,0.6001931578913902,0.3637134174489088,0.9741310962656098
2023-07-01,120.607,0.11455229146086765,3.40904219289897,4.792537325726393,0.0011448673038652046,0.023894250237277426,1.8282407986054818,-0.6187977446027743,0.05041218341589036,1.3096388407847064,0.9404393467771426,0.537522592690696,0.3732470694847767,0.9746692231276247
2023-08-01,120.97,0.30097755519995495,3.43205991996991,4.795542580971757,0.0030052552453643244,0.06270697630734734,1.8393085903308768,0.13827792083016768,0.06000403100558952,1.3141084000447105,0.9436769204698495,0.6149220048849094,0.3750093686869765,0.9760817960688573
2023-09-01,121.419,0.3711664048937635,3.4488928270185903,4.799247373792899,0.003704792821142,0.07725492493471098,1.8529985035118752,0.42331584445774467,0.06701856716743154,1.3196183450271457,0.9476815226407185,0.6440627747565936,0.3762981414042464,0.9778231756405559
2023-10-01,121.484,0.05353363147448942,3.0232617305099296,4.799782566866279,0.0005351930733796806,0.011151604234904688,1.8549803394957611,-0.8665953965222442,-0.110348580968665,1.3204143097495114,0.9482612534672362,0.5121890712510586,0.3437106778594367,0.9780747347235846
2023-11-01,121.493,0.007408382996931806,2.7650899986466193,4.7998566479521765,7.408108589768148e-05,0.0015434258711755078,1.8552547475550685,-1.0539106910484177,-0.21793278753995485,1.3205244866817292,0.9483415238893695,0.4930389461667701,0.3239443544648188,0.9781095553723658
2023-12-01,121.66,0.13745647897409619,2.7672658467360334,4.801230268892559,0.001373620940382736,0.028617957600229893,1.8603465415444378,-0.525783511150773,-0.217026077542583,1.322567401406957,0.9498309861667306,0.5470318760075271,0.3241109432570251,0.9787552042818513
2024-01-01,122.23,0.4685188229492043,2.6987514493606035,4.805904515789171,0.004674246896612111,0.09735519095797063,1.8777257186339014,0.8186654081519688,-0.24557710064316132,1.329519164832884,0.9549147795685019,0.6844812233190273,0.3188652963926847,0.9809522604876358
2024-02-01,122.598,0.30107174997955344,2.705057426970159,4.808910710155346,0.0030061943661747748,0.06255210348642404,1.8889459592811337,0.13866044717887457,-0.2429493009499729,1.3339901207982499,0.9581969479401719,0.6149611123557879,0.319348099028938,0.9823652748478284
2024-03-01,123.038,0.3588965562244084,2.9279392327126175,4.8124932507487586,0.0035825405934124532,0.07449796449425783,1.9023614644028246,0.37348781332182374,-0.15007095963461048,1.3393182464236282,0.9621212796889075,0.638968620371761,0.336412530596583,0.9840491916834875
2024-04-01,123.341,0.24626538142686893,2.826154012888593,4.814952877200335,0.002459626451576824,0.05110919274939896,1.9115998690661709,-0.08390900027572513,-0.19248645584877283,1.3429763204590213,0.9648237172340596,0.5922067891197801,0.32861957992257523,0.9852053003955167
2024-05-01,123.348,0.005675322885334566,2.6616729088639213,4.815009628818785,5.6751618449979446e-05,0.0011786536628255462,1.9118132975567435,-1.060948672976978,-0.2610283095395289,1.3430607241788566,0.9648861497846077,0.4923194201151798,0.3160264634299578,0.9852319756007982
2024-06-01,123.539,0.15484645069234748,2.548373440470164,4.816556895690715,0.0015472668719294091,0.03213424252921371,1.9176368463709321,-0.45516258699919965,-0.308241973576709,1.3453618934342126,0.9665896665209908,0.5542517858098295,0.30735195086211786,0.9859592440481371
2024-07-01,123.736,0.1594638130469006,2.594376777467322,4.818150263735839,0.0015933680451238885,0.03308105934656247,1.9236433338913257,-0.43641141236221087,-0.2890716621148357,1.3477316265581007,0.9683466968721293,0.5561688067380137,0.3108740902913829,0.9867081816265469
2024-08-01,123.889,0.12365035236308053,2.412994957427461,4.819386003418584,0.0012357396827455958,0.02564759534475769,1.9283082708995498,-0.5818503890054542,-0.36465630902643703,1.3495694776858844,0.9697112940483942,0.5412998949286801,0.2969870094443191,0.9872890216204031
2024-09-01,124.164,0.22197289509158225,2.260766436883843,4.8216032724108135,0.002217268992229293,0.046007292021355006,1.9366929616006068,-0.18256113512289593,-0.42809231916591073,1.3528671061224125,0.9721640013913541,0.5821211165806834,0.285331983755672,0.9883312140220928
2024-10-01,124.494,0.26577752005412236,2.4776925356425616,4.824257521972369,0.002654249561555133,0.05504910735278923,1.946754590441875,-0.004669925919782795,-0.33769581428474016,1.3568146329504616,0.9751072502029058,0.6003077730213776,0.30194043034992524,0.9895788022646271
2024-11-01,124.637,0.11486497341237634,2.5878034125423,4.825405512513127,0.0011479905407583146,0.023796211863280625,1.9511146296064246,-0.6175279387204631,-0.2918108862927038,1.3585219793596421,0.9763826580212449,0.5376524109286597,0.31037081576182435,0.9901183971550004
2024-12-01,124.979,0.2743968484478998,2.7280946901200087,4.828145723188721,0.0027402106755936018,0.05678715847792226,1.9615421358601028,0.030333290105899687,-0.23334931237003484,1.3625973516656564,0.9794329340623077,0.6038863167112551,0.32111189396597606,0.9914063900666145
2025-01-01,125.417,0.35045887709135304,2.6073795303935166,4.831644185198753,0.003498462010032455,0.07245974356635543,1.9748966614130585,0.3392222775449354,-0.2836532111995829,1.3678004316026546,0.9833394279394583,0.6354654932092544,0.31186961608928687,0.9930507870871087
2025-02-01,125.921,0.4018593970514406,2.7104846734857135,4.83565472618775,0.00401054098899678,0.08300571886652452,1.990263512734269,0.5479605250972894,-0.24068768227457163,1.3737650998758895,0.9878345715789193,0.6568057877143793,0.3197636236450318,0.9949358787742455
2025-03-01,125.941,0.015882974245751136,2.3594336708984365,4.835813543318099,0.00015881713034904266,0.0032842942546906784,1.990873308421618,-1.0194952546408742,-0.3869761365016368,1.3740013003040206,0.9880129502947709,0.49655739837699653,0.2928862130351869,0.995010528267423
2025-04-01,126.15,0.16595072295757518,2.2774259978433964,4.837471675087067,0.0016581317689681185,0.034288579452357304,1.9972456733544213,-0.4100679783301108,-0.42115001903597815,1.376467353133886,0.9898770078754204,0.5588620201146391,0.2866074846293045,0.9957899070151867
2025-05-01,126.38,0.18232263178754593,2.4580860654408676,4.83929324134531,0.0018215662582425907,0.03765533693196321,2.004258323758941,-0.34358142214529697,-0.34586613767796776,1.3791764735487986,0.9919283631077139,0.5656592540008708,0.30043930616473047,0.9966461055730379
2025-06-01,126.743,0.28722899192910045,2.5935129797068024,4.842161414121778,0.002868172776468114,0.059268422751568295,2.0153261154843363,0.08244480852411971,-0.28943162017853563,1.383442157208158,0.995165936800421,0.6092139227594717,0.3108079556074702,0.9979942450567201
2025-07-01,126.949,0.1625336310486558,2.596657399625002,4.843785431002687,0.001624016880909629,0.03353909012973055,2.0216070110640376,-0.42394483750093276,-0.28812129112126467,1.3858574727457218,0.9970032375736927,0.5574433234216087,0.3110487008685529,0.9987575886381401
2025-08-01,127.285,0.2646732152281617,2.741163460839946,4.846428666727472,0.0026432357247845317,0.05456962870127313,2.0318515786115103,-0.009154523630343562,-0.22790335080554036,1.3897886192692352,1.0,0.5998492914685114,0.32211247426404355,1.0
