date,value,pct_change_mom,pct_change_yoy,log_value,log_diff,log_pct_change,zscore_value,zscore_pct_change_mom,zscore_pct_change_yoy,zscore_log_value,minmax_value,minmax_pct_change_mom,minmax_pct_change_yoy,minmax_log_value
1990-01-01,114.9,1.6814159292035447,3.981900452488696,4.74406218485471,0.016674366142368946,0.3527183887128249,0.5008298761935861,1.1284753393921636,0.09230772009723351,0.8373051729545703,0.38747772743942427,0.5515770265564541,0.525481673367088,0.7301007473584917
1990-02-01,114.4,-0.435161009573537,3.2490974729241895,4.739701078945697,-0.004361105909012508,-0.09192767166786853,0.4938268434171505,-0.5242010592886616,0.009185997645408306,0.8329258140406881,0.3856255394497521,0.4477721650393807,0.5174399098143949,0.7287806169472818
1990-03-01,114.2,-0.17482517482517723,2.4215246636771326,4.73795129722191,-0.0017497817237872582,-0.036917554390925034,0.4910256303065762,-0.3209243052349788,-0.08468545113034799,0.8311687087675554,0.3848846642538832,0.4605400095617723,0.5083581442645908,0.7282509485295126
1990-04-01,114.1,-0.08756567425569628,1.6028495102404339,4.73707525686803,-0.0008760403538801143,-0.018489855613201822,0.48962502375128897,-0.25278989702623206,-0.17754764025874314,0.8302890018279104,0.3845142266559487,0.46481954233316186,0.49937402139118875,0.7279857663631694
1990-05-01,114.6,0.4382120946538226,1.2367491166077604,4.741447804280639,0.0043725474126095065,0.09230479094184396,0.4966280565277246,0.15775058166285366,-0.2190743481975177,0.8346798501327432,0.38636641464562094,0.49060565361997516,0.49535644383727184,0.7293093601795713
1990-06-01,114.3,-0.2617801047120394,1.2400354295836857,4.738826570800765,-0.0026212334798740855,-0.05528339840644714,0.49242623686186326,-0.3888208970101849,-0.2187015822526562,0.8320476457229099,0.3852551018518176,0.456275414077543,0.495392507762569,0.7285158985888972
1990-07-01,114.5,0.17497812773403787,1.507092198581561,4.740574822994295,0.0017482521935292539,0.03689209063486576,0.49522744997243756,-0.047789106731755564,-0.18840937650219014,0.8338032150640773,0.3859959770476865,0.4776956738398468,0.4983231827888951,0.7290451040095619
1990-08-01,116.5,1.7467248908296984,4.01785714285714,4.757891273005756,0.017316450011461093,0.3652816516568125,0.5232395810781801,1.1794702158478518,0.09638628162118937,0.8511921414732638,0.3934047290063753,0.5547800226740173,0.5258762612851833,0.7342868873441707
1990-09-01,118.4,1.6309012875536544,5.3380782918149405,4.774068722449905,0.01617744944414934,0.3400130124018075,0.5498511056286357,1.0890322393030032,0.2461387512193839,0.867437300133755,0.40044304336712966,0.5490995993082478,0.5403643387265342,0.7391838890296601
1990-10-01,120.8,2.0270270270270174,7.092198581560294,4.794136285500715,0.02006756305080959,0.42034508126040926,0.5834656629555266,1.398337159215752,0.4451083295881543,0.8875888541111165,0.4093335457175562,0.5685270894107994,0.5596140156608402,0.7452584492020006
1990-11-01,120.1,-0.5794701986755024,6.5661047027506525,4.788324729085938,-0.0058115564147769305,-0.12122217785826006,0.5736614170685167,-0.6368812962184777,0.385433586720696,0.8817529739652143,0.4067404825320151,0.44069470184117276,0.5538406731692191,0.7434992595561463
1990-12-01,118.7,-1.1656952539550347,5.044247787610612,4.776599301615622,-0.011725427470315353,-0.24487536108591668,0.554052925294497,-1.0946205332979586,0.21280960505124644,0.8699784708041958,0.401554356160933,0.4119440292026008,0.5371398493272362,0.7399499090677734
1991-01-01,119.0,0.2527379949452291,3.5683202785030455,4.77912349311153,0.002524191495907324,0.05284494964972186,0.5582547449603583,0.012927749315415779,0.04539538841697365,0.8725132270698263,0.40266566895473627,0.48150930900687616,0.520943053762606,0.7407139955235914
1991-02-01,117.2,-1.5126050420168013,2.447552447552437,4.763881877142913,-0.015241615968617062,-0.31892073913941665,0.53304382696519,-1.3654964030559973,-0.08173312385050416,0.8572078187292052,0.3959977921919164,0.3949302737142341,0.508643772584293,0.7361002757066586
1991-03-01,116.2,-0.8532423208191142,1.7513134851138368,4.755312844417811,-0.008569032725101344,-0.17987500416867253,0.5190377614123188,-0.850649440713585,-0.16070739580332954,0.8486029211112709,0.39229341621257197,0.42726789145422184,0.5010032617399853,0.7335063830264369
1991-04-01,116.0,-0.1721170395869165,1.6652059596844904,4.7535901911063645,-0.0017226533114467202,-0.03622586710502196,0.5162365483017445,-0.31880972526828244,-0.17047455836864164,0.8468730577939361,0.3915525410167031,0.46067282665820136,0.5000583196765377,0.7329849265262147
1991-05-01,116.5,0.4310344827586299,1.6579406631762605,4.757891273005756,0.004301081899391157,0.09048070461434854,0.5232395810781801,0.15214612214108944,-0.1712986597666002,0.8511921414732638,0.3934047290063753,0.4902536366461749,0.4999785904747076,0.7342868873441707
1991-06-01,116.4,-0.08583690987123971,1.8372703412073532,4.757032535297338,-0.0008587377084179337,-0.018048703914064212,0.5218389745228931,-0.2514400344038404,-0.15095732363620648,0.850329809597701,0.3930342914084409,0.4649043274143164,0.5019465503615023,0.7340269427824502
1991-07-01,116.1,-0.2577319587628968,1.3973799126637543,4.754451888703846,-0.0025806465934916645,-0.0542490843681076,0.5176371548570315,-0.38566000304692133,-0.20085402319977153,0.847738361946904,0.3919229786146375,0.4564739503187507,0.49711920261034725,0.7332457670624078
1991-08-01,116.2,0.08613264427219658,-0.2575107296137302,4.755312844417811,0.0008609557139651614,0.018108411529227375,0.5190377614123188,-0.11716189019013054,-0.3885679988406185,0.8486029211112709,0.39229341621257197,0.4733383585265171,0.47895846961405314,0.7335063830264369
1991-09-01,116.1,-0.0860585197934638,-1.9425675675675769,4.754451888703846,-0.0008609557139651614,-0.01810513297723082,0.5176371548570315,-0.25161307299339664,-0.5797037211369283,0.847738361946904,0.3919229786146375,0.4648934588336068,0.46046669345925845,0.7332457670624078
1991-10-01,116.4,0.25839793281654533,-3.6423841059602613,4.757032535297338,0.0025806465934916645,0.05427852997361704,0.5218389745228931,0.01734717086657788,-0.772513633846708,0.850329809597701,0.3930342914084409,0.48178689356152354,0.4418129446810607,0.7340269427824502
1991-11-01,116.4,0.0,-3.080766028309734,4.757032535297338,0.0,0.0,0.5218389745228931,-0.1844164207185021,-0.7088093868987254,0.850329809597701,0.3930342914084409,0.4691140910090128,0.44797612893840033,0.7340269427824502
1991-12-01,115.9,-0.42955326460480947,-2.3588879528222417,4.752727750345706,-0.004304784951632001,-0.09049307356404634,0.5148359417464574,-0.5198223912658531,-0.6269268745345039,0.8460070073673502,0.3911821034187687,0.4480471898585769,0.4558980028374303,0.7327238610304972
1992-01-01,115.6,-0.2588438308887109,-2.857142857142858,4.750135956238277,-0.002591794107428491,-0.05453277030732506,0.5106341220805959,-0.3865281807101183,-0.6834438470662092,0.8434043655457293,0.3900707906249653,0.4564194199447632,0.4504301646309081,0.7319393108975275
1992-02-01,116.0,0.34602076124568004,-1.0238907849829393,4.7535901911063645,0.003454234868087269,0.0727186526850998,0.5162365483017445,0.08576527458746597,-0.47549836352454955,0.8468730577939361,0.3915525410167031,0.4860842452921324,0.47054823198041035,0.7329849265262147
1992-03-01,116.1,0.08620689655172153,-0.0860585197934638,4.754451888703846,0.0008616975974815588,0.01812730089971737,0.5176371548570315,-0.11710391214658725,-0.36912020264456363,0.847738361946904,0.3919229786146375,0.473342000136445,0.48083998234040787,0.7332457670624078
1992-04-01,116.3,0.17226528854437095,0.2586206896551646,4.7561730595246186,0.0017211708207724996,0.03620124592831342,0.5204383679676058,-0.04990735966177633,-0.33002329613398984,0.8494667365687372,0.3926638538105064,0.4775626260440203,0.48462248429688504,0.7337667748046627
1992-05-01,117.2,0.7738607050730817,0.6008583690987113,4.763881877142913,0.007708817618294006,0.16208025910362522,0.53304382696519,0.41983344126843464,-0.29120333197367887,0.8572078187292052,0.3959977921919164,0.5070671187737533,0.48837819295754425,0.7361002757066586
1992-06-01,118.0,0.682593856655278,1.3745704467353903,4.770684624465665,0.006802747322752545,0.14279840470838856,0.5442486794074871,0.34856999527755383,-0.2034412971998016,0.8640390383208271,0.3989612929753919,0.5025910506528449,0.4968688920400107,0.7381595042161024
1992-07-01,117.9,-0.08474576271185752,1.5503875968992276,4.769836807543325,-0.0008478169223398169,-0.01777138899502484,0.5428480728522,-0.2505880393146184,-0.18349838653249734,0.863187672939281,0.3985908553774575,0.4649578413583169,0.49879830552433657,0.7379028654355568
1992-08-01,117.7,-0.16963528413910245,1.2908777969018903,4.768139014266231,-0.0016977932770938509,-0.035594368226787854,0.5400468597416257,-0.3168719083239716,-0.2129345408201431,0.8614827737056704,0.39784998018158857,0.4607945412417158,0.49595045076748845,0.7373889342025621
1992-09-01,118.0,0.2548853016142605,1.636520241171402,4.770684624465665,0.0025456101994336677,0.053387919098346615,0.5442486794074871,0.01460442025877802,-0.17372837474094016,0.8640390383208271,0.3989612929753919,0.48161462096947477,0.4997435232414052,0.7381595042161024
1992-10-01,118.1,0.08474576271186862,1.4604810996563522,4.771531723203316,0.0008470987376512085,0.01775633487293149,0.5456492859627741,-0.11824480212237712,-0.19369646585100567,0.864889682511789,0.3993317305733263,0.4732703406597092,0.4978116736289427,0.7384159255982476
1992-11-01,117.8,-0.2540220152413175,1.2027491408934665,4.768988271217486,-0.0025434519858302806,-0.05330472756708282,0.5414474662969128,-0.3827631860277888,-0.22293095989739353,0.8623355851432388,0.398220417779523,0.45665589984604554,0.49498332886214697,0.7376460088876703
1992-12-01,117.6,-0.1697792869269965,1.4667817083692691,4.767289035464526,-0.0016992357529597157,-0.03563094845955295,0.5386462531863385,-0.3169843493151478,-0.1929817888323289,0.8606292373964133,0.3974795425836541,0.46078747880558063,0.49788081636842413,0.7371316410094076
1993-01-01,118.0,0.3401360544217802,2.076124567474058,4.770684624465665,0.003395589001138788,0.07122683302560606,0.5442486794074871,0.08117034779655304,-0.12386412770790196,0.8640390383208271,0.3989612929753919,0.48579563722609326,0.5045677313129496,0.7381595042161024
1993-02-01,118.4,0.3389830508474523,2.0689655172413834,4.774068722449905,0.0033840979842398866,0.07093526926691407,0.5498511056286357,0.08027005366598043,-0.12467617760815304,0.867437300133755,0.40044304336712966,0.4857390896117973,0.5044891680553776,0.7391838890296601
1993-03-01,118.7,0.2533783783783772,2.239448751076667,4.776599301615622,0.002530579165717306,0.05300676033039853,0.554052925294497,0.013427776773279677,-0.10533829220003478,0.8699784708041958,0.401554356160933,0.48154071580923613,0.506360047260886,0.7399499090677734
1993-04-01,119.3,0.5054759898904804,2.579535683576961,4.78164132910387,0.005042027488247669,0.10555684431270418,0.5624565646262197,0.21027191934935097,-0.0667622869147101,0.8750416012315181,0.4037769817485396,0.4939045270047407,0.5100921536725621,0.7414761581340106
1993-05-01,119.7,0.3352891869237373,2.1331058020477744,4.784988612563928,0.0033472834600578594,0.0700028134624997,0.5680589908473683,0.07738579200044916,-0.11740075556384551,0.8784028944364828,0.40525873214027736,0.4855579286882139,0.5051930421102047,0.7424893989914341
1993-06-01,119.5,-0.1670843776106934,1.2711864406779627,4.783316371371566,-0.0016722411923622005,-0.034947652497463455,0.565257777736794,-0.31488009648027915,-0.21516812814496272,0.8767236542334879,0.4045178569444085,0.4609196472532542,0.49573435826349954,0.7419832025130699
1993-07-01,119.2,-0.2510460251045954,1.1026293469041493,4.7808027546312495,-0.002513616740316138,-0.052549665235612775,0.5610559580709327,-0.38043945823336744,-0.2342875318000619,0.8741995169831087,0.4034065441506052,0.456801853550047,0.49388461647606346,0.7412223170931217
1993-08-01,118.7,-0.4194630872483174,0.8496176720475868,4.776599301615622,-0.00420345301562719,-0.08792358169462666,0.554052925294497,-0.511943727528161,-0.2629866048128339,0.8699784708041958,0.401554356160933,0.4485420499527148,0.4911080719995706,0.7399499090677734
1993-09-01,118.7,0.0,0.5932203389830581,4.776599301615622,0.0,0.0,0.554052925294497,-0.1844164207185021,-0.2920697124839346,0.8699784708041958,0.401554356160933,0.4691140910090128,0.4882943733854201,0.7399499090677734
1993-10-01,119.1,0.33698399326032025,0.8467400508044065,4.779963476361254,0.003364174745631665,0.07043033198312898,0.5596553515156454,0.07870913932673329,-0.26331301292110776,0.8733567259916456,0.4030361065526707,0.48564104833949806,0.4910764930482328,0.7409682630089502
1993-11-01,119.0,-0.08396305625524292,1.018675721561979,4.77912349311153,-0.0008399832497243409,-0.017573005607229852,0.5582547449603583,-0.24997688246780447,-0.24381037782978676,0.8725132270698263,0.40266566895473627,0.4649962282148724,0.49296331126413,0.7407139955235914
1993-12-01,118.6,-0.3361344537815225,0.8503401360544283,4.775756486563625,-0.0033670065479043387,-0.07045238635824402,0.5526523187392097,-0.44687863901573194,-0.26290465583837175,0.8691321282278577,0.4011839185629985,0.4526287982768392,0.49111600030346725,0.7396947843805083
1994-01-01,119.1,0.4215851602023646,0.9322033898305104,4.779963476361254,0.00420698979762868,0.08809054250284998,0.5596553515156454,0.14476785391650743,-0.25361892031444866,0.8733567259916456,0.4030361065526707,0.48979020647200416,0.4920143658244598,0.7409682630089502
1994-02-01,119.3,0.16792611251050804,0.7601351351351315,4.78164132910387,0.001677852742616004,0.03510179002232938,0.5624565646262197,-0.053295497219879986,-0.2731365943802106,0.8750416012315181,0.4037769817485396,0.47734981659729464,0.4901260926353863,0.7414761581340106
1994-03-01,119.7,0.3352891869237373,0.8424599831508006,4.784988612563928,0.0033472834600578594,0.0700028134624997,0.5680589908473683,0.07738579200044916,-0.2637985002969772,0.8784028944364828,0.40525873214027736,0.4855579286882139,0.49102952368126834,0.7424893989914341
1994-04-01,119.7,0.0,0.3352891869237373,4.784988612563928,0.0,0.0,0.5680589908473683,-0.1844164207185021,-0.3213268009934486,0.8784028944364828,0.40525873214027736,0.4691140910090128,0.4854638426758323,0.7424893989914341
1994-05-01,119.9,0.1670843776107045,0.1670843776107045,4.786658062033468,0.001669449469540396,0.03488930914394839,0.5708602039579426,-0.05395274495671636,-0.3404062450796191,0.8800793312321585,0.40599960733614626,0.47730853476477186,0.48361796685021124,0.742994750400159
1994-06-01,120.5,0.500417014178467,0.8368200836819994,4.791649752930709,0.004991690897241163,0.10428342347730268,0.5792638432896653,0.2063217441359827,-0.2644382331738556,0.8850919143893347,0.40822223292375287,0.4936564158855166,0.4909676315502947,0.744505762307297
1994-07-01,120.7,0.16597510373443924,1.2583892617449743,4.793308128103486,0.0016583751727763385,0.03460969098925126,0.5820650564002396,-0.05481889384145097,-0.21661971006411151,0.886757230537803,0.4089631081196218,0.477254131818675,0.4955939223073278,0.7450077614663299
1994-08-01,121.2,0.41425020712511085,2.1061499578769904,4.797442073635214,0.004133945531727967,0.08624410159427942,0.5890680891766752,0.13904053845061534,-0.12045835257163895,0.8909084783156804,0.41081529610929396,0.48943047289725466,0.50489722927752,0.7462591291993266
1994-09-01,121.0,-0.16501650165017256,1.9376579612468303,4.795790545596741,-0.0016515280384723496,-0.03442517935856593,0.586266876066101,-0.3132654470277878,-0.1395703722683509,0.8892500379595626,0.4100744209134251,0.46102106363636974,0.5030482018646865,0.7457592027049831
1994-10-01,120.9,-0.08264462809917106,1.5113350125944613,4.794963757620747,-0.0008267879759946695,-0.017239868341489828,0.5848662695108139,-0.24894742067174278,-0.1879281148007099,0.888419789539069,0.4097039833154907,0.46506088887031743,0.4983697433352375,0.7455089295005471
1994-11-01,121.5,0.496277915632759,2.1008403361344463,4.799914262780603,0.004950505159856178,0.10324384938233955,0.5932699088425366,0.2030898321024622,-0.12106062209989635,0.8933910145797709,0.4119266089030973,0.49345341898827605,0.5048389616069476,0.747007474261607
1994-12-01,121.9,0.3292181069958877,2.7824620573355885,4.803201036487226,0.003286773706623336,0.06847567532839438,0.5988723350636852,0.07264534041211279,-0.043744381436563555,0.8966915447733322,0.41340835929483505,0.48526018018702616,0.5123190631719504,0.7480023984884898
1995-01-01,122.9,0.8203445447087843,3.1905961376994307,4.811371016571989,0.008169980084763218,0.1700944853796571,0.6128784006165565,0.4561291899740672,0.002550200732432557,0.9048957195530613,0.41711273527417947,0.5093468603922904,0.5167979174665008,0.7504754957702106
1995-02-01,123.5,0.4882017900732283,3.5205364626990754,4.816241156068032,0.004870139496042647,0.1012214497545072,0.6212820399482791,0.19678379055939824,0.039975277983870385,0.9097862425669069,0.4193353608617861,0.49305733553865383,0.5204186752337833,0.7519497134089691
1995-03-01,123.9,0.32388663967610754,3.5087719298245723,4.819474788635096,0.0032336325670643262,0.06714017139672901,0.6268844661694277,0.06848239691201506,0.038640828938710986,0.9130334092035913,0.4208171112535239,0.4849987050586368,0.5202895715124243,0.7529285515246953
1995-04-01,124.6,0.5649717514124131,4.093567251461971,4.825108606353353,0.005633817718256218,0.11689692270082652,0.6366887120564375,0.25672770325562966,0.1049740668919156,0.9186908067441201,0.4234101744390649,0.49682242201365323,0.5267071023283113,0.7546339387031432
1995-05-01,124.9,0.24077046548958148,4.170141784820691,4.827513417131532,0.0024048107781791117,0.04983951604762282,0.640890531722299,0.0035832019382275905,0.11365990372148767,0.921105682635085,0.42452148723286826,0.48092237653346337,0.5275474295494078,0.7553618879682411
1995-06-01,125.3,0.32025620496396456,3.983402489626564,4.8307108619020225,0.003197444770490776,0.066233783196612,0.6464929579434474,0.06564766236691652,0.09247809592479962,0.9243165100145249,0.426003237624606,0.484820654941187,0.5254981566891361,0.7563297718416792
1995-07-01,125.3,0.0,3.81110190555094,4.8307108619020225,0.0,0.0,0.6464929579434474,-0.1844164207185021,0.07293406877532937,0.9243165100145249,0.426003237624606,0.4691140910090128,0.523607333922626,0.7563297718416792
1995-08-01,125.1,-0.15961691939345712,3.2178217821782207,4.829113417472866,-0.0015974444291568801,-0.03306851672194577,0.6436917448328732,-0.30904931767528465,0.005638401145158686,0.9227123796296602,0.4252623624287371,0.4612858793764166,0.5170966910817477,0.7558462167491992
1995-09-01,125.2,0.07993605115907965,3.4710743801652955,4.829912458665998,0.0007990411931322328,0.01654633312693221,0.6450923513881603,-0.12200034562383356,0.03436480202933012,0.9235147651357016,0.4256328000266716,0.4730344543885667,0.519875879443301,0.7560880908519774
1995-10-01,125.3,0.07987220447283061,3.639371381306855,4.8307108619020225,0.0007984032360246474,0.016530387307378547,0.6464929579434474,-0.12205019871897252,0.05345470341957387,0.9243165100145249,0.426003237624606,0.4730313231079112,0.521722766979992,0.7563297718416792
1995-11-01,125.4,0.07980845969672856,3.2098765432098775,4.83150862819882,0.0007977662967979526,0.01651447001496109,0.6478935644987347,-0.12209997224011081,0.004737173984848108,0.9251176152882714,0.4263736752225405,0.4730281968253109,0.5170095002065264,0.7565712600264226
1995-12-01,125.7,0.23923444976077235,3.1173092698933536,4.8338981155962015,0.002389487397381096,0.04945634130579801,0.652095384164596,0.0023838423040476544,-0.005762716729721559,0.9275171036638471,0.42748498801634377,0.4808470445683947,0.5159936690138484,0.7572945708210462
1996-01-01,126.3,0.4773269689737347,2.766476810414975,4.838660029356445,0.004761913760243708,0.09851084252023856,0.6604990234963187,0.1882924572930567,-0.04555758538757473,0.9322989479731002,0.4297076136039504,0.49252399357617926,0.512143641428792,0.7587360279426139
1996-02-01,126.2,-0.07917656373712667,2.1862348178137703,4.837867950107113,-0.0007920792493321116,-0.016369805783555957,0.6590984169410317,-0.24623946897140514,-0.11137433997085186,0.93150355354943,0.429337176006016,0.4652309757375789,0.5057760787441868,0.7584962612579822
1996-03-01,126.4,0.15847860538826808,2.0177562550443895,4.839451481712757,0.0015835316056440618,0.03273201381217561,0.661899630051606,-0.060672347908008656,-0.13048483586692664,0.9330937128799476,0.43007805120188486,0.4768864754588089,0.5039271987542419,0.7589756048633284
1996-04-01,127.4,0.7911392405063333,2.2471910112359605,4.847331743138063,0.007880261425305513,0.16283377269270538,0.6759056956044772,0.4333249554161813,-0.10446008889292885,0.9410069564096026,0.4337824271812293,0.5079145228746893,0.5064450106511843,0.7613610027355359
1996-05-01,128.1,0.5494505494505475,2.562049639711761,4.852811208902689,0.005479465764626212,0.11304086567589522,0.685709941491487,0.2446083591904171,-0.06874572601836576,0.946509355970695,0.4363754903667703,0.496061204128911,0.5099002622172086,0.7630196667404888
1996-06-01,128.0,-0.07806401249024209,2.154828411811649,4.852030263919617,-0.0007809449830720183,-0.01609263063107047,0.6843093349361999,-0.2453707610334308,-0.11493676348128719,0.9457251424147252,0.4360050527688359,0.4652855394182076,0.5054314255452342,0.762783270458641
1996-07-01,128.0,0.0,2.154828411811649,4.852030263919617,0.0,0.0,0.6843093349361999,-0.1844164207185021,-0.11493676348128719,0.9457251424147252,0.4360050527688359,0.4691140910090128,0.5054314255452342,0.762783270458641
1996-08-01,128.3,0.23437500000000888,2.557953637090349,4.8543712716215905,0.002341007701973652,0.048248002890294295,0.6885111546020615,-0.0014105380385961532,-0.06921033492765444,0.9480759481876183,0.4371163655626393,0.48060871894921986,0.509855312775802,0.7634919061865341
1996-09-01,128.2,-0.0779423226812348,2.396166134185296,4.853591544486569,-0.0007797271350211687,-0.016062371240110895,0.6871105480467741,-0.24527574257621254,-0.0875618649946305,0.9472929575768895,0.43674592796470474,0.4652915075422765,0.508079860327565,0.7632558785538963
1996-10-01,128.0,-0.15600624024960652,2.154828411811649,4.852030263919617,-0.0015612805669524832,-0.03216753104668957,0.6843093349361999,-0.3062300087737624,-0.11493676348128719,0.9457251424147252,0.4360050527688359,0.4614629606067953,0.5054314255452342,0.762783270458641
1996-11-01,128.2,0.15624999999999112,2.2328548644338087,4.853591544486569,0.0015612805669524832,0.03217788187683812,0.6871105480467741,-0.06241249893190969,-0.10608623568647119,0.9472929575768895,0.43674592796470474,0.47677717630248345,0.5062876860959429,0.7632558785538963
1996-12-01,129.1,0.7020280811232515,2.704852824184556,4.860587297852597,0.006995753366027202,0.14413560147998883,0.6997160070443583,0.3637447255301865,-0.052547584094818106,0.9543179910207046,0.44007986634611473,0.5035441778189925,0.511467381178412,0.7653735310394117
1997-01-01,129.7,0.4647560030983655,2.692003167062551,4.865224091322398,0.004636793469801503,0.09539574511603366,0.708119646376081,0.17847673161343713,-0.054005118606387854,0.9589741913601281,0.44230249193372134,0.49190746632034393,0.5113263693277645,0.7667771135704698
1997-02-01,128.5,-0.9252120277563503,1.8225039619651273,4.855928904335275,-0.009295186987123394,-0.19105362492350952,0.6913123677126356,-0.906845194289105,-0.15263227162525547,0.9496401002287623,0.43785724075850807,0.4237382274362624,0.5017845044450597,0.7639634100568209
1997-03-01,127.3,-0.9338521400778177,0.7120253164556889,4.846546505563361,-0.009382398771913714,-0.19321532412752696,0.67450508904919,-0.9135916108516379,-0.2785936832663077,0.9402184322957583,0.4334119895832948,0.4233144839632091,0.48959813655827955,0.7611233070629208
1997-04-01,127.0,-0.23566378633149698,-0.31397174254317317,4.844187086458591,-0.0023594191047697777,-0.04868248147544829,0.6703032693833286,-0.3684286201138417,-0.39497236232841315,0.9378491380608478,0.43230067678949147,0.45755625615947293,0.4783388677175188,0.7604090981035466
1997-05-01,127.4,0.31496062992126816,-0.5464480874316835,4.847331743138063,0.0031446566794715025,0.06491608650420755,0.6759056956044772,0.06151274445764165,-0.4213421162122216,0.9410069564096026,0.4337824271812293,0.48456094010451395,0.4757876774940583,0.7613610027355359
1997-06-01,127.2,-0.15698587127158659,-0.6249999999999978,4.845760650906022,-0.0015710922320408827,-0.032411485643935034,0.673104482493903,-0.3069949292639088,-0.4302522468430274,0.9394292885165343,0.4330415519853604,0.4614149158318989,0.47492565055762087,0.7608854245960446
1997-07-01,126.9,-0.2358490566037763,-0.8593749999999956,4.843399374720342,-0.002361276185680161,-0.04872870031743526,0.6689026628280417,-0.36857328379261645,-0.45683736486646115,0.9370581294280733,0.4319302391915571,0.4575471698113205,0.4723536245353161,0.7601706534882069
1997-08-01,127.2,0.23640661938533203,-0.857365549493383,4.845760650906022,0.002361276185680161,0.04875245675597384,0.673104482493903,0.0001758013699613137,-0.4566094332232375,0.9394292885165343,0.4330415519853604,0.48070835717407484,0.47237567620035525,0.7608854245960446
1997-09-01,127.5,0.2358490566037652,-0.5460218408736228,4.848116364598481,0.00235571369245946,0.048613909397676736,0.6773063021597643,-0.00025955764439642966,-0.4212937671346616,0.9417948618304745,0.4341528647791637,0.48068101220670456,0.47579235511427914,0.761598511907016
1997-10-01,127.8,0.23529411764706687,-0.15625000000000222,4.850466541943434,0.0023501773449527974,0.048476091913007835,0.6815081218256257,-0.0006928679104403393,-0.37708201079615983,0.9441548756250382,0.435264177572967,0.48065379592153434,0.48006970260223053,0.7623099233355707
1997-11-01,127.9,0.07824726134586513,-0.23400936037439868,4.851248708584797,0.0007821666413629913,0.01612559605554953,0.6829087283809129,-0.12331899509766032,-0.3859022423608748,0.9449403159524367,0.43563461517090146,0.4729516298101257,0.4792163731158914,0.7625466894200088
1997-12-01,126.8,-0.8600469116497367,-1.7815646785437678,4.842611042003125,-0.008637666581671866,-0.1780503763162411,0.6675020562727544,-0.855962636025515,-0.5614411896945312,0.936266497217282,0.4315598015936226,0.42693416883071955,0.46223353557226327,0.759932020899166
1998-01-01,125.4,-1.1041009463722329,-3.3153430994602773,4.83150862819882,-0.011102413804304767,-0.22926503301641254,0.6478935644987347,-1.0465261519550346,-0.7354174258198077,0.9251176152882714,0.4263736752225405,0.41496484477123635,0.44540188539179654,0.7565712600264226
1998-02-01,125.0,-0.31897926634769647,-2.7237354085603127,4.8283137373023015,-0.0031948908965189204,-0.06612615525246612,0.6422911382775861,-0.43348343808190176,-0.6683114619322479,0.9219093524718063,0.4248919248308027,0.4534701529298369,0.45189417499602214,0.7556041492244868
1998-03-01,124.7,-0.23999999999999577,-2.04241948153967,4.825910852685991,-0.0024028846163108852,-0.04976653852766244,0.6380893186117248,-0.3718144445827154,-0.591029907452934,0.9194964108044817,0.4237806120369994,0.4573435919982414,0.45937092078250896,0.754876783019033
1998-04-01,124.9,0.1603849238171584,-1.6535433070866135,4.827513417131532,0.001602564445541077,0.03320750205422218,0.640890531722299,-0.05918384663121705,-0.5469197464104337,0.921105682635085,0.42452148723286826,0.47697996845539836,0.46363843924713877,0.7553618879682411
1998-05-01,125.1,0.16012810248198228,-1.8053375196232402,4.829113417472866,0.001600000341333896,0.033143363944998505,0.6436917448328732,-0.059384379175792784,-0.564137739180825,0.9227123796296602,0.4252623624287371,0.4769673729750999,0.4619726529445063,0.7558462167491992
1998-06-01,124.8,-0.23980815347721673,-1.8867924528301883,4.826712455935327,-0.0024009615375382154,-0.04971847480017555,0.6394899251670118,-0.37166464600249033,-0.5733771589691883,0.9203013690899765,0.42415104963493383,0.4573530008703522,0.461078768324332,0.7551194326701197
1998-07-01,124.9,0.08012820512821595,-1.5760441292356209,4.827513417131532,0.0008009611962043195,0.016594342495368508,0.640890531722299,-0.12185030698177603,-0.5381290273069127,0.921105682635085,0.42452148723286826,0.47304387833899847,0.4644889134962694,0.7553618879682411
1998-08-01,124.2,-0.5604483586869491,-2.358490566037741,4.821893169499378,-0.005620247632153408,-0.11642117062189428,0.6310862858352891,-0.6220285661179933,-0.6268817990163518,0.9154619119769976,0.42192842404732717,0.44162760412770735,0.45590236375113985,0.7536606085284542
1998-09-01,123.8,-0.32206119162641045,-2.9019607843137285,4.818667360250496,-0.003225809248882605,-0.06689922682832083,0.6254838596141405,-0.4358898826941025,-0.6885275372353964,0.9122226014022685,0.4204466736555894,0.453319003769652,0.4499383336977914,0.7526841385735715
1998-10-01,124.0,0.1615508885298933,-2.9733959311424085,4.820281565605037,0.001614205354541376,0.03349899949220969,0.6282850727247148,-0.05827343211845902,-0.6966304142891001,0.9138435628638185,0.4211875488514583,0.4770371517324727,0.4491544059898425,0.7531727672890687
1998-11-01,123.6,-0.3225806451612967,-3.3620015637216616,4.817050545023591,-0.003231020581446309,-0.06702970640762862,0.6226826465035662,-0.4362954850521315,-0.7407098878109803,0.910599019144976,0.4197057984597205,0.4532935278224915,0.44488985644570134,0.7521947198355552
1998-12-01,122.8,-0.6472491909385036,-3.154574132492116,4.810557015713042,-0.006493529310549029,-0.13480301379144022,0.6114777940612692,-0.6898048345917879,-0.7171814281180301,0.9040783117689087,0.416742297676245,0.4373705661687446,0.44716616044938023,0.750229093295456
1999-01-01,122.9,0.08143322475571146,-1.9936204146730474,4.811371016571989,0.0008140008589476722,0.01692113525084693,0.6128784006165565,-0.12083131490137322,-0.5854946372573816,0.9048957195530613,0.41711273527417947,0.47310788138997545,0.4599064406538483,0.7504754957702106
1999-02-01,122.3,-0.4882017900732394,-2.1600000000000064,4.8064770426931265,-0.004893973878862923,-0.10171682586951336,0.6044747612848336,-0.5656166319964111,-0.6043670464845058,0.8999812623997935,0.4148901096865728,0.4451708464793712,0.45808059479553903,0.748994063334506
1999-03-01,122.6,0.24529844644316512,-1.6840417000801966,4.808927023502111,0.00244998080898462,0.05097248540297805,0.6086765809506949,0.007118763116545864,-0.5503791741534075,0.9024414973765442,0.41600142248037614,0.4811444456806923,0.4633037505626888,0.7497356858129094
1999-04-01,123.6,0.815660685154973,-1.0408326661329181,4.817050545023591,0.00812352152147966,0.16892586395631515,0.6226826465035662,0.45247191487222654,-0.4774200783401706,0.910599019144976,0.4197057984597205,0.509117146374604,0.47036231215455626,0.7521947198355552
1999-05-01,124.7,0.8899676375404564,-0.3197442046362853,4.825910852685991,0.008860307662399869,0.18393636478557518,0.6380893186117248,0.5104926483572766,-0.3956271317621462,0.9194964108044817,0.4237806120369994,0.5127614376643823,0.4782755208472628,0.754876783019033
1999-06-01,125.2,0.400962309542896,0.3205128205128194,4.829912458665998,0.004001605980007206,0.08291918566585288,0.6450923513881603,0.1286650144997105,-0.3230028818254135,0.9235147651357016,0.4256328000266716,0.48877878462497676,0.48530168716042327,0.7560880908519774
1999-07-01,125.7,0.39936102236421966,0.6405124099279291,4.8338981155962015,0.003985656930203696,0.08252027266151263,0.652095384164596,0.12741468927919777,-0.28670538058999534,0.9275171036638471,0.42748498801634377,0.4887002515035077,0.48881335551712735,0.7572945708210462
1999-08-01,126.9,0.9546539379474916,2.1739130434782705,4.843399374720342,0.009501259124140127,0.19655480725762065,0.6689026628280417,0.5610013353046328,-0.11277199682404601,0.9370581294280733,0.4319302391915571,0.5159338961433467,0.5056408598674642,0.7601706534882069
1999-09-01,128.0,0.8668242710795804,3.392568659127626,4.852030263919617,0.008630889199275238,0.17819899891640123,0.6843093349361999,0.49242172693922015,0.025459910896311534,0.9457251424147252,0.4360050527688359,0.5116264002809087,0.5190143594116906,0.762783270458641
1999-10-01,127.7,-0.23437499999999778,2.9838709677419306,4.8496837630384935,-0.0023465008811234256,-0.048361216923409334,0.6801075152703386,-0.3674223033983994,-0.020898601578968418,0.9433688204714896,0.43489373997503256,0.45761946306880624,0.5145293200623576,0.7620729719156268
1999-11-01,128.3,0.469851213782313,3.8025889967637783,4.8543712716215905,0.0046875085830970775,0.09665596381402963,0.6885111546020615,0.18245520000236878,0.07196845092005717,0.9480759481876183,0.4371163655626393,0.4921573545383234,0.5235139134514747,0.7634919061865341
1999-12-01,127.8,-0.3897116134060852,4.071661237785018,4.850466541943434,-0.003904729678156471,-0.08043739260289451,0.6815081218256257,-0.488713030006985,0.10248927133340995,0.9441548756250382,0.435264177572967,0.4500011736753356,0.5264667062228304,0.7623099233355707
2000-01-01,128.3,0.3912363067292812,4.393816110659077,4.8543712716215905,0.003904729678156471,0.08050214643047227,0.6885111546020615,0.12107070738567208,0.1390312460200499,0.9480759481876183,0.4371163655626393,0.488301785014575,0.5300020266121398,0.7634919061865341
2000-02-01,129.8,1.1691348402182333,6.132461161079328,4.86599480426999,0.011623532648399326,0.2394446571557074,0.7095202529313684,0.7284734071469292,0.3362454705161857,0.959748130055381,0.4426729295316559,0.5264528430100434,0.5490818786152647,0.7670104125596842
2000-03-01,130.8,0.7704160246533087,6.688417618270814,4.873669439023098,0.007674634753108478,0.15771974820799617,0.7235263184842398,0.4171437483371463,0.39930752077890963,0.9674548862814469,0.44637730551100024,0.5068981787426142,0.5551829323759683,0.769333566122997
2000-04-01,130.7,-0.0764525993883991,5.744336569579289,4.872904620630176,-0.0007648183929225283,-0.015692865560368308,0.7221257119289523,-0.24411252923795462,0.2922205614054629,0.966686866811976,0.4460068679130657,0.4653645691528791,0.5448226080051973,0.7691020514474504
2000-05-01,131.6,0.6885998469778221,5.533279871692054,4.879767018891217,0.006862398261040958,0.14082767456575773,0.7347311709265365,0.3532596232683553,0.2682804345874643,0.9735779870053639,0.4493408062944757,0.5028856069159708,0.5425064765101671,0.7711793366194322
2000-06-01,133.8,1.6717325227963764,6.869009584664543,4.896346147694128,0.01657912880291157,0.339752466433918,0.7655445151428536,1.1209142926214244,0.41979203807239784,0.9902265062163711,0.45749043344903345,0.5511021160333854,0.5571647445870995,0.7761979288253356
2000-07-01,133.7,-0.07473841554560545,6.364359586316626,4.895598484107897,-0.0007476635862309067,-0.015269827003205894,0.7641439085875662,-0.2427740514684567,0.3625496710682158,0.9894757133534463,0.4571199958510989,0.46544863914965373,0.5516267267613632,0.775971607002814
2000-08-01,132.9,-0.5983545250560884,4.728132387706863,4.8895969657192,-0.006001518388697669,-0.12259008593494825,0.7529390561452693,-0.6516266522423473,0.17695268679859055,0.9834490761653754,0.45415649506762346,0.439768543737082,0.5336708059795936,0.7741549148371909
2000-09-01,134.7,1.3544018058690543,5.234374999999991,4.903050083416319,0.013453117697118877,0.27513755819628116,0.7781499741404374,0.8731345040231108,0.2343757037428226,0.9969585006406282,0.46082437183044334,0.5355390289930502,0.5392263011152416,0.7782272465273824
2000-10-01,135.4,0.5196733481811489,6.029757243539557,4.9082333604781745,0.00518327706185584,0.10571536030985484,0.7879542200274476,0.22135757304836565,0.32459578190065996,1.002163471828567,0.4634174350159845,0.4946008186368902,0.5479548081149769,0.7797962526056209
2000-11-01,135.0,-0.2954209748892267,5.222135619641466,4.90527477843843,-0.0029585820397448614,-0.060277941622899345,0.782351793806299,-0.4150885328113414,0.2329873928249982,0.9991925069177097,0.46193568462424667,0.454625539789451,0.5390919864281845,0.7789006737762567
2000-12-01,136.2,0.8888888888888724,6.572769953051627,4.9141243937154115,0.008849615276981915,0.18041018447898516,0.7991590724697444,0.509650334334139,0.3861896249752331,1.0080791614398088,0.46638093579945994,0.5127085317896475,0.5539138174773547,0.7815795003166781
2001-01-01,140.0,2.7900146842878115,9.119251753702251,4.941642422609304,0.02751802889389232,0.5599782726111835,0.8523821215706554,1.994097072563506,0.6750366402918142,1.0357123644949995,0.48045756452096866,0.6059468621817123,0.5818588519588441,0.7899093569074817
2001-02-01,137.4,-1.8571428571428572,5.855161787365182,4.922896379788249,-0.018746042821055298,-0.3793484274638548,0.8159663511331902,-1.634520176810654,0.304791447783322,1.0168878618479187,0.47082618697467327,0.37803284866375636,0.5460388014732418,0.7842348280759813
2001-03-01,135.9,-1.091703056768556,3.8990825688073327,4.911919321157098,-0.010977058631150172,-0.2229796807468487,0.7949572528038832,-1.036845568572469,0.08291370105885454,1.0058648597545299,0.46526962300565666,0.4155728837183853,0.5245728317588076,0.7809120128940182
2001-04-01,136.4,0.3679175864606421,4.361132364192821,4.915591745409362,0.00367242425226344,0.07476556539609547,0.8019602855803188,0.1028628653132328,0.13532393398910209,1.0095526545983724,0.4671218109953289,0.4871581476235147,0.5296433559074246,0.7820236756326504
2001-05-01,136.8,0.2932551319648091,3.951367781155035,4.918520005188451,0.0029282597790887266,0.059570849874246434,0.8075627118014674,0.04456454685751992,0.08884440416773552,1.01249317033756,0.46860356138706666,0.4834964211785773,0.5251466085128984,0.7829100757492605
2001-06-01,135.5,-0.9502923976608235,1.2705530642750373,4.908971640319756,-0.009548364868694925,-0.19413085356210225,0.7893548265827346,-0.9264285766136128,-0.21523997192704286,1.0029048416720479,0.4637878726139189,0.42250819214813573,0.49572740760498113,0.7800197339177442
2001-07-01,133.4,-1.5498154981549828,-0.2243829468960179,4.893352133481524,-0.015619506838231878,-0.31818286970617393,0.759942088921705,-1.394551261170086,-0.38481031985009023,0.9872199608345762,0.4560086830572957,0.39310533355938065,0.4793220131626876,0.7752916244850796
2001-08-01,133.4,0.0,0.3762227238525151,4.893352133481524,0.0,0.0,0.759942088921705,-0.1844164207185021,-0.31668371657587785,0.9872199608345762,0.4560086830572957,0.4691140910090128,0.485913046397073,0.7752916244850796
2001-09-01,133.3,-0.07496251874062887,-1.0393466963622644,4.892602227184663,-0.0007499062968605585,-0.015325001684007855,0.7585414823664179,-0.2429490368679944,-0.477251525031447,0.9864669158743642,0.45563824545936127,0.46543764828950646,0.4703786191536751,0.775064623781887
2001-10-01,130.3,-2.2505626406601698,-3.7666174298375155,4.869839484130799,-0.022762743053863943,-0.4652481848491097,0.7165232857078041,-1.9417122183949551,-0.786605399511648,0.963608901467665,0.44452511752132806,0.358738068777471,0.4404496109558352,0.7681742180052552
2001-11-01,129.8,-0.38372985418265726,-3.8518518518518396,4.86599480426999,-0.0038446798608093857,-0.0789488005372263,0.7095202529313684,-0.48404232226656024,-0.7962735260989973,0.959748130055381,0.4426729295316559,0.45029454155459403,0.4395142503097895,0.7670104125596842
2001-12-01,128.1,-1.3097072419106404,-5.947136563876654,4.852811208902689,-0.01318359536730096,-0.2709331986078589,0.685709941491487,-1.2070687081131164,-1.0339413292430046,0.946509355970695,0.4363754903667703,0.4048811418618895,0.4165206426150042,0.7630196667404888
2002-01-01,128.5,0.31225604996096834,-8.214285714285719,4.855928904335275,0.0031176954325857764,0.06424514159681927,0.6913123677126356,0.0594009405412127,-1.2911036876018451,0.9496401002287623,0.43785724075850807,0.4844282973722337,0.39164099840679767,0.7639634100568209
2002-02-01,128.4,-0.07782101167315147,-6.550218340611358,4.855150391255861,-0.0007785130794140116,-0.01603221741403038,0.6899117611573485,-0.24518101989626342,-1.1023487968153753,0.9488583287549579,0.4374868031605737,0.46529745708852915,0.4099024366487557,0.7637277499253998
2002-03-01,129.8,1.0903426791277315,-4.488594554819714,4.86599480426999,0.010844413014129195,0.22335895163330122,0.7095202529313684,0.6669505101287998,-0.868499147043899,0.959748130055381,0.4426729295316559,0.5225885802843253,0.4325266500898596,0.7670104125596842
2002-04-01,130.8,0.7704160246533087,-4.105571847507328,4.873669439023098,0.007674634753108478,0.15771974820799617,0.7235263184842398,0.4171437483371463,-0.8250529438244644,0.9674548862814469,0.44637730551100024,0.5068981787426142,0.4367299327366483,0.769333566122997
2002-05-01,130.8,0.0,-4.385964912280704,4.873669439023098,0.0,0.0,0.7235263184842398,-0.1844164207185021,-0.8568578834295953,0.9674548862814469,0.44637730551100024,0.4691140910090128,0.4336529054979456,0.769333566122997
2002-06-01,130.9,0.0764525993883769,-3.394833948339482,4.874433672915854,0.0007642338927560388,0.01568087254004702,0.7249269250395268,-0.1247203121990669,-0.7444340598432174,0.96822231880438,0.44674774310893467,0.47286361286514533,0.4445295545892263,0.7695649038671732
2002-07-01,131.2,0.22918258212374365,-1.6491754122938684,4.876722876509988,0.0022892035941337596,0.04696347817498836,0.7291287447053879,-0.005464908243135056,-0.5464242968164963,0.9705211036481379,0.44785905590273795,0.48035406332640285,0.46368637242716915,0.7702578582106625
2002-08-01,131.5,0.22865853658537993,-1.4242878560719707,4.879006851617819,0.002283975107831182,0.04683421973457058,0.7333305643712494,-0.005874096152735972,-0.5209153379934102,0.972814638122248,0.4489703686965413,0.4803283621701907,0.466154283453069,0.7709492298629912
2002-09-01,132.3,0.6083650190114254,-0.750187546886727,4.88507207112091,0.006065219503090802,0.12431258425225078,0.7445354168135466,0.2906102557434048,-0.44445224986829834,0.9789052430398266,0.45193386948001685,0.4989505904026046,0.4735518452103732,0.7727852047014253
2002-10-01,133.2,0.680272108843516,2.2256331542593877,4.891851758106289,0.0067796869853786745,0.13878376586209384,0.7571408758111305,0.34675711631157347,-0.10690539309369472,0.9857133057771684,0.45526780786142673,0.5024771834431716,0.5062084352095678,0.7748374527216778
2002-11-01,133.1,-0.07507507507507061,2.5423728813559254,4.891100725401066,-0.0007510327052226984,-0.015352728217454814,0.7557402692558435,-0.24303692367902682,-0.0709776575093886,0.9849591296941164,0.4548973702634923,0.46543212810524315,0.5096843299098985,0.7746101110485649
2002-12-01,132.9,-0.15026296018030294,3.74707259953162,4.8895969657192,-0.0015037596818663346,-0.030744811164018504,0.7529390561452693,-0.30174551154256973,0.06567123503673868,0.9834490761653754,0.45415649506762346,0.4617446325750217,0.5229046777465329,0.7741549148371909
2003-01-01,135.3,1.8058690744920947,5.2918287937743225,4.907494535176743,0.01789756945754295,0.3660336339175174,0.7865536134721606,1.225651478936999,0.2408926781999304,1.0014215542422638,0.46304699741805005,0.5576806749877303,0.5398567977666239,0.7795726061798426
2003-02-01,137.6,1.6999260901699786,7.1651090342679025,4.924350925499243,0.016856390322500303,0.3434826101521793,0.8187675642437643,1.142928537669323,0.45337855034708235,1.0183484954252708,0.4715670621705421,0.5524848341870567,0.560414133342598,0.7846751269514594
2003-03-01,141.2,2.6162790697674465,8.78274268104775,4.950177325059141,0.025826399559898405,0.5244630196065803,0.8691894002341009,1.858439944080374,0.6368664710652489,1.0442829889885639,0.4849028156961819,0.5974262168531801,0.5781660089013122,0.7924929181682747
2003-04-01,136.8,-3.116147308781858,4.587155963302747,4.918520005188451,-0.03165731987069087,-0.6395189059275275,0.8075627118014674,-2.617582452949822,0.1609617539716886,1.01249317033756,0.46860356138706666,0.3162865542780318,0.5321237338426384,0.7829100757492605
2003-05-01,136.7,-0.07309941520469154,4.510703363914348,4.917788743729904,-0.0007312614585464061,-0.014867510100091685,0.80616210524618,-0.24149427886428987,0.15228974809248258,1.011758848251906,0.4682331237891321,0.4655290218658678,0.5312847447222125,0.7826887189397463
2003-06-01,138.0,0.9509875640087762,5.42398777692894,4.927253685157205,0.009464941427300921,0.19246335945943827,0.8243699904649129,0.5581385385093721,0.2558834501040266,1.0212634043149365,0.4730488125622799,0.5157540834316019,0.5413071074999786,0.7855538080431039
2003-07-01,137.7,-0.21739130434783593,4.9542682926829285,4.925077405734609,-0.002176279422595684,-0.04416820325593429,0.8201681707990514,-0.3541610075520393,0.20260324561725626,1.019078016276378,0.47193749976847654,0.4584524071224439,0.5361524163568774,0.7848950364587859
2003-08-01,138.0,0.21786492374729072,4.94296577946769,4.927253685157205,0.002176279422595684,0.044187720178001655,0.8243699904649129,-0.014302019970291627,0.2013212033866918,1.0212634043149365,0.4730488125622799,0.4797990029650516,0.536028382828954,0.7855538080431039
2003-09-01,138.5,0.36231884057971175,4.686318972033243,4.930870325627393,0.0036166404701880595,0.07340073601411756,0.8313730232413485,0.09849122400404835,0.1722097978785006,1.02489518189885,0.47490100055195206,0.4868835641532936,0.5332119464886326,0.7866485847283573
2003-10-01,139.3,0.5776173285198638,4.579579579579596,4.93662988078576,0.00575955515836668,0.1168060560918116,0.8425778756836457,0.26660168725795813,0.16010236600167985,1.0306788431418994,0.4778645013354276,0.4974426084837944,0.5320405907766504,0.7883920333118664
2003-11-01,138.9,-0.2871500358937573,4.357625845229163,4.933754249760298,-0.0028756310254616224,-0.05825089372517578,0.8369754494624971,-0.4086303760477895,0.1349261901149676,1.027791176429113,0.4763827509436898,0.455031177619719,0.5296048754465298,0.7875215642044123
2003-12-01,139.5,0.4319654427645814,4.966139954853266,4.93806460126142,0.004310351501121801,0.08736453586699611,0.8453790887942197,0.15287303908030583,0.20394984632096935,1.032119568507231,0.4786053765312964,0.49029929441212955,0.5362826957127392,0.7888263309810861
2004-01-01,141.4,1.3620071684587787,4.508499630450835,4.951592753462473,0.013528152201052634,0.27395656584965344,0.8719906133446753,0.8790729620234656,0.15203977896514528,1.0457043415363845,0.48564369089205084,0.5359120244632122,0.5312605610003378,0.7929213760225695
2004-02-01,142.1,0.4950495049504955,3.2703488372092915,4.956531035103055,0.004938281640582076,0.0997311751280261,0.8817948592316851,0.2021306582093377,0.011596536430169597,1.0506632918974044,0.4882367540775919,0.49339317312694103,0.5176731218120515,0.7944162206580505
2004-03-01,143.1,0.703729767769179,1.3456090651558172,4.963543686562405,0.007012651459350039,0.14148305356478375,0.8958009247845564,0.36507344517469864,-0.20672638198877083,1.057705294159947,0.49194113005693624,0.5036276349064196,0.4965510704845353,0.796538988288062
2004-04-01,144.8,1.1879804332634691,5.847953216374258,4.975353479951616,0.01180979338921162,0.23793068289463815,0.9196112362244377,0.7431885192103727,0.3039737807515395,1.0695645163456016,0.4982385692218218,0.5273771014862781,0.5459596947759734,0.8001138767976451
2004-05-01,146.8,1.3812154696132506,7.388441843452842,4.9890711161804155,0.01371763622879918,0.27571179181691274,0.9476233673301804,0.8940712856823689,0.4787111544673456,1.0833395664703502,0.5056473211805106,0.5368540715037844,0.5628649826091926,0.8042662796819982
2004-06-01,147.2,0.27247956403269047,6.666666666666665,4.991792206294776,0.0027210901143606137,0.05454101677435652,0.9532257935513285,0.028342461961120648,0.3968403138860315,1.0860720454553652,0.5071290715722483,0.4824775095044388,0.5549442379182157,0.8050899684175059
2004-07-01,147.4,0.13586956521740579,7.044299201161963,4.993149979755236,0.0013577734604597325,0.027200119803616474,0.9560270066619031,-0.07832605394753483,0.43967511068196125,1.0874355017508908,0.5078699467681173,0.47577764343811874,0.5590883689287366,0.8055009738079006
2004-08-01,148.0,0.407055630936215,7.246376811594213,4.997212273764115,0.004062294008878808,0.08135734006287088,0.9644306459936257,0.13342283278253356,0.46259674107443016,1.0915147981151063,0.5100925723557238,0.489077623930945,0.5613059641183128,0.8067306522363273
2004-09-01,147.7,-0.20270270270270618,6.642599277978323,4.995183189537334,-0.0020290842267804976,-0.04060432328306662,0.9602288263277642,-0.34269177871193096,0.39411035391250426,1.0894772213442223,0.5089812595619205,0.45917279116883397,0.5546801229315689,0.8061164374360988
2004-10-01,150.0,1.5572105619499066,7.681263460157917,5.0106352940962555,0.01545210455892132,0.3093400977022487,0.9924427770993683,1.031492671156076,0.5119258626909922,1.1049939992556477,0.5175013243144126,0.5454855300881564,0.5660784004995769,0.8107938732909062
2004-11-01,151.4,0.9333333333333416,8.999280057595382,5.019925341003349,0.009290046907093341,0.18540656746739437,1.0120512688733883,0.544353672086791,0.6614282703697973,1.1143229287936545,0.5226874506854948,0.5148882538286804,0.5805422852417159,0.8136060208744528
2004-12-01,150.2,-0.79260237780715,7.670250896057329,5.011967739330034,-0.00795760167331494,-0.15852031918316412,0.9952439902099425,-0.8033002511815817,0.5106767093412119,1.106332021315545,0.5182421995102815,0.43024190140937,0.5659575488667705,0.8111972116897164
2005-01-01,150.9,0.46604527296938425,6.718528995756712,5.016617365773803,0.004649626443769428,0.09277047829503449,1.0050482360969526,0.1794834258886729,0.40272304941596887,1.1110011083401603,0.5208352626958226,0.49197069694426665,0.5555133739608693,0.8126046788315945
2005-02-01,151.6,0.46388336646785433,6.685432793807178,5.021245473208271,0.004628107434467843,0.09225553987919355,1.0148524819839624,0.17779535502964827,0.39896895262682425,1.115648586289654,0.5234283258813637,0.49186466895119313,0.5551501769788804,0.8140056320526482
2005-03-01,153.7,1.385224274406327,7.407407407407396,5.03500265054455,0.013757177336279014,0.2739793823999026,1.044265219644992,0.8972014610835353,0.4808624152934268,1.1294633430175254,0.5312075154379868,0.5370506783073313,0.5630731102850062,0.8181700042446874
2005-04-01,155.0,0.8458035133376729,7.044198895027609,5.043425116919247,0.008422466374696569,0.16727829078273526,1.0624731048637248,0.47600819168521225,0.43966373297350136,1.1379210608451698,0.5360232042111347,0.510595463580047,0.5590872681714555,0.8207195304957359
2005-05-01,154.3,-0.4516129032257954,5.108991825613085,5.038898759369115,-0.004526357550131976,-0.08974769021448115,1.052668858976715,-0.5370471107855677,0.22015351072211342,1.1333757586447295,0.5334301410255936,0.44696530254788397,0.5378503489561703,0.8193493775165133
2005-06-01,154.3,0.0,4.823369565217406,5.038898759369115,0.0,0.0,1.052668858976715,-0.1844164207185021,0.1877554243104264,1.1333757586447295,0.5334301410255936,0.4691140910090128,0.534715936641345,0.8193493775165133
2005-07-01,156.3,1.2961762799740706,6.0379918588873815,5.051777237427431,0.012878478058316212,0.2555812028247395,1.0806809900824577,0.8276705519765494,0.3255298329764978,1.1463081383801927,0.5408388929842824,0.5326834310974311,0.5480451746001322,0.8232477626714687
2005-08-01,157.6,0.8317338451695244,6.486486486486487,5.060060177423779,0.008282939996347771,0.1639609113201157,1.09888887530119,0.465022241638811,0.37640250543558396,1.1546257458547544,0.5456545817574301,0.5099054343498175,0.5529669446398071,0.8257550535310666
2005-09-01,162.2,2.918781725888331,9.817197020988488,5.088830141681313,0.028769964257533864,0.5685696068575607,1.163316776844398,2.094641610625084,0.7542044581252086,1.1835161241331007,0.5626947112624143,0.6122620802474578,0.5895180877544909,0.8344638777463428
2005-10-01,166.2,2.4660912453760897,10.799999999999986,5.113191882421348,0.024361740740035387,0.47872968957038964,1.219341039055883,1.7411695211661815,0.8656836397393026,1.2079798286826924,0.5775122151797919,0.5900604433597284,0.6003033457249071,0.8418383087947771
2005-11-01,163.7,-1.5042117930204602,8.124174372523107,5.098035484377089,-0.015156398044259056,-0.2964175488184839,1.184325875173705,-1.3589427435738528,0.5621651752417994,1.192759994938159,0.5682512752314309,0.3953419100851033,0.5709388949728187,0.8372503849057287
2005-12-01,163.0,-0.42761148442271857,8.521970705725712,5.093750200806762,-0.004285283570326648,-0.08405754694056355,1.1745216292866951,-0.5183062005620924,0.6072871484363831,1.1884567757103388,0.5656582120458898,0.44814242203237864,0.5753043030606034,0.835953206327663
2006-01-01,164.3,0.7975460122699563,8.880053015241884,5.101694025043223,0.00794382423646045,0.15595237150032304,1.192729514505428,0.43832752361556465,0.6479043664015726,1.196433848087408,0.5704739008190376,0.5082287349609642,0.5792338903382679,0.8383578450075414
2006-02-01,161.8,-1.5216068167985375,6.728232189973626,5.086361004624392,-0.015333020418831111,-0.3005476287594733,1.1577143506232497,-1.3725252147450309,0.4038236811534024,1.181036652731712,0.5612129608706766,0.39448879295938566,0.5556198565977776,0.8337164565677948
2006-03-01,162.2,0.24721878862792313,5.530253741054003,5.088830141681313,0.002469137056920978,0.04854427467251288,1.163316776844398,0.00861821449390729,0.26793718108275216,1.1835161241331007,0.5626947112624143,0.48123862645480076,0.5424732678200426,0.8344638777463428
2006-04-01,164.3,1.2946979038224615,6.000000000000005,5.101694025043223,0.012863883361910133,0.25278665240848763,1.192729514505428,0.826516198770968,0.32122042261937545,1.196433848087408,0.5704739008190376,0.5326109259931392,0.5476282527881042,0.8383578450075414
2006-05-01,165.8,0.9129640900791269,7.453013609850934,5.110782242701195,0.009088217657971853,0.17814117454633127,1.213738612834735,0.5284488556974187,0.48603551939822515,1.2055601036386638,0.5760304647880542,0.5138892698387892,0.5635735917333828,0.8411088977827537
2006-06-01,166.1,0.1809408926417344,7.647440051847032,5.112590016619249,0.0018077739180544228,0.03537176565555633,1.217940432500596,-0.043133230229800444,0.508089279002887,1.2073754438270217,0.5771417775818575,0.4779881101667114,0.5657072231711988,0.8416561207522495
2006-07-01,166.8,0.4214328717640159,6.717850287907878,5.116795489924646,0.004205473305397334,0.08225719824446198,1.2277446783876063,0.14464894328149114,0.4026460636953729,1.2115985187514404,0.5797348407673986,0.4897827376765335,0.5555059258360746,0.8429291403302683
2006-08-01,167.9,0.659472422062346,6.535532994923865,5.123368564083496,0.006573074158849224,0.1284607557951567,1.2431513504957645,0.33051619881246547,0.3819658428881495,1.2181991039034032,0.5838096543446775,0.5014570888903295,0.5535051799294247,0.8449188455273613
2006-09-01,165.4,-1.4889815366289416,1.9728729963008673,5.108366782589591,-0.015001781493904964,-0.29281089787435155,1.2081361866135862,-1.3470505771125365,-0.1355759365857442,1.2031345338424753,0.5745487143963164,0.39608885890922896,0.5034346508739039,0.8403777249066712
2006-10-01,162.2,-1.93470374848852,-2.4067388688327362,5.088830141681313,-0.019536640908278002,-0.3824439735780727,1.163316776844398,-1.695081667507839,-0.6323545961330892,1.1835161241331007,0.5626947112624143,0.3742289720185119,0.4553728879524378,0.8344638777463428
2006-11-01,164.6,1.479654747225645,0.5497861942577842,5.103518288242969,0.014688146561656623,0.28863503305700533,1.196931334171289,0.9709351444123011,-0.29699644043601275,1.1982657465718192,0.5715852136128409,0.5416819024194417,0.4878177280499963,0.8389100593720354
2006-12-01,165.6,0.6075334143377908,1.595092024539868,5.109575241951159,0.006056953708189816,0.11868192423534207,1.2109373997241604,0.28996091794142415,-0.1784275705965123,1.2043480510987778,0.5752895895921852,0.49890980539431967,0.49928889091614015,0.8407435321095234
2007-01-01,164.0,-0.9661835748792202,-0.1825928180158365,5.099866427824199,-0.009708814126960341,-0.19001215692545648,1.1885276948395664,-0.9388368066452945,-0.3800700723471819,1.1945986016294903,0.5693625880252342,0.421728829290931,0.47978061710489694,0.8378046214173299
2007-02-01,166.8,1.7073170731707332,3.0902348578492056,5.116795489924646,0.016929062100447645,0.3319510881321319,1.2277446783876063,1.148699602705804,-0.008833762872052259,1.2115985187514404,0.5797348407673986,0.552847315679136,0.515696555019966,0.8429291403302683
2007-03-01,169.3,1.4988009592326046,4.3773119605425626,5.13167228913909,0.014876799214443182,0.290744456051395,1.2627598422697843,0.9858849873064244,0.13715918296416083,1.2265375834311514,0.5889957807157596,0.5426209043756415,0.5298209104368835,0.8474324281371212
2007-04-01,171.4,1.2404016538688722,4.321363359707853,5.1440000061636795,0.012327717024589901,0.24022806465411328,1.292172579930814,0.7841203240020506,0.1308129422966973,1.2389168969735918,0.5967749702723828,0.5299480345082753,0.5292069317392476,0.8511640949401034
2007-05-01,173.3,1.1085180863477317,4.523522316043427,5.155024196721561,0.011024190557881397,0.21431163578289336,1.3187841044812696,0.6811423242786142,0.15374379974171273,1.2499872282600257,0.6038132846331372,0.5234799703372561,0.5314254196169524,0.8545011772119089
2007-06-01,173.8,0.2885170225043199,4.635761589403975,5.157905212831292,0.002881016109730794,0.055887538055854336,1.3257871372577053,0.040864912066903104,0.16647508221277257,1.2528803025958528,0.6056654726228095,0.48326404654225386,0.532657130899333,0.8553732764135773
2007-07-01,175.1,0.7479861910241636,4.9760191846522694,5.165357239291806,0.00745202646051446,0.14447777058748112,1.3439950224764377,0.3996299712633757,0.20507044574576783,1.2603635188229334,0.6104811613959571,0.5057981356820159,0.5363911101601989,0.8576290452394011
2007-08-01,172.4,-1.5419760137064475,2.6801667659321016,5.149817358229593,-0.015539881062212935,-0.3008481377435812,1.3061786454836852,-1.3884299949460452,-0.05534771965609754,1.2447585970277917,0.6004793462517273,0.39348981124249083,0.511196476925768,0.8529250389609896
2007-09-01,173.5,0.6380510440835208,4.897218863361541,5.156177599386914,0.006360241157320701,0.12350420830278264,1.3215853175918437,0.3137898492221309,0.19613213815409405,1.2511454583854098,0.6045541598290061,0.5004065042723748,0.5355263571919825,0.8548503184542154
2007-10-01,174.7,0.6916426512968199,7.7065351418002415,5.163070217140011,0.006892617753097241,0.13367688797059074,1.338392596255289,0.3556355212532957,0.5147924254178694,1.2580669245517393,0.6089994110042193,0.5030348374377489,0.5663557313702391,0.8569367512303389
2007-11-01,179.0,2.461362335432171,8.748481166464162,5.187385805840755,0.024315588700743795,0.4709521210852996,1.3986186781326357,1.7374770695890056,0.6329801930540859,1.2824842838969532,0.6249282277154002,0.5898285199021579,0.5777900238044692,0.8642972118061729
2007-12-01,178.6,-0.22346368715083775,7.85024154589371,5.185148668442399,-0.0022371373983558485,-0.04312648956700249,1.3930162519114873,-0.35890247645799594,0.5310930193956751,1.2802377831672136,0.6234464773236624,0.45815459472337816,0.5679327622434136,0.8636200181825278
2008-01-01,181.0,1.3437849944009095,10.365853658536594,5.198497031265826,0.013348362823426996,0.2574345245810905,1.4266308092383784,0.8648446311528221,0.8164384910363847,1.293642014326953,0.6323369796740891,0.5350183407893695,0.5955390334572492,0.8676606400043123
2008-02-01,182.7,0.9392265193369997,9.532374100719409,5.207845463383961,0.009348432118135186,0.17982951729913488,1.4504411206782593,0.5489552196340818,0.7218970407337095,1.3030295734418949,0.6386344188389744,0.515177277745457,0.5863924473803855,0.8704904611078947
2008-03-01,187.9,2.846195949644237,10.986414648552856,5.23590990641942,0.02806444303545863,0.538887784454789,1.5232726615531904,2.037964814671778,0.8868286229204226,1.3312114776044341,0.6578971739315654,0.6087022018829695,0.6023490559201786,0.8789857202228393
2008-04-01,190.9,1.5965939329430467,11.376896149358217,5.251749730731702,0.015839824312282147,0.3025228584025541,1.5652908582118041,1.06224419572785,0.9311208758692362,1.3471175980343386,0.6690103018695986,0.5474170381269714,0.6066341912003921,0.8837805209497953
2008-05-01,196.6,2.9858564693556744,13.44489324870166,5.281171207713066,0.02942147698136388,0.5602223733015776,1.6451254318631703,2.1470152538624983,1.1656934495574056,1.3766622158826793,0.6901252449518617,0.6155516769209166,0.6293283452422577,0.8926865616000682
2008-06-01,200.5,1.983723296032558,15.362485615650169,5.300814246746624,0.01964303903355802,0.37194474977197967,1.6997490875193684,1.36452451915613,1.3832056389810317,1.3963874690368332,0.7045723112713048,0.5664033122323285,0.6503719611055736,0.8986326160499714
2008-07-01,205.5,2.493765586034913,17.361507709880076,5.32544603393629,0.024631787189665744,0.46467931232987425,1.769779415283725,1.7627783409628839,1.6099543890889971,1.4211223502904593,0.7230941911680269,0.5914176966903469,0.6723091849797993,0.9060887916233115
2008-08-01,199.0,-3.1630170316301665,15.4292343387471,5.293304824724492,-0.03214120921179742,-0.6035402294376491,1.6787399891900616,-2.654179508953308,1.390776935755199,1.3888466170243279,0.6990157473022882,0.31398788750127704,0.6511044601040203,0.8963594732763601
2008-09-01,196.9,-1.0552763819095423,13.487031700288178,5.28269598564508,-0.010608839079412569,-0.20041995370944088,1.6493272515290318,-1.008402706553621,1.1704732072480823,1.3781933756315072,0.6912365577456651,0.417359384303359,0.629790771670077,0.8931481201497546
2008-10-01,186.4,-5.332656170645,6.69719519175731,5.2278949022514904,-0.054801083393589245,-1.0373696223008655,1.5022635632238834,-4.3482882054109755,0.4003031595078605,1.3231629273788854,0.6523406099625488,0.2075806569200044,0.5552792572716267,0.8765595349916593
2008-11-01,176.8,-5.150214592274671,-1.229050279329602,5.175019150203543,-0.0528757520479477,-1.0114157425998749,1.367805333916319,-4.205833241839024,-0.49876957150677503,1.270065868767934,0.6167786005608425,0.21652827532721927,0.46829681626549824,0.8605537580739656
2008-12-01,170.9,-3.3371040723981893,-4.311310190369532,5.141078590121546,-0.033940560081997084,-0.6558538064668218,1.2851695471543785,-2.7901110398712112,-0.8483898104993974,1.2359832536151862,0.5949227822827107,0.3054500069131597,0.4344721647510377,0.8502797664597866
2009-01-01,171.2,0.17554125219425565,-5.414364640883984,5.1428324637076415,0.0017538735860958,0.034114895451420324,1.2893713668202396,-0.04734940501911217,-0.9735090969130545,1.2377444678767382,0.5960340950765138,0.4777232915727715,0.42236726981453715,0.850810673506469
2009-02-01,169.3,-1.1098130841121323,-7.334428024083184,5.13167228913909,-0.011160174568551895,-0.2170044357327927,1.2627598422697843,-1.0509863324737736,-1.1913015733069738,1.2265375834311514,0.5889957807157596,0.4146847001394993,0.40129653707400165,0.8474324281371212
2009-03-01,168.1,-0.7088009450679333,-10.537519957424168,5.12455904041457,-0.007113248724519572,-0.1386146332760685,1.2459525636063387,-0.7378659891302514,-1.5546277688815002,1.219394562862903,0.5845505295405463,0.43435183758086243,0.36614587764194745,0.8452792091693515
2009-04-01,169.1,0.5948839976204656,-11.419591409114727,5.130490255904535,0.005931215489964892,0.11574099240907465,1.25995862915921,0.2800839358753336,-1.6546809897808934,1.2253506029059698,0.5882549055198907,0.49828943061532754,0.3564660452055515,0.8470746202662388
2009-05-01,170.8,1.0053222945002993,-13.123092573753803,5.14049328135447,0.01000302544993481,0.19497211671775094,1.2837689405990913,0.6005644598481481,-1.847908849044839,1.2353954950924753,0.5945523446847762,0.5184188621461895,0.3377718614211107,0.850102590321558
2009-06-01,174.1,1.932084309133475,-13.167082294264343,5.159629846774143,0.019136565419673346,0.3722709937018065,1.3299889569235663,1.3242035020759702,-1.8528985958676252,1.2546121548343416,0.6067767854166126,0.5638707428814416,0.3372891192094114,0.8558953324616678
2009-07-01,172.5,-0.9190120620333087,-16.058394160583944,5.150397236471415,-0.009232610302728261,-0.17893939249344903,1.3075792520389724,-0.9020041054369222,-2.1808596292912497,1.2453409022962878,0.6008497838496616,0.42404229697963686,0.3055599272786476,0.8531005712497711
2009-08-01,175.0,1.449275362318847,-12.060301507537686,5.1647859739235145,0.014388737452099676,0.27937141139733335,1.3425944159211505,0.9472141581716997,-1.7273566317451832,1.2597898624763517,0.6101107237980227,0.5401919835861363,0.34943490687638945,0.8574561201141492
2009-09-01,174.1,-0.5142857142857227,-11.579481970543426,5.159629846774143,-0.0051561271493714145,-0.09983234882150471,1.3299889569235663,-0.5859836147132584,-1.6728173500855978,1.2546121548343416,0.6067767854166126,0.4438915931287875,0.3547114097507651,0.8558953324616678
2009-10-01,175.2,0.6318207926478969,-6.008583690987135,5.165928178502291,0.006298331728148199,0.12206944907271478,1.3453956290317246,0.30892511252540966,-1.0409112668491192,1.2609368476466054,0.6108515989938915,0.5001009494042086,0.41584632321266163,0.8578018716349161
2009-11-01,177.4,1.255707762557079,0.33936651583710287,5.178407069875479,0.012478891373187473,0.2415614569539981,1.3762089732480418,0.7960717178404708,-0.320864310239818,1.2734679682638779,0.6190012261484492,0.5306987034131642,0.4855085871923835,0.861579299733116
2009-12-01,178.1,0.3945885005636862,4.21299005266238,5.182345190295616,0.003938120420137636,0.07604887694223628,1.3860132191350516,0.12368818446974418,0.11852017575421729,1.2774225713222973,0.6215942893339903,0.48846618915712403,0.528017645484979,0.8627713901427725
2010-01-01,181.9,2.133632790567108,6.25,5.203457085524077,0.021111895228460575,0.40738110745679457,1.4392362682359625,1.481577615132206,0.34957788184437116,1.2986228284329164,0.635670918055499,0.5737554353870128,0.550371747211896,0.8691620753292459
2010-02-01,181.0,-0.4947773501924213,6.910809214412272,5.198497031265826,-0.004960054258250857,-0.09532228625560579,1.4266308092383784,-0.5707509943803072,0.4245333632571626,1.293642014326953,0.6323369796740891,0.4448483563798791,0.5576234527916173,0.8676606400043123
2010-03-01,183.3,1.27071823204421,9.042236763831069,5.21112415484566,0.012627123579833643,0.24289950545108852,1.4588447600099825,0.8077922691703145,0.6663008425518719,1.3063219875630436,0.6408570444265812,0.5314348730642037,0.5810136911778042,0.8714829387954046
2010-04-01,184.4,0.6001091107474155,9.047900650502672,5.2171073111224935,0.005983156276833768,0.11481507826425208,1.4742514321181408,0.2841638353522393,0.666943296293252,1.3123301857863323,0.64493185800386,0.49854568973571056,0.5810758465438064,0.8732940726501791
2010-05-01,184.8,0.2169197396963085,8.196721311475418,5.2192741592075835,0.002166848085090045,0.04153351571800634,1.4798538583392893,-0.015040043400883463,0.5703941626947532,1.3145061030133955,0.6464136083955978,0.4797526475986471,0.5717350234627341,0.8739499893174831
2010-06-01,183.5,-0.703463203463206,5.399195864445727,5.212214667494625,-0.007059491712958277,-0.13525811248110697,1.4616459731205564,-0.733698146510986,0.25307130751461704,1.3074170644517016,0.64159791962245,0.43461362042368823,0.5410350416053673,0.8718130428886653
2010-07-01,184.1,0.3269754768392419,6.724637681159407,5.215479088239032,0.003264420744407026,0.06263020525161256,1.4700496124522793,0.0708942384970556,0.4034159566048699,1.3106951481267934,0.6438205452100566,0.4851501932035247,0.5555804105382253,0.8728012007526535
2010-08-01,184.9,0.4345464421510181,5.6571428571428495,5.219815138393079,0.004336050154046589,0.0831380987381225,1.4812544648945765,0.15488834818286,0.2823301928250933,1.315049346417168,0.6467840459935322,0.4904258762901497,0.543865746149761,0.8741137466509449
2010-09-01,184.9,0.0,6.203331418724867,5.219815138393079,0.0,0.0,1.4812544648945765,-0.1844164207185021,0.3442842722819791,1.315049346417168,0.6467840459935322,0.4691140910090128,0.5498596072419175,0.8741137466509449
2010-10-01,186.6,0.9194159004867419,6.506849315068486,5.228967288413243,0.009152150020164562,0.1753347537702732,1.5050647763344576,0.5334865912004755,0.37871225776046247,1.3242398019135972,0.6530814851584177,0.5142056907888748,0.5531904058664765,0.8768841520989313
2010-11-01,187.7,0.5894962486602262,5.806087936865834,5.234844943592463,0.005877655179219232,0.11240565976082806,1.5204714484426158,0.27587704625772796,0.2992250089251267,1.3301420574741984,0.6571562987356965,0.4980251952244659,0.545500266132446,0.8786633501992704
2010-12-01,189.7,1.0655301012253648,6.513194834362723,5.245443876940969,0.010598933348505923,0.2024689071541408,1.5484835795483585,0.6475762265209647,0.3794320289790535,1.340785351676593,0.6645650506943853,0.5213716785190983,0.5532600414536757,0.8818717048074065
2011-01-01,192.7,1.5814443858724214,5.937328202308945,5.2611345754203205,0.015690698479351894,0.29913004213673045,1.5905017762069722,1.0504150491300452,0.31411157082904956,1.356541722121205,0.6756781786324185,0.5466740475902696,0.5469404938781265,0.8866213643359474
2011-02-01,195.8,1.6087182148417423,8.176795580110507,5.27709373009641,0.015959154676089327,0.3033405522574917,1.6339205794208735,1.0717111393469676,0.5681339902359185,1.3725676723611024,0.6871617441683862,0.5480116583273669,0.5715163589311756,0.8914522870112187
2011-03-01,199.2,1.7364657814095796,8.674304418985269,5.294309345150498,0.017215615054087863,0.32623288375386306,1.6815412023006355,1.1714596457147808,0.6245663366857838,1.3898553417775408,0.6997566224981571,0.5542768775186802,0.5769760098321358,0.8966635470573501
2011-04-01,203.1,1.957831325301207,10.1409978308026,5.313698468586339,0.019389123435841427,0.3662257373306277,1.7361648579568338,1.3443074185352744,0.7909331311705066,1.4093256165937607,0.7142036888176002,0.565133472999494,0.593071470619068,0.9025327398787077
2011-05-01,204.1,0.492368291482026,10.443722943722932,5.318610069815799,0.004911601229459883,0.09243281790445312,1.750170923509705,0.2000370994362156,0.8252711913545895,1.4142577748752687,0.7179080647969447,0.49326167637494817,0.5963935692560227,0.9040195082090403
2011-06-01,203.9,-0.09799118079372171,11.11716621253407,5.31762967758041,-0.0009803922353892602,-0.018433241439397285,1.747369710399131,-0.260930394205438,0.9016597514972298,1.413273279298979,0.7171671896010758,0.4643082364398593,0.6037839206669167,0.9037227381622096
2011-07-01,204.6,0.343305541932315,11.135252580119491,5.321056853517526,0.003427175937116722,0.0644493156709558,1.7571739562861406,0.08364516319712195,0.9037112852225573,1.416714799363566,0.7197602527866168,0.48595108076612414,0.6039824000613857,0.9047601629057374
2011-08-01,203.2,-0.6842619745845546,9.897241752298536,5.314190715704327,-0.006866137813199558,-0.12903710676687163,1.7375654645121208,-0.7187053450625535,0.7632839189424105,1.4098199239664702,0.7145741264155346,0.4355553206133623,0.590396496850503,0.9026817457510355
2011-09-01,203.7,0.24606299212599492,10.167658193618156,5.31664832323276,0.002457607528433492,0.04624612965378194,1.7445684972885565,0.007715739575363457,0.7939572117763695,1.4122878175835978,0.7164263144052069,0.48118194186487334,0.5933640408459511,0.9034256768787797
2011-10-01,201.1,-1.2763868433971481,7.770632368703101,5.303802296778606,-0.012846026454154114,-0.2416188860568269,1.7081527268510912,-1.1810513046306306,0.5220629634112022,1.3993880252754802,0.7067949368589115,0.40651529901914607,0.5670591329085932,0.8995371150004061
2011-11-01,201.4,0.1491795126802753,7.298881193393725,5.305292980284462,0.0014906835058559054,0.028105940275358066,1.7123545465169527,-0.0679333128963753,0.46855230453848334,1.4008849478990872,0.7079062496527149,0.47643041311914014,0.5618821460330792,0.8999883529823828
2011-12-01,199.8,-0.7944389275074459,5.324196099103862,5.297316866214453,-0.007976114070008755,-0.15034257485212477,1.6899448416323588,-0.804734275283931,0.24456409636435206,1.3928754505423622,0.7019792480857638,0.43015183013257596,0.5402119958533629,0.8975739399947648
2012-01-01,200.7,0.45045045045044585,4.1515308770109005,5.301811255802292,0.004494389587838654,0.08484275532965047,1.7025503006299425,0.16730659704466355,0.11154887148406245,1.3973886509815638,0.7053131864671737,0.49120586843163194,0.5273431938622163,0.8989344160984222
2012-02-01,201.6,0.4484304932735439,2.962206332992845,5.306285536197214,0.004474280394921593,0.0843915443052623,1.7151557596275269,0.16572936378115619,-0.023356017565054957,1.4018816580626838,0.7086471248485836,0.4911068021651631,0.5142915728438472,0.900288805040321
2012-03-01,204.2,1.289682539682535,2.5100401606425793,5.319099905730565,0.012814369533351133,0.24149415718277556,1.751571530064992,0.8226000765677111,-0.07464515274643622,1.4147496609528887,0.7182785023948791,0.5323649537487739,0.5093295113539662,0.9041677841970756
2012-04-01,203.7,-0.24485798237022793,0.2954209748892156,5.31664832323276,-0.0024515824978044165,-0.046090175805180156,1.7445684972885565,-0.37560767915000165,-0.32584904578201845,1.4122878175835978,0.7164263144052069,0.4571053383453949,0.4850263298062193,0.9034256768787797
2012-05-01,201.9,-0.8836524300441795,-1.0779029887310054,5.307772525318792,-0.00887579791396842,-0.16694348345710486,1.7193575792933884,-0.8743944172730524,-0.4816249589863014,1.4033748708395102,0.709758437642387,0.4257764657852589,0.4699555032612122,0.9007389247121403
2012-06-01,199.8,-1.0401188707280795,-2.0107896027464434,5.297316866214453,-0.010455659104338544,-0.19698770161048484,1.6899448416323588,-0.9965673413781797,-0.5874421354602521,1.3928754505423622,0.7019792480857638,0.41810276542988895,0.4597180263668867,0.8975739399947648
2012-07-01,200.1,0.15015015015014122,-2.1994134897360684,5.2988172415896875,0.0015003753752340643,0.028323308065703046,1.69414666129822,-0.06717541479745265,-0.6088377121969266,1.394382105599769,0.703090560879567,0.47647801681655216,0.4576480720382868,0.8980281117581662
2012-08-01,202.7,1.2993503248375893,-0.24606299212598381,5.311727053457954,0.012909811868266452,0.24363572623224972,1.7305624317356851,0.8301489258727152,-0.38726948384450954,1.4073459502899421,0.7127219384258625,0.5328390981471236,0.47908409682990377,0.9019359818273331
2012-09-01,204.4,0.8386778490379942,0.3436426116838476,5.320078858329549,0.00835180487159537,0.15723332143278146,1.7543727431755667,0.4704442941498807,-0.32037927338535305,1.4157327108673086,0.7190193775907481,0.5102459943109201,0.485555512972828,0.9044641184581587
2012-10-01,203.5,-0.44031311154598685,1.1934361014420691,5.31566600488265,-0.004412853446899234,-0.08294714353698218,1.7417672841779823,-0.528223949823595,-0.22398733644340865,1.4113013878310126,0.715685439209338,0.4475194866595053,0.4948811277749331,0.9031283237865766
2012-11-01,201.8,-0.8353808353808279,0.19860973187686426,5.307277107919509,-0.008388896963141157,-0.15781459849877333,1.7179569727381012,-0.8367027445701918,-0.33683032928699436,1.4028773799165866,0.7093880000444526,0.4281438856070645,0.4839639253847603,0.9005889591784704
2012-12-01,201.5,-0.14866204162538033,0.8508508508508372,5.305789381386738,-0.00148772653277085,-0.028031823146201784,1.7137551530722397,-0.3004954741527362,-0.2628467255423127,1.4013834266422014,0.7082766872506493,0.461823147617801,0.49112160487625167,0.9001386162882838
2013-01-01,202.5,0.496277915632759,0.8968609865470878,5.310739886546594,0.004950505159856178,0.09330383858099367,1.727761218625111,0.2030898321024622,-0.2576278033545408,1.4063546516829033,0.7119810632299937,0.49345341898827605,0.4916265190791339,0.9016371610493437
2013-02-01,204.3,0.8888888888888946,1.3392857142857206,5.319589501823576,0.008849615276981915,0.16663620260144452,1.7529721366202795,0.5096503343341563,-0.20744363864662727,1.4152413062050022,0.7186489399928137,0.5127085317896486,0.49648167817312816,0.9043159875897651
2013-03-01,204.0,-0.1468428781204123,-0.09794319294808007,5.318119993844216,-0.001469507979360074,-0.02762446197881463,1.748770316954418,-0.2990750256280824,-0.37046827918210135,1.413765647736096,0.7175376271990103,0.46191236621044957,0.4807095602022947,0.9038711595545046
2013-04-01,203.5,-0.2450980392156854,-0.09818360333824216,5.31566600488265,-0.0024539889615660115,-0.04614391861046396,1.7417672841779823,-0.3757951215602259,-0.3704955488934465,1.4113013878310126,0.715685439209338,0.45709356505846993,0.4807069219440354,0.9031283237865766
2013-05-01,204.1,0.29484029484028174,1.08964834076275,5.318610069815799,0.0029440649331489155,0.05538468614176839,1.750170923509705,0.045802281817380275,-0.23575996520947853,1.4142577748752687,0.7179080647969447,0.4835741635038175,0.4937421632042069,0.9040195082090403
2013-06-01,204.3,0.09799118079374391,2.2522522522522515,5.319589501823576,0.00097943200777717,0.01841518733127767,1.7529721366202795,-0.10790244723154882,-0.10388599314993946,1.4152413062050022,0.7186489399928137,0.4739199455781674,0.5065005525972069,0.9043159875897651
2013-07-01,204.4,0.04894762604013003,2.148925537231383,5.320078858329549,0.0004893565059731486,0.00919914038113312,1.7543727431755667,-0.14619688574864775,-0.11560632558216781,1.4157327108673086,0.7190193775907481,0.4715146659418668,0.505366647531253,0.9044641184581587
2013-08-01,204.2,-0.09784735812133905,0.7400098667982302,5.319099905730565,-0.000978952598984506,-0.018401091883291087,1.751571530064992,-0.26081809385297394,-0.27541940028523376,1.4147496609528887,0.7182785023948791,0.46431529004245514,0.48990523838954797,0.9041677841970756
2013-09-01,203.9,-0.14691478942212566,-0.24461839530333096,5.31762967758041,-0.001470228150155073,-0.02764054400578031,1.747369710399131,-0.2991311757773932,-0.3871056234625298,1.413273279298979,0.7171671896010758,0.46190883941084254,0.479099949803214,0.9037227381622096
2013-10-01,202.5,-0.6866110838646411,-0.49140049140049546,5.310739886546594,-0.006889791033815484,-0.1295650778929458,1.727761218625111,-0.7205395885497589,-0.41509807637266766,1.4063546516829033,0.7119810632299937,0.4354401114947896,0.47639176858507715,0.9016371610493437
2013-11-01,201.2,-0.6419753086419844,-0.29732408325074955,5.304299438225584,-0.006440448321010095,-0.12127214773454131,1.7095533334063782,-0.6856868549232037,-0.39308402105010704,1.3998872474619406,0.7071653744568459,0.4376292171118866,0.47852155875927066,0.8996876024126637
2013-12-01,202.0,0.3976143141153132,0.2481389578163684,5.308267697401205,0.003968259175620936,0.07481212593360986,1.7207581858486753,0.1260508156370628,-0.33121223726689386,1.403872115418813,0.7101288752403214,0.4886145863880249,0.4845074580054793,0.9008888159870633
2014-01-01,203.8,0.8910891089108919,0.6419753086419844,5.3171391207886245,0.00887142338741942,0.16712464203270105,1.7459691038438439,0.5113683213516096,-0.28653944422745886,1.4127806693271758,0.7167967520031414,0.5128164388212836,0.4888294093349857,0.9035742439607909
2014-02-01,205.7,0.9322865554465043,0.6852667645619093,5.326418796658912,0.009279675870287107,0.1745238493761736,1.772580628394299,0.5435363216392157,-0.2816289014432989,1.4220991844213624,0.7238350663638957,0.5148369159200075,0.4893044888066423,0.9063832521752487
2014-03-01,207.0,0.6319883325230924,1.4705882352941124,5.332718793265369,0.006299996606457192,0.11827828127988216,1.790788513613032,0.3090559318651183,-0.1925500151040885,1.4284255490801292,0.7286507551370435,0.5001091661872722,0.49792258910999343,0.9082902953161905
2014-04-01,208.3,0.6280193236715137,2.358722358722365,5.3389793482669266,0.006260555001557755,0.11739893371958132,1.8089963988317648,0.30595683013392905,-0.09180910633831042,1.4347123070548122,0.7334664439101912,0.4999145111257669,0.5076689531708121,0.910185399269417
2014-05-01,208.0,-0.1440230436869916,1.9108280254777066,5.337538079701318,-0.0014412685656086666,-0.026995207727797954,1.8047945791659032,-0.2968732281262186,-0.1426136875066797,1.433265006193108,0.7323551311163878,0.4620506614538209,0.5027537707479933,0.9097491194578561
2014-06-01,208.3,0.14423076923077982,1.95790504160549,5.3389793482669266,0.0014412685656086666,0.0270024971079863,1.8089963988317648,-0.07179741599240212,-0.13727374924556723,1.4347123070548122,0.7334664439101912,0.47618770820298667,0.5032703928729347,0.910185399269417
2014-07-01,208.0,-0.1440230436869916,1.7612524461839474,5.337538079701318,-0.0014412685656086666,-0.026995207727797954,1.8047945791659032,-0.2968732281262186,-0.1595800210701916,1.433265006193108,0.7323551311163878,0.4620506614538209,0.5011123316770819,0.9097491194578561
2014-08-01,207.0,-0.48076923076922906,1.3712047012732764,5.332718793265369,-0.004819286435949088,-0.09029043660179203,1.790788513613032,-0.5598131031388064,-0.20382307315861606,1.4284255490801292,0.7286507551370435,0.4455353670291018,0.49683195642438194,0.9082902953161905
2014-09-01,206.4,-0.28985507246376274,1.2260912211868646,5.329816033607408,-0.0029027596579611625,-0.054433015699739684,1.782384874281309,-0.41074253649653725,-0.22028327153680702,1.4255106401904645,0.7264281295494368,0.4548985124935884,0.49523948433064546,0.9074116142245462
2014-10-01,203.4,-1.4534883720930258,0.4444444444444473,5.315174483614459,-0.0146415499929482,-0.2747102320347472,1.7403666776226954,-1.3193366233845443,-0.30894533793609863,1.410807809346077,0.7153150016114036,0.397829576651142,0.48666171003717484,0.902979537632919
2014-11-01,200.9,-1.2291052114061007,-0.14910536779323413,5.302807271820889,-0.012367211793570476,-0.2326774376212093,1.705351513740517,-1.1441326196298078,-0.3762715963302357,1.3983888357329586,0.7060540616630426,0.4088341673632223,0.4801481076367078,0.8992359155491658
2014-12-01,197.0,-1.9412643106022975,-2.4752475247524774,5.2832037287379885,-0.019603543082900465,-0.3696823602674315,1.650727858084319,-1.700204319072674,-0.6401255218003027,1.3787032438361058,0.6916069953435995,0.3739072174773855,0.4546210754904487,0.8933018167377338
2015-01-01,192.0,-2.538071065989844,-5.789990186457317,5.2574953720277815,-0.025708356710206992,-0.486605439240706,1.5806975303199624,-2.1662060131911787,-1.0161162412829057,1.3528872871799187,0.6730851154468774,0.3446375786277567,0.41824516345568036,0.8855197577317279
2015-02-01,191.1,-0.46875000000000666,-7.097715119105496,5.252796851246227,-0.004698520781554194,-0.0893680440795519,1.5680920713223783,-0.5504281860783053,-1.164451267103233,1.3481691011747963,0.6697511770654675,0.4461248351285992,0.4038942192133851,0.8840974900086228
2015-03-01,191.5,0.20931449502878952,-7.487922705314009,5.2548878086207,0.002090957374472957,0.03980655322652904,1.573694497543527,-0.020978409324620674,-1.2087124499640016,1.3502688100577018,0.6712329274572052,0.47937965791183157,0.39961208986584773,0.8847304341462281
2015-04-01,190.9,-0.3133159268929431,-8.353336533845413,5.251749730731702,-0.0031380778889982253,-0.05971731468462638,1.5652908582118041,-0.4290613604890141,-1.3068761993853104,1.3471175980343386,0.6690103018695986,0.45374790431087786,0.3901150578144548,0.8837805209497953
2015-05-01,193.4,1.3095861707700385,-7.0192307692307665,5.264760583019194,0.013010852287491659,0.24774318950036012,1.6003060220939824,0.8381413312907132,-1.155548800097741,1.3601829060390536,0.6782712418179596,0.5333411023738832,0.40475550471833005,0.8877189765018566
2015-06-01,194.8,0.7238883143743546,-6.481036965914544,5.271973391208435,0.00721280818924086,0.13700163712107027,1.6199145138680022,0.38081374433213466,-1.0945015647669991,1.367425902768942,0.6834573681890418,0.504616285543398,0.4106616315115995,0.8899023326595604
2015-07-01,193.9,-0.462012320328542,-6.7788461538461515,5.267342562248606,-0.00463082895982847,-0.08783862542915966,1.607309054870418,-0.5451672366788779,-1.1282820123813984,1.3627756919033955,0.6801234298076319,0.44645527617821534,0.40739348012582216,0.8885005556180197
2015-08-01,191.9,-1.0314595152140282,-7.294685990338157,5.256974403013654,-0.010368159234952046,-0.1968385217483548,1.5792969237646755,-0.9898058992478842,-1.1867936409012014,1.3523641376982332,0.672714677848943,0.4185274526611892,0.40173266526588014,0.8853620575856649
2015-09-01,189.1,-1.4590932777488352,-8.381782945736438,5.242275975664412,-0.014698427349242316,-0.27959860981663365,1.5400799402166356,-1.3237130744005612,-1.3101028712464993,1.3376041914426449,0.6623424251067787,0.3975546910824872,0.38980288752485515,0.8809127639098119
2015-10-01,187.5,-0.8461131676361644,-7.817109144542778,5.233778845410465,-0.008497130253946494,-0.16208857170800783,1.5176702353320417,-0.8450828189706262,-1.2460520140754077,1.329071497236999,0.6564154235398276,0.4276175318312532,0.39599960522419975,0.8783406364975734
2015-11-01,185.7,-0.9600000000000053,-7.565953210552523,5.22413246835866,-0.009646377051804933,-0.1843099858960251,1.4924593173368732,-0.9340085161753724,-1.2175634374464297,1.3193847461674622,0.6497475467770076,0.4220320949659262,0.39875578484181773,0.8754206258466584
2015-12-01,183.5,-1.184706515885836,-6.852791878172592,5.212214667494625,-0.011917800864035044,-0.22812976003611096,1.4616459731205564,-1.109465003785447,-1.136669663831198,1.3074170644517016,0.64159791962245,0.4110116457036424,0.4065820013964109,0.8718130428886653
2016-01-01,182.6,-0.49046321525886283,-4.895833333333332,5.207297968160868,-0.004916699333756824,-0.09433033072139274,1.4490405141229723,-0.5673824095418386,-0.9146921752700481,1.3024797867282532,0.6382639812410401,0.44505993771724484,0.4280576208178439,0.8703247313345124
2016-02-01,181.3,-0.7119386637458813,-5.128205128205121,5.200153117760806,-0.00714485040006263,-0.13720840335522677,1.43083262890424,-0.7403159986289568,-0.9410500700625118,1.2953050322185755,0.6334482924678924,0.43419795210338386,0.42550757792393495,0.8681619463681635
2016-03-01,182.1,0.44125758411470706,-4.908616187989557,5.2045559867335625,0.004402868972756657,0.084668064056026,1.4420374813465366,0.16012857627397467,-0.9161421323888198,1.2997263289916372,0.6364117932513679,0.49075501583116954,0.42791734205596593,0.8694947186852716
2016-04-01,183.2,0.6040637012630468,-4.033525405971716,5.21057845224003,0.006022465506467789,0.11571526028002488,1.457444153454695,0.28725167888482883,-0.8168807277118556,1.3057740009696996,0.6404866068286467,0.49873963766801166,0.43752056877907625,0.8713177516570507
2016-05-01,185.3,1.1462882096070048,-4.188210961737326,5.221976133291314,0.01139768105128347,0.21874118499038975,1.486856891115725,0.7106341845281795,-0.8344266850731323,1.3172193859594044,0.64826579638527,0.5253323586641727,0.43582305294033985,0.8747678915268429
2016-06-01,187.6,1.2412304371289817,-3.696098562628347,5.234312036572124,0.012335903280810356,0.2362305565160705,1.5190708418873287,0.784767458773535,-0.7786064559057403,1.3296069200208824,0.656785861137762,0.5299886811438722,0.44122348343167705,0.8785020363539813
2016-07-01,187.7,0.05330490405117683,-3.1975244971634953,5.234844943592463,0.000532907020338591,0.010181032705247617,1.5204714484426158,-0.14279461371240953,-0.7220532809774995,1.3301420574741984,0.6571562987356965,0.4717283631773614,0.4466948241054773,0.8786633501992704
2016-08-01,186.6,-0.586041555673944,-2.7618551328817187,5.228967288413243,-0.005877655179219232,-0.11227945130282135,1.5050647763344576,-0.6420123767002036,-0.6726353760446975,1.3242398019135972,0.6530814851584177,0.4403724178784661,0.45147584999157314,0.8768841520989313
2016-09-01,186.9,0.1607717041800738,-1.1634056054997344,5.230573714461517,0.001606426048273768,0.030721669493583015,1.509266596000319,-0.05888183881588443,-0.4913235068609003,1.3258529515093138,0.6541927979522211,0.4769989376132279,0.4690171994519138,0.8773704259762302
2016-10-01,186.7,-0.10700909577314732,-0.4266666666666752,5.2295030505476765,-0.001070663913840697,-0.020469339928819164,1.5064653828897445,-0.2679718085659375,-0.4077553291911982,1.3247778064308233,0.6534519227563521,0.46386596410925696,0.47710215613382895,0.8770463302027417
2016-11-01,186.3,-0.2142474558114449,0.3231017770597866,5.227358277607543,-0.002144772940133599,-0.04101293984155596,1.5008629566685963,-0.3517062117060056,-0.32270921690654986,1.3226240567421912,0.6519701723646144,0.45860659323114217,0.4853300983118234,0.8763970958015411
2016-12-01,188.2,1.0198604401502775,2.5613079019073615,5.23750522715128,0.010146949543736739,0.1941123796163513,1.5274744812190515,0.6119162088708817,-0.06882986121654135,1.3328134754034633,0.6590084867253687,0.5191318672669876,0.5098921224030876,0.8794686324606296
2017-01-01,190.7,1.3283740701381497,4.435925520262862,5.250701512606374,0.013196285455093992,0.25195746606005986,1.5624896451012298,0.8528113946829791,0.14380770948336197,1.3460649926891295,0.6682694266737297,0.5342625313360783,0.5304641343338884,0.8834632196382248
2017-02-01,191.6,0.47194546407971494,5.681191395477092,5.25540986553676,0.004708352930386184,0.08967093100000767,1.575095104098814,0.18409044319907786,0.2850580146060295,1.3507930519946323,0.6716033650551396,0.4922600644177146,0.5441296542730424,0.8848884636061063
2017-03-01,191.5,-0.052192066805845094,5.161998901702369,5.2548878086207,-0.0005220569160595545,-0.009933705066145215,1.573694497543527,-0.22516929647185438,0.22616609471746604,1.3502688100577018,0.6712329274572052,0.4665543965477281,0.5384320474268602,0.8847304341462281
2017-04-01,193.0,0.7832898172323688,5.349344978165949,5.262690188904886,0.00780238028418534,0.14847853214650097,1.5947035958728337,0.42719592870778655,0.24741672961458203,1.3581038464819337,0.6767894914262218,0.5075295577543505,0.5404879790912487,0.8870922569746285
2017-05-01,192.8,-0.10362694300517505,4.04749055585536,5.261653382176445,-0.0010368067284405313,-0.01970107855914227,1.5919023827622596,-0.2653309387945838,0.09974759482436737,1.3570627002949571,0.676048616230353,0.4640318375501307,0.5262014576984574,0.886778409954786
2017-06-01,193.6,0.4149377593360981,3.1982942430703654,5.265794174842477,0.004140792666031956,0.07869755693254987,1.6031072352045566,0.1395773964741257,0.0034233955690965725,1.361220823865185,0.6790121170138285,0.4894641930331683,0.5168823963031366,0.888031850352472
2017-07-01,193.5,-0.05165289256198191,3.090037293553549,5.2652775124698366,-0.0005166623726404751,-0.00981167048095255,1.6017066286492694,-0.22474829568927754,-0.008856172557885829,1.3607019990500355,0.678641679415894,0.46658083967232816,0.5156943869537922,0.8878754538501442
2017-08-01,193.8,0.15503875968991832,3.8585209003215493,5.266826699456666,0.0015491869868293762,0.02942270342181086,1.605908448315131,-0.06335826576746104,0.07831279761812085,1.3622576700155173,0.6797529922096974,0.47671777254051884,0.524127708913566,0.8883444011531064
2017-09-01,194.8,0.5159958720330149,4.226859283039053,5.271973391208435,0.005146691751768628,0.09771902599908788,1.6199145138680022,0.2184861073693319,0.12009336029377163,1.367425902768942,0.6834573681890418,0.4944204614312079,0.5281698461097818,0.8899023326595604
2017-10-01,194.9,0.051334702258731824,4.3920728441349866,5.272486606513515,0.0005132153050801946,0.00973478557262375,1.6213151204232894,-0.14433299672290092,0.13883350758254914,1.367941266089149,0.6838278057869762,0.47163173710132383,0.5299828960441877,0.8900576857158424
2017-11-01,195.9,0.5130836326321164,5.152979066022545,5.277604324950495,0.00511771843698039,0.09706460763045932,1.6353211859761607,0.21621215774954908,0.22514297622743892,1.3730804042626596,0.6875321817663206,0.49427763430209376,0.5383330639512958,0.8916068468427725
2017-12-01,196.3,0.20418580908627693,4.303931987247611,5.279644101282416,0.0020397763319204287,0.03864966386883939,1.6409236121973092,-0.024983016035650032,0.12883570456158921,1.3751287178894995,0.6890139321580584,0.47912812794177784,0.5290156402466727,0.8922242982012157
2018-01-01,197.9,0.8150789607743292,3.775563712637653,5.28776185260852,0.008117751326104816,0.15375565417625747,1.6633333170819031,0.452017689874867,0.06890297734945501,1.383280445311938,0.6949409337250094,0.5090886164319085,0.5232173385862691,0.8946815855544268
2018-02-01,199.3,0.707427993936327,4.018789144050117,5.294811227218749,0.007049374610228476,0.13331490348322816,1.6829418088559231,0.3679611129893924,0.09649199836449934,1.3903593244267056,0.7001270600960916,0.5038090097707615,0.5258864890454868,0.8968154694813779
2018-03-01,199.3,0.0,4.073107049608371,5.294811227218749,0.0,0.0,1.6829418088559231,-0.1844164207185021,0.10265326953272093,1.3903593244267056,0.7001270600960916,0.4691140910090128,0.5264825725295313,0.8968154694813779
2018-04-01,200.3,0.5017561465127995,3.782383419689128,5.299816242671772,0.005005015453023454,0.09452679686283716,1.6969478744087945,0.20736737227409355,0.06967653560800953,1.3953852879083584,0.703831436075436,0.493722091951419,0.5232921778993395,0.8983305148038172
2018-05-01,203.2,1.4478282576135593,5.394190871369275,5.314190715704327,0.014374473032554569,0.2712258760373176,1.7375654645121208,0.9460842224963016,0.25250359196626954,1.4098199239664702,0.7145741264155346,0.540121012150711,0.5409801169229819,0.9026817457510355
2018-06-01,204.2,0.49212598425196763,5.475206611570238,5.319099905730565,0.0049091900262379085,0.09237888304856057,1.751571530064992,0.19984789986921164,0.2616931941635963,1.4147496609528887,0.7182785023948791,0.49324979272073266,0.5418691818489046,0.9041677841970756
2018-07-01,204.3,0.04897159647405669,5.581395348837215,5.319589501823576,0.0004895960930113574,0.00920449139305557,1.7529721366202795,-0.1461781690321935,0.27373816531240486,1.4152413062050022,0.7186489399928137,0.471515841541737,0.5430344946831505,0.9043159875897651
2018-08-01,203.4,-0.4405286343612369,4.9535603715170184,5.315174483614459,-0.004415018209116717,-0.0829954681202949,1.7403666776226954,-0.528392235447243,0.20252294623486905,1.410807809346077,0.7153150016114036,0.44750891661332326,0.5361446476457928,0.902979537632919
2018-09-01,203.6,0.0983284169124854,4.517453798767956,5.316157284676367,0.0009828010619079564,0.018490475993537814,1.7431678907332695,-0.10763912480559969,0.15305544881693137,1.4117947238308055,0.7160558768072725,0.4739364849006759,0.5313588238437287,0.9032770368446014
2018-10-01,204.6,0.4911591355599265,4.976911236531545,5.321056853517526,0.004899568841159052,0.09216372990472621,1.7571739562861406,0.1990929601431108,0.20517163104494035,1.416714799363566,0.7197602527866168,0.4932023748391775,0.536400899517625,0.9047601629057374
2018-11-01,202.3,-1.1241446725317572,3.2669729453802976,5.3097517441737,-0.011305109343826558,-0.21245984876769874,1.7249600055145369,-1.0621767964265776,0.011213609570614827,1.405362373531626,0.7112401880341248,0.41398182535901606,0.5176360748504187,0.9013380449938571
2018-12-01,201.0,-0.6426099851705391,2.3942944472745697,5.303304908059076,-0.006446836114624155,-0.12141501948180755,1.706752120295804,-0.6861824262867211,-0.087774170135642,1.3988885547815306,0.7064244992609771,0.4375980901975054,0.5080593204771544,0.8993865527374059
2019-01-01,199.1,-0.9452736318408039,0.6063668519454168,5.293807211070151,-0.009497696988924886,-0.17909015516893723,1.6801405957453486,-0.9225097982931588,-0.2905785056628107,1.3893511060615067,0.6993861849002226,0.42275433122363504,0.48843864292543826,0.8965115483478941
2019-02-01,199.2,0.050226017076848706,-0.05017561465129328,5.294309345150498,0.0005021340803468277,0.0094853110498061,1.6815412023006355,-0.14519868594028607,-0.36505001056678954,1.3898553417775408,0.6997566224981571,0.47157736302700465,0.4812337605410758,0.8966635470573501
2019-03-01,200.8,0.8032128514056325,0.7526342197691882,5.302309387817574,0.008000042667076102,0.1511064455348432,1.7039509071852301,0.4427523338471569,-0.2739874219867702,1.3978888678822599,0.7056836240651082,0.508506657979467,0.4900437777574671,0.8990852033610777
2019-04-01,202.1,0.6474103585657254,0.8986520219670391,5.308762624409575,0.006453236592001588,0.121706149528511,1.7221587924039625,0.3210978368833346,-0.2574246464989736,1.404369113898338,0.7104993128382558,0.5008655201134342,0.4916461738618837,0.9010386330767443
2019-05-01,201.7,-0.19792182088075316,-0.7381889763779514,5.3067814449601665,-0.0019811794494088986,-0.03731904380692708,1.7165563661828138,-0.3389587461879212,-0.44309125397245497,1.4023796424058346,0.709017562446518,0.4594072635219836,0.47368351725551044,0.9004389193124387
2019-06-01,200.3,-0.6941001487357323,-1.9098922624877446,5.299816242671772,-0.006965202288394146,-0.13125097313002598,1.6969478744087945,-0.7263872383723982,-0.5759973666110656,1.3953852879083584,0.703831436075436,0.43507281970038636,0.4608252715283873,0.8983305148038172
2019-07-01,200.7,0.19970044932600128,-1.7621145374449476,5.301811255802292,0.0019950131305197516,0.037643062309533626,1.7025503006299425,-0.028485297516465582,-0.5592349633620103,1.3973886509815638,0.7053131864671737,0.4789081490975226,0.4624469809868495,0.8989344160984222
2019-08-01,199.2,-0.7473841554558991,-2.064896755162249,5.294309345150498,-0.007501910651794397,-0.14149712786520885,1.6815412023006355,-0.7679927282179267,-0.5935795009338996,1.3898553417775408,0.6997566224981571,0.43245957241542937,0.4591242556831266,0.8966635470573501
2019-09-01,198.4,-0.40160642570280514,-2.5540275049115824,5.290285194850773,-0.004024150299724916,-0.0760089756260851,1.6703363498583388,-0.4980007980013229,-0.6490615221007341,1.385814348769441,0.6967931217146817,0.4494178075237862,0.453756545745357,0.8954454149365575
2019-10-01,198.6,0.10080645161290036,-2.9325513196480912,5.291292751611072,0.0010075567602996216,0.01904541481583255,1.673137562968913,-0.10570421311424669,-0.6919974166690565,1.3868261225652438,0.6975339969105505,0.47405801700480044,0.4496026338453489,0.895750407832406
2019-11-01,199.0,0.20140986908359082,-1.6312407315867583,5.293304824724492,0.0020120731134198877,0.03802611588268334,1.6787399891900616,-0.027150539664270883,-0.5443899689090355,1.3888466170243279,0.6990157473022882,0.478991985445713,0.463883187213219,0.8963594732763601
2019-12-01,199.0,0.0,-0.995024875621886,5.293304824724492,0.0,0.0,1.6787399891900616,-0.1844164207185021,-0.4722241081337555,1.3888466170243279,0.6990157473022882,0.4691140910090128,0.47086500582588925,0.8963594732763601
2020-01-01,199.3,0.1507537688442362,0.10045203415369741,5.294811227218749,0.0015064024942565979,0.02845863867919629,1.6829418088559231,-0.06670409417061557,-0.3479643409302112,1.3903593244267056,0.7001270600960916,0.4765076205383927,0.4828867449993373,0.8968154694813779
2020-02-01,196.7,-1.304565980933281,-1.2550200803212896,5.281679725395013,-0.013131501823735903,-0.2480069876000801,1.6465260384184575,-1.2030542824992525,-0.5017153217975872,1.3771728619182868,0.6904956825497961,0.4051332885587567,0.46801182424866755,0.8928404926603501
2020-03-01,193.1,-1.8301982714794107,-3.834661354581681,5.263208189434469,-0.018471535960544294,-0.34972843718127367,1.596104202428121,-1.6134811680307792,-0.7943236107974135,1.3586240150547577,0.6771599290241562,0.37935431207582826,0.43970289844340105,0.8872490585443203
2020-04-01,185.5,-3.9357845675815573,-8.213755566551207,5.22305488204749,-0.04015330738697909,-0.7629055500328552,1.489658104226299,-3.257575797052102,-1.2910435530307864,1.3183026497185888,0.6490066715811389,0.2760884728451427,0.39164681623621134,0.8750944346259545
2020-05-01,188.6,1.6711590296495826,-6.494794248884483,5.239628370199357,0.016573488151867544,0.3173140724374468,1.5330769074402,1.1204664947780543,-1.0960620511304662,1.3349455046701295,0.6604902371171064,0.5510739897812312,0.41051065939514136,0.8801113193761947
2020-06-01,191.2,1.3785790031813239,-4.543185222166757,5.2533200006173,0.013691630417943301,0.261309189327541,1.5694926778776652,0.8920126665185047,-0.8746913575373356,1.3486944401391094,0.6701216146634019,0.5367247693140805,0.4319275733240288,0.8842558501605585
2020-07-01,193.0,0.9414225941422716,-3.8365719980069657,5.262690188904886,0.00937018828758518,0.17836698100408555,1.5947035958728337,0.5506699699622732,-0.7945403347695176,1.3581038464819337,0.6767894914262218,0.5152849814801362,0.4396819310850686,0.8870922569746285
2020-08-01,194.3,0.6735751295336767,-2.459839357429705,5.269403356383394,0.006713167478508808,0.1275615177321665,1.6129114810915666,0.3415279467760592,-0.6383777758939528,1.3648451113011704,0.6816051801993696,0.5021487384917482,0.45479016437497216,0.8891243691793815
2020-09-01,195.5,0.6176016469377155,-1.4616935483870996,5.27556037942542,0.006157023042026033,0.11684478536961862,1.629718759755012,0.29782244666238733,-0.5251582595718464,1.3710279039928939,0.6860504313745829,0.49940358923539313,0.4657437942199305,0.8909881334469498
2020-10-01,196.5,0.5115089514066584,-1.0574018126888185,5.280662431309316,0.005102051883895342,0.09671108881235124,1.6437248253078833,0.2149826071251036,-0.4792995139315783,1.3761513100424125,0.6897548073539272,0.4942004060362331,0.4701804827098239,0.8925325522232932
2020-11-01,198.3,0.9160305343511421,-0.35175879396984744,5.28978103552575,0.009118604216434179,0.1726791730213506,1.6689357433030518,0.5308432123510245,-0.3992585414086722,1.385308079332257,0.6964226841167472,0.5140396597524157,0.47792419345799636,0.8952928031745542
2020-12-01,200.5,1.1094301563287834,0.7537688442211143,5.300814246746624,0.011033211220873973,0.2085759532724607,1.6997490875193684,0.6818544914122598,-0.27385872172024545,1.3963874690368332,0.7045723112713048,0.52352470166563,0.49005622910089497,0.8986326160499714
2021-01-01,204.8,2.14463840399004,2.759658805820364,5.322033893165353,0.021219646418728644,0.4003091870603104,1.7599751693967152,1.4901710743275016,-0.04633095053672479,1.4176959283203476,0.7205011279824858,0.5742951918949608,0.5120688207984451,0.9050559181061298
2021-02-01,210.6,2.83203125,7.066598881545505,5.349960599699875,0.02792670653452234,0.5247374799770776,1.8412103496033685,2.026904661663611,0.4422045597907882,1.4457395194985827,0.7419865086626832,0.6080075119531763,0.5593330851238749,0.9135094836352241
2021-03-01,215.0,2.089268755935425,11.341273951320563,5.3706380281276624,0.020677428427787525,0.38649683567664184,1.9028370380360022,1.4469370633796181,0.9270802557558062,1.4665034913879735,0.7582857629717986,0.5715796569464041,0.6062432739936741,0.9197686533647937
2021-04-01,217.9,1.3488372093023226,17.466307277628033,5.384036241950574,0.013398213822911842,0.24947154793790727,1.943454628139329,0.8687895273555811,1.6218417869658368,1.479957782193939,0.7690284533118974,0.5352661203331166,0.6734592530987286,0.9238243653544903
2021-05-01,224.9,3.2124827902707764,19.24708377518558,5.41565585896527,0.0316196170146954,0.5872846242810592,2.0414970870094282,2.3239707734254478,1.8238349746391165,1.5117097401871356,0.7949590851673082,0.6266662806131917,0.6930014546630032,0.9333957949145124
2021-06-01,228.9,1.7785682525566893,19.717573221757334,5.433285226958521,0.01762936799325132,0.3255260018796724,2.097521349220913,1.2043343119346497,1.877202515826915,1.5294128942673437,0.8097765890846859,0.5563417404144639,0.6981645953554932,0.9387323002193265
2021-07-01,231.85,1.2887723896898073,20.129533678756474,5.446090610837469,0.012805383878948362,0.23568399861306766,2.1388392426018834,0.8218894086091394,1.9239311232735707,1.5422718738945214,0.8207044982237518,0.5323203165838195,0.7026854402218928,0.9426085593697595
2021-08-01,233.415,0.6750053914168719,20.131240349974266,5.452817985139583,0.0067273743021134536,0.12352666862953665,2.1607587351921267,0.3426447311532221,1.924124710711447,1.5490274049987072,0.8265018466314258,0.5022188838920868,0.7027041691937698,0.9446449720570687
2021-09-01,235.678,0.9695178116230663,20.551406649616368,5.4624664665954885,0.009648481455905689,0.17694486561261602,2.192454461538275,0.5726074209453412,1.9717841055507208,1.558716269280133,0.8348848494726822,0.5166628761866576,0.7073150647943031,0.9475656197225182
2021-10-01,240.465,2.0311611605665414,22.37404580152671,5.482574548809747,0.020108082214258083,0.36811360467334797,2.2595014973398695,1.4015651944478253,2.1785257672794383,1.578908512010149,0.8526176972858038,0.5687298428055384,0.7273166661937059,0.9536524452653911
2021-11-01,243.287,1.173559561682569,22.686333837619756,5.494241816384955,0.011667267575208307,0.21280636444316325,2.2990266143300726,0.7319283407242878,2.2139485482792893,1.5906246118532061,0.8630714462995137,0.5266698479251221,0.7307437081362584,0.9571841904380836
2021-12-01,241.338,-0.8011114445079293,20.36807980049875,5.4861984405472235,-0.008043375837731404,-0.14639646572789378,2.2717287925675262,-0.8099443440343101,1.9509893709559214,1.5825475712108592,0.8558516175157714,0.42982458490443615,0.7053032400411612,0.9547494169485802
2022-01-01,246.453,2.1194341545881734,20.338378906249986,5.507171305931832,0.020972865384608852,0.3822841191744697,2.343369817870463,1.4704909637821237,1.9476204033655002,1.6036082165810916,0.874799500650118,0.5730590810922446,0.7049773030901486,0.9610980170472884
2022-02-01,252.66,2.5185329454297634,19.97150997150998,5.532044711401891,0.024873405470058785,0.4516548349107641,2.430305466757135,1.7821173168250914,1.9060065199342702,1.6285857273860453,0.8977925623539087,0.5926323807705823,0.7009512915832621,0.9686273317845253
2022-03-01,260.014,2.9106308873585007,20.936744186046518,5.560735475719722,0.028690764317830464,0.5186285689032344,2.5333060728329504,2.088277231319557,2.015492879459435,1.657396574240676,0.9250345433060075,0.6118623325939064,0.7115437503241984,0.9773121817485108
2022-04-01,265.31,2.036813402355264,21.757687012391003,5.580898953610859,0.020163477891137482,0.36260451480165656,2.607482196000957,1.405978606704531,2.108612290355903,1.677644444501046,0.9446529184926155,0.5690070499154668,0.7205527585895102,0.9834157758632146
2022-05-01,273.251,2.9931024085032565,21.49888839484213,5.610390786702284,0.029491833091425335,0.5284423412171613,2.7187043625563074,2.1526730650179036,2.0792568053773923,1.7072597129284308,0.9740693681445892,0.6159070449191197,0.7177127083329888,0.992343113689581
2022-06-01,280.251,2.561747258015523,22.433813892529475,5.635685630188544,0.02529484348625921,0.4508570694614189,2.816746821426406,1.8158601367468497,2.1853052520937055,1.7326604256393696,1.0,0.5947517725353401,0.727972559891253,1.0
2022-07-01,272.274,-2.846376997762712,17.43541082596507,5.606808912197683,-0.02887671799086089,-0.5123905037601406,2.7050204365111523,-2.406939023023893,1.6183372074929188,1.7036628468198325,0.9704501928127698,0.32951710085714186,0.6731201961273194,0.9912588608506645
2022-08-01,269.546,-1.001931877446982,15.47929653192812,5.596739062240177,-0.010069849957505816,-0.17960037724129574,2.6668118896829194,-0.9667499785523723,1.3964554821625776,1.6935508504379688,0.9603446551411182,0.4199755986242202,0.65165384149536,0.9882106626544794
2022-09-01,267.898,-0.6113984255006422,13.67119544463209,5.5906063110505055,-0.0061327511896713816,-0.10957722204788523,2.643729893651788,-0.6618116571039762,1.1913628707319028,1.68739243118619,0.9542398435271588,0.4391288219984185,0.6318117804927657,0.9863542456082578
2022-10-01,265.061,-1.0589851361339164,10.228515584388575,5.579959988176118,-0.01064632287438716,-0.1904323481577208,2.6039946856782916,-1.011298594939645,0.8008602556856168,1.6767015491134425,0.9437305288737585,0.4171774931036541,0.5940318884948517,0.9831315459336194
2022-11-01,263.157,-0.7183252157050624,8.16730856971395,5.572750812244017,-0.007209175932101353,-0.12919762771377297,2.5773271368656245,-0.7453027786975263,0.5670578801939684,1.6694621998431696,0.9366773970090868,0.4338847316720597,0.57141224869069,0.9809492892798514
2022-12-01,257.897,-1.9988067959430977,6.861331410718585,5.552560280403977,-0.020190531840039938,-0.36230817634406165,2.503655232057522,-1.7451349359105974,0.41892110405401817,1.6491871624020993,0.9171923793577353,0.3710851184491304,0.5570804844774769,0.974837505788087
2023-01-01,260.227,0.9034614594198409,5.588895245746639,5.561554327028641,0.008994046624663632,0.16198017077644344,2.5362893647957114,0.5210289631679949,0.27458887739560756,1.658218852775909,0.9258235753896077,0.5134232252355607,0.5431167983845506,0.9775600524807783
2023-02-01,258.669,-0.5987080510477361,2.378294941819048,5.55554925209298,-0.006005074935660382,-0.10797475997809114,2.5144679146643383,-0.6519026942099281,-0.08958899142994226,1.6521886441552773,0.9200521576137892,0.4397512054981862,0.5078837422611518,0.9757422837291007
2023-03-01,257.062,-0.6212572824729534,-1.1353234825817071,5.549317300936478,-0.0062319511565025465,-0.11217524809369328,2.4919601673208747,-0.669509700079689,-0.48813815623850315,1.6459306097443938,0.9140992254149828,0.43864530672241886,0.4693253720424492,0.9738558383149061
2023-04-01,256.908,-0.059907726540675554,-3.166861407410193,5.548718044152586,-0.0005992567838921659,-0.010798747871043624,2.4898032332257323,-0.2311938772515041,-0.718575171707933,1.645328844826734,0.9135287515141638,0.4661759916924103,0.44703132016849484,0.9736744400363398
2023-05-01,253.67,-1.2603733632273184,-7.165939008457423,5.536034209711707,-0.01268383444087906,-0.22859035798811211,2.444451592965535,-1.168547577384735,-1.1721898917451046,1.6325919233715414,0.9015339820930466,0.40730066007122107,0.4031455317733595,0.9698349745600365
2023-06-01,253.86,0.07490046122917704,-9.416915550702754,5.536782933960031,0.000748724248324173,0.013524559638922184,2.4471127454205805,-0.1259322606315598,-1.4275177937976853,1.6333437813358622,0.902237813529122,0.47278749019569766,0.37844336540641443,0.9700616174507263
2023-07-01,253.835,-0.009847947687702252,-6.772222099796521,5.536684449633732,-9.848432629855353e-05,-0.001778728324253187,2.446762593781759,-0.19210594545097534,-1.127530647010932,1.6332448848125372,0.9021452041296385,0.46863111076519515,0.40746617234721444,0.9700318057110239
2023-08-01,257.68,1.5147635274883386,-4.402217061280811,5.551718505022944,0.015034055389211431,0.2715353480223337,2.5006159158325487,0.9983489612519336,-0.8587013620399517,1.6483418638481713,0.9163885297702177,0.5434037685167393,0.43347455477731994,0.9745826958148613
2023-09-01,258.934,0.4866501086619124,-3.346049615898583,5.556573202970984,0.004854697948040609,0.0874449585952286,2.5181795220358496,0.19557219876711726,-0.7389004609711716,1.653216880684846,0.9210338172483156,0.49298123526983334,0.4450649127653063,0.9760522392132921
2023-10-01,255.192,-1.4451559084554422,-3.723293883294776,5.542016203016895,-0.0145569999540891,-0.2619780109493708,2.465768824737005,-1.3128304266361959,-0.7816912166933762,1.6385989537556744,0.9071720423336088,0.3982382318803232,0.44092504258927073,0.9716457563769866
2023-11-01,252.856,-0.9153891971535155,-3.9143933089372474,5.532820156728336,-0.009196046288558968,-0.16593322631487384,2.4330506556054976,-0.899175281606921,-0.8033675933756825,1.6293644182670848,0.8985186200458603,0.42421997584415255,0.43882792175471097,0.9688620632904847
2023-12-01,249.866,-1.1824912202992977,-3.114033897253543,5.5209247741628955,-0.011895382565440649,-0.21499673274171238,2.3911725196024127,-1.1077352453888119,-0.7125829558470318,1.617419248679631,0.8874425358676206,0.4111202920974337,0.4476110480866452,0.9652612664730623
2024-01-01,251.306,0.5763089015712319,-3.428160798072444,5.526671320110126,0.005746545947230786,0.10408665544807683,2.4113412539985473,0.26558003465569024,-0.7482143189728175,1.6231898462626961,0.8927768372778765,0.49737843832502543,0.4441638264836065,0.9670007770978047
2024-02-01,254.926,1.440474958815141,-1.447023029431438,5.540973306964965,0.014301986854838411,0.25878120891316136,2.462043211299941,0.9403425822308571,-0.5234941849994674,1.6375516927589087,0.9061866783231031,0.5397603788330747,0.46590478816772646,0.971330066085898
2024-03-01,255.095,0.06629374798960974,-0.7651850526332216,5.541636024798879,0.0006627178339142503,0.011960314500725211,2.4644102363783764,-0.1326525983526469,-0.44615341449902984,1.6382171843369377,0.9068127178636124,0.47236538473872963,0.47338726291682803,0.9715306743684883
2024-04-01,256.978,0.7381563731158947,0.027247107914107893,5.548990478118224,0.0073544533193450334,0.1327126734133044,2.490783657814433,0.39195460271773114,-0.3562679637738433,1.6456024190395036,0.9137880578327179,0.5053160445904936,0.48208339577160764,0.9737569072752901
2024-05-01,255.313,-0.647915385752873,0.6476918831552769,5.542490243436737,-0.0065002346814866385,-0.11714265337307017,2.467463558668902,-0.6903250162239604,-0.28589101411278944,1.6390749782277898,0.9076202718271094,0.43733789347956326,0.4888921428961873,0.9717892509830413
2024-06-01,255.914,0.23539733581916522,0.8091073820215788,5.54484145053992,0.0023512071031825954,0.04242149286535213,2.475881204066178,-0.0006122725709482239,-0.2675816804032551,1.641436026090541,0.9098466017906954,0.4806588581273368,0.49066351298040045,0.9725009741249969
2024-07-01,257.321,0.549794071445886,1.3733330706955371,5.550324332746969,0.0054828822070494,0.09888257862658012,2.4955877382990685,0.2448765897865851,-0.20358165256218613,1.6469418563932599,0.9150586587936331,0.496078051734354,0.49685531310294884,0.9741606723056006
2024-08-01,255.463,-0.7220553316674594,-0.8603694504812243,5.5430775850671665,-0.007246747679802823,-0.1305644003008477,2.469564468501833,-0.7482153468647661,-0.45695016522235216,1.6396647781222153,0.908175928224011,0.4337017928127037,0.4723427114579162,0.9719670424800322
2024-09-01,252.682,-1.088611658048333,-2.414514895687714,5.532131781148771,-0.010945803918395391,-0.19746799048749875,2.430613600199298,-1.0344317268593597,-0.6332366295909791,1.6286731615552867,0.8978740586254543,0.4157244974916281,0.45528755400717424,0.9686536882691306
2024-10-01,253.081,0.1579059845972397,-0.8272202890372782,5.533709595590618,0.00157781444184657,0.028520912087137695,2.4362020203548935,-0.0611194645941015,-0.453190061246394,1.6302575797933474,0.8993521046412127,0.4768583919902491,0.4727064896162155,0.9691313012579882
2024-11-01,253.211,0.05136695366305677,0.14039611478471326,5.534223133244213,0.0005135376535951863,0.009280169924430481,2.438022808876767,-0.144307814016912,-0.3434334903791152,1.6307732668112294,0.8998336735185276,0.47163331883100174,0.48332509044923605,0.969286751890914
2024-12-01,253.423,0.08372464071466634,1.4235630297839696,5.535060029356095,0.0008368961118820906,0.015122196769667973,2.440992094773976,-0.11904211980737708,-0.1978840764952923,1.6316136656742768,0.9006190012261486,0.4732202610119678,0.49740653555361447,0.9695400848829048
2025-01-01,257.36,1.5535290798388557,2.4090153040516427,5.550475882930771,0.015415853574675786,0.2785128524878777,2.4961339748556304,1.0286180775206493,-0.08610438575239057,1.6470940408763195,0.9152031294568275,0.5453049764150468,0.5082208668310798,0.9742065473681729
2025-02-01,259.498,0.8307429281939616,1.7934616320030239,5.558748995447149,0.008273112516378411,0.1490523099437313,2.526078943007669,0.4642485087928361,-0.15592653837605244,1.6554017797389045,0.9231230853006657,0.5098568360694816,0.5014657945638399,0.9767108633962845
2025-03-01,258.525,-0.37495472026759513,1.3445971108802413,5.554992401071039,-0.0037565943761102005,-0.06757985257450638,2.512451041224725,-0.4771904774547831,-0.20684116779719966,1.6516294624849575,0.9195187274727635,0.45072490699237167,0.4965399653208866,0.9755737219046655
2025-04-01,258.392,-0.05144570157624706,0.5502416549276523,5.554477811676862,-0.0005145893941769231,-0.009263548120741483,2.510588234506193,-0.22458651576723923,-0.2969447776065153,1.651112719324531,0.9190260454675109,0.46659100109438084,0.48782272626522843,0.9754179529041614
2025-05-01,258.642,0.09675222143099571,1.3038897353444545,5.555444866143234,0.0009670544663720193,0.017410357897884587,2.514089750894411,-0.10886985779916167,-0.2114585987648504,1.6520838213078064,0.9199521394623469,0.4738591823700274,0.49609324348972805,0.9757106855359731
2025-06-01,260.69,0.791828086698998,1.8662519440124425,5.5633319619375525,0.007887095794318455,0.14197055293241334,2.5427741731466913,0.43386282381306357,-0.14766994515692503,1.660003927811093,0.9275387014680443,0.5079483064723117,0.5022645938242556,0.9780981522087471
2025-07-01,262.562,0.7180942882350827,2.0367556476152293,5.57048724461929,0.007155282681737596,0.12861505893755343,2.5689935278616667,0.37628962329581306,-0.1283297378664175,1.667189158265794,0.9344732933013771,0.5043321247978119,0.5041356976645359,0.9802640950833388
2025-08-01,262.443,-0.04532262856011826,2.7322939134042823,5.570033915595612,-0.0004533290236778953,-0.008138049757067112,2.5673268060608745,-0.21980546667057738,-0.049434945820266606,1.6667339318754737,0.9340324725598349,0.46689129953137765,0.5117685190794404,0.9801268699292318
