combination,K,regime,variable,coefficient,t_statistic,p_value,n_observations,n_effective,avg_weight,r_squared,rmse
all_4vars,2,0,export_price_index,0.07872553110415083,2.7199151509333777,0.007437396692649312,356,144.01874222983457,0.40454702873549037,0.393234452097067,0.03342719614273346
all_4vars,2,0,import_price_index,-0.014795557706799635,-0.5541041217314863,0.5804742120560322,356,144.01874222983457,0.40454702873549037,0.393234452097067,0.03342719614273346
all_4vars,2,0,retail_sales,-0.046964484604472084,-1.0452072489202229,0.2978967477395065,356,144.01874222983457,0.40454702873549037,0.393234452097067,0.03342719614273346
all_4vars,2,0,tot_business_inventories,-0.027059654488794382,-0.7147640461407776,0.47605624482056097,356,144.01874222983457,0.40454702873549037,0.393234452097067,0.03342719614273346
all_4vars,2,0,unemployment,0.0121300726352236,1.3051773624441476,0.19417346273251845,356,144.01874222983457,0.40454702873549037,0.393234452097067,0.03342719614273346
all_4vars,2,0,cpi,0.5846583241762792,2.4526190400248598,0.01552874004649274,356,144.01874222983457,0.40454702873549037,0.393234452097067,0.03342719614273346
all_4vars,2,0,PCE_price_index,-0.5013765358320857,-2.082465812768705,0.039290781013866516,356,144.01874222983457,0.40454702873549037,0.393234452097067,0.03342719614273346
all_4vars,2,0,PPI_inflation,-0.11655487405712422,-1.9447403071342058,0.05399892431304809,356,144.01874222983457,0.40454702873549037,0.393234452097067,0.03342719614273346
all_4vars,2,0,vix,-0.038575180697199805,-7.285532863955048,2.9100277743054903e-11,356,144.01874222983457,0.40454702873549037,0.393234452097067,0.03342719614273346
all_4vars,2,0,nat_fin_condition_indx,0.01437479962323889,3.11756610543029,0.0022522907291275818,356,144.01874222983457,0.40454702873549037,0.393234452097067,0.03342719614273346
all_4vars,2,0,10y_2y_spread,0.010016469624041029,1.0087798114354825,0.3149831364737108,356,144.01874222983457,0.40454702873549037,0.393234452097067,0.03342719614273346
all_4vars,2,0,10y_treasury_const_maturity_rate,-0.025287803472337642,-1.6814793334615346,0.0951078509564538,356,144.01874222983457,0.40454702873549037,0.393234452097067,0.03342719614273346
all_4vars,2,0,fed_reserve_discount_rate,0.012797607736625057,0.5349433292074299,0.5936169965143474,356,144.01874222983457,0.40454702873549037,0.393234452097067,0.03342719614273346
all_4vars,2,0,fedfunds,0.019663621970076,0.6683540481786365,0.5051109007227532,356,144.01874222983457,0.40454702873549037,0.393234452097067,0.03342719614273346
all_4vars,2,0,m2_real_money_supply,0.04429466916568172,1.427722539573469,0.155806599272301,356,144.01874222983457,0.40454702873549037,0.393234452097067,0.03342719614273346
all_4vars,2,1,export_price_index,0.08056810724240157,3.486294659073707,0.0006044058291096999,356,211.98125777016548,0.5954529712645098,0.31317327272648765,0.03357025857496022
all_4vars,2,1,import_price_index,-0.029302458397561064,-1.0710092724123235,0.2854824377674423,356,211.98125777016548,0.5954529712645098,0.31317327272648765,0.03357025857496022
all_4vars,2,1,retail_sales,-0.0250174376360215,-0.50833009477886,0.6117935732870559,356,211.98125777016548,0.5954529712645098,0.31317327272648765,0.03357025857496022
all_4vars,2,1,tot_business_inventories,-0.03971737060362913,-0.8804261683199843,0.37970685383665304,356,211.98125777016548,0.5954529712645098,0.31317327272648765,0.03357025857496022
all_4vars,2,1,unemployment,0.011032765130649361,1.0024218884636864,0.31737594144407044,356,211.98125777016548,0.5954529712645098,0.31317327272648765,0.03357025857496022
all_4vars,2,1,cpi,0.45614599765116576,2.111578505649411,0.035989817561201454,356,211.98125777016548,0.5954529712645098,0.31317327272648765,0.03357025857496022
all_4vars,2,1,PCE_price_index,-0.38607850086019074,-1.8294179897954264,0.06885650091801421,356,211.98125777016548,0.5954529712645098,0.31317327272648765,0.03357025857496022
all_4vars,2,1,PPI_inflation,-0.08942883616361096,-1.761839363654719,0.07965557088808928,356,211.98125777016548,0.5954529712645098,0.31317327272648765,0.03357025857496022
all_4vars,2,1,vix,-0.035026656980958366,-7.490747574637165,2.2875035199376725e-12,356,211.98125777016548,0.5954529712645098,0.31317327272648765,0.03357025857496022
all_4vars,2,1,nat_fin_condition_indx,0.013744467588893364,2.85728660975782,0.004734117556593143,356,211.98125777016548,0.5954529712645098,0.31317327272648765,0.03357025857496022
all_4vars,2,1,10y_2y_spread,0.0011550347669216658,0.15780226463595118,0.8747750828745904,356,211.98125777016548,0.5954529712645098,0.31317327272648765,0.03357025857496022
all_4vars,2,1,10y_treasury_const_maturity_rate,-0.02482980751271988,-2.4622662426314257,0.014669832294198049,356,211.98125777016548,0.5954529712645098,0.31317327272648765,0.03357025857496022
all_4vars,2,1,fed_reserve_discount_rate,0.003643935142287526,0.21193790569350499,0.8323757270903953,356,211.98125777016548,0.5954529712645098,0.31317327272648765,0.03357025857496022
all_4vars,2,1,fedfunds,0.017888612125874344,0.8190186170996763,0.4137706124324181,356,211.98125777016548,0.5954529712645098,0.31317327272648765,0.03357025857496022
all_4vars,2,1,m2_real_money_supply,0.02427654969312321,0.7205993161735758,0.4720147031236248,356,211.98125777016548,0.5954529712645098,0.31317327272648765,0.03357025857496022
all_4vars,3,0,export_price_index,0.06945355124238321,2.596966541479083,0.010637527529550717,356,130.62032315850274,0.3669110201081538,0.3271024421111993,0.029678277951619085
all_4vars,3,0,import_price_index,-0.021391183344591648,-0.6731602537473403,0.5022003615213606,356,130.62032315850274,0.3669110201081538,0.3271024421111993,0.029678277951619085
all_4vars,3,0,retail_sales,-0.03009534598016673,-0.5325605033240092,0.5953687761755786,356,130.62032315850274,0.3669110201081538,0.3271024421111993,0.029678277951619085
all_4vars,3,0,tot_business_inventories,-0.03318209365412426,-0.677001509842323,0.499769058624397,356,130.62032315850274,0.3669110201081538,0.3271024421111993,0.029678277951619085
all_4vars,3,0,unemployment,0.013218718616321968,1.0903162857934263,0.27786068141999887,356,130.62032315850274,0.3669110201081538,0.3271024421111993,0.029678277951619085
all_4vars,3,0,cpi,0.5322261258910768,2.0307707884428163,0.044592394921907585,356,130.62032315850274,0.3669110201081538,0.3271024421111993,0.029678277951619085
all_4vars,3,0,PCE_price_index,-0.453351191623337,-1.7485835152859555,0.0830402797142733,356,130.62032315850274,0.3669110201081538,0.3271024421111993,0.029678277951619085
all_4vars,3,0,PPI_inflation,-0.08969143728124965,-1.557197588640522,0.12218048325841413,356,130.62032315850274,0.3669110201081538,0.3271024421111993,0.029678277951619085
all_4vars,3,0,vix,-0.0349967370582567,-6.248386993197487,7.287542791445389e-09,356,130.62032315850274,0.3669110201081538,0.3271024421111993,0.029678277951619085
all_4vars,3,0,nat_fin_condition_indx,0.012379915844708421,2.158967884612758,0.03293720036824621,356,130.62032315850274,0.3669110201081538,0.3271024421111993,0.029678277951619085
all_4vars,3,0,10y_2y_spread,0.0031937730452024334,0.3542388354650495,0.7238107460254775,356,130.62032315850274,0.3669110201081538,0.3271024421111993,0.029678277951619085
all_4vars,3,0,10y_treasury_const_maturity_rate,-0.017813950275750952,-1.4644283037207197,0.14581434986082153,356,130.62032315850274,0.3669110201081538,0.3271024421111993,0.029678277951619085
all_4vars,3,0,fed_reserve_discount_rate,0.00041027237372640577,0.018810196189965336,0.9850252245230124,356,130.62032315850274,0.3669110201081538,0.3271024421111993,0.029678277951619085
all_4vars,3,0,fedfunds,0.02188067698819121,0.7853115205789986,0.4338912117391245,356,130.62032315850274,0.3669110201081538,0.3271024421111993,0.029678277951619085
all_4vars,3,0,m2_real_money_supply,0.02645720240726821,0.6940291495766123,0.4890681558629977,356,130.62032315850274,0.3669110201081538,0.3271024421111993,0.029678277951619085
all_4vars,3,1,export_price_index,0.08947985430284426,2.4457408752719942,0.01627405087658773,356,112.1533667016548,0.31503754691476066,0.3497447809623355,0.03719751292680956
all_4vars,3,1,import_price_index,-0.026569011621381373,-0.6675182027337908,0.5060401251531204,356,112.1533667016548,0.31503754691476066,0.3497447809623355,0.03719751292680956
all_4vars,3,1,retail_sales,-0.016623406143664508,-0.24975802268514125,0.8033072916175397,356,112.1533667016548,0.31503754691476066,0.3497447809623355,0.03719751292680956
all_4vars,3,1,tot_business_inventories,-0.04074144501875976,-0.6433512921907508,0.5215275979866423,356,112.1533667016548,0.31503754691476066,0.3497447809623355,0.03719751292680956
all_4vars,3,1,unemployment,0.011618901958674158,0.7649032075907825,0.4462024645047946,356,112.1533667016548,0.31503754691476066,0.3497447809623355,0.03719751292680956
all_4vars,3,1,cpi,0.4063607380521651,1.2763387857425967,0.2049100024711954,356,112.1533667016548,0.31503754691476066,0.3497447809623355,0.03719751292680956
all_4vars,3,1,PCE_price_index,-0.3462660895143235,-1.1146756788655336,0.26776780284891855,356,112.1533667016548,0.31503754691476066,0.3497447809623355,0.03719751292680956
all_4vars,3,1,PPI_inflation,-0.10689935010240717,-1.3084258614258384,0.1938478991091892,356,112.1533667016548,0.31503754691476066,0.3497447809623355,0.03719751292680956
all_4vars,3,1,vix,-0.03793035163116144,-5.474767403093573,3.489179571936063e-07,356,112.1533667016548,0.31503754691476066,0.3497447809623355,0.03719751292680956
all_4vars,3,1,nat_fin_condition_indx,0.01583960166451122,2.362456048068706,0.020168838439366787,356,112.1533667016548,0.31503754691476066,0.3497447809623355,0.03719751292680956
all_4vars,3,1,10y_2y_spread,0.0014430099511622467,0.12899721924296847,0.8976292947930689,356,112.1533667016548,0.31503754691476066,0.3497447809623355,0.03719751292680956
all_4vars,3,1,10y_treasury_const_maturity_rate,-0.03168166817524863,-1.9716521238062752,0.051523135375833196,356,112.1533667016548,0.31503754691476066,0.3497447809623355,0.03719751292680956
all_4vars,3,1,fed_reserve_discount_rate,0.009431535930465758,0.36458590057599777,0.7162211433942858,356,112.1533667016548,0.31503754691476066,0.3497447809623355,0.03719751292680956
all_4vars,3,1,fedfunds,0.01384803764109524,0.4350773255551513,0.6644812876463302,356,112.1533667016548,0.31503754691476066,0.3497447809623355,0.03719751292680956
all_4vars,3,1,m2_real_money_supply,0.02610999742217231,0.5554237646259137,0.579894814398388,356,112.1533667016548,0.31503754691476066,0.3497447809623355,0.03719751292680956
all_4vars,3,2,export_price_index,0.07697860224034375,2.313786514613796,0.02278530285745739,356,113.22631013984245,0.31805143297708555,0.3758840266478829,0.033413564653761364
all_4vars,3,2,import_price_index,-0.01372580693911073,-0.44816432865616856,0.6550317105947308,356,113.22631013984245,0.31805143297708555,0.3758840266478829,0.033413564653761364
all_4vars,3,2,retail_sales,-0.05425166374340897,-1.0141596993637787,0.3130237182113751,356,113.22631013984245,0.31805143297708555,0.3758840266478829,0.033413564653761364
all_4vars,3,2,tot_business_inventories,-0.031054201660923195,-0.704462516592442,0.48282879394768186,356,113.22631013984245,0.31805143297708555,0.3758840266478829,0.033413564653761364
all_4vars,3,2,unemployment,0.010402136410282512,0.9357218750476818,0.3517347612694097,356,113.22631013984245,0.31805143297708555,0.3758840266478829,0.033413564653761364
all_4vars,3,2,cpi,0.5775167212526696,2.1127571039277924,0.0371831022093585,356,113.22631013984245,0.31805143297708555,0.3758840266478829,0.033413564653761364
all_4vars,3,2,PCE_price_index,-0.48656971088556644,-1.7601354288827973,0.08152978435918623,356,113.22631013984245,0.31805143297708555,0.3758840266478829,0.033413564653761364
all_4vars,3,2,PPI_inflation,-0.11528189450926102,-1.6781794398903063,0.09652375356643095,356,113.22631013984245,0.31805143297708555,0.3758840266478829,0.033413564653761364
all_4vars,3,2,vix,-0.03792491681692607,-6.112141109261625,2.040612478992898e-08,356,113.22631013984245,0.31805143297708555,0.3758840266478829,0.033413564653761364
all_4vars,3,2,nat_fin_condition_indx,0.01388946724113999,2.5813966740725003,0.011333218179876425,356,113.22631013984245,0.31805143297708555,0.3758840266478829,0.033413564653761364
all_4vars,3,2,10y_2y_spread,0.010007005368255557,0.8809176516029579,0.3805348376250537,356,113.22631013984245,0.31805143297708555,0.3758840266478829,0.033413564653761364
all_4vars,3,2,10y_treasury_const_maturity_rate,-0.025829872601452277,-1.499281425363587,0.13704076665072984,356,113.22631013984245,0.31805143297708555,0.3758840266478829,0.033413564653761364
all_4vars,3,2,fed_reserve_discount_rate,0.011865888551075504,0.43270115588477887,0.6661901948022253,356,113.22631013984245,0.31805143297708555,0.3758840266478829,0.033413564653761364
all_4vars,3,2,fedfunds,0.020919519813156963,0.6197139962440331,0.5368957391516478,356,113.22631013984245,0.31805143297708555,0.3758840266478829,0.033413564653761364
all_4vars,3,2,m2_real_money_supply,0.04755889043363434,1.3135814995545285,0.19207839527934567,356,113.22631013984245,0.31805143297708555,0.3758840266478829,0.033413564653761364
all_4vars,4,0,export_price_index,0.06852747945771033,1.5898443561564248,0.11767721016885191,356,70.28818313675497,0.197438716676278,0.4039790894101112,0.03530463787024564
all_4vars,4,0,import_price_index,-0.02069034613272479,-0.430566164246119,0.6684884806540317,356,70.28818313675497,0.197438716676278,0.4039790894101112,0.03530463787024564
all_4vars,4,0,retail_sales,-0.01195694944301019,-0.15364666902015747,0.8784580615028952,356,70.28818313675497,0.197438716676278,0.4039790894101112,0.03530463787024564
all_4vars,4,0,tot_business_inventories,-0.029962778749000836,-0.41402114465821727,0.6804898406290283,356,70.28818313675497,0.197438716676278,0.4039790894101112,0.03530463787024564
all_4vars,4,0,unemployment,0.014353716240770378,0.8307376163102433,0.4097605959383319,356,70.28818313675497,0.197438716676278,0.4039790894101112,0.03530463787024564
all_4vars,4,0,cpi,0.4580131851420395,1.1624135913055567,0.25015215113102096,356,70.28818313675497,0.197438716676278,0.4039790894101112,0.03530463787024564
all_4vars,4,0,PCE_price_index,-0.39833462963999466,-1.0185556975979482,0.3129318048250851,356,70.28818313675497,0.197438716676278,0.4039790894101112,0.03530463787024564
all_4vars,4,0,PPI_inflation,-0.09430531918881876,-0.9381350988245629,0.35233013971771165,356,70.28818313675497,0.197438716676278,0.4039790894101112,0.03530463787024564
all_4vars,4,0,vix,-0.03918796773051592,-4.555474497004792,3.0004753792001182e-05,356,70.28818313675497,0.197438716676278,0.4039790894101112,0.03530463787024564
all_4vars,4,0,nat_fin_condition_indx,0.014715447977492304,1.8955882929480676,0.06334316326578393,356,70.28818313675497,0.197438716676278,0.4039790894101112,0.03530463787024564
all_4vars,4,0,10y_2y_spread,0.0068787391690821814,0.46762551425127535,0.6419241864362948,356,70.28818313675497,0.197438716676278,0.4039790894101112,0.03530463787024564
all_4vars,4,0,10y_treasury_const_maturity_rate,-0.03102732962899464,-1.44763142586493,0.15347072215549273,356,70.28818313675497,0.197438716676278,0.4039790894101112,0.03530463787024564
all_4vars,4,0,fed_reserve_discount_rate,-0.0027563193112639262,-0.08879519947487409,0.9295714364517784,356,70.28818313675497,0.197438716676278,0.4039790894101112,0.03530463787024564
all_4vars,4,0,fedfunds,0.031204571241123205,0.7690822056698516,0.44517773590671794,356,70.28818313675497,0.197438716676278,0.4039790894101112,0.03530463787024564
all_4vars,4,0,m2_real_money_supply,0.01981204840209524,0.3680386579646054,0.7142755653152704,356,70.28818313675497,0.197438716676278,0.4039790894101112,0.03530463787024564
all_4vars,4,1,export_price_index,0.08430844489276666,2.1672442659131566,0.033568096400783176,356,87.08113649633837,0.24460993397847858,0.34739133231097374,0.03159788139136804
all_4vars,4,1,import_price_index,-0.027401568124942186,-0.6708164679523171,0.5045113968165675,356,87.08113649633837,0.24460993397847858,0.34739133231097374,0.03159788139136804
all_4vars,4,1,retail_sales,-0.039850429799127396,-0.56229975156243,0.575680844840861,356,87.08113649633837,0.24460993397847858,0.34739133231097374,0.03159788139136804
all_4vars,4,1,tot_business_inventories,-0.030307644073184776,-0.4907208152944407,0.6251354795993576,356,87.08113649633837,0.24460993397847858,0.34739133231097374,0.03159788139136804
all_4vars,4,1,unemployment,0.013770168719021455,0.9164920417665219,0.3625079182662687,356,87.08113649633837,0.24460993397847858,0.34739133231097374,0.03159788139136804
all_4vars,4,1,cpi,0.5360921676378668,1.5886655147154032,0.11657442470322033,356,87.08113649633837,0.24460993397847858,0.34739133231097374,0.03159788139136804
all_4vars,4,1,PCE_price_index,-0.4643479304708714,-1.3891961009504563,0.16910994776748778,356,87.08113649633837,0.24460993397847858,0.34739133231097374,0.03159788139136804
all_4vars,4,1,PPI_inflation,-0.09666663559212804,-1.1790471951418375,0.24231096375901506,356,87.08113649633837,0.24460993397847858,0.34739133231097374,0.03159788139136804
all_4vars,4,1,vix,-0.036987508860454404,-5.1400486506562055,2.318268041312521e-06,356,87.08113649633837,0.24460993397847858,0.34739133231097374,0.03159788139136804
all_4vars,4,1,nat_fin_condition_indx,0.01450984704580777,2.010612875476775,0.04816103166438168,356,87.08113649633837,0.24460993397847858,0.34739133231097374,0.03159788139136804
all_4vars,4,1,10y_2y_spread,0.007525459757226949,0.6298904591741404,0.5307858847041338,356,87.08113649633837,0.24460993397847858,0.34739133231097374,0.03159788139136804
all_4vars,4,1,10y_treasury_const_maturity_rate,-0.02296290028738373,-1.349770613203185,0.18137257254082706,356,87.08113649633837,0.24460993397847858,0.34739133231097374,0.03159788139136804
all_4vars,4,1,fed_reserve_discount_rate,0.01505244293112683,0.5310119666292408,0.5970658556597837,356,87.08113649633837,0.24460993397847858,0.34739133231097374,0.03159788139136804
all_4vars,4,1,fedfunds,0.016649776780805172,0.4694199235850867,0.640206295493988,356,87.08113649633837,0.24460993397847858,0.34739133231097374,0.03159788139136804
all_4vars,4,1,m2_real_money_supply,0.03845205446521957,0.7959269135937894,0.4287246418295978,356,87.08113649633837,0.24460993397847858,0.34739133231097374,0.03159788139136804
all_4vars,4,2,export_price_index,0.08433900027295843,2.5503081501047156,0.012456567623833736,356,105.81356801464257,0.29722912363663645,0.2891223391864972,0.03356553811036018
all_4vars,4,2,import_price_index,-0.026232054112040087,-0.6595129766633623,0.5112540033993609,356,105.81356801464257,0.29722912363663645,0.2891223391864972,0.03356553811036018
all_4vars,4,2,retail_sales,-0.032637631336573394,-0.45068666565477217,0.6533015453518953,356,105.81356801464257,0.29722912363663645,0.2891223391864972,0.03356553811036018
all_4vars,4,2,tot_business_inventories,-0.044212862949373155,-0.6878358215978709,0.4933287852513004,356,105.81356801464257,0.29722912363663645,0.2891223391864972,0.03356553811036018
all_4vars,4,2,unemployment,0.009465751379210609,0.58295382976945,0.5613852527909362,356,105.81356801464257,0.29722912363663645,0.2891223391864972,0.03356553811036018
all_4vars,4,2,cpi,0.4690264573735122,1.4840427215035048,0.14129869264240424,356,105.81356801464257,0.29722912363663645,0.2891223391864972,0.03356553811036018
all_4vars,4,2,PCE_price_index,-0.38435967587173026,-1.243510594929828,0.21691584029877964,356,105.81356801464257,0.29722912363663645,0.2891223391864972,0.03356553811036018
all_4vars,4,2,PPI_inflation,-0.10327226489478177,-1.4195795548223615,0.1591917349961971,356,105.81356801464257,0.29722912363663645,0.2891223391864972,0.03356553811036018
all_4vars,4,2,vix,-0.03329104504059818,-4.7648432589282415,7.231080196845596e-06,356,105.81356801464257,0.29722912363663645,0.2891223391864972,0.03356553811036018
all_4vars,4,2,nat_fin_condition_indx,0.01330905442275948,1.921434957862338,0.057848046479362925,356,105.81356801464257,0.29722912363663645,0.2891223391864972,0.03356553811036018
all_4vars,4,2,10y_2y_spread,-0.0024824701084280912,-0.2311739400625317,0.8177055048181263,356,105.81356801464257,0.29722912363663645,0.2891223391864972,0.03356553811036018
all_4vars,4,2,10y_treasury_const_maturity_rate,-0.021347791862701342,-1.447964255541374,0.15110899016224555,356,105.81356801464257,0.29722912363663645,0.2891223391864972,0.03356553811036018
all_4vars,4,2,fed_reserve_discount_rate,0.008435257181062151,0.30967521938059417,0.7575252998125175,356,105.81356801464257,0.29722912363663645,0.2891223391864972,0.03356553811036018
all_4vars,4,2,fedfunds,0.007128539199938534,0.21350136246266121,0.8314198377849118,356,105.81356801464257,0.29722912363663645,0.2891223391864972,0.03356553811036018
all_4vars,4,2,m2_real_money_supply,0.028737095846843363,0.5789507079879294,0.5640716133751411,356,105.81356801464257,0.29722912363663645,0.2891223391864972,0.03356553811036018
all_4vars,4,3,export_price_index,0.07706804359963225,2.0567244880371223,0.043108128051172256,356,92.81711235226408,0.260722225708607,0.36814468212731755,0.03348978478652317
all_4vars,4,3,import_price_index,-0.01353374921581319,-0.3927796685718099,0.6955700694991238,356,92.81711235226408,0.260722225708607,0.36814468212731755,0.03348978478652317
all_4vars,4,3,retail_sales,-0.05432544552850477,-0.9025810948753287,0.3695697971038756,356,92.81711235226408,0.260722225708607,0.36814468212731755,0.03348978478652317
all_4vars,4,3,tot_business_inventories,-0.031077724446863273,-0.6250528013982657,0.5337887965247807,356,92.81711235226408,0.260722225708607,0.36814468212731755,0.03348978478652317
all_4vars,4,3,unemployment,0.010373518866395301,0.8300975114511449,0.40905604021332564,356,92.81711235226408,0.260722225708607,0.36814468212731755,0.03348978478652317
all_4vars,4,3,cpi,0.5763387552483499,1.8733450110712146,0.06482453118320586,356,92.81711235226408,0.260722225708607,0.36814468212731755,0.03348978478652317
all_4vars,4,3,PCE_price_index,-0.4848781386992447,-1.5595008747255048,0.12298851369349517,356,92.81711235226408,0.260722225708607,0.36814468212731755,0.03348978478652317
all_4vars,4,3,PPI_inflation,-0.11594473359832841,-1.4960439058744663,0.13873958157212019,356,92.81711235226408,0.260722225708607,0.36814468212731755,0.03348978478652317
all_4vars,4,3,vix,-0.03794147737184518,-5.4092969597054505,6.925613222907856e-07,356,92.81711235226408,0.260722225708607,0.36814468212731755,0.03348978478652317
all_4vars,4,3,nat_fin_condition_indx,0.013825909481701931,2.231463286920576,0.02856639497924185,356,92.81711235226408,0.260722225708607,0.36814468212731755,0.03348978478652317
all_4vars,4,3,10y_2y_spread,0.009976846424559106,0.7815914391235416,0.436857086947555,356,92.81711235226408,0.260722225708607,0.36814468212731755,0.03348978478652317
all_4vars,4,3,10y_treasury_const_maturity_rate,-0.025830416529477918,-1.3313905945272604,0.18699816346859754,356,92.81711235226408,0.260722225708607,0.36814468212731755,0.03348978478652317
all_4vars,4,3,fed_reserve_discount_rate,0.011987152445092894,0.3828296612298772,0.7029033529832334,356,92.81711235226408,0.260722225708607,0.36814468212731755,0.03348978478652317
all_4vars,4,3,fedfunds,0.020706818703838285,0.5369498303370839,0.5928541408194627,356,92.81711235226408,0.260722225708607,0.36814468212731755,0.03348978478652317
all_4vars,4,3,m2_real_money_supply,0.04753639225401147,1.1676671773935354,0.24655261225365033,356,92.81711235226408,0.260722225708607,0.36814468212731755,0.03348978478652317
all_4vars,5,0,export_price_index,0.08489771629295872,1.9731761102885954,0.05322023917450336,356,74.32692406523707,0.20878349456527265,0.34821861125217224,0.031647301030764366
all_4vars,5,0,import_price_index,-0.027437593313638046,-0.6070438060265103,0.546177767968048,356,74.32692406523707,0.20878349456527265,0.34821861125217224,0.031647301030764366
all_4vars,5,0,retail_sales,-0.04161456676316968,-0.5309472498628296,0.5974713801354943,356,74.32692406523707,0.20878349456527265,0.34821861125217224,0.031647301030764366
all_4vars,5,0,tot_business_inventories,-0.030592451168084466,-0.4474548044591122,0.6562041019813929,356,74.32692406523707,0.20878349456527265,0.34821861125217224,0.031647301030764366
all_4vars,5,0,unemployment,0.013585919027983333,0.8172172776045804,0.4171299249181111,356,74.32692406523707,0.20878349456527265,0.34821861125217224,0.031647301030764366
all_4vars,5,0,cpi,0.5367441849053786,1.438521973461413,0.15563054938004273,356,74.32692406523707,0.20878349456527265,0.34821861125217224,0.031647301030764366
all_4vars,5,0,PCE_price_index,-0.4649544749345572,-1.258228890517437,0.21332255640119047,356,74.32692406523707,0.20878349456527265,0.34821861125217224,0.031647301030764366
all_4vars,5,0,PPI_inflation,-0.09676058479121466,-1.0657979246050036,0.29090704138218504,356,74.32692406523707,0.20878349456527265,0.34821861125217224,0.031647301030764366
all_4vars,5,0,vix,-0.03707294038741763,-4.6602322260602955,1.8788628267873975e-05,356,74.32692406523707,0.20878349456527265,0.34821861125217224,0.031647301030764366
all_4vars,5,0,nat_fin_condition_indx,0.014730659950877667,1.846952170870887,0.06982861134298135,356,74.32692406523707,0.20878349456527265,0.34821861125217224,0.031647301030764366
all_4vars,5,0,10y_2y_spread,0.007643733367833657,0.5778561160047431,0.5655855593218742,356,74.32692406523707,0.20878349456527265,0.34821861125217224,0.031647301030764366
all_4vars,5,0,10y_treasury_const_maturity_rate,-0.02325561640751646,-1.2365560524046617,0.22120811145269026,356,74.32692406523707,0.20878349456527265,0.34821861125217224,0.031647301030764366
all_4vars,5,0,fed_reserve_discount_rate,0.016640100689690372,0.5330657260148496,0.5960134379380333,356,74.32692406523707,0.20878349456527265,0.34821861125217224,0.031647301030764366
all_4vars,5,0,fedfunds,0.015437129927242249,0.3938791640859063,0.6951065549271485,356,74.32692406523707,0.20878349456527265,0.34821861125217224,0.031647301030764366
all_4vars,5,0,m2_real_money_supply,0.03998751491890591,0.7490629779537616,0.45682960591062205,356,74.32692406523707,0.20878349456527265,0.34821861125217224,0.031647301030764366
all_4vars,5,1,export_price_index,0.07839732997918608,1.9140385059574614,0.06026688497881327,356,77.55963277850887,0.21786413701828333,0.3582097080924429,0.03258234871817916
all_4vars,5,1,import_price_index,-0.01513015301269805,-0.3959240129370248,0.6935300096956634,356,77.55963277850887,0.21786413701828333,0.3582097080924429,0.03258234871817916
all_4vars,5,1,retail_sales,-0.03996496702321521,-0.6021065141225517,0.5493146052752405,356,77.55963277850887,0.21786413701828333,0.3582097080924429,0.03258234871817916
all_4vars,5,1,tot_business_inventories,-0.03187102297605741,-0.5708926649722367,0.5701506631427149,356,77.55963277850887,0.21786413701828333,0.3582097080924429,0.03258234871817916
all_4vars,5,1,unemployment,0.010184054849607223,0.7340606793015477,0.4656985399560105,356,77.55963277850887,0.21786413701828333,0.3582097080924429,0.03258234871817916
all_4vars,5,1,cpi,0.5188776521073954,1.5245193469511682,0.13250035466091759,356,77.55963277850887,0.21786413701828333,0.3582097080924429,0.03258234871817916
all_4vars,5,1,PCE_price_index,-0.43565578897707924,-1.263702904280821,0.21110132650125424,356,77.55963277850887,0.21786413701828333,0.3582097080924429,0.03258234871817916
all_4vars,5,1,PPI_inflation,-0.11556212374732185,-1.371890773519668,0.1750765802299732,356,77.55963277850887,0.21786413701828333,0.3582097080924429,0.03258234871817916
all_4vars,5,1,vix,-0.03740179643255505,-4.90638671113346,7.1290487224651145e-06,356,77.55963277850887,0.21786413701828333,0.3582097080924429,0.03258234871817916
all_4vars,5,1,nat_fin_condition_indx,0.014830418157699555,1.9613122755263517,0.05436971135504698,356,77.55963277850887,0.21786413701828333,0.3582097080924429,0.03258234871817916
all_4vars,5,1,10y_2y_spread,0.009861553311774147,0.7153545717639058,0.4770944751692563,356,77.55963277850887,0.21786413701828333,0.3582097080924429,0.03258234871817916
all_4vars,5,1,10y_treasury_const_maturity_rate,-0.025289393064154734,-1.2011840175590607,0.23428106108628488,356,77.55963277850887,0.21786413701828333,0.3582097080924429,0.03258234871817916
all_4vars,5,1,fed_reserve_discount_rate,0.010422134683797464,0.304780609908734,0.7615612956094409,356,77.55963277850887,0.21786413701828333,0.3582097080924429,0.03258234871817916
all_4vars,5,1,fedfunds,0.02008023175152417,0.47765584063581046,0.6345868791040705,356,77.55963277850887,0.21786413701828333,0.3582097080924429,0.03258234871817916
all_4vars,5,1,m2_real_money_supply,0.04061482387368987,0.9219857230410492,0.36013544978026313,356,77.55963277850887,0.21786413701828333,0.3582097080924429,0.03258234871817916
all_4vars,5,2,export_price_index,0.06844475635178507,1.409735727625126,0.16555300688128338,356,60.601716000427004,0.17022953932704216,0.39766197918356994,0.03622602771401956
all_4vars,5,2,import_price_index,-0.012892052527946531,-0.24214278123253352,0.8097794917440151,356,60.601716000427004,0.17022953932704216,0.39766197918356994,0.03622602771401956
all_4vars,5,2,retail_sales,-0.019554215326718,-0.2210958080667393,0.82602691396036,356,60.601716000427004,0.17022953932704216,0.39766197918356994,0.03622602771401956
all_4vars,5,2,tot_business_inventories,-0.0390269224717989,-0.47477216263199756,0.6372659408586188,356,60.601716000427004,0.17022953932704216,0.39766197918356994,0.03622602771401956
all_4vars,5,2,unemployment,0.012536254291867981,0.6381043205890249,0.5266686197464772,356,60.601716000427004,0.17022953932704216,0.39766197918356994,0.03622602771401956
all_4vars,5,2,cpi,0.495706564226312,1.105556065083273,0.27484670659177235,356,60.601716000427004,0.17022953932704216,0.39766197918356994,0.03622602771401956
all_4vars,5,2,PCE_price_index,-0.4197078314063062,-0.9413117742101418,0.351615751509724,356,60.601716000427004,0.17022953932704216,0.39766197918356994,0.03622602771401956
all_4vars,5,2,PPI_inflation,-0.107007753746788,-0.9393350720446186,0.35261819413109796,356,60.601716000427004,0.17022953932704216,0.39766197918356994,0.03622602771401956
all_4vars,5,2,vix,-0.039810087415239934,-4.129962050580342,0.0001569463493060752,356,60.601716000427004,0.17022953932704216,0.39766197918356994,0.03622602771401956
all_4vars,5,2,nat_fin_condition_indx,0.014474608399668033,1.78601672873586,0.08089602820322916,356,60.601716000427004,0.17022953932704216,0.39766197918356994,0.03622602771401956
all_4vars,5,2,10y_2y_spread,0.007443018506699058,0.4411997684974586,0.6611998280005063,356,60.601716000427004,0.17022953932704216,0.39766197918356994,0.03622602771401956
all_4vars,5,2,10y_treasury_const_maturity_rate,-0.0316319004968426,-1.295798263431818,0.20171095839198627,356,60.601716000427004,0.17022953932704216,0.39766197918356994,0.03622602771401956
all_4vars,5,2,fed_reserve_discount_rate,-0.0031807247755152182,-0.08961084015288494,0.9289976686023784,356,60.601716000427004,0.17022953932704216,0.39766197918356994,0.03622602771401956
all_4vars,5,2,fedfunds,0.032973057030915805,0.7106360108258525,0.48100948098443475,356,60.601716000427004,0.17022953932704216,0.39766197918356994,0.03622602771401956
all_4vars,5,2,m2_real_money_supply,0.026442406639841588,0.43199606524124773,0.6678256132793572,356,60.601716000427004,0.17022953932704216,0.39766197918356994,0.03622602771401956
all_4vars,5,3,export_price_index,0.08417285753886589,2.314208052980728,0.02342729463773452,356,90.18483833283574,0.2533281975641453,0.28917322547762847,0.03356356703932244
all_4vars,5,3,import_price_index,-0.0261528986033961,-0.5979652661287069,0.5516842792705925,356,90.18483833283574,0.2533281975641453,0.28917322547762847,0.03356356703932244
all_4vars,5,3,retail_sales,-0.03267120501825929,-0.4099772381430855,0.6830041823786708,356,90.18483833283574,0.2533281975641453,0.28917322547762847,0.03356356703932244
all_4vars,5,3,tot_business_inventories,-0.044618453022300456,-0.6305832904854987,0.5302508551132359,356,90.18483833283574,0.2533281975641453,0.28917322547762847,0.03356356703932244
all_4vars,5,3,unemployment,0.009396223289419083,0.5258512512231758,0.6005600148626067,356,90.18483833283574,0.2533281975641453,0.28917322547762847,0.03356356703932244
all_4vars,5,3,cpi,0.46907904605054745,1.3495028781678557,0.18127953985760792,356,90.18483833283574,0.2533281975641453,0.28917322547762847,0.03356356703932244
all_4vars,5,3,PCE_price_index,-0.38418471174186153,-1.129989701970994,0.26212092787864316,356,90.18483833283574,0.2533281975641453,0.28917322547762847,0.03356356703932244
all_4vars,5,3,PPI_inflation,-0.1030420710064306,-1.2873274478667607,0.20198209520884136,356,90.18483833283574,0.2533281975641453,0.28917322547762847,0.03356356703932244
all_4vars,5,3,vix,-0.03335944862492757,-4.3392202246162945,4.450130706779021e-05,356,90.18483833283574,0.2533281975641453,0.28917322547762847,0.03356356703932244
all_4vars,5,3,nat_fin_condition_indx,0.01341239586282993,1.7676369857703937,0.08123368531633712,356,90.18483833283574,0.2533281975641453,0.28917322547762847,0.03356356703932244
all_4vars,5,3,10y_2y_spread,-0.002537673170947448,-0.21558281425962764,0.8299045783797978,356,90.18483833283574,0.2533281975641453,0.28917322547762847,0.03356356703932244
all_4vars,5,3,10y_treasury_const_maturity_rate,-0.021369142764002407,-1.3193474650117898,0.1911105930579411,356,90.18483833283574,0.2533281975641453,0.28917322547762847,0.03356356703932244
all_4vars,5,3,fed_reserve_discount_rate,0.00807889010803081,0.26975861790745487,0.7880949228177667,356,90.18483833283574,0.2533281975641453,0.28917322547762847,0.03356356703932244
all_4vars,5,3,fedfunds,0.007397955795888633,0.20157162170918175,0.8408033313179959,356,90.18483833283574,0.2533281975641453,0.28917322547762847,0.03356356703932244
all_4vars,5,3,m2_real_money_supply,0.02875345126560624,0.5261748526735164,0.6003362932352205,356,90.18483833283574,0.2533281975641453,0.28917322547762847,0.03356356703932244
all_4vars,5,4,export_price_index,0.07835054584943096,1.5211970323016162,0.1366373431344705,356,53.326888822991336,0.14979463152525657,0.36708556152481786,0.033644545130349805
all_4vars,5,4,import_price_index,-0.024219348151174824,-0.44011511589476615,0.6623918087406069,356,53.326888822991336,0.14979463152525657,0.36708556152481786,0.033644545130349805
all_4vars,5,4,retail_sales,-0.04044544203154576,-0.42648165123686854,0.672206554258806,356,53.326888822991336,0.14979463152525657,0.36708556152481786,0.033644545130349805
all_4vars,5,4,tot_business_inventories,-0.024351903461759708,-0.3015617791647013,0.764659858024771,356,53.326888822991336,0.14979463152525657,0.36708556152481786,0.033644545130349805
all_4vars,5,4,unemployment,0.014789262311707008,0.7430751169481961,0.46208762057458075,356,53.326888822991336,0.14979463152525657,0.36708556152481786,0.033644545130349805
all_4vars,5,4,cpi,0.5516815176905455,1.2019396000641966,0.23695709319606606,356,53.326888822991336,0.14979463152525657,0.36708556152481786,0.033644545130349805
all_4vars,5,4,PCE_price_index,-0.4772490787887548,-1.0495934742365,0.3006534697565417,356,53.326888822991336,0.14979463152525657,0.36708556152481786,0.033644545130349805
all_4vars,5,4,PPI_inflation,-0.09973580850451015,-0.8875951195421757,0.3804423254158378,356,53.326888822991336,0.14979463152525657,0.36708556152481786,0.033644545130349805
all_4vars,5,4,vix,-0.03643682597638067,-3.546517590556506,0.001071905453621902,356,53.326888822991336,0.14979463152525657,0.36708556152481786,0.033644545130349805
all_4vars,5,4,nat_fin_condition_indx,0.013371054466385184,1.4062270422722092,0.16792742889911638,356,53.326888822991336,0.14979463152525657,0.36708556152481786,0.033644545130349805
all_4vars,5,4,10y_2y_spread,0.00404807025932865,0.23823898700044968,0.8129987757864443,356,53.326888822991336,0.14979463152525657,0.36708556152481786,0.033644545130349805
all_4vars,5,4,10y_treasury_const_maturity_rate,-0.023586875841078134,-0.9618622868235962,0.34230873396342676,356,53.326888822991336,0.14979463152525657,0.36708556152481786,0.033644545130349805
all_4vars,5,4,fed_reserve_discount_rate,0.00874476224891622,0.21599443536837473,0.8301681175590703,356,53.326888822991336,0.14979463152525657,0.36708556152481786,0.033644545130349805
all_4vars,5,4,fedfunds,0.017869005268507623,0.3544953943162783,0.7249626239834341,356,53.326888822991336,0.14979463152525657,0.36708556152481786,0.033644545130349805
all_4vars,5,4,m2_real_money_supply,0.03304856455352323,0.5047251039145761,0.6167188158375643,356,53.326888822991336,0.14979463152525657,0.36708556152481786,0.033644545130349805
all_4vars,6,0,export_price_index,0.06914619622845224,1.5047061579901357,0.13841271234581654,356,68.32273353745646,0.19191779083555185,0.39056193735871214,0.03354502111166949
all_4vars,6,0,import_price_index,-0.026205512659641998,-0.529076926866692,0.5989896070712324,356,68.32273353745646,0.19191779083555185,0.39056193735871214,0.03354502111166949
all_4vars,6,0,retail_sales,-0.018421697898596597,-0.2245543650238321,0.8232006007477835,356,68.32273353745646,0.19191779083555185,0.39056193735871214,0.03354502111166949
all_4vars,6,0,tot_business_inventories,-0.02749681412715172,-0.3635516792433023,0.7176576540345789,356,68.32273353745646,0.19191779083555185,0.39056193735871214,0.03354502111166949
all_4vars,6,0,unemployment,0.015610215311936638,0.8795993967091195,0.38309842223324164,356,68.32273353745646,0.19191779083555185,0.39056193735871214,0.03354502111166949
all_4vars,6,0,cpi,0.47907371777291496,1.1939319194251035,0.23788959212048577,356,68.32273353745646,0.19191779083555185,0.39056193735871214,0.03354502111166949
all_4vars,6,0,PCE_price_index,-0.42655663420337425,-1.0755977336367022,0.28704206833422763,356,68.32273353745646,0.19191779083555185,0.39056193735871214,0.03354502111166949
all_4vars,6,0,PPI_inflation,-0.07931596299463708,-0.7767115479761274,0.4408262998665631,356,68.32273353745646,0.19191779083555185,0.39056193735871214,0.03354502111166949
all_4vars,6,0,vix,-0.03839307195378122,-4.5596377340248635,3.1186681124228954e-05,356,68.32273353745646,0.19191779083555185,0.39056193735871214,0.03354502111166949
all_4vars,6,0,nat_fin_condition_indx,0.014005234107972888,1.680951607796611,0.09873325667588362,356,68.32273353745646,0.19191779083555185,0.39056193735871214,0.03354502111166949
all_4vars,6,0,10y_2y_spread,0.007618677092791694,0.5067454323470166,0.6144624076144147,356,68.32273353745646,0.19191779083555185,0.39056193735871214,0.03354502111166949
all_4vars,6,0,10y_treasury_const_maturity_rate,-0.028744375098408364,-1.3891438492732857,0.17067319773001066,356,68.32273353745646,0.19191779083555185,0.39056193735871214,0.03354502111166949
all_4vars,6,0,fed_reserve_discount_rate,0.0035481326740100794,0.1130126871990996,0.910452993356486,356,68.32273353745646,0.19191779083555185,0.39056193735871214,0.03354502111166949
all_4vars,6,0,fedfunds,0.02828370263210742,0.6789396709367643,0.5001683929403304,356,68.32273353745646,0.19191779083555185,0.39056193735871214,0.03354502111166949
all_4vars,6,0,m2_real_money_supply,0.024421447182869583,0.4336174511332187,0.6663488712630004,356,68.32273353745646,0.19191779083555185,0.39056193735871214,0.03354502111166949
all_4vars,6,1,export_price_index,0.07726073087361182,1.7159147690290368,0.0920373233302001,356,68.82894769341132,0.19333974071182955,0.3623985960790935,0.033399624895489914
all_4vars,6,1,import_price_index,-0.010467405374841985,-0.24948559645835544,0.8039527032872429,356,68.82894769341132,0.19333974071182955,0.3623985960790935,0.033399624895489914
all_4vars,6,1,retail_sales,-0.04671442015290009,-0.6314795575478777,0.5304500474417759,356,68.82894769341132,0.19333974071182955,0.3623985960790935,0.033399624895489914
all_4vars,6,1,tot_business_inventories,-0.03878151269068332,-0.626382505866301,0.5337614378118869,356,68.82894769341132,0.19333974071182955,0.3623985960790935,0.033399624895489914
all_4vars,6,1,unemployment,0.008723147254058844,0.56435361877741,0.5749018845933702,356,68.82894769341132,0.19333974071182955,0.3623985960790935,0.033399624895489914
all_4vars,6,1,cpi,0.5404171264919577,1.4291688296314917,0.15884250748152784,356,68.82894769341132,0.19333974071182955,0.3623985960790935,0.033399624895489914
all_4vars,6,1,PCE_price_index,-0.4464284151118673,-1.1636525760867,0.24979364361611323,356,68.82894769341132,0.19333974071182955,0.3623985960790935,0.033399624895489914
all_4vars,6,1,PPI_inflation,-0.12073927217051103,-1.2893236705104028,0.2029022367506883,356,68.82894769341132,0.19333974071182955,0.3623985960790935,0.033399624895489914
all_4vars,6,1,vix,-0.037860650068878184,-4.507183892759598,3.676972300792336e-05,356,68.82894769341132,0.19333974071182955,0.3623985960790935,0.033399624895489914
all_4vars,6,1,nat_fin_condition_indx,0.014233867845305948,1.9456446349876837,0.05702659461500614,356,68.82894769341132,0.19333974071182955,0.3623985960790935,0.033399624895489914
all_4vars,6,1,10y_2y_spread,0.010301962749656075,0.6696120244872379,0.5060213802811941,356,68.82894769341132,0.19333974071182955,0.3623985960790935,0.033399624895489914
all_4vars,6,1,10y_treasury_const_maturity_rate,-0.026554573029579774,-1.1357524532353862,0.2611865160804412,356,68.82894769341132,0.19333974071182955,0.3623985960790935,0.033399624895489914
all_4vars,6,1,fed_reserve_discount_rate,0.01002578749010155,0.2684215920695459,0.7894202296152972,356,68.82894769341132,0.19333974071182955,0.3623985960790935,0.033399624895489914
all_4vars,6,1,fedfunds,0.02207529069536557,0.4820203865648194,0.631782501726236,356,68.82894769341132,0.19333974071182955,0.3623985960790935,0.033399624895489914
all_4vars,6,1,m2_real_money_supply,0.045789603241036175,0.932903551317469,0.35511405851973254,356,68.82894769341132,0.19333974071182955,0.3623985960790935,0.033399624895489914
all_4vars,6,2,export_price_index,0.07921231601397996,1.3855661710720955,0.17603010364294702,356,46.19321416690373,0.12975621956995428,0.3447454622786482,0.03360994348987227
all_4vars,6,2,import_price_index,-0.0216179875703681,-0.35252954707763173,0.7268902080003432,356,46.19321416690373,0.12975621956995428,0.3447454622786482,0.03360994348987227
all_4vars,6,2,retail_sales,-0.03380180645608304,-0.3181122663573139,0.752589673911668,356,46.19321416690373,0.12975621956995428,0.3447454622786482,0.03360994348987227
all_4vars,6,2,tot_business_inventories,-0.03371168360183579,-0.36351196427772636,0.7187554227686661,356,46.19321416690373,0.12975621956995428,0.3447454622786482,0.03360994348987227
all_4vars,6,2,unemployment,0.012393964813539665,0.5407887345541829,0.5926208454530442,356,46.19321416690373,0.12975621956995428,0.3447454622786482,0.03360994348987227
all_4vars,6,2,cpi,0.5176356974348201,1.00358708712496,0.3235533420706298,356,46.19321416690373,0.12975621956995428,0.3447454622786482,0.03360994348987227
all_4vars,6,2,PCE_price_index,-0.44002613046871464,-0.8585499735371644,0.39735362884109904,356,46.19321416690373,0.12975621956995428,0.3447454622786482,0.03360994348987227
all_4vars,6,2,PPI_inflation,-0.10355546720731716,-0.8294824293533603,0.41334164532926776,356,46.19321416690373,0.12975621956995428,0.3447454622786482,0.03360994348987227
all_4vars,6,2,vix,-0.03631304011492643,-3.188421532119453,0.0033216474464334844,356,46.19321416690373,0.12975621956995428,0.3447454622786482,0.03360994348987227
all_4vars,6,2,nat_fin_condition_indx,0.013530690565260763,1.2792877796281508,0.21054006411050907,356,46.19321416690373,0.12975621956995428,0.3447454622786482,0.03360994348987227
all_4vars,6,2,10y_2y_spread,0.004495405451240802,0.23819934327763415,0.8133356815961617,356,46.19321416690373,0.12975621956995428,0.3447454622786482,0.03360994348987227
all_4vars,6,2,10y_treasury_const_maturity_rate,-0.024288090621703964,-0.8912436439674151,0.3798460395153338,356,46.19321416690373,0.12975621956995428,0.3447454622786482,0.03360994348987227
all_4vars,6,2,fed_reserve_discount_rate,0.006724103206516196,0.14909340603768612,0.882471326324523,356,46.19321416690373,0.12975621956995428,0.3447454622786482,0.03360994348987227
all_4vars,6,2,fedfunds,0.01937164078337029,0.34603983216511763,0.7317125222840954,356,46.19321416690373,0.12975621956995428,0.3447454622786482,0.03360994348987227
all_4vars,6,2,m2_real_money_supply,0.03230679173767153,0.4451933952020378,0.6593555543081635,356,46.19321416690373,0.12975621956995428,0.3447454622786482,0.03360994348987227
all_4vars,6,3,export_price_index,0.09333381949583111,1.8548465630656736,0.0698601041465845,356,63.27804314111184,0.17774731219413437,0.3052953388636195,0.035788151517504245
all_4vars,6,3,import_price_index,-0.026347625548165488,-0.47897465622519625,0.6341646290520351,356,63.27804314111184,0.17774731219413437,0.3052953388636195,0.035788151517504245
all_4vars,6,3,retail_sales,-0.026051751375203918,-0.2656980230077313,0.7916270031285939,356,63.27804314111184,0.17774731219413437,0.3052953388636195,0.035788151517504245
all_4vars,6,3,tot_business_inventories,-0.047235513023994424,-0.5355297859464976,0.5947939569429395,356,63.27804314111184,0.17774731219413437,0.3052953388636195,0.035788151517504245
all_4vars,6,3,unemployment,0.010508534208614381,0.47794705560589024,0.6348904487512423,356,63.27804314111184,0.17774731219413437,0.3052953388636195,0.035788151517504245
all_4vars,6,3,cpi,0.40583871335705884,0.8995507208195153,0.37291846126676953,356,63.27804314111184,0.17774731219413437,0.3052953388636195,0.035788151517504245
all_4vars,6,3,PCE_price_index,-0.31892736547572725,-0.7240991350190448,0.4725729352843686,356,63.27804314111184,0.17774731219413437,0.3052953388636195,0.035788151517504245
all_4vars,6,3,PPI_inflation,-0.11964982079094601,-1.1077682078948958,0.27356603017088243,356,63.27804314111184,0.17774731219413437,0.3052953388636195,0.035788151517504245
all_4vars,6,3,vix,-0.03593269140592048,-3.6324310290672432,0.0006895031900018278,356,63.27804314111184,0.17774731219413437,0.3052953388636195,0.035788151517504245
all_4vars,6,3,nat_fin_condition_indx,0.01480754857762131,1.5547618817989712,0.12667214700579055,356,63.27804314111184,0.17774731219413437,0.3052953388636195,0.035788151517504245
all_4vars,6,3,10y_2y_spread,-0.00017327775980170783,-0.010859890834644706,0.9913809284924975,356,63.27804314111184,0.17774731219413437,0.3052953388636195,0.035788151517504245
all_4vars,6,3,10y_treasury_const_maturity_rate,-0.027410811255160906,-1.234814442791364,0.22300148929634278,356,63.27804314111184,0.17774731219413437,0.3052953388636195,0.035788151517504245
all_4vars,6,3,fed_reserve_discount_rate,0.008838435178262492,0.22023826672083116,0.8266338630923884,356,63.27804314111184,0.17774731219413437,0.3052953388636195,0.035788151517504245
all_4vars,6,3,fedfunds,0.012541564198978793,0.2698383950296014,0.7884589232369255,356,63.27804314111184,0.17774731219413437,0.3052953388636195,0.035788151517504245
all_4vars,6,3,m2_real_money_supply,0.027266279933935017,0.40067838305095493,0.6904619323558632,356,63.27804314111184,0.17774731219413437,0.3052953388636195,0.035788151517504245
all_4vars,6,4,export_price_index,0.07812810648414598,1.3696586264303454,0.18082134284526608,356,46.415839080925835,0.13038157045203885,0.3671734736776655,0.033616192096357425
all_4vars,6,4,import_price_index,-0.024131752038081832,-0.39608271548227997,0.6948089820394392,356,46.415839080925835,0.13038157045203885,0.3671734736776655,0.033616192096357425
all_4vars,6,4,retail_sales,-0.03996408895400462,-0.3806290696065587,0.7061239919959914,356,46.415839080925835,0.13038157045203885,0.3671734736776655,0.033616192096357425
all_4vars,6,4,tot_business_inventories,-0.02410604586558655,-0.2696335691706214,0.7892630804352019,356,46.415839080925835,0.13038157045203885,0.3671734736776655,0.033616192096357425
all_4vars,6,4,unemployment,0.014855606742565973,0.6742565140146926,0.505240931498214,356,46.415839080925835,0.13038157045203885,0.3671734736776655,0.033616192096357425
all_4vars,6,4,cpi,0.5512083742637377,1.0846309568078507,0.28660783981099636,356,46.415839080925835,0.13038157045203885,0.3671734736776655,0.033616192096357425
all_4vars,6,4,PCE_price_index,-0.47696087553417776,-0.9474921573274994,0.3508555898008885,356,46.415839080925835,0.13038157045203885,0.3671734736776655,0.033616192096357425
all_4vars,6,4,PPI_inflation,-0.09972364806099232,-0.8020750150914827,0.42873206415140364,356,46.415839080925835,0.13038157045203885,0.3671734736776655,0.033616192096357425
all_4vars,6,4,vix,-0.036380365465639386,-3.1981519089853068,0.0032225962042193856,356,46.415839080925835,0.13038157045203885,0.3671734736776655,0.033616192096357425
all_4vars,6,4,nat_fin_condition_indx,0.013252022655569658,1.257091526766922,0.21828833655930469,356,46.415839080925835,0.13038157045203885,0.3671734736776655,0.033616192096357425
all_4vars,6,4,10y_2y_spread,0.003995569622759701,0.21242064973595257,0.8331960655388047,356,46.415839080925835,0.13038157045203885,0.3671734736776655,0.033616192096357425
all_4vars,6,4,10y_treasury_const_maturity_rate,-0.023494889783028598,-0.8654222750365418,0.3935820564052843,356,46.415839080925835,0.13038157045203885,0.3671734736776655,0.033616192096357425
all_4vars,6,4,fed_reserve_discount_rate,0.00846856604055973,0.18888392956098352,0.8514385094023245,356,46.415839080925835,0.13038157045203885,0.3671734736776655,0.033616192096357425
all_4vars,6,4,fedfunds,0.018025465605418057,0.3229406292744181,0.7489498999398712,356,46.415839080925835,0.13038157045203885,0.3671734736776655,0.033616192096357425
all_4vars,6,4,m2_real_money_supply,0.032645438155708265,0.4503789979863599,0.6556312080708002,356,46.415839080925835,0.13038157045203885,0.3671734736776655,0.033616192096357425
all_4vars,6,5,export_price_index,0.06869508471263511,1.6454743268724048,0.10654986376862596,356,62.96122238019083,0.1768573662364911,0.3288516104235423,0.030579057054310143
all_4vars,6,5,import_price_index,-0.023116598248482556,-0.4730055424544981,0.6384004470775904,356,62.96122238019083,0.1768573662364911,0.3288516104235423,0.030579057054310143
all_4vars,6,5,retail_sales,-0.037897051673378625,-0.44126785933238183,0.6610441496378936,356,62.96122238019083,0.1768573662364911,0.3288516104235423,0.030579057054310143
all_4vars,6,5,tot_business_inventories,-0.03150253287648126,-0.4218692736031779,0.6750454782764694,356,62.96122238019083,0.1768573662364911,0.3288516104235423,0.030579057054310143
all_4vars,6,5,unemployment,0.011955071869898085,0.6375693323716562,0.5268505729512998,356,62.96122238019083,0.1768573662364911,0.3288516104235423,0.030579057054310143
all_4vars,6,5,cpi,0.538213290873282,1.3332653004959247,0.18887650295725367,356,62.96122238019083,0.1768573662364911,0.3288516104235423,0.030579057054310143
all_4vars,6,5,PCE_price_index,-0.4606284580348182,-1.1456994922798764,0.2577244712546263,356,62.96122238019083,0.1768573662364911,0.3288516104235423,0.030579057054310143
all_4vars,6,5,PPI_inflation,-0.08492303439820083,-0.9174311410904062,0.3636045896318487,356,62.96122238019083,0.1768573662364911,0.3288516104235423,0.030579057054310143
all_4vars,6,5,vix,-0.03476368809198995,-3.8480349804633445,0.00035837271170802154,356,62.96122238019083,0.1768573662364911,0.3288516104235423,0.030579057054310143
all_4vars,6,5,nat_fin_condition_indx,0.012439053114191585,1.4418244580358026,0.15598790576085264,356,62.96122238019083,0.1768573662364911,0.3288516104235423,0.030579057054310143
all_4vars,6,5,10y_2y_spread,0.0031806600906571537,0.23349692428448598,0.8163904118585796,356,62.96122238019083,0.1768573662364911,0.3288516104235423,0.030579057054310143
all_4vars,6,5,10y_treasury_const_maturity_rate,-0.01954192582896133,-0.9981381071363362,0.32332791387207704,356,62.96122238019083,0.1768573662364911,0.3288516104235423,0.030579057054310143
all_4vars,6,5,fed_reserve_discount_rate,0.0014634509669132572,0.04245878780855409,0.9663129799909642,356,62.96122238019083,0.1768573662364911,0.3288516104235423,0.030579057054310143
all_4vars,6,5,fedfunds,0.02081461268829623,0.4712125912251016,0.6396706809850667,356,62.96122238019083,0.1768573662364911,0.3288516104235423,0.030579057054310143
all_4vars,6,5,m2_real_money_supply,0.030878179834653432,0.531354206734111,0.5976778346809501,356,62.96122238019083,0.1768573662364911,0.3288516104235423,0.030579057054310143
2vars_growth_inflation,2,0,export_price_index,0.08389305687784897,3.7726948084046965,0.00020552536497597806,356,245.75239231575858,0.6903157087521309,0.28768062842770525,0.03326200102749825
2vars_growth_inflation,2,0,import_price_index,-0.02775627843027255,-1.1464792946326583,0.2527895037000423,356,245.75239231575858,0.6903157087521309,0.28768062842770525,0.03326200102749825
2vars_growth_inflation,2,0,retail_sales,-0.030118190562431615,-0.6795505899769761,0.4974731316430816,356,245.75239231575858,0.6903157087521309,0.28768062842770525,0.03326200102749825
2vars_growth_inflation,2,0,tot_business_inventories,-0.03494835999843184,-0.9261993255265508,0.35531427148718864,356,245.75239231575858,0.6903157087521309,0.28768062842770525,0.03326200102749825
2vars_growth_inflation,2,0,unemployment,0.010667431656988373,1.055608255945425,0.2922559761821195,356,245.75239231575858,0.6903157087521309,0.28768062842770525,0.03326200102749825
2vars_growth_inflation,2,0,cpi,0.4767150125059949,2.48981111692687,0.013489660596495368,356,245.75239231575858,0.6903157087521309,0.28768062842770525,0.03326200102749825
2vars_growth_inflation,2,0,PCE_price_index,-0.4040542490244848,-2.1536854418955858,0.03230581115262954,356,245.75239231575858,0.6903157087521309,0.28768062842770525,0.03326200102749825
2vars_growth_inflation,2,0,PPI_inflation,-0.09836275226750917,-2.1042216798228672,0.036446188282719394,356,245.75239231575858,0.6903157087521309,0.28768062842770525,0.03326200102749825
2vars_growth_inflation,2,0,vix,-0.034861298778540335,-8.248598241803148,1.2434497875801753e-14,356,245.75239231575858,0.6903157087521309,0.28768062842770525,0.03326200102749825
2vars_growth_inflation,2,0,nat_fin_condition_indx,0.014674034012609324,3.214122478845134,0.0014962888567731092,356,245.75239231575858,0.6903157087521309,0.28768062842770525,0.03326200102749825
2vars_growth_inflation,2,0,10y_2y_spread,0.004451907036678337,0.6512354442168039,0.5155453409786324,356,245.75239231575858,0.6903157087521309,0.28768062842770525,0.03326200102749825
2vars_growth_inflation,2,0,10y_treasury_const_maturity_rate,-0.0234328129077193,-2.416019150770753,0.01647246086170373,356,245.75239231575858,0.6903157087521309,0.28768062842770525,0.03326200102749825
2vars_growth_inflation,2,0,fed_reserve_discount_rate,0.008649573885321652,0.5236176191403827,0.6010492170798427,356,245.75239231575858,0.6903157087521309,0.28768062842770525,0.03326200102749825
2vars_growth_inflation,2,0,fedfunds,0.01520795808019401,0.7437865544907342,0.4577655829096712,356,245.75239231575858,0.6903157087521309,0.28768062842770525,0.03326200102749825
2vars_growth_inflation,2,0,m2_real_money_supply,0.029454427140159587,1.032762993933147,0.3028007134708326,356,245.75239231575858,0.6903157087521309,0.28768062842770525,0.03326200102749825
2vars_growth_inflation,2,1,export_price_index,0.0779169330745957,2.544438183417,0.01257073138805187,356,110.24760768424142,0.30968429124786917,0.445500195984628,0.034178430621940065
2vars_growth_inflation,2,1,import_price_index,-0.012583946615178088,-0.3986564270729224,0.6910481378132176,356,110.24760768424142,0.30968429124786917,0.445500195984628,0.034178430621940065
2vars_growth_inflation,2,1,retail_sales,-0.0464724743811109,-0.9204718047568061,0.3596763227390598,356,110.24760768424142,0.30968429124786917,0.445500195984628,0.034178430621940065
2vars_growth_inflation,2,1,tot_business_inventories,-0.04049658135910134,-0.8492884707416708,0.3978729356637376,356,110.24760768424142,0.30968429124786917,0.445500195984628,0.034178430621940065
2vars_growth_inflation,2,1,unemployment,0.011685768054990348,1.0989286692842475,0.2745985111412115,356,110.24760768424142,0.30968429124786917,0.445500195984628,0.034178430621940065
2vars_growth_inflation,2,1,cpi,0.5940520476707271,2.074933434427918,0.040717918360992256,356,110.24760768424142,0.30968429124786917,0.445500195984628,0.034178430621940065
2vars_growth_inflation,2,1,PCE_price_index,-0.5037608229698023,-1.7381676218349635,0.08544725837601841,356,110.24760768424142,0.30968429124786917,0.445500195984628,0.034178430621940065
2vars_growth_inflation,2,1,PPI_inflation,-0.11455980395459074,-1.6842125334581612,0.0954497798180951,356,110.24760768424142,0.30968429124786917,0.445500195984628,0.034178430621940065
2vars_growth_inflation,2,1,vix,-0.03941471620347413,-6.325616300136475,8.404249740578962e-09,356,110.24760768424142,0.30968429124786917,0.445500195984628,0.034178430621940065
2vars_growth_inflation,2,1,nat_fin_condition_indx,0.014327292440680511,2.7490253610885635,0.00716462760239045,356,110.24760768424142,0.30968429124786917,0.445500195984628,0.034178430621940065
2vars_growth_inflation,2,1,10y_2y_spread,0.005420345712926056,0.4940053393161565,0.6224517990198679,356,110.24760768424142,0.30968429124786917,0.445500195984628,0.034178430621940065
2vars_growth_inflation,2,1,10y_treasury_const_maturity_rate,-0.02596948002181512,-1.5955272064816497,0.11394234684015081,356,110.24760768424142,0.30968429124786917,0.445500195984628,0.034178430621940065
2vars_growth_inflation,2,1,fed_reserve_discount_rate,0.007016411408324278,0.2696335231145957,0.788031674704357,356,110.24760768424142,0.30968429124786917,0.445500195984628,0.034178430621940065
2vars_growth_inflation,2,1,fedfunds,0.022362834463207214,0.6809973479413315,0.49754294738217375,356,110.24760768424142,0.30968429124786917,0.445500195984628,0.034178430621940065
2vars_growth_inflation,2,1,m2_real_money_supply,0.044584908747759375,1.1850291153485757,0.2389854500755746,356,110.24760768424142,0.30968429124786917,0.445500195984628,0.034178430621940065
2vars_growth_inflation,3,0,export_price_index,0.08466448416592556,3.3135680884194287,0.0011184124459566736,356,191.84553598028623,0.538891955000804,0.28611060367059915,0.03320079635046268
2vars_growth_inflation,3,0,import_price_index,-0.02868812078370152,-1.0277696300261012,0.3054698615220328,356,191.84553598028623,0.538891955000804,0.28611060367059915,0.03320079635046268
2vars_growth_inflation,3,0,retail_sales,-0.03284127575588827,-0.6457614899916416,0.5192756091318618,356,191.84553598028623,0.538891955000804,0.28611060367059915,0.03320079635046268
2vars_growth_inflation,3,0,tot_business_inventories,-0.03495575472029206,-0.8076381287119296,0.4203900776605505,356,191.84553598028623,0.538891955000804,0.28611060367059915,0.03320079635046268
2vars_growth_inflation,3,0,unemployment,0.01041914759608643,0.9019645038356197,0.3683094930322026,356,191.84553598028623,0.538891955000804,0.28611060367059915,0.03320079635046268
2vars_growth_inflation,3,0,cpi,0.4894169513883695,2.2279058439579367,0.027154878312080744,356,191.84553598028623,0.538891955000804,0.28611060367059915,0.03320079635046268
2vars_growth_inflation,3,0,PCE_price_index,-0.4155436566716799,-1.9338610074589835,0.054735809301601046,356,191.84553598028623,0.538891955000804,0.28611060367059915,0.03320079635046268
2vars_growth_inflation,3,0,PPI_inflation,-0.09742220419880365,-1.8131576313383369,0.07151271454632169,356,191.84553598028623,0.538891955000804,0.28611060367059915,0.03320079635046268
2vars_growth_inflation,3,0,vix,-0.03470138107359596,-7.158112705818014,2.1366686198120988e-11,356,191.84553598028623,0.538891955000804,0.28611060367059915,0.03320079635046268
2vars_growth_inflation,3,0,nat_fin_condition_indx,0.01429565486789722,2.72477612171043,0.007084687988314631,356,191.84553598028623,0.538891955000804,0.28611060367059915,0.03320079635046268
2vars_growth_inflation,3,0,10y_2y_spread,0.0045655014747584535,0.5850629703397663,0.5592553648717322,356,191.84553598028623,0.538891955000804,0.28611060367059915,0.03320079635046268
2vars_growth_inflation,3,0,10y_treasury_const_maturity_rate,-0.023451316934217124,-2.124197454053771,0.03505136593436231,356,191.84553598028623,0.538891955000804,0.28611060367059915,0.03320079635046268
2vars_growth_inflation,3,0,fed_reserve_discount_rate,0.009146970358327204,0.48512467980427304,0.6281917257165475,356,191.84553598028623,0.538891955000804,0.28611060367059915,0.03320079635046268
2vars_growth_inflation,3,0,fedfunds,0.01505987204511792,0.6464528080523314,0.5188289831537034,356,191.84553598028623,0.538891955000804,0.28611060367059915,0.03320079635046268
2vars_growth_inflation,3,0,m2_real_money_supply,0.030338614910101588,0.923609234573909,0.3569554221242317,356,191.84553598028623,0.538891955000804,0.28611060367059915,0.03320079635046268
2vars_growth_inflation,3,1,export_price_index,0.07705071530618024,2.203143520536145,0.03079044088952232,356,87.88271730606544,0.24686156546647597,0.4317293774573583,0.03420343401292029
2vars_growth_inflation,3,1,import_price_index,-0.00872680864851834,-0.24187474233708206,0.809565925944645,356,87.88271730606544,0.24686156546647597,0.4317293774573583,0.03420343401292029
2vars_growth_inflation,3,1,retail_sales,-0.0354122303019748,-0.6027651283111514,0.5485619335578509,356,87.88271730606544,0.24686156546647597,0.4317293774573583,0.03420343401292029
2vars_growth_inflation,3,1,tot_business_inventories,-0.050352386495182026,-0.9024045121530927,0.36985597443518814,356,87.88271730606544,0.24686156546647597,0.4317293774573583,0.03420343401292029
2vars_growth_inflation,3,1,unemployment,0.00977224225856102,0.7831940819930551,0.43608597471239596,356,87.88271730606544,0.24686156546647597,0.4317293774573583,0.03420343401292029
2vars_growth_inflation,3,1,cpi,0.5249473193001117,1.5778961022147284,0.1189804076419374,356,87.88271730606544,0.24686156546647597,0.4317293774573583,0.03420343401292029
2vars_growth_inflation,3,1,PCE_price_index,-0.4307974464233942,-1.2726408905558337,0.20724652018890466,356,87.88271730606544,0.24686156546647597,0.4317293774573583,0.03420343401292029
2vars_growth_inflation,3,1,PPI_inflation,-0.12041744829883638,-1.5503623261131831,0.12544643120953625,356,87.88271730606544,0.24686156546647597,0.4317293774573583,0.03420343401292029
2vars_growth_inflation,3,1,vix,-0.03939303358984298,-5.548952247155651,4.5277302129775876e-07,356,87.88271730606544,0.24686156546647597,0.4317293774573583,0.03420343401292029
2vars_growth_inflation,3,1,nat_fin_condition_indx,0.014907531862738304,2.49782609037379,0.014785070330563865,356,87.88271730606544,0.24686156546647597,0.4317293774573583,0.03420343401292029
2vars_growth_inflation,3,1,10y_2y_spread,0.005715712382926722,0.45438745865096886,0.650919135690911,356,87.88271730606544,0.24686156546647597,0.4317293774573583,0.03420343401292029
2vars_growth_inflation,3,1,10y_treasury_const_maturity_rate,-0.027092683246984117,-1.4445253206508033,0.15293623245645316,356,87.88271730606544,0.24686156546647597,0.4317293774573583,0.03420343401292029
2vars_growth_inflation,3,1,fed_reserve_discount_rate,0.0037615692391430038,0.1256142523124219,0.9003879438791442,356,87.88271730606544,0.24686156546647597,0.4317293774573583,0.03420343401292029
2vars_growth_inflation,3,1,fedfunds,0.02475564559545789,0.6561341458785127,0.51383266217913,356,87.88271730606544,0.24686156546647597,0.4317293774573583,0.03420343401292029
2vars_growth_inflation,3,1,m2_real_money_supply,0.04102636045592298,0.960325213613361,0.34011073972028916,356,87.88271730606544,0.24686156546647597,0.4317293774573583,0.03420343401292029
2vars_growth_inflation,3,2,export_price_index,0.0775613129802209,1.914934007409877,0.06025007481634881,356,76.27174671364833,0.21424647953272002,0.3677045090120079,0.03366870454361111
2vars_growth_inflation,3,2,import_price_index,-0.02345707754226195,-0.5433980308880096,0.588860030637802,356,76.27174671364833,0.21424647953272002,0.3677045090120079,0.03366870454361111
2vars_growth_inflation,3,2,retail_sales,-0.038612960611090395,-0.5178224471956364,0.6064777218726287,356,76.27174671364833,0.21424647953272002,0.3677045090120079,0.03366870454361111
2vars_growth_inflation,3,2,tot_business_inventories,-0.02408139456790218,-0.37989966903196776,0.7053553027765624,356,76.27174671364833,0.21424647953272002,0.3677045090120079,0.03366870454361111
2vars_growth_inflation,3,2,unemployment,0.01496145742203796,0.9559335644689355,0.3429244232179758,356,76.27174671364833,0.21424647953272002,0.3677045090120079,0.03366870454361111
2vars_growth_inflation,3,2,cpi,0.5446883064086703,1.509786961998686,0.1363227959150466,356,76.27174671364833,0.21424647953272002,0.3677045090120079,0.03366870454361111
2vars_growth_inflation,3,2,PCE_price_index,-0.47098080301067635,-1.3166756415607928,0.192932155669288,356,76.27174671364833,0.21424647953272002,0.3677045090120079,0.03366870454361111
2vars_growth_inflation,3,2,PPI_inflation,-0.10027608828785414,-1.1368178796263395,0.2601140698238824,356,76.27174671364833,0.21424647953272002,0.3677045090120079,0.03366870454361111
2vars_growth_inflation,3,2,vix,-0.03650759435233759,-4.5242143489930475,2.9036612018584762e-05,356,76.27174671364833,0.21424647953272002,0.3677045090120079,0.03366870454361111
2vars_growth_inflation,3,2,nat_fin_condition_indx,0.013425863080552517,1.7924658773118571,0.07807729089805493,356,76.27174671364833,0.21424647953272002,0.3677045090120079,0.03366870454361111
2vars_growth_inflation,3,2,10y_2y_spread,0.0039628086951922145,0.29589721284036297,0.7683256813018842,356,76.27174671364833,0.21424647953272002,0.3677045090120079,0.03366870454361111
2vars_growth_inflation,3,2,10y_treasury_const_maturity_rate,-0.02352504595015963,-1.215852019051702,0.22878204451347828,356,76.27174671364833,0.21424647953272002,0.3677045090120079,0.03366870454361111
2vars_growth_inflation,3,2,fed_reserve_discount_rate,0.008043080235622108,0.25203553634965475,0.8018710640269804,356,76.27174671364833,0.21424647953272002,0.3677045090120079,0.03366870454361111
2vars_growth_inflation,3,2,fedfunds,0.018300286653934208,0.4602963079279861,0.6469599301863367,356,76.27174671364833,0.21424647953272002,0.3677045090120079,0.03366870454361111
2vars_growth_inflation,3,2,m2_real_money_supply,0.03219820052636655,0.627160869949062,0.5329224878800525,356,76.27174671364833,0.21424647953272002,0.3677045090120079,0.03366870454361111
2vars_growth_inflation,4,0,export_price_index,0.08678714314830921,3.0387031181695403,0.002829472091545382,356,157.84298858245984,0.44337918141140403,0.2901741998682912,0.0332049165257008
2vars_growth_inflation,4,0,import_price_index,-0.029393882928953695,-0.9388957834290558,0.34938030014930366,356,157.84298858245984,0.44337918141140403,0.2901741998682912,0.0332049165257008
2vars_growth_inflation,4,0,retail_sales,-0.02935633024069239,-0.5175969412076485,0.6055458070634943,356,157.84298858245984,0.44337918141140403,0.2901741998682912,0.0332049165257008
2vars_growth_inflation,4,0,tot_business_inventories,-0.03372150172457713,-0.7046782778594809,0.4821659079366549,356,157.84298858245984,0.44337918141140403,0.2901741998682912,0.0332049165257008
2vars_growth_inflation,4,0,unemployment,0.011268903935778701,0.8780081906597615,0.38142407921008803,356,157.84298858245984,0.44337918141140403,0.2901741998682912,0.0332049165257008
2vars_growth_inflation,4,0,cpi,0.4788881779757451,1.941645391950362,0.05416220735012178,356,157.84298858245984,0.44337918141140403,0.2901741998682912,0.0332049165257008
2vars_growth_inflation,4,0,PCE_price_index,-0.405043238983967,-1.6752416941336745,0.09609001057305888,356,157.84298858245984,0.44337918141140403,0.2901741998682912,0.0332049165257008
2vars_growth_inflation,4,0,PPI_inflation,-0.10196527693726191,-1.7036937781236623,0.09062816543600083,356,157.84298858245984,0.44337918141140403,0.2901741998682912,0.0332049165257008
2vars_growth_inflation,4,0,vix,-0.034741954555182475,-6.484568343339242,1.3777292640071437e-09,356,157.84298858245984,0.44337918141140403,0.2901741998682912,0.0332049165257008
2vars_growth_inflation,4,0,nat_fin_condition_indx,0.01449983786942375,2.452511487138529,0.015399983613616497,356,157.84298858245984,0.44337918141140403,0.2901741998682912,0.0332049165257008
2vars_growth_inflation,4,0,10y_2y_spread,0.0057774420903592884,0.6448565041043399,0.5200617810688448,356,157.84298858245984,0.44337918141140403,0.2901741998682912,0.0332049165257008
2vars_growth_inflation,4,0,10y_treasury_const_maturity_rate,-0.02420546616327519,-1.9467956642744277,0.05353526668607422,356,157.84298858245984,0.44337918141140403,0.2901741998682912,0.0332049165257008
2vars_growth_inflation,4,0,fed_reserve_discount_rate,0.010291037772705312,0.48611505873579086,0.6276357501012964,356,157.84298858245984,0.44337918141140403,0.2901741998682912,0.0332049165257008
2vars_growth_inflation,4,0,fedfunds,0.01571188124357576,0.5954071553967624,0.5525201225896825,356,157.84298858245984,0.44337918141140403,0.2901741998682912,0.0332049165257008
2vars_growth_inflation,4,0,m2_real_money_supply,0.02911437308604648,0.8032002284617505,0.42320289088332363,356,157.84298858245984,0.44337918141140403,0.2901741998682912,0.0332049165257008
2vars_growth_inflation,4,1,export_price_index,0.07794924907819313,1.6996796210199017,0.09581064548620821,356,62.93338258545797,0.17677916456589318,0.3674581399535679,0.033656425220033884
2vars_growth_inflation,4,1,import_price_index,-0.02400631883263939,-0.48993630941167293,0.6264614293187476,356,62.93338258545797,0.17677916456589318,0.3674581399535679,0.033656425220033884
2vars_growth_inflation,4,1,retail_sales,-0.039317414713596094,-0.46557023964547267,0.6436764389293597,356,62.93338258545797,0.17677916456589318,0.3674581399535679,0.033656425220033884
2vars_growth_inflation,4,1,tot_business_inventories,-0.024119840111933626,-0.3352475080173528,0.7389322894863355,356,62.93338258545797,0.17677916456589318,0.3674581399535679,0.033656425220033884
2vars_growth_inflation,4,1,unemployment,0.01492107801115397,0.8406003432150784,0.4048341106335178,356,62.93338258545797,0.17677916456589318,0.3674581399535679,0.033656425220033884
2vars_growth_inflation,4,1,cpi,0.5475001608500524,1.340977688742851,0.18638182644036627,356,62.93338258545797,0.17677916456589318,0.3674581399535679,0.033656425220033884
2vars_growth_inflation,4,1,PCE_price_index,-0.47369065832635193,-1.1703005038063812,0.24778844345749107,356,62.93338258545797,0.17677916456589318,0.3674581399535679,0.033656425220033884
2vars_growth_inflation,4,1,PPI_inflation,-0.09972611408222189,-0.9968383780178804,0.3239548462069757,356,62.93338258545797,0.17677916456589318,0.3674581399535679,0.033656425220033884
2vars_growth_inflation,4,1,vix,-0.036448188997378186,-3.9836263621993306,0.0002349196549278343,356,62.93338258545797,0.17677916456589318,0.3674581399535679,0.033656425220033884
2vars_growth_inflation,4,1,nat_fin_condition_indx,0.013364070417811518,1.5801661256107946,0.12078557769962961,356,62.93338258545797,0.17677916456589318,0.3674581399535679,0.033656425220033884
2vars_growth_inflation,4,1,10y_2y_spread,0.003821165417665239,0.2533620183812996,0.8010950390014313,356,62.93338258545797,0.17677916456589318,0.3674581399535679,0.033656425220033884
2vars_growth_inflation,4,1,10y_treasury_const_maturity_rate,-0.023360018067881055,-1.0679179872691957,0.29101982298367335,356,62.93338258545797,0.17677916456589318,0.3674581399535679,0.033656425220033884
2vars_growth_inflation,4,1,fed_reserve_discount_rate,0.008327650731970868,0.23049878165660218,0.8187060031196389,356,62.93338258545797,0.17677916456589318,0.3674581399535679,0.033656425220033884
2vars_growth_inflation,4,1,fedfunds,0.01783894270903706,0.39735596457081984,0.6929064040322608,356,62.93338258545797,0.17677916456589318,0.3674581399535679,0.033656425220033884
2vars_growth_inflation,4,1,m2_real_money_supply,0.03243239374954937,0.5566406334190419,0.5804176754095662,356,62.93338258545797,0.17677916456589318,0.3674581399535679,0.033656425220033884
2vars_growth_inflation,4,2,export_price_index,0.07258063578517705,1.7175317206652592,0.09203973180226122,356,66.25073644927886,0.18609757429572713,0.3464629320574164,0.03353283192762882
2vars_growth_inflation,4,2,import_price_index,-0.015724667197726507,-0.359945126075617,0.7203966015314736,356,66.25073644927886,0.18609757429572713,0.3464629320574164,0.03353283192762882
2vars_growth_inflation,4,2,retail_sales,-0.03179972776498829,-0.399337950332309,0.6913364136106472,356,66.25073644927886,0.18609757429572713,0.3464629320574164,0.03353283192762882
2vars_growth_inflation,4,2,tot_business_inventories,-0.032878409043643225,-0.4532667690276606,0.652307939872784,356,66.25073644927886,0.18609757429572713,0.3464629320574164,0.03353283192762882
2vars_growth_inflation,4,2,unemployment,0.011913926907130052,0.6666183478712655,0.5080652380898503,356,66.25073644927886,0.18609757429572713,0.3464629320574164,0.03353283192762882
2vars_growth_inflation,4,2,cpi,0.5088385255448992,1.2900883606543656,0.20292533515825473,356,66.25073644927886,0.18609757429572713,0.3464629320574164,0.03353283192762882
2vars_growth_inflation,4,2,PCE_price_index,-0.43586100999898536,-1.1142353458135366,0.2704793047749292,356,66.25073644927886,0.18609757429572713,0.3464629320574164,0.03353283192762882
2vars_growth_inflation,4,2,PPI_inflation,-0.1010582767487801,-1.093162704161722,0.2795353060151533,356,66.25073644927886,0.18609757429572713,0.3464629320574164,0.03353283192762882
2vars_growth_inflation,4,2,vix,-0.036546151077512294,-4.108143733865908,0.00014697829782672756,356,66.25073644927886,0.18609757429572713,0.3464629320574164,0.03353283192762882
2vars_growth_inflation,4,2,nat_fin_condition_indx,0.014022736224591445,1.747280705201366,0.0866978192130321,356,66.25073644927886,0.18609757429572713,0.3464629320574164,0.03353283192762882
2vars_growth_inflation,4,2,10y_2y_spread,0.002576837185655243,0.18513437821721354,0.8538688559918608,356,66.25073644927886,0.18609757429572713,0.3464629320574164,0.03353283192762882
2vars_growth_inflation,4,2,10y_treasury_const_maturity_rate,-0.022843544802898012,-1.0849840379246667,0.2831066763230743,356,66.25073644927886,0.18609757429572713,0.3464629320574164,0.03353283192762882
2vars_growth_inflation,4,2,fed_reserve_discount_rate,0.003238652765208454,0.09336159673806849,0.9259875495161689,356,66.25073644927886,0.18609757429572713,0.3464629320574164,0.03353283192762882
2vars_growth_inflation,4,2,fedfunds,0.019139067898522096,0.448540398320846,0.6556914712854669,356,66.25073644927886,0.18609757429572713,0.3464629320574164,0.03353283192762882
2vars_growth_inflation,4,2,m2_real_money_supply,0.03180097184850507,0.5667725852393553,0.5733917321855801,356,66.25073644927886,0.18609757429572713,0.3464629320574164,0.03353283192762882
2vars_growth_inflation,4,3,export_price_index,0.08192265884027912,1.9434293952299255,0.05728570860190052,356,68.97289238280331,0.19374407972697558,0.42944662227440633,0.0342677790866674
2vars_growth_inflation,4,3,import_price_index,-0.015192187355604283,-0.33001087396352174,0.7426932965737238,356,68.97289238280331,0.19374407972697558,0.42944662227440633,0.0342677790866674
2vars_growth_inflation,4,3,retail_sales,-0.03851555754006969,-0.5518193134664846,0.583392719514713,356,68.97289238280331,0.19374407972697558,0.42944662227440633,0.0342677790866674
2vars_growth_inflation,4,3,tot_business_inventories,-0.05221598236515323,-0.8003084039961939,0.42710680394443923,356,68.97289238280331,0.19374407972697558,0.42944662227440633,0.0342677790866674
2vars_growth_inflation,4,3,unemployment,0.009730569209912391,0.6718636949393166,0.5045902404354026,356,68.97289238280331,0.19374407972697558,0.42944662227440633,0.0342677790866674
2vars_growth_inflation,4,3,cpi,0.5503001815267432,1.4186666345631875,0.16185320454130325,356,68.97289238280331,0.19374407972697558,0.42944662227440633,0.0342677790866674
2vars_growth_inflation,4,3,PCE_price_index,-0.457350254363347,-1.159154731566796,0.2515916872842836,356,68.97289238280331,0.19374407972697558,0.42944662227440633,0.0342677790866674
2vars_growth_inflation,4,3,PPI_inflation,-0.11476277757510545,-1.2015201586080901,0.2348938560487217,356,68.97289238280331,0.19374407972697558,0.42944662227440633,0.0342677790866674
2vars_growth_inflation,4,3,vix,-0.0393261421190872,-4.741741790628208,1.637732421388982e-05,356,68.97289238280331,0.19374407972697558,0.42944662227440633,0.0342677790866674
2vars_growth_inflation,4,3,nat_fin_condition_indx,0.014567106944689335,2.0946509456247346,0.04100099626435272,356,68.97289238280331,0.19374407972697558,0.42944662227440633,0.0342677790866674
2vars_growth_inflation,4,3,10y_2y_spread,0.005299748152134236,0.3647985221579749,0.7167141817905152,356,68.97289238280331,0.19374407972697558,0.42944662227440633,0.0342677790866674
2vars_growth_inflation,4,3,10y_treasury_const_maturity_rate,-0.026933718931667402,-1.257918783937484,0.21393796927936193,356,68.97289238280331,0.19374407972697558,0.42944662227440633,0.0342677790866674
2vars_growth_inflation,4,3,fed_reserve_discount_rate,0.005368735619865237,0.1542253018975574,0.8780181758325634,356,68.97289238280331,0.19374407972697558,0.42944662227440633,0.0342677790866674
2vars_growth_inflation,4,3,fedfunds,0.023426702228258798,0.5413745167430605,0.5905191737763735,356,68.97289238280331,0.19374407972697558,0.42944662227440633,0.0342677790866674
2vars_growth_inflation,4,3,m2_real_money_supply,0.04321507660015136,0.8574888527880097,0.3950377461133323,356,68.97289238280331,0.19374407972697558,0.42944662227440633,0.0342677790866674
2vars_growth_inflation,5,0,export_price_index,0.08162266596126265,1.7361397698997592,0.08984911843585786,356,58.12366187458614,0.16326871313085994,0.4287017275352236,0.03421160972839092
2vars_growth_inflation,5,0,import_price_index,-0.01558517163550837,-0.3034055119528214,0.7630743663358457,356,58.12366187458614,0.16326871313085994,0.4287017275352236,0.03421160972839092
2vars_growth_inflation,5,0,retail_sales,-0.04029137320857513,-0.5139144394411557,0.6099973401950927,356,58.12366187458614,0.16326871313085994,0.4287017275352236,0.03421160972839092
2vars_growth_inflation,5,0,tot_business_inventories,-0.05024401395510131,-0.6871233399913115,0.4957708104041856,356,58.12366187458614,0.16326871313085994,0.4287017275352236,0.03421160972839092
2vars_growth_inflation,5,0,unemployment,0.009682519871007725,0.5991890891550824,0.5522559917003163,356,58.12366187458614,0.16326871313085994,0.4287017275352236,0.03421160972839092
2vars_growth_inflation,5,0,cpi,0.5717676211451883,1.2960459671227444,0.20201605230096753,356,58.12366187458614,0.16326871313085994,0.4287017275352236,0.03421160972839092
2vars_growth_inflation,5,0,PCE_price_index,-0.481513897822014,-1.0765451972005458,0.28781064915834076,356,58.12366187458614,0.16326871313085994,0.4287017275352236,0.03421160972839092
2vars_growth_inflation,5,0,PPI_inflation,-0.11258445258773346,-1.0584500961073067,0.29588236966277304,356,58.12366187458614,0.16326871313085994,0.4287017275352236,0.03421160972839092
2vars_growth_inflation,5,0,vix,-0.039064140855179785,-4.193206290894982,0.00013825006381784632,356,58.12366187458614,0.16326871313085994,0.4287017275352236,0.03421160972839092
2vars_growth_inflation,5,0,nat_fin_condition_indx,0.014142491444914189,1.8107019172712033,0.0773231979713862,356,58.12366187458614,0.16326871313085994,0.4287017275352236,0.03421160972839092
2vars_growth_inflation,5,0,10y_2y_spread,0.005490095323893674,0.33772312796870596,0.7372491329636794,356,58.12366187458614,0.16326871313085994,0.4287017275352236,0.03421160972839092
2vars_growth_inflation,5,0,10y_treasury_const_maturity_rate,-0.02738153131695592,-1.1460687748501945,0.2582357427622717,356,58.12366187458614,0.16326871313085994,0.4287017275352236,0.03421160972839092
2vars_growth_inflation,5,0,fed_reserve_discount_rate,0.005794614699174652,0.14906721324689354,0.8822119862474764,356,58.12366187458614,0.16326871313085994,0.4287017275352236,0.03421160972839092
2vars_growth_inflation,5,0,fedfunds,0.023357398321418824,0.4832265547616316,0.6314371622846107,356,58.12366187458614,0.16326871313085994,0.4287017275352236,0.03421160972839092
2vars_growth_inflation,5,0,m2_real_money_supply,0.044051197592016755,0.7762427865220136,0.4419425372778292,356,58.12366187458614,0.16326871313085994,0.4287017275352236,0.03421160972839092
2vars_growth_inflation,5,1,export_price_index,0.07667168909677902,1.5785477557933412,0.12131158744661796,356,61.873040344368135,0.1738006751246296,0.3243849924401969,0.034837633657815385
2vars_growth_inflation,5,1,import_price_index,-0.023300271477968277,-0.4433663114737565,0.6595848820164933,356,61.873040344368135,0.1738006751246296,0.3243849924401969,0.034837633657815385
2vars_growth_inflation,5,1,retail_sales,-0.006463702203139377,-0.07233499180018885,0.9426497887768912,356,61.873040344368135,0.1738006751246296,0.3243849924401969,0.034837633657815385
2vars_growth_inflation,5,1,tot_business_inventories,-0.02131289847217426,-0.26932161761660867,0.7888899348657195,356,61.873040344368135,0.1738006751246296,0.3243849924401969,0.034837633657815385
2vars_growth_inflation,5,1,unemployment,0.015829651739566755,0.7930753061363557,0.4318168784032079,356,61.873040344368135,0.1738006751246296,0.3243849924401969,0.034837633657815385
2vars_growth_inflation,5,1,cpi,0.41556678008522363,0.9942378232111355,0.325322833048848,356,61.873040344368135,0.1738006751246296,0.3243849924401969,0.034837633657815385
2vars_growth_inflation,5,1,PCE_price_index,-0.3571610953956966,-0.8462939649709036,0.40178203591980677,356,61.873040344368135,0.1738006751246296,0.3243849924401969,0.034837633657815385
2vars_growth_inflation,5,1,PPI_inflation,-0.10582232014265053,-1.000187855190098,0.3224665284359727,356,61.873040344368135,0.1738006751246296,0.3243849924401969,0.034837633657815385
2vars_growth_inflation,5,1,vix,-0.037050143465831555,-3.8277948158530237,0.0003898026719768577,356,61.873040344368135,0.1738006751246296,0.3243849924401969,0.034837633657815385
2vars_growth_inflation,5,1,nat_fin_condition_indx,0.015382050241338398,1.723414547734992,0.09154862336348968,356,61.873040344368135,0.1738006751246296,0.3243849924401969,0.034837633657815385
2vars_growth_inflation,5,1,10y_2y_spread,0.0053733529244347576,0.3382939100997821,0.7366851784214408,356,61.873040344368135,0.1738006751246296,0.3243849924401969,0.034837633657815385
2vars_growth_inflation,5,1,10y_treasury_const_maturity_rate,-0.023015483821116133,-0.9960062633436142,0.32447212557097327,356,61.873040344368135,0.1738006751246296,0.3243849924401969,0.034837633657815385
2vars_growth_inflation,5,1,fed_reserve_discount_rate,0.004971041326702754,0.13429471210347488,0.8937570188953903,356,61.873040344368135,0.1738006751246296,0.3243849924401969,0.034837633657815385
2vars_growth_inflation,5,1,fedfunds,0.017965523393603983,0.39536801278426553,0.6944039731342966,356,61.873040344368135,0.1738006751246296,0.3243849924401969,0.034837633657815385
2vars_growth_inflation,5,1,m2_real_money_supply,0.016250758231386678,0.2721026153328717,0.7867641155786353,356,61.873040344368135,0.1738006751246296,0.3243849924401969,0.034837633657815385
2vars_growth_inflation,5,2,export_price_index,0.08541988704426458,2.6919810325635347,0.008203923444725314,356,126.89728975764773,0.356453061116988,0.2976891431582751,0.03261362037304733
2vars_growth_inflation,5,2,import_price_index,-0.02691778937353026,-0.7833993938965367,0.435062505867724,356,126.89728975764773,0.356453061116988,0.2976891431582751,0.03261362037304733
2vars_growth_inflation,5,2,retail_sales,-0.048083888171878246,-0.7591792778930808,0.4493560015529452,356,126.89728975764773,0.356453061116988,0.2976891431582751,0.03261362037304733
2vars_growth_inflation,5,2,tot_business_inventories,-0.044723137600460865,-0.8364615607855344,0.404694083574356,356,126.89728975764773,0.356453061116988,0.2976891431582751,0.03261362037304733
2vars_growth_inflation,5,2,unemployment,0.008384961007654474,0.5911990349483144,0.5555901866127106,356,126.89728975764773,0.356453061116988,0.2976891431582751,0.03261362037304733
2vars_growth_inflation,5,2,cpi,0.5448570023148207,1.951776518111715,0.05348621681311583,356,126.89728975764773,0.356453061116988,0.2976891431582751,0.03261362037304733
2vars_growth_inflation,5,2,PCE_price_index,-0.4577087231149126,-1.683521975584729,0.09508712138206699,356,126.89728975764773,0.356453061116988,0.2976891431582751,0.03261362037304733
2vars_growth_inflation,5,2,PPI_inflation,-0.09684197469917523,-1.4448680200668103,0.15131466273731498,356,126.89728975764773,0.356453061116988,0.2976891431582751,0.03261362037304733
2vars_growth_inflation,5,2,vix,-0.034706503333691505,-5.845889320180405,5.1522472288567656e-08,356,126.89728975764773,0.356453061116988,0.2976891431582751,0.03261362037304733
2vars_growth_inflation,5,2,nat_fin_condition_indx,0.013634653068442254,2.0945303502768793,0.03849052540477671,356,126.89728975764773,0.356453061116988,0.2976891431582751,0.03261362037304733
2vars_growth_inflation,5,2,10y_2y_spread,0.004300752141369088,0.44084356289486665,0.6601844582966931,356,126.89728975764773,0.356453061116988,0.2976891431582751,0.03261362037304733
2vars_growth_inflation,5,2,10y_treasury_const_maturity_rate,-0.024178039964598042,-1.7578465933201324,0.0815327949579372,356,126.89728975764773,0.356453061116988,0.2976891431582751,0.03261362037304733
2vars_growth_inflation,5,2,fed_reserve_discount_rate,0.009645065582344552,0.4031176270872829,0.6876378221713288,356,126.89728975764773,0.356453061116988,0.2976891431582751,0.03261362037304733
2vars_growth_inflation,5,2,fedfunds,0.016853427805319034,0.5620447911546936,0.5752197502212733,356,126.89728975764773,0.356453061116988,0.2976891431582751,0.03261362037304733
2vars_growth_inflation,5,2,m2_real_money_supply,0.04050124232460163,0.9861614558803652,0.32620061337615325,356,126.89728975764773,0.356453061116988,0.2976891431582751,0.03261362037304733
2vars_growth_inflation,5,3,export_price_index,0.07479917215868165,1.565719972207009,0.12540220459151796,356,55.4464712951913,0.15574851487413288,0.35138780469915054,0.03343301004410316
2vars_growth_inflation,5,3,import_price_index,-0.017264982246458397,-0.349865737474271,0.7283006240140639,356,55.4464712951913,0.15574851487413288,0.35138780469915054,0.03343301004410316
2vars_growth_inflation,5,3,retail_sales,-0.030844279921906206,-0.34295814974963296,0.7334509604381001,356,55.4464712951913,0.15574851487413288,0.35138780469915054,0.03343301004410316
2vars_growth_inflation,5,3,tot_business_inventories,-0.031519203454699975,-0.38811107314333365,0.7000205282249294,356,55.4464712951913,0.15574851487413288,0.35138780469915054,0.03343301004410316
2vars_growth_inflation,5,3,unemployment,0.012497989080208011,0.6243221040253406,0.5360104677340725,356,55.4464712951913,0.15574851487413288,0.35138780469915054,0.03343301004410316
2vars_growth_inflation,5,3,cpi,0.503723308418734,1.1244792487346564,0.26760602423806157,356,55.4464712951913,0.15574851487413288,0.35138780469915054,0.03343301004410316
2vars_growth_inflation,5,3,PCE_price_index,-0.42906586721984724,-0.9658143348517871,0.34002131826808824,356,55.4464712951913,0.15574851487413288,0.35138780469915054,0.03343301004410316
2vars_growth_inflation,5,3,PPI_inflation,-0.10434537966818151,-1.0047922211734377,0.3211210427157356,356,55.4464712951913,0.15574851487413288,0.35138780469915054,0.03343301004410316
2vars_growth_inflation,5,3,vix,-0.03630931912323873,-3.633778074591607,0.0007963645346114046,356,55.4464712951913,0.15574851487413288,0.35138780469915054,0.03343301004410316
2vars_growth_inflation,5,3,nat_fin_condition_indx,0.013792695367309114,1.4989981800693386,0.14183525887371817,356,55.4464712951913,0.15574851487413288,0.35138780469915054,0.03343301004410316
2vars_growth_inflation,5,3,10y_2y_spread,0.00437234457182718,0.26693726906214926,0.7909080723772983,356,55.4464712951913,0.15574851487413288,0.35138780469915054,0.03343301004410316
2vars_growth_inflation,5,3,10y_treasury_const_maturity_rate,-0.023997659622080968,-0.9981272337307716,0.324301402193675,356,55.4464712951913,0.15574851487413288,0.35138780469915054,0.03343301004410316
2vars_growth_inflation,5,3,fed_reserve_discount_rate,0.005378881678659422,0.1365706323955607,0.8920648402395608,356,55.4464712951913,0.15574851487413288,0.35138780469915054,0.03343301004410316
2vars_growth_inflation,5,3,fedfunds,0.019848994140509717,0.40317345849292713,0.688997655236256,356,55.4464712951913,0.15574851487413288,0.35138780469915054,0.03343301004410316
2vars_growth_inflation,5,3,m2_real_money_supply,0.030895381622437806,0.489634073001742,0.627104859675375,356,55.4464712951913,0.15574851487413288,0.35138780469915054,0.03343301004410316
2vars_growth_inflation,5,4,export_price_index,0.07808006411005244,1.5253084885669879,0.1355373265423827,356,53.6595367282067,0.1507290357533896,0.36733937333842015,0.033634030299178413
2vars_growth_inflation,5,4,import_price_index,-0.024056015966416294,-0.4397475902808323,0.6626333050138937,356,53.6595367282067,0.1507290357533896,0.36733937333842015,0.033634030299178413
2vars_growth_inflation,5,4,retail_sales,-0.040007590783377,-0.423913897728169,0.6740402689485603,356,53.6595367282067,0.1507290357533896,0.36733937333842015,0.033634030299178413
2vars_growth_inflation,5,4,tot_business_inventories,-0.02401993081065013,-0.299097204278846,0.7665102939777668,356,53.6595367282067,0.1507290357533896,0.36733937333842015,0.033634030299178413
2vars_growth_inflation,5,4,unemployment,0.014830821105436987,0.7482725571289831,0.4589435812762044,356,53.6595367282067,0.1507290357533896,0.36733937333842015,0.033634030299178413
2vars_growth_inflation,5,4,cpi,0.5522341447178801,1.2107783351635129,0.23352440636100535,356,53.6595367282067,0.1507290357533896,0.36733937333842015,0.033634030299178413
2vars_growth_inflation,5,4,PCE_price_index,-0.47830021722796756,-1.057788636631899,0.2968900231392162,356,53.6595367282067,0.1507290357533896,0.36733937333842015,0.033634030299178413
2vars_growth_inflation,5,4,PPI_inflation,-0.09972425206809735,-0.8928500733122581,0.377607585118938,356,53.6595367282067,0.1507290357533896,0.36733937333842015,0.033634030299178413
2vars_growth_inflation,5,4,vix,-0.03643115282340172,-3.5691824957625156,0.0009976334275214604,356,53.6595367282067,0.1507290357533896,0.36733937333842015,0.033634030299178413
2vars_growth_inflation,5,4,nat_fin_condition_indx,0.013347535363970786,1.4115331974090406,0.16629660970947135,356,53.6595367282067,0.1507290357533896,0.36733937333842015,0.033634030299178413
2vars_growth_inflation,5,4,10y_2y_spread,0.0039508342340893185,0.23389871418629768,0.8163304950960881,356,53.6595367282067,0.1507290357533896,0.36733937333842015,0.033634030299178413
2vars_growth_inflation,5,4,10y_treasury_const_maturity_rate,-0.02343682794922077,-0.9599849028681551,0.3431860848135322,356,53.6595367282067,0.1507290357533896,0.36733937333842015,0.033634030299178413
2vars_growth_inflation,5,4,fed_reserve_discount_rate,0.008649958718010746,0.21460235386065662,0.8312352137427332,356,53.6595367282067,0.1507290357533896,0.36733937333842015,0.033634030299178413
2vars_growth_inflation,5,4,fedfunds,0.017646497970405652,0.3517604974421205,0.7269785838784677,356,53.6595367282067,0.1507290357533896,0.36733937333842015,0.033634030299178413
2vars_growth_inflation,5,4,m2_real_money_supply,0.03282264912185591,0.5045481393878665,0.6168158535736592,356,53.6595367282067,0.1507290357533896,0.36733937333842015,0.033634030299178413
2vars_growth_inflation,6,0,export_price_index,0.08577230136375708,2.4998753870658565,0.014145947653045665,356,110.5775555501047,0.31061111109579975,0.29898707505031585,0.03261023730083432
2vars_growth_inflation,6,0,import_price_index,-0.027411439849809777,-0.7363933792237832,0.4633139699543194,356,110.5775555501047,0.31061111109579975,0.29898707505031585,0.03261023730083432
2vars_growth_inflation,6,0,retail_sales,-0.0490886787495131,-0.7163869353952212,0.47551770720492215,356,110.5775555501047,0.31061111109579975,0.29898707505031585,0.03261023730083432
2vars_growth_inflation,6,0,tot_business_inventories,-0.045167797922372764,-0.7818096127792233,0.4362793258931519,356,110.5775555501047,0.31061111109579975,0.29898707505031585,0.03261023730083432
2vars_growth_inflation,6,0,unemployment,0.008212659407838734,0.5350811345254142,0.593849626890421,356,110.5775555501047,0.31061111109579975,0.29898707505031585,0.03261023730083432
2vars_growth_inflation,6,0,cpi,0.5496773678134641,1.8202510615800562,0.071883622401268,356,110.5775555501047,0.31061111109579975,0.29898707505031585,0.03261023730083432
2vars_growth_inflation,6,0,PCE_price_index,-0.46193267036770586,-1.570160569033911,0.11971745867883055,356,110.5775555501047,0.31061111109579975,0.29898707505031585,0.03261023730083432
2vars_growth_inflation,6,0,PPI_inflation,-0.09619563445766266,-1.3289720641722396,0.18705444919858216,356,110.5775555501047,0.31061111109579975,0.29898707505031585,0.03261023730083432
2vars_growth_inflation,6,0,vix,-0.03482691935566546,-5.426990030541716,4.4055600145753715e-07,356,110.5775555501047,0.31061111109579975,0.29898707505031585,0.03261023730083432
2vars_growth_inflation,6,0,nat_fin_condition_indx,0.013684181466156891,1.940910845142009,0.05524648087324224,356,110.5775555501047,0.31061111109579975,0.29898707505031585,0.03261023730083432
2vars_growth_inflation,6,0,10y_2y_spread,0.004288590977414348,0.4067046351749993,0.6851438323983743,356,110.5775555501047,0.31061111109579975,0.29898707505031585,0.03261023730083432
2vars_growth_inflation,6,0,10y_treasury_const_maturity_rate,-0.024108077401082006,-1.618907334021682,0.10879730596224935,356,110.5775555501047,0.31061111109579975,0.29898707505031585,0.03261023730083432
2vars_growth_inflation,6,0,fed_reserve_discount_rate,0.009770592991663895,0.3771954339679259,0.7068734254557492,356,110.5775555501047,0.31061111109579975,0.29898707505031585,0.03261023730083432
2vars_growth_inflation,6,0,fedfunds,0.0166924733572611,0.5140572854524869,0.6084109691353854,356,110.5775555501047,0.31061111109579975,0.29898707505031585,0.03261023730083432
2vars_growth_inflation,6,0,m2_real_money_supply,0.0408332178628294,0.9210108034773552,0.3593881354340438,356,110.5775555501047,0.31061111109579975,0.29898707505031585,0.03261023730083432
2vars_growth_inflation,6,1,export_price_index,0.07913388655234636,1.465508484355266,0.15206210176899315,356,49.65926454217477,0.1394923161297044,0.42327188511996383,0.03438382014551922
2vars_growth_inflation,6,1,import_price_index,-0.015159464071400579,-0.2613305357954536,0.7954300828723171,356,49.65926454217477,0.1394923161297044,0.42327188511996383,0.03438382014551922
2vars_growth_inflation,6,1,retail_sales,-0.03470270144491318,-0.37430674000707775,0.7105239219905104,356,49.65926454217477,0.1394923161297044,0.42327188511996383,0.03438382014551922
2vars_growth_inflation,6,1,tot_business_inventories,-0.044427161462090435,-0.5146520940014605,0.6101592844106025,356,49.65926454217477,0.1394923161297044,0.42327188511996383,0.03438382014551922
2vars_growth_inflation,6,1,unemployment,0.01163340719396089,0.5610482061550981,0.578480955116514,356,49.65926454217477,0.1394923161297044,0.42327188511996383,0.03438382014551922
2vars_growth_inflation,6,1,cpi,0.5554804451091317,1.1101864190122765,0.274787167588628,356,49.65926454217477,0.1394923161297044,0.42327188511996383,0.03438382014551922
2vars_growth_inflation,6,1,PCE_price_index,-0.4719245985174042,-0.9391328792073022,0.35435339405078947,356,49.65926454217477,0.1394923161297044,0.42327188511996383,0.03438382014551922
2vars_growth_inflation,6,1,PPI_inflation,-0.11182371438606246,-0.9295178010259797,0.35923949418244217,356,49.65926454217477,0.1394923161297044,0.42327188511996383,0.03438382014551922
2vars_growth_inflation,6,1,vix,-0.038757637380101115,-3.6875263496746444,0.0007930200637498164,356,49.65926454217477,0.1394923161297044,0.42327188511996383,0.03438382014551922
2vars_growth_inflation,6,1,nat_fin_condition_indx,0.013895763274454357,1.5827840265540447,0.12282291821971536,356,49.65926454217477,0.1394923161297044,0.42327188511996383,0.03438382014551922
2vars_growth_inflation,6,1,10y_2y_spread,0.005221157455361472,0.28585436699561256,0.7767415800673181,356,49.65926454217477,0.1394923161297044,0.42327188511996383,0.03438382014551922
2vars_growth_inflation,6,1,10y_treasury_const_maturity_rate,-0.027260823274210075,-1.0222526081923984,0.3139527300455749,356,49.65926454217477,0.1394923161297044,0.42327188511996383,0.03438382014551922
2vars_growth_inflation,6,1,fed_reserve_discount_rate,0.005066779982783118,0.11659772224785028,0.9078717704996206,356,49.65926454217477,0.1394923161297044,0.42327188511996383,0.03438382014551922
2vars_growth_inflation,6,1,fedfunds,0.02394531953870123,0.4438000417456068,0.6600271470670216,356,49.65926454217477,0.1394923161297044,0.42327188511996383,0.03438382014551922
2vars_growth_inflation,6,1,m2_real_money_supply,0.040557260879857504,0.6178413056176627,0.5408380420224375,356,49.65926454217477,0.1394923161297044,0.42327188511996383,0.03438382014551922
2vars_growth_inflation,6,2,export_price_index,0.07954934227719856,1.422426925231134,0.16491222169460018,356,46.92245116209654,0.1318046380957768,0.3499052371103294,0.03347424053392713
2vars_growth_inflation,6,2,import_price_index,-0.020708513586985826,-0.3448445697415205,0.7325457977097578,356,46.92245116209654,0.1318046380957768,0.3499052371103294,0.03347424053392713
2vars_growth_inflation,6,2,retail_sales,-0.03641615162174627,-0.3652430256743215,0.7174164698248586,356,46.92245116209654,0.1318046380957768,0.3499052371103294,0.03347424053392713
2vars_growth_inflation,6,2,tot_business_inventories,-0.036114892951453065,-0.4016535778857172,0.6907015441974611,356,46.92245116209654,0.1318046380957768,0.3499052371103294,0.03347424053392713
2vars_growth_inflation,6,2,unemployment,0.011632753811463538,0.5495513108320488,0.5865745557965201,356,46.92245116209654,0.1318046380957768,0.3499052371103294,0.03347424053392713
2vars_growth_inflation,6,2,cpi,0.526418027794354,1.0493210331235236,0.3021626784479361,356,46.92245116209654,0.1318046380957768,0.3499052371103294,0.03347424053392713
2vars_growth_inflation,6,2,PCE_price_index,-0.44597777267493743,-0.887300728510255,0.3817665608734362,356,46.92245116209654,0.1318046380957768,0.3499052371103294,0.03347424053392713
2vars_growth_inflation,6,2,PPI_inflation,-0.1047189744925135,-0.8530850361463281,0.4001720233525905,356,46.92245116209654,0.1318046380957768,0.3499052371103294,0.03347424053392713
2vars_growth_inflation,6,2,vix,-0.03644402120128689,-3.2530987836505885,0.0027608025705498918,356,46.92245116209654,0.1318046380957768,0.3499052371103294,0.03347424053392713
2vars_growth_inflation,6,2,nat_fin_condition_indx,0.013645357512797524,1.307267613342833,0.2007593796190641,356,46.92245116209654,0.1318046380957768,0.3499052371103294,0.03347424053392713
2vars_growth_inflation,6,2,10y_2y_spread,0.0045041487951401745,0.24198341348461835,0.8103906809699815,356,46.92245116209654,0.1318046380957768,0.3499052371103294,0.03347424053392713
2vars_growth_inflation,6,2,10y_treasury_const_maturity_rate,-0.024395693281923633,-0.9052505415327444,0.37233224795389863,356,46.92245116209654,0.1318046380957768,0.3499052371103294,0.03347424053392713
2vars_growth_inflation,6,2,fed_reserve_discount_rate,0.0070861540464635196,0.15918618057272502,0.8745573742299846,356,46.92245116209654,0.1318046380957768,0.3499052371103294,0.03347424053392713
2vars_growth_inflation,6,2,fedfunds,0.018988029000768146,0.34320856036526703,0.7337640422624903,356,46.92245116209654,0.1318046380957768,0.3499052371103294,0.03347424053392713
2vars_growth_inflation,6,2,m2_real_money_supply,0.03450869593599139,0.49213224773276476,0.6261017432440115,356,46.92245116209654,0.1318046380957768,0.3499052371103294,0.03347424053392713
2vars_growth_inflation,6,3,export_price_index,0.07801340771476509,1.3751984750234303,0.17903818720928633,356,46.65327436361346,0.13104852349329624,0.3672273885854681,0.033626421175304774
2vars_growth_inflation,6,3,import_price_index,-0.02402646209185338,-0.3962705151091081,0.6946505863362678,356,46.65327436361346,0.13104852349329624,0.3672273885854681,0.033626421175304774
2vars_growth_inflation,6,3,retail_sales,-0.03994353512257505,-0.38186748000934356,0.7051942149984995,356,46.65327436361346,0.13104852349329624,0.3672273885854681,0.033626421175304774
2vars_growth_inflation,6,3,tot_business_inventories,-0.02405143041171883,-0.27016467359220797,0.7888442197324492,356,46.65327436361346,0.13104852349329624,0.3672273885854681,0.033626421175304774
2vars_growth_inflation,6,3,unemployment,0.014840921113978155,0.675635442399921,0.5043376734556726,356,46.65327436361346,0.13104852349329624,0.3672273885854681,0.033626421175304774
2vars_growth_inflation,6,3,cpi,0.5517044958651437,1.0911471993119581,0.2837109225208756,356,46.65327436361346,0.13104852349329624,0.3672273885854681,0.033626421175304774
2vars_growth_inflation,6,3,PCE_price_index,-0.4777424197752257,-0.9532662282668232,0.3479123396259485,356,46.65327436361346,0.13104852349329624,0.3672273885854681,0.033626421175304774
2vars_growth_inflation,6,3,PPI_inflation,-0.09970241917011961,-0.8056763045458843,0.4266355891581308,356,46.65327436361346,0.13104852349329624,0.3672273885854681,0.033626421175304774
2vars_growth_inflation,6,3,vix,-0.03640878275989503,-3.21607730972287,0.0030594892966469,356,46.65327436361346,0.13104852349329624,0.3672273885854681,0.033626421175304774
2vars_growth_inflation,6,3,nat_fin_condition_indx,0.013321152471539173,1.270118465006326,0.21359929858585325,356,46.65327436361346,0.13104852349329624,0.3672273885854681,0.033626421175304774
2vars_growth_inflation,6,3,10y_2y_spread,0.0039543363704904345,0.2112180270591286,0.8341151205964503,356,46.65327436361346,0.13104852349329624,0.3672273885854681,0.033626421175304774
2vars_growth_inflation,6,3,10y_treasury_const_maturity_rate,-0.023455036052179065,-0.8668519192778817,0.3927582959084077,356,46.65327436361346,0.13104852349329624,0.3672273885854681,0.033626421175304774
2vars_growth_inflation,6,3,fed_reserve_discount_rate,0.008610066094507552,0.19275410310872051,0.8484229725425891,356,46.65327436361346,0.13104852349329624,0.3672273885854681,0.033626421175304774
2vars_growth_inflation,6,3,fedfunds,0.017722693685398843,0.31872974711346924,0.7520931693463471,356,46.65327436361346,0.13104852349329624,0.3672273885854681,0.033626421175304774
2vars_growth_inflation,6,3,m2_real_money_supply,0.0327871881019162,0.4544961156623923,0.6526740527866961,356,46.65327436361346,0.13104852349329624,0.3672273885854681,0.033626421175304774
2vars_growth_inflation,6,4,export_price_index,0.07638542444126643,1.4300233520577443,0.16091684597933287,356,53.835603416634044,0.1512236051029046,0.3225564737926956,0.03490190400078732
2vars_growth_inflation,6,4,import_price_index,-0.023441084848270972,-0.40472726709915274,0.6879571135967031,356,53.835603416634044,0.1512236051029046,0.3225564737926956,0.03490190400078732
2vars_growth_inflation,6,4,retail_sales,-0.005783984996950009,-0.05873381664699443,0.953473243637905,356,53.835603416634044,0.1512236051029046,0.3225564737926956,0.03490190400078732
2vars_growth_inflation,6,4,tot_business_inventories,-0.020828744464490387,-0.2385811122049591,0.8127179317872402,356,53.835603416634044,0.1512236051029046,0.3225564737926956,0.03490190400078732
2vars_growth_inflation,6,4,unemployment,0.01591338188116599,0.7223877424439887,0.4744977363384557,356,53.835603416634044,0.1512236051029046,0.3225564737926956,0.03490190400078732
2vars_growth_inflation,6,4,cpi,0.41003662950310227,0.8886474474860243,0.3798076166103461,356,53.835603416634044,0.1512236051029046,0.3225564737926956,0.03490190400078732
2vars_growth_inflation,6,4,PCE_price_index,-0.35278928962223427,-0.7568135201784434,0.4538488099208817,356,53.835603416634044,0.1512236051029046,0.3225564737926956,0.03490190400078732
2vars_growth_inflation,6,4,PPI_inflation,-0.10514509546873135,-0.9005794763314214,0.37350876036398906,356,53.835603416634044,0.1512236051029046,0.3225564737926956,0.03490190400078732
2vars_growth_inflation,6,4,vix,-0.036999415321022466,-3.4705480651155662,0.00131399786580233,356,53.835603416634044,0.1512236051029046,0.3225564737926956,0.03490190400078732
2vars_growth_inflation,6,4,nat_fin_condition_indx,0.015561467489743361,1.5918507743293153,0.11973984406431071,356,53.835603416634044,0.1512236051029046,0.3225564737926956,0.03490190400078732
2vars_growth_inflation,6,4,10y_2y_spread,0.005272696253600246,0.30093011035163636,0.7651153616474617,356,53.835603416634044,0.1512236051029046,0.3225564737926956,0.03490190400078732
2vars_growth_inflation,6,4,10y_treasury_const_maturity_rate,-0.02304470623300099,-0.9032319957812165,0.37211769556630125,356,53.835603416634044,0.1512236051029046,0.3225564737926956,0.03490190400078732
2vars_growth_inflation,6,4,fed_reserve_discount_rate,0.004794720858815554,0.11735972622136513,0.9071957962620845,356,53.835603416634044,0.1512236051029046,0.3225564737926956,0.03490190400078732
2vars_growth_inflation,6,4,fedfunds,0.017971427887633423,0.35838245456165785,0.7220490704574223,356,53.835603416634044,0.1512236051029046,0.3225564737926956,0.03490190400078732
2vars_growth_inflation,6,4,m2_real_money_supply,0.01580867976345953,0.23959820956079603,0.8119350397961755,356,53.835603416634044,0.1512236051029046,0.3225564737926956,0.03490190400078732
2vars_growth_inflation,6,5,export_price_index,0.07646222415842743,1.4690445459677233,0.1514783805658173,356,48.351850965376485,0.13581980608251823,0.3543217369067756,0.03334056978099134
2vars_growth_inflation,6,5,import_price_index,-0.016915666103884265,-0.31090136293397364,0.7578700164416121,356,48.351850965376485,0.13581980608251823,0.3543217369067756,0.03334056978099134
2vars_growth_inflation,6,5,retail_sales,-0.03385302591003251,-0.3482868735453773,0.7298810174111128,356,48.351850965376485,0.13581980608251823,0.3543217369067756,0.03334056978099134
2vars_growth_inflation,6,5,tot_business_inventories,-0.035470134165849515,-0.4134812914896386,0.6819821507124453,356,48.351850965376485,0.13581980608251823,0.3543217369067756,0.03334056978099134
2vars_growth_inflation,6,5,unemployment,0.011193595469027607,0.555674480245137,0.582256123874541,356,48.351850965376485,0.13581980608251823,0.3543217369067756,0.03334056978099134
2vars_growth_inflation,6,5,cpi,0.5110010705308825,1.0379244606151579,0.3070009423488307,356,48.351850965376485,0.13581980608251823,0.3543217369067756,0.03334056978099134
2vars_growth_inflation,6,5,PCE_price_index,-0.4314764703273506,-0.88039651571468,0.38513809969107937,356,48.351850965376485,0.13581980608251823,0.3543217369067756,0.03334056978099134
2vars_growth_inflation,6,5,PPI_inflation,-0.10618247888216652,-0.9297596081028723,0.35938162237113747,356,48.351850965376485,0.13581980608251823,0.3543217369067756,0.03334056978099134
2vars_growth_inflation,6,5,vix,-0.036307100387092055,-3.288968194219878,0.002430188520351706,356,48.351850965376485,0.13581980608251823,0.3543217369067756,0.03334056978099134
2vars_growth_inflation,6,5,nat_fin_condition_indx,0.01373246732876196,1.3490106285304733,0.18670048853063914,356,48.351850965376485,0.13581980608251823,0.3543217369067756,0.03334056978099134
2vars_growth_inflation,6,5,10y_2y_spread,0.004643129128707112,0.2570575594451526,0.7987622258603002,356,48.351850965376485,0.13581980608251823,0.3543217369067756,0.03334056978099134
2vars_growth_inflation,6,5,10y_treasury_const_maturity_rate,-0.02413616356704199,-0.9095335461491384,0.3697951685538867,356,48.351850965376485,0.13581980608251823,0.3543217369067756,0.03334056978099134
2vars_growth_inflation,6,5,fed_reserve_discount_rate,0.005881882155179218,0.13542935138544546,0.8931115657034916,356,48.351850965376485,0.13581980608251823,0.3543217369067756,0.03334056978099134
2vars_growth_inflation,6,5,fedfunds,0.019568488793528876,0.36017687479261434,0.7210557347637812,356,48.351850965376485,0.13581980608251823,0.3543217369067756,0.03334056978099134
2vars_growth_inflation,6,5,m2_real_money_supply,0.03295848830342407,0.4831885455783938,0.6322159281060249,356,48.351850965376485,0.13581980608251823,0.3543217369067756,0.03334056978099134
2vars_growth_monetary_policy,2,0,export_price_index,0.08022103954256257,2.8028706489973856,0.005826310989884398,356,148.42322798115424,0.4169191797223434,0.38989916831515836,0.03323253047626836
2vars_growth_monetary_policy,2,0,import_price_index,-0.016425700977659927,-0.6229608816993761,0.5343816113150361,356,148.42322798115424,0.4169191797223434,0.38989916831515836,0.03323253047626836
2vars_growth_monetary_policy,2,0,retail_sales,-0.04484884720391912,-1.009202187441039,0.3147181605664733,356,148.42322798115424,0.4169191797223434,0.38989916831515836,0.03323253047626836
2vars_growth_monetary_policy,2,0,tot_business_inventories,-0.02338336596878665,-0.6272836149436851,0.5315534304357414,356,148.42322798115424,0.4169191797223434,0.38989916831515836,0.03323253047626836
2vars_growth_monetary_policy,2,0,unemployment,0.013363766861596642,1.4674748677275589,0.14461799489550775,356,148.42322798115424,0.4169191797223434,0.38989916831515836,0.03323253047626836
2vars_growth_monetary_policy,2,0,cpi,0.6094960413624129,2.624524525276539,0.009696808938975066,356,148.42322798115424,0.4169191797223434,0.38989916831515836,0.03323253047626836
2vars_growth_monetary_policy,2,0,PCE_price_index,-0.5323983416686332,-2.2818671843132603,0.024092365065348176,356,148.42322798115424,0.4169191797223434,0.38989916831515836,0.03323253047626836
2vars_growth_monetary_policy,2,0,PPI_inflation,-0.11416466539954827,-1.9303570095223135,0.05570028153124573,356,148.42322798115424,0.4169191797223434,0.38989916831515836,0.03323253047626836
2vars_growth_monetary_policy,2,0,vix,-0.03801924054551232,-7.381640287388438,1.549538275469331e-11,356,148.42322798115424,0.4169191797223434,0.38989916831515836,0.03323253047626836
2vars_growth_monetary_policy,2,0,nat_fin_condition_indx,0.013997009195535719,3.0900013928048704,0.0024400090454461676,356,148.42322798115424,0.4169191797223434,0.38989916831515836,0.03323253047626836
2vars_growth_monetary_policy,2,0,10y_2y_spread,0.010143252265267085,1.0307726983418661,0.3045263785284613,356,148.42322798115424,0.4169191797223434,0.38989916831515836,0.03323253047626836
2vars_growth_monetary_policy,2,0,10y_treasury_const_maturity_rate,-0.023814515056952774,-1.6194036273176875,0.10773959842954173,356,148.42322798115424,0.4169191797223434,0.38989916831515836,0.03323253047626836
2vars_growth_monetary_policy,2,0,fed_reserve_discount_rate,0.014017036446646721,0.5929474554068014,0.5542275975924849,356,148.42322798115424,0.4169191797223434,0.38989916831515836,0.03323253047626836
2vars_growth_monetary_policy,2,0,fedfunds,0.018693284539340257,0.642391136174672,0.5217298541374111,356,148.42322798115424,0.4169191797223434,0.38989916831515836,0.03323253047626836
2vars_growth_monetary_policy,2,0,m2_real_money_supply,0.043470853967319346,1.4159063867630188,0.15915067770378588,356,148.42322798115424,0.4169191797223434,0.38989916831515836,0.03323253047626836
2vars_growth_monetary_policy,2,1,export_price_index,0.07876252087989692,3.3569254807421753,0.000950514653672796,356,207.57677201884582,0.5830808202776567,0.31483085249999576,0.03371050583238688
2vars_growth_monetary_policy,2,1,import_price_index,-0.027292325084778694,-0.9849458134003344,0.3258929739867198,356,207.57677201884582,0.5830808202776567,0.31483085249999576,0.03371050583238688
2vars_growth_monetary_policy,2,1,retail_sales,-0.026345526157319336,-0.5307295568591701,0.5962208976294092,356,207.57677201884582,0.5830808202776567,0.31483085249999576,0.03371050583238688
2vars_growth_monetary_policy,2,1,tot_business_inventories,-0.041362586220617184,-0.9093525126179061,0.3643066844337888,356,207.57677201884582,0.5830808202776567,0.31483085249999576,0.03371050583238688
2vars_growth_monetary_policy,2,1,unemployment,0.010257088490782317,0.9219101952942187,0.3577349605755935,356,207.57677201884582,0.5830808202776567,0.31483085249999576,0.03371050583238688
2vars_growth_monetary_policy,2,1,cpi,0.43217650967901994,1.946680494670878,0.05303529989971656,356,207.57677201884582,0.5830808202776567,0.31483085249999576,0.03371050583238688
2vars_growth_monetary_policy,2,1,PCE_price_index,-0.35841276902934643,-1.646064158041516,0.10139008644492042,356,207.57677201884582,0.5830808202776567,0.31483085249999576,0.03371050583238688
2vars_growth_monetary_policy,2,1,PPI_inflation,-0.09186636825206569,-1.7896715261790925,0.07508623616272736,356,207.57677201884582,0.5830808202776567,0.31483085249999576,0.03371050583238688
2vars_growth_monetary_policy,2,1,vix,-0.03525224230267349,-7.4268637718357295,3.5647040874664526e-12,356,207.57677201884582,0.5830808202776567,0.31483085249999576,0.03371050583238688
2vars_growth_monetary_policy,2,1,nat_fin_condition_indx,0.01407611286911413,2.890551368274376,0.00428958350783204,356,207.57677201884582,0.5830808202776567,0.31483085249999576,0.03371050583238688
2vars_growth_monetary_policy,2,1,10y_2y_spread,0.0008795014900304005,0.11938888739567381,0.9050923669697224,356,207.57677201884582,0.5830808202776567,0.31483085249999576,0.03371050583238688
2vars_growth_monetary_policy,2,1,10y_treasury_const_maturity_rate,-0.02602150002561497,-2.5295812678449416,0.012225425143123525,356,207.57677201884582,0.5830808202776567,0.31483085249999576,0.03371050583238688
2vars_growth_monetary_policy,2,1,fed_reserve_discount_rate,0.0028559331523620953,0.16482442638535058,0.8692559615541346,356,207.57677201884582,0.5830808202776567,0.31483085249999576,0.03371050583238688
2vars_growth_monetary_policy,2,1,fedfunds,0.01815853367084125,0.8267563026085861,0.4094037341077681,356,207.57677201884582,0.5830808202776567,0.31483085249999576,0.03371050583238688
2vars_growth_monetary_policy,2,1,m2_real_money_supply,0.02469442657396574,0.7258764625729727,0.46880034125289116,356,207.57677201884582,0.5830808202776567,0.31483085249999576,0.03371050583238688
2vars_growth_monetary_policy,3,0,export_price_index,0.07857674055829765,2.937600526727094,0.003839897623741706,356,163.3678053107845,0.4588983295246755,0.31505527903238595,0.033719663761425794
2vars_growth_monetary_policy,3,0,import_price_index,-0.02705948987135525,-0.8554968875299817,0.3936648999002452,356,163.3678053107845,0.4588983295246755,0.31505527903238595,0.033719663761425794
2vars_growth_monetary_policy,3,0,retail_sales,-0.02642832548785132,-0.4669689667330994,0.6412117449687509,356,163.3678053107845,0.4588983295246755,0.31505527903238595,0.033719663761425794
2vars_growth_monetary_policy,3,0,tot_business_inventories,-0.041559154500991645,-0.8014435898204746,0.4241652366811661,356,163.3678053107845,0.4588983295246755,0.31505527903238595,0.033719663761425794
2vars_growth_monetary_policy,3,0,unemployment,0.01018943681364315,0.8028042156499584,0.4233807474368052,356,163.3678053107845,0.4588983295246755,0.31505527903238595,0.033719663761425794
2vars_growth_monetary_policy,3,0,cpi,0.4298069829116391,1.697938760775019,0.09162991085901862,356,163.3678053107845,0.4588983295246755,0.31505527903238595,0.033719663761425794
2vars_growth_monetary_policy,3,0,PCE_price_index,-0.3556522479594097,-1.4321008458950697,0.15423259738436368,356,163.3678053107845,0.4588983295246755,0.31505527903238595,0.033719663761425794
2vars_growth_monetary_policy,3,0,PPI_inflation,-0.09216743348650572,-1.5729106606014902,0.11788401061640852,356,163.3678053107845,0.4588983295246755,0.31505527903238595,0.033719663761425794
2vars_growth_monetary_policy,3,0,vix,-0.0352806994955059,-6.516920198359799,1.0685115015007796e-09,356,163.3678053107845,0.4588983295246755,0.31505527903238595,0.033719663761425794
2vars_growth_monetary_policy,3,0,nat_fin_condition_indx,0.014111587266380461,2.540904198334122,0.012091214507526038,356,163.3678053107845,0.4588983295246755,0.31505527903238595,0.033719663761425794
2vars_growth_monetary_policy,3,0,10y_2y_spread,0.0008518740878780318,0.1014394415073422,0.9193395146175694,356,163.3678053107845,0.4588983295246755,0.31505527903238595,0.033719663761425794
2vars_growth_monetary_policy,3,0,10y_treasury_const_maturity_rate,-0.026144336010880113,-2.2285932829719353,0.027354918910107662,356,163.3678053107845,0.4588983295246755,0.31505527903238595,0.033719663761425794
2vars_growth_monetary_policy,3,0,fed_reserve_discount_rate,0.002764409590971519,0.13995524293354356,0.8888864533959042,356,163.3678053107845,0.4588983295246755,0.31505527903238595,0.033719663761425794
2vars_growth_monetary_policy,3,0,fedfunds,0.01820871565420963,0.7273388429812156,0.4681723270169411,356,163.3678053107845,0.4588983295246755,0.31505527903238595,0.033719663761425794
2vars_growth_monetary_policy,3,0,m2_real_money_supply,0.02473169235685544,0.6375975156937221,0.5247251112638436,356,163.3678053107845,0.4588983295246755,0.31505527903238595,0.033719663761425794
2vars_growth_monetary_policy,3,1,export_price_index,0.08047698685728327,2.457398611073163,0.015702166051487554,356,116.78322655153326,0.32804277121217207,0.3768802939885538,0.033205413577477055
2vars_growth_monetary_policy,3,1,import_price_index,-0.013511662454358421,-0.4425406735661726,0.6590463175444272,356,116.78322655153326,0.32804277121217207,0.3768802939885538,0.033205413577477055
2vars_growth_monetary_policy,3,1,retail_sales,-0.03780916046138527,-0.7273544399031303,0.46869514517090227,356,116.78322655153326,0.32804277121217207,0.3768802939885538,0.033205413577477055
2vars_growth_monetary_policy,3,1,tot_business_inventories,-0.030993293761215086,-0.6982348213093074,0.486638305752771,356,116.78322655153326,0.32804277121217207,0.3768802939885538,0.033205413577477055
2vars_growth_monetary_policy,3,1,unemployment,0.011733614124939557,1.0912172200883683,0.27777922546740674,356,116.78322655153326,0.32804277121217207,0.3768802939885538,0.033205413577477055
2vars_growth_monetary_policy,3,1,cpi,0.5749864234327325,2.1175318877776252,0.036675322496964036,356,116.78322655153326,0.32804277121217207,0.3768802939885538,0.033205413577477055
2vars_growth_monetary_policy,3,1,PCE_price_index,-0.49512733431381517,-1.8083888945359399,0.07352809752114808,356,116.78322655153326,0.32804277121217207,0.3768802939885538,0.033205413577477055
2vars_growth_monetary_policy,3,1,PPI_inflation,-0.11867397471000526,-1.744862739335148,0.08405700569220076,356,116.78322655153326,0.32804277121217207,0.3768802939885538,0.033205413577477055
2vars_growth_monetary_policy,3,1,vix,-0.03789118199243155,-6.4324988897453075,4.260123809274319e-09,356,116.78322655153326,0.32804277121217207,0.3768802939885538,0.033205413577477055
2vars_growth_monetary_policy,3,1,nat_fin_condition_indx,0.014275467369346703,2.743245451358599,0.0072016053126040536,356,116.78322655153326,0.32804277121217207,0.3768802939885538,0.033205413577477055
2vars_growth_monetary_policy,3,1,10y_2y_spread,0.01048075273565211,0.9297720662872532,0.35471078821234836,356,116.78322655153326,0.32804277121217207,0.3768802939885538,0.033205413577477055
2vars_growth_monetary_policy,3,1,10y_treasury_const_maturity_rate,-0.024477480872762372,-1.4514492229296374,0.1497605537717832,356,116.78322655153326,0.32804277121217207,0.3768802939885538,0.033205413577477055
2vars_growth_monetary_policy,3,1,fed_reserve_discount_rate,0.012206977311646855,0.4486288555607033,0.6546625123533469,356,116.78322655153326,0.32804277121217207,0.3768802939885538,0.033205413577477055
2vars_growth_monetary_policy,3,1,fedfunds,0.020037459442588522,0.6004307515378277,0.549567020945851,356,116.78322655153326,0.32804277121217207,0.3768802939885538,0.033205413577477055
2vars_growth_monetary_policy,3,1,m2_real_money_supply,0.04192118024601102,1.190912048771622,0.23648542605069944,356,116.78322655153326,0.32804277121217207,0.3768802939885538,0.033205413577477055
2vars_growth_monetary_policy,3,2,export_price_index,0.07815980478444179,1.921892303462566,0.05938403188550612,356,75.84896813768228,0.21305889926315247,0.3671989850837636,0.033624734631110494
2vars_growth_monetary_policy,3,2,import_price_index,-0.024140263383064065,-0.5559863864419431,0.5802928906564477,356,75.84896813768228,0.21305889926315247,0.3671989850837636,0.033624734631110494
2vars_growth_monetary_policy,3,2,retail_sales,-0.0398967271194769,-0.533027950937221,0.5959880581145951,356,75.84896813768228,0.21305889926315247,0.3671989850837636,0.033624734631110494
2vars_growth_monetary_policy,3,2,tot_business_inventories,-0.02399056255010333,-0.37646579594265883,0.7079020140822885,356,75.84896813768228,0.21305889926315247,0.3671989850837636,0.033624734631110494
2vars_growth_monetary_policy,3,2,unemployment,0.014874653152288928,0.947409747963018,0.34723979502194835,356,75.84896813768228,0.21305889926315247,0.3671989850837636,0.033624734631110494
2vars_growth_monetary_policy,3,2,cpi,0.5512592168806429,1.5214021517639964,0.1334251906603443,356,75.84896813768228,0.21305889926315247,0.3671989850837636,0.033624734631110494
2vars_growth_monetary_policy,3,2,PCE_price_index,-0.4771462384337403,-1.329386152266758,0.1887658828063521,356,75.84896813768228,0.21305889926315247,0.3671989850837636,0.033624734631110494
2vars_growth_monetary_policy,3,2,PPI_inflation,-0.09975805374576777,-1.125585115430869,0.26483474377643,356,75.84896813768228,0.21305889926315247,0.3671989850837636,0.033624734631110494
2vars_growth_monetary_policy,3,2,vix,-0.03637649565286822,-4.48589994664507,3.352440005022217e-05,356,75.84896813768228,0.21305889926315247,0.3671989850837636,0.033624734631110494
2vars_growth_monetary_policy,3,2,nat_fin_condition_indx,0.013255775285712236,1.7644281426366266,0.0827626336180689,356,75.84896813768228,0.21305889926315247,0.3671989850837636,0.033624734631110494
2vars_growth_monetary_policy,3,2,10y_2y_spread,0.004016643087503435,0.29922432200368215,0.7658055347616655,356,75.84896813768228,0.21305889926315247,0.3671989850837636,0.033624734631110494
2vars_growth_monetary_policy,3,2,10y_treasury_const_maturity_rate,-0.023480631427882204,-1.2125175137224007,0.23007902521373547,356,75.84896813768228,0.21305889926315247,0.3671989850837636,0.033624734631110494
2vars_growth_monetary_policy,3,2,fed_reserve_discount_rate,0.008515502602167574,0.2663076111822953,0.7909176640136604,356,75.84896813768228,0.21305889926315247,0.3671989850837636,0.033624734631110494
2vars_growth_monetary_policy,3,2,fedfunds,0.01799469647279829,0.45209173148241394,0.652837230978077,356,75.84896813768228,0.21305889926315247,0.3671989850837636,0.033624734631110494
2vars_growth_monetary_policy,3,2,m2_real_money_supply,0.032618984440325315,0.6311722234118506,0.5303311532959143,356,75.84896813768228,0.21305889926315247,0.3671989850837636,0.033624734631110494
2vars_growth_monetary_policy,4,0,export_price_index,0.07707582814812701,2.0576618344324964,0.04302661377965422,356,92.57060822159066,0.26002979837525464,0.35412059182925704,0.03346525974331425
2vars_growth_monetary_policy,4,0,import_price_index,-0.010525822068910562,-0.30185560510265086,0.7635804742741175,356,92.57060822159066,0.26002979837525464,0.35412059182925704,0.03346525974331425
2vars_growth_monetary_policy,4,0,retail_sales,-0.046526561209545673,-0.7568507839019434,0.4514618491104496,356,92.57060822159066,0.26002979837525464,0.35412059182925704,0.03346525974331425
2vars_growth_monetary_policy,4,0,tot_business_inventories,-0.03903417795126136,-0.7568874162877178,0.45144002990795107,356,92.57060822159066,0.26002979837525464,0.35412059182925704,0.03346525974331425
2vars_growth_monetary_policy,4,0,unemployment,0.008749829576072081,0.6814545544979493,0.4976398375752418,356,92.57060822159066,0.26002979837525464,0.35412059182925704,0.03346525974331425
2vars_growth_monetary_policy,4,0,cpi,0.538198524281852,1.7130746909383636,0.09074532199451957,356,92.57060822159066,0.26002979837525464,0.35412059182925704,0.03346525974331425
2vars_growth_monetary_policy,4,0,PCE_price_index,-0.44373401714330873,-1.3930154604101326,0.1676463250857021,356,92.57060822159066,0.26002979837525464,0.35412059182925704,0.03346525974331425
2vars_growth_monetary_policy,4,0,PPI_inflation,-0.12058976001759997,-1.5476669939417926,0.1258259017241672,356,92.57060822159066,0.26002979837525464,0.35412059182925704,0.03346525974331425
2vars_growth_monetary_policy,4,0,vix,-0.03790646669938424,-5.405949772363527,7.063695535158843e-07,356,92.57060822159066,0.26002979837525464,0.35412059182925704,0.03346525974331425
2vars_growth_monetary_policy,4,0,nat_fin_condition_indx,0.01414946651219845,2.2739806456476144,0.025768629592781256,356,92.57060822159066,0.26002979837525464,0.35412059182925704,0.03346525974331425
2vars_growth_monetary_policy,4,0,10y_2y_spread,0.010280848468033595,0.8052553527809363,0.42316584698416637,356,92.57060822159066,0.26002979837525464,0.35412059182925704,0.03346525974331425
2vars_growth_monetary_policy,4,0,10y_treasury_const_maturity_rate,-0.02661361357463674,-1.3688354515839236,0.17505309633329835,356,92.57060822159066,0.26002979837525464,0.35412059182925704,0.03346525974331425
2vars_growth_monetary_policy,4,0,fed_reserve_discount_rate,0.009519116900538988,0.30223267393352804,0.7632941319685518,356,92.57060822159066,0.26002979837525464,0.35412059182925704,0.03346525974331425
2vars_growth_monetary_policy,4,0,fedfunds,0.02263920484331884,0.5867381833033523,0.5591055033657852,356,92.57060822159066,0.26002979837525464,0.35412059182925704,0.03346525974331425
2vars_growth_monetary_policy,4,0,m2_real_money_supply,0.04547271762287834,1.1147111952295345,0.26846076500041294,356,92.57060822159066,0.26002979837525464,0.35412059182925704,0.03346525974331425
2vars_growth_monetary_policy,4,1,export_price_index,0.07240484738400536,1.9267626692171682,0.0576950789203059,356,93.07945189407884,0.2614591345339293,0.39604032284010815,0.03328218569807905
2vars_growth_monetary_policy,4,1,import_price_index,-0.025731115951686777,-0.6340862374320402,0.5279018964070383,356,93.07945189407884,0.2614591345339293,0.39604032284010815,0.03328218569807905
2vars_growth_monetary_policy,4,1,retail_sales,-0.028858303057556763,-0.4260226031141651,0.6712786898539678,356,93.07945189407884,0.2614591345339293,0.39604032284010815,0.03328218569807905
2vars_growth_monetary_policy,4,1,tot_business_inventories,-0.026875318397787562,-0.4337227872625573,0.6657012737751637,356,93.07945189407884,0.2614591345339293,0.39604032284010815,0.03328218569807905
2vars_growth_monetary_policy,4,1,unemployment,0.014386450486999625,0.9877730242145741,0.326354449352696,356,93.07945189407884,0.2614591345339293,0.39604032284010815,0.03328218569807905
2vars_growth_monetary_policy,4,1,cpi,0.5420787994147381,1.6143428036807264,0.1105396687830642,356,93.07945189407884,0.2614591345339293,0.39604032284010815,0.03328218569807905
2vars_growth_monetary_policy,4,1,PCE_price_index,-0.4855996133277814,-1.4620727281355972,0.14778658373626263,356,93.07945189407884,0.2614591345339293,0.39604032284010815,0.03328218569807905
2vars_growth_monetary_policy,4,1,PPI_inflation,-0.08240372014343071,-0.9817896137340401,0.3292751758114867,356,93.07945189407884,0.2614591345339293,0.39604032284010815,0.03328218569807905
2vars_growth_monetary_policy,4,1,vix,-0.03867045951497538,-5.586552600301139,3.3444165836726825e-07,356,93.07945189407884,0.2614591345339293,0.39604032284010815,0.03328218569807905
2vars_growth_monetary_policy,4,1,nat_fin_condition_indx,0.014270598489745058,2.154873851362786,0.034294173309913134,356,93.07945189407884,0.2614591345339293,0.39604032284010815,0.03328218569807905
2vars_growth_monetary_policy,4,1,10y_2y_spread,0.009915564139561439,0.8065683304397776,0.4223969051486718,356,93.07945189407884,0.2614591345339293,0.39604032284010815,0.03328218569807905
2vars_growth_monetary_policy,4,1,10y_treasury_const_maturity_rate,-0.02973525097738388,-1.7455045199858645,0.08488200010307567,356,93.07945189407884,0.2614591345339293,0.39604032284010815,0.03328218569807905
2vars_growth_monetary_policy,4,1,fed_reserve_discount_rate,0.005073556980922215,0.19933796289231395,0.842523300620567,356,93.07945189407884,0.2614591345339293,0.39604032284010815,0.03328218569807905
2vars_growth_monetary_policy,4,1,fedfunds,0.030067884778943423,0.9012062904409911,0.37028597504364913,356,93.07945189407884,0.2614591345339293,0.39604032284010815,0.03328218569807905
2vars_growth_monetary_policy,4,1,m2_real_money_supply,0.031298872272799094,0.6744650279862581,0.502033642127214,356,93.07945189407884,0.2614591345339293,0.39604032284010815,0.03328218569807905
2vars_growth_monetary_policy,4,2,export_price_index,0.08363707375857954,2.554820437522668,0.01227151492809142,356,107.70885993714526,0.30255297735153164,0.2886644922795627,0.0334992976292203
2vars_growth_monetary_policy,4,2,import_price_index,-0.02914514102770149,-0.7423487105146948,0.45977323390031843,356,107.70885993714526,0.30255297735153164,0.2886644922795627,0.0334992976292203
2vars_growth_monetary_policy,4,2,retail_sales,-0.02581307714723964,-0.36478833062020044,0.7161092716826025,356,107.70885993714526,0.30255297735153164,0.2886644922795627,0.0334992976292203
2vars_growth_monetary_policy,4,2,tot_business_inventories,-0.04003713843923534,-0.6344544616835496,0.5273638133643908,356,107.70885993714526,0.30255297735153164,0.2886644922795627,0.0334992976292203
2vars_growth_monetary_policy,4,2,unemployment,0.010933881313718816,0.6842778792398531,0.4955252813774571,356,107.70885993714526,0.30255297735153164,0.2886644922795627,0.0334992976292203
2vars_growth_monetary_policy,4,2,cpi,0.4174215003074982,1.351967122306934,0.1797107088932106,356,107.70885993714526,0.30255297735153164,0.2886644922795627,0.0334992976292203
2vars_growth_monetary_policy,4,2,PCE_price_index,-0.33675582480619043,-1.1110680060411153,0.2694435374695021,356,107.70885993714526,0.30255297735153164,0.2886644922795627,0.0334992976292203
2vars_growth_monetary_policy,4,2,PPI_inflation,-0.10059258187935771,-1.3898510181102584,0.16793872471099203,356,107.70885993714526,0.30255297735153164,0.2886644922795627,0.0334992976292203
2vars_growth_monetary_policy,4,2,vix,-0.033200947007851006,-4.780827113606613,6.624897309182032e-06,356,107.70885993714526,0.30255297735153164,0.2886644922795627,0.0334992976292203
2vars_growth_monetary_policy,4,2,nat_fin_condition_indx,0.013445487560932522,1.9553032486335076,0.053591737591045296,356,107.70885993714526,0.30255297735153164,0.2886644922795627,0.0334992976292203
2vars_growth_monetary_policy,4,2,10y_2y_spread,-0.0020086233160011855,-0.1925448888808743,0.8477411487747459,356,107.70885993714526,0.30255297735153164,0.2886644922795627,0.0334992976292203
2vars_growth_monetary_policy,4,2,10y_treasury_const_maturity_rate,-0.021105502641953593,-1.441309507030543,0.15290316341351184,356,107.70885993714526,0.30255297735153164,0.2886644922795627,0.0334992976292203
2vars_growth_monetary_policy,4,2,fed_reserve_discount_rate,0.005948018000786137,0.2198796520765844,0.8264535801923283,356,107.70885993714526,0.30255297735153164,0.2886644922795627,0.0334992976292203
2vars_growth_monetary_policy,4,2,fedfunds,0.01020295015939824,0.309578301267103,0.7575839700225546,356,107.70885993714526,0.30255297735153164,0.2886644922795627,0.0334992976292203
2vars_growth_monetary_policy,4,2,m2_real_money_supply,0.022906656894677236,0.4707496986410344,0.6389372470083585,356,107.70885993714526,0.30255297735153164,0.2886644922795627,0.0334992976292203
2vars_growth_monetary_policy,4,3,export_price_index,0.0779617799500835,1.691606238129957,0.09739315767585266,356,62.64107994718523,0.17595808973928437,0.36699388400430855,0.033631874899105255
2vars_growth_monetary_policy,4,3,import_price_index,-0.02418778496829211,-0.491435876354754,0.6254229682496137,356,62.64107994718523,0.17595808973928437,0.36699388400430855,0.033631874899105255
2vars_growth_monetary_policy,4,3,retail_sales,-0.03941942217382762,-0.46511254085625486,0.6440151806662824,356,62.64107994718523,0.17595808973928437,0.36699388400430855,0.033631874899105255
2vars_growth_monetary_policy,4,3,tot_business_inventories,-0.024026538078170154,-0.33272228414122007,0.7408348405908471,356,62.64107994718523,0.17595808973928437,0.36699388400430855,0.033631874899105255
2vars_growth_monetary_policy,4,3,unemployment,0.01493022682437414,0.8391204518548319,0.4056821071331438,356,62.64107994718523,0.17595808973928437,0.36699388400430855,0.033631874899105255
2vars_growth_monetary_policy,4,3,cpi,0.5468921063125927,1.3335078533792597,0.18884144411487092,356,62.64107994718523,0.17595808973928437,0.36699388400430855,0.033631874899105255
2vars_growth_monetary_policy,4,3,PCE_price_index,-0.4728345116087892,-1.163778465461628,0.2504327984226411,356,62.64107994718523,0.17595808973928437,0.36699388400430855,0.033631874899105255
2vars_growth_monetary_policy,4,3,PPI_inflation,-0.09958966380863779,-0.9912400088068646,0.3266831857865755,356,62.64107994718523,0.17595808973928437,0.36699388400430855,0.033631874899105255
2vars_growth_monetary_policy,4,3,vix,-0.03637700206631523,-3.9578620878775936,0.0002563036269902508,356,62.64107994718523,0.17595808973928437,0.36699388400430855,0.033631874899105255
2vars_growth_monetary_policy,4,3,nat_fin_condition_indx,0.013263081744415588,1.5584178295044737,0.12589455397071592,356,62.64107994718523,0.17595808973928437,0.36699388400430855,0.033631874899105255
2vars_growth_monetary_policy,4,3,10y_2y_spread,0.004015724201782029,0.26463993722933793,0.7924528521036822,356,62.64107994718523,0.17595808973928437,0.36699388400430855,0.033631874899105255
2vars_growth_monetary_policy,4,3,10y_treasury_const_maturity_rate,-0.023535253823652603,-1.07308704345767,0.28875286946983314,356,62.64107994718523,0.17595808973928437,0.36699388400430855,0.033631874899105255
2vars_growth_monetary_policy,4,3,fed_reserve_discount_rate,0.008238752900735292,0.22740690944876688,0.8211012484702915,356,62.64107994718523,0.17595808973928437,0.36699388400430855,0.033631874899105255
2vars_growth_monetary_policy,4,3,fedfunds,0.018294872855531736,0.40595846512186134,0.6866296282534177,356,62.64107994718523,0.17595808973928437,0.36699388400430855,0.033631874899105255
2vars_growth_monetary_policy,4,3,m2_real_money_supply,0.03226816929281514,0.5512724069255066,0.5840783847818058,356,62.64107994718523,0.17595808973928437,0.36699388400430855,0.033631874899105255
2vars_growth_monetary_policy,5,0,export_price_index,0.07769403815862842,1.9367425431855068,0.05702405979883274,356,82.55123493998559,0.23188549140445391,0.28791714180093764,0.03438726581234047
2vars_growth_monetary_policy,5,0,import_price_index,-0.02960142463791536,-0.6428002458448167,0.5225622453911276,356,82.55123493998559,0.23188549140445391,0.28791714180093764,0.03438726581234047
2vars_growth_monetary_policy,5,0,retail_sales,-0.02575186159278209,-0.3066891575586332,0.7600374993351435,356,82.55123493998559,0.23188549140445391,0.28791714180093764,0.03438726581234047
2vars_growth_monetary_policy,5,0,tot_business_inventories,-0.04146114476223051,-0.5540130963171532,0.5814267113339189,356,82.55123493998559,0.23188549140445391,0.28791714180093764,0.03438726581234047
2vars_growth_monetary_policy,5,0,unemployment,0.010332999275164583,0.5513648258641821,0.583230133461974,356,82.55123493998559,0.23188549140445391,0.28791714180093764,0.03438726581234047
2vars_growth_monetary_policy,5,0,cpi,0.41488183521275895,1.095631365387134,0.277189269696116,356,82.55123493998559,0.23188549140445391,0.28791714180093764,0.03438726581234047
2vars_growth_monetary_policy,5,0,PCE_price_index,-0.33729115523180137,-0.91636428415545,0.3627845954281681,356,82.55123493998559,0.23188549140445391,0.28791714180093764,0.03438726581234047
2vars_growth_monetary_policy,5,0,PPI_inflation,-0.09108661901472125,-1.042851633586084,0.30079050595134005,356,82.55123493998559,0.23188549140445391,0.28791714180093764,0.03438726581234047
2vars_growth_monetary_policy,5,0,vix,-0.0332252988388069,-4.134206336348054,0.00010191519911506575,356,82.55123493998559,0.23188549140445391,0.28791714180093764,0.03438726581234047
2vars_growth_monetary_policy,5,0,nat_fin_condition_indx,0.012663449613846654,1.5811621821134272,0.11858232117801748,356,82.55123493998559,0.23188549140445391,0.28791714180093764,0.03438726581234047
2vars_growth_monetary_policy,5,0,10y_2y_spread,-0.0015455007447423789,-0.11827783561716261,0.9062037922496404,356,82.55123493998559,0.23188549140445391,0.28791714180093764,0.03438726581234047
2vars_growth_monetary_policy,5,0,10y_treasury_const_maturity_rate,-0.023959869715910506,-1.3495014400256213,0.18174892819853383,356,82.55123493998559,0.23188549140445391,0.28791714180093764,0.03438726581234047
2vars_growth_monetary_policy,5,0,fed_reserve_discount_rate,0.0018985183438200114,0.05832823378156309,0.9536619640076993,356,82.55123493998559,0.23188549140445391,0.28791714180093764,0.03438726581234047
2vars_growth_monetary_policy,5,0,fedfunds,0.014790627188635348,0.3748805573372329,0.7089413109392966,356,82.55123493998559,0.23188549140445391,0.28791714180093764,0.03438726581234047
2vars_growth_monetary_policy,5,0,m2_real_money_supply,0.021422896606521764,0.37012067833120327,0.7124678825732902,356,82.55123493998559,0.23188549140445391,0.28791714180093764,0.03438726581234047
2vars_growth_monetary_policy,5,1,export_price_index,0.07951081550101206,1.6480947691177026,0.1072955316076909,356,55.35397563593101,0.15548869560654777,0.43454102234579306,0.033245480790363525
2vars_growth_monetary_policy,5,1,import_price_index,-0.02406695923116685,-0.4534814814905592,0.6526928594760326,356,55.35397563593101,0.15548869560654777,0.43454102234579306,0.033245480790363525
2vars_growth_monetary_policy,5,1,retail_sales,-0.026219428642003474,-0.30025150033899534,0.7655657193115704,356,55.35397563593101,0.15548869560654777,0.43454102234579306,0.033245480790363525
2vars_growth_monetary_policy,5,1,tot_business_inventories,-0.02941291479987112,-0.37698155579255965,0.7082125334547649,356,55.35397563593101,0.15548869560654777,0.43454102234579306,0.033245480790363525
2vars_growth_monetary_policy,5,1,unemployment,0.014675487745567407,0.7766240532246985,0.4420236994939233,356,55.35397563593101,0.15548869560654777,0.43454102234579306,0.033245480790363525
2vars_growth_monetary_policy,5,1,cpi,0.5259622313658456,1.174090972942023,0.24741489179188592,356,55.35397563593101,0.15548869560654777,0.43454102234579306,0.033245480790363525
2vars_growth_monetary_policy,5,1,PCE_price_index,-0.4560868359300662,-1.02275307574902,0.3126707649278424,356,55.35397563593101,0.15548869560654777,0.43454102234579306,0.033245480790363525
2vars_growth_monetary_policy,5,1,PPI_inflation,-0.10151706354908757,-0.9497915670388949,0.3480148877327145,356,55.35397563593101,0.15548869560654777,0.43454102234579306,0.033245480790363525
2vars_growth_monetary_policy,5,1,vix,-0.03836024140697794,-4.027081396678269,0.0002498277075617672,356,55.35397563593101,0.15548869560654777,0.43454102234579306,0.033245480790363525
2vars_growth_monetary_policy,5,1,nat_fin_condition_indx,0.013799982581188221,1.6116721649783206,0.11502565211271065,356,55.35397563593101,0.15548869560654777,0.43454102234579306,0.033245480790363525
2vars_growth_monetary_policy,5,1,10y_2y_spread,0.0040066203840635455,0.2479674800475314,0.8054488905585584,356,55.35397563593101,0.15548869560654777,0.43454102234579306,0.033245480790363525
2vars_growth_monetary_policy,5,1,10y_treasury_const_maturity_rate,-0.025685971115293433,-1.0880685819327418,0.28318374101291144,356,55.35397563593101,0.15548869560654777,0.43454102234579306,0.033245480790363525
2vars_growth_monetary_policy,5,1,fed_reserve_discount_rate,0.003487771316142205,0.09092571301333037,0.9280128576631981,356,55.35397563593101,0.15548869560654777,0.43454102234579306,0.033245480790363525
2vars_growth_monetary_policy,5,1,fedfunds,0.022766802876676043,0.47677890257695793,0.6361564647364677,356,55.35397563593101,0.15548869560654777,0.43454102234579306,0.033245480790363525
2vars_growth_monetary_policy,5,1,m2_real_money_supply,0.02671746194410098,0.4373023391096529,0.6642825852843062,356,55.35397563593101,0.15548869560654777,0.43454102234579306,0.033245480790363525
2vars_growth_monetary_policy,5,2,export_price_index,0.07827755296391213,1.5240249596205024,0.13591779788470548,356,53.38581134910808,0.14996014423906764,0.367224113682903,0.03361069492896296
2vars_growth_monetary_policy,5,2,import_price_index,-0.024147812379815507,-0.439509340656286,0.6628226672340432,356,53.38581134910808,0.14996014423906764,0.367224113682903,0.03361069492896296
2vars_growth_monetary_policy,5,2,retail_sales,-0.040134161036145755,-0.4239027427159766,0.6740659178681856,356,53.38581134910808,0.14996014423906764,0.367224113682903,0.03361069492896296
2vars_growth_monetary_policy,5,2,tot_business_inventories,-0.024206403463275093,-0.3002400750624076,0.7656572490283211,356,53.38581134910808,0.14996014423906764,0.367224113682903,0.03361069492896296
2vars_growth_monetary_policy,5,2,unemployment,0.014832121085644774,0.7462406907506581,0.4601890129108166,356,53.38581134910808,0.14996014423906764,0.367224113682903,0.03361069492896296
2vars_growth_monetary_policy,5,2,cpi,0.5520664343700614,1.2059646019033652,0.23540802945051764,356,53.38581134910808,0.14996014423906764,0.367224113682903,0.03361069492896296
2vars_growth_monetary_policy,5,2,PCE_price_index,-0.4778477433889869,-1.0537177009758814,0.2987749308737462,356,53.38581134910808,0.14996014423906764,0.367224113682903,0.03361069492896296
2vars_growth_monetary_policy,5,2,PPI_inflation,-0.09974109429317056,-0.8906258165589679,0.37882586754956815,356,53.38581134910808,0.14996014423906764,0.367224113682903,0.03361069492896296
2vars_growth_monetary_policy,5,2,vix,-0.03637435895360229,-3.5449107105703876,0.0010753734972315243,356,53.38581134910808,0.14996014423906764,0.367224113682903,0.03361069492896296
2vars_growth_monetary_policy,5,2,nat_fin_condition_indx,0.013265433804797847,1.3952766892750916,0.17116608075621187,356,53.38581134910808,0.14996014423906764,0.367224113682903,0.03361069492896296
2vars_growth_monetary_policy,5,2,10y_2y_spread,0.003874063574004816,0.22873608623471592,0.82032067347688,356,53.38581134910808,0.14996014423906764,0.367224113682903,0.03361069492896296
2vars_growth_monetary_policy,5,2,10y_treasury_const_maturity_rate,-0.023387546566692712,-0.955733045960029,0.34534666313278883,356,53.38581134910808,0.14996014423906764,0.367224113682903,0.03361069492896296
2vars_growth_monetary_policy,5,2,fed_reserve_discount_rate,0.008690130664109341,0.21517836275616287,0.8307978228337907,356,53.38581134910808,0.14996014423906764,0.367224113682903,0.03361069492896296
2vars_growth_monetary_policy,5,2,fedfunds,0.01762610706779821,0.3507066847330472,0.7277769266637923,356,53.38581134910808,0.14996014423906764,0.367224113682903,0.03361069492896296
2vars_growth_monetary_policy,5,2,m2_real_money_supply,0.03281279115250544,0.5020381007078638,0.6185848404819134,356,53.38581134910808,0.14996014423906764,0.367224113682903,0.03361069492896296
2vars_growth_monetary_policy,5,3,export_price_index,0.07724038068446365,1.8720172699326227,0.06585728943836533,356,78.86884915395612,0.22154171110661833,0.3542296410176258,0.03345229919596029
2vars_growth_monetary_policy,5,3,import_price_index,-0.01056672433931458,-0.27460199367339444,0.7845223926055538,356,78.86884915395612,0.22154171110661833,0.3542296410176258,0.03345229919596029
2vars_growth_monetary_policy,5,3,retail_sales,-0.04701867677385351,-0.692999480571428,0.49086207966355433,356,78.86884915395612,0.22154171110661833,0.3542296410176258,0.03345229919596029
2vars_growth_monetary_policy,5,3,tot_business_inventories,-0.03911517975074838,-0.6875751287603993,0.49424928365780807,356,78.86884915395612,0.22154171110661833,0.3542296410176258,0.03345229919596029
2vars_growth_monetary_policy,5,3,unemployment,0.00871261032109506,0.6147850526908465,0.5409154977404469,356,78.86884915395612,0.22154171110661833,0.3542296410176258,0.03345229919596029
2vars_growth_monetary_policy,5,3,cpi,0.5419216381406836,1.5633818204914716,0.12298293545495409,356,78.86884915395612,0.22154171110661833,0.3542296410176258,0.03345229919596029
2vars_growth_monetary_policy,5,3,PCE_price_index,-0.44743510442139856,-1.2731466478056184,0.20765365952145132,356,78.86884915395612,0.22154171110661833,0.3542296410176258,0.03345229919596029
2vars_growth_monetary_policy,5,3,PPI_inflation,-0.12049567955230486,-1.4037663913094058,0.16530891054370356,356,78.86884915395612,0.22154171110661833,0.3542296410176258,0.03345229919596029
2vars_growth_monetary_policy,5,3,vix,-0.037896026627705824,-4.896761607694477,7.136563754173153e-06,356,78.86884915395612,0.22154171110661833,0.3542296410176258,0.03345229919596029
2vars_growth_monetary_policy,5,3,nat_fin_condition_indx,0.014135452189590962,2.0538158291344977,0.04415787376997127,356,78.86884915395612,0.22154171110661833,0.3542296410176258,0.03345229919596029
2vars_growth_monetary_policy,5,3,10y_2y_spread,0.010173697327831766,0.7223845267931043,0.4727367271065146,356,78.86884915395612,0.22154171110661833,0.3542296410176258,0.03345229919596029
2vars_growth_monetary_policy,5,3,10y_treasury_const_maturity_rate,-0.02648467044238121,-1.235247061345365,0.2213349004752676,356,78.86884915395612,0.22154171110661833,0.3542296410176258,0.03345229919596029
2vars_growth_monetary_policy,5,3,fed_reserve_discount_rate,0.009869918548649981,0.2844275171320714,0.7770175311989651,356,78.86884915395612,0.22154171110661833,0.3542296410176258,0.03345229919596029
2vars_growth_monetary_policy,5,3,fedfunds,0.022141996154824775,0.5206734359489633,0.6044232963245024,356,78.86884915395612,0.22154171110661833,0.3542296410176258,0.03345229919596029
2vars_growth_monetary_policy,5,3,m2_real_money_supply,0.045833730474262376,1.0184656340702454,0.3123601311620485,356,78.86884915395612,0.22154171110661833,0.3542296410176258,0.03345229919596029
2vars_growth_monetary_policy,5,4,export_price_index,0.07973441976001851,2.0432939178477705,0.04479787513811262,356,85.8401289210192,0.24112395764331235,0.3231697427434175,0.032733477387061546
2vars_growth_monetary_policy,5,4,import_price_index,-0.02221083344281217,-0.5139517033207487,0.6089081262229197,356,85.8401289210192,0.24112395764331235,0.3231697427434175,0.032733477387061546
2vars_growth_monetary_policy,5,4,retail_sales,-0.02380581453709039,-0.3192781263464239,0.750468657076854,356,85.8401289210192,0.24112395764331235,0.3231697427434175,0.032733477387061546
2vars_growth_monetary_policy,5,4,tot_business_inventories,-0.032362886026389356,-0.4820296824654799,0.6312920577122245,356,85.8401289210192,0.24112395764331235,0.3231697427434175,0.032733477387061546
2vars_growth_monetary_policy,5,4,unemployment,0.013434572913248103,0.8257719505635165,0.4117454443814905,356,85.8401289210192,0.24112395764331235,0.3231697427434175,0.032733477387061546
2vars_growth_monetary_policy,5,4,cpi,0.5100149883658048,1.4820178223750204,0.14283375814930643,356,85.8401289210192,0.24112395764331235,0.3231697427434175,0.032733477387061546
2vars_growth_monetary_policy,5,4,PCE_price_index,-0.4430296032979202,-1.2956821650473538,0.19935103208822214,356,85.8401289210192,0.24112395764331235,0.3231697427434175,0.032733477387061546
2vars_growth_monetary_policy,5,4,PPI_inflation,-0.10013835631698981,-1.1540456116543651,0.25241534908082897,356,85.8401289210192,0.24112395764331235,0.3231697427434175,0.032733477387061546
2vars_growth_monetary_policy,5,4,vix,-0.0369266937558057,-4.810305457358566,8.390479295572462e-06,356,85.8401289210192,0.24112395764331235,0.3231697427434175,0.032733477387061546
2vars_growth_monetary_policy,5,4,nat_fin_condition_indx,0.01540869770479801,2.027808892297219,0.046396443435453794,356,85.8401289210192,0.24112395764331235,0.3231697427434175,0.032733477387061546
2vars_growth_monetary_policy,5,4,10y_2y_spread,0.007474719145863144,0.6139863656523293,0.5412192032972487,356,85.8401289210192,0.24112395764331235,0.3231697427434175,0.032733477387061546
2vars_growth_monetary_policy,5,4,10y_treasury_const_maturity_rate,-0.024128653128317003,-1.3635467941314725,0.17708946839990247,356,85.8401289210192,0.24112395764331235,0.3231697427434175,0.032733477387061546
2vars_growth_monetary_policy,5,4,fed_reserve_discount_rate,0.010201880591956498,0.3757234899813615,0.7082612908482258,356,85.8401289210192,0.24112395764331235,0.3231697427434175,0.032733477387061546
2vars_growth_monetary_policy,5,4,fedfunds,0.019227495386083922,0.5408552655242951,0.5903282737156883,356,85.8401289210192,0.24112395764331235,0.3231697427434175,0.032733477387061546
2vars_growth_monetary_policy,5,4,m2_real_money_supply,0.03042821536798128,0.6058515699516547,0.5465773328792523,356,85.8401289210192,0.24112395764331235,0.3231697427434175,0.032733477387061546
2vars_growth_monetary_policy,6,0,export_price_index,0.083547054398754,2.1265195103543024,0.037340837251278236,356,79.69001208661166,0.22384834855789792,0.28925860057566044,0.03352143425147402
2vars_growth_monetary_policy,6,0,import_price_index,-0.029175844724177467,-0.6191322270702723,0.5380376586285252,356,79.69001208661166,0.22384834855789792,0.28925860057566044,0.03352143425147402
2vars_growth_monetary_policy,6,0,retail_sales,-0.025461624730107393,-0.29934392605616106,0.7656523206939363,356,79.69001208661166,0.22384834855789792,0.28925860057566044,0.03352143425147402
2vars_growth_monetary_policy,6,0,tot_business_inventories,-0.04016883042446711,-0.5301321997504418,0.5978637160739004,356,79.69001208661166,0.22384834855789792,0.28925860057566044,0.03352143425147402
2vars_growth_monetary_policy,6,0,unemployment,0.01098555404483265,0.5724817295055747,0.5690111013537646,356,79.69001208661166,0.22384834855789792,0.28925860057566044,0.03352143425147402
2vars_growth_monetary_policy,6,0,cpi,0.4147510530744308,1.120341661687287,0.26677511847360824,356,79.69001208661166,0.22384834855789792,0.28925860057566044,0.03352143425147402
2vars_growth_monetary_policy,6,0,PCE_price_index,-0.33427487380909926,-0.9199231206050842,0.3610841115809711,356,79.69001208661166,0.22384834855789792,0.28925860057566044,0.03352143425147402
2vars_growth_monetary_policy,6,0,PPI_inflation,-0.10047320990793066,-1.1567790146615309,0.25168304365751415,356,79.69001208661166,0.22384834855789792,0.28925860057566044,0.03352143425147402
2vars_growth_monetary_policy,6,0,vix,-0.03322199925493797,-3.9849720748472333,0.0001762052844238582,356,79.69001208661166,0.22384834855789792,0.28925860057566044,0.03352143425147402
2vars_growth_monetary_policy,6,0,nat_fin_condition_indx,0.013471583577354151,1.630525403705748,0.10792646613972257,356,79.69001208661166,0.22384834855789792,0.28925860057566044,0.03352143425147402
2vars_growth_monetary_policy,6,0,10y_2y_spread,-0.0022331097601354516,-0.1778599313731688,0.8593974668568194,356,79.69001208661166,0.22384834855789792,0.28925860057566044,0.03352143425147402
2vars_growth_monetary_policy,6,0,10y_treasury_const_maturity_rate,-0.021018246203750788,-1.195265466145505,0.23641501312490543,356,79.69001208661166,0.22384834855789792,0.28925860057566044,0.03352143425147402
2vars_growth_monetary_policy,6,0,fed_reserve_discount_rate,0.00612729376776335,0.18865412590838407,0.8509637589817025,356,79.69001208661166,0.22384834855789792,0.28925860057566044,0.03352143425147402
2vars_growth_monetary_policy,6,0,fedfunds,0.00971969026698406,0.24532179086868713,0.8069960480456282,356,79.69001208661166,0.22384834855789792,0.28925860057566044,0.03352143425147402
2vars_growth_monetary_policy,6,0,m2_real_money_supply,0.022718241013782597,0.38862724473439303,0.6988480542095066,356,79.69001208661166,0.22384834855789792,0.28925860057566044,0.03352143425147402
2vars_growth_monetary_policy,6,1,export_price_index,0.06462998951769663,1.2701200693917267,0.21110352759696305,356,57.580645247031754,0.1617433855253701,0.341018719923752,0.03441211449863424
2vars_growth_monetary_policy,6,1,import_price_index,-0.02312700869925554,-0.424915016843248,0.6730894998220238,356,57.580645247031754,0.1617433855253701,0.341018719923752,0.03441211449863424
2vars_growth_monetary_policy,6,1,retail_sales,-0.03183564073008399,-0.3304102220097075,0.7427491244805013,356,57.580645247031754,0.1617433855253701,0.341018719923752,0.03441211449863424
2vars_growth_monetary_policy,6,1,tot_business_inventories,-0.03562839526352598,-0.41718166128313244,0.6786916917879284,356,57.580645247031754,0.1617433855253701,0.341018719923752,0.03441211449863424
2vars_growth_monetary_policy,6,1,unemployment,0.011527643383017162,0.5493825265738077,0.5856816203788036,356,57.580645247031754,0.1617433855253701,0.341018719923752,0.03441211449863424
2vars_growth_monetary_policy,6,1,cpi,0.4276176005616167,0.9219789148952292,0.3618585050287737,356,57.580645247031754,0.1617433855253701,0.341018719923752,0.03441211449863424
2vars_growth_monetary_policy,6,1,PCE_price_index,-0.35987704137335635,-0.7789369835494409,0.44042754184536426,356,57.580645247031754,0.1617433855253701,0.341018719923752,0.03441211449863424
2vars_growth_monetary_policy,6,1,PPI_inflation,-0.07756867040367924,-0.6803175275917176,0.5000741467564827,356,57.580645247031754,0.1617433855253701,0.341018719923752,0.03441211449863424
2vars_growth_monetary_policy,6,1,vix,-0.03901331925375576,-3.940238604773595,0.00030505793339563603,356,57.580645247031754,0.1617433855253701,0.341018719923752,0.03441211449863424
2vars_growth_monetary_policy,6,1,nat_fin_condition_indx,0.016128596148199868,1.6925181100195135,0.09802860035907579,356,57.580645247031754,0.1617433855253701,0.341018719923752,0.03441211449863424
2vars_growth_monetary_policy,6,1,10y_2y_spread,0.008347742137573007,0.503065013295043,0.6175730509898791,356,57.580645247031754,0.1617433855253701,0.341018719923752,0.03441211449863424
2vars_growth_monetary_policy,6,1,10y_treasury_const_maturity_rate,-0.030947171663863297,-1.3018124909671664,0.20014664689677253,356,57.580645247031754,0.1617433855253701,0.341018719923752,0.03441211449863424
2vars_growth_monetary_policy,6,1,fed_reserve_discount_rate,-0.003792486770255011,-0.09836836986524745,0.9221124734029809,356,57.580645247031754,0.1617433855253701,0.341018719923752,0.03441211449863424
2vars_growth_monetary_policy,6,1,fedfunds,0.03718325486097001,0.7599746056605496,0.4515574453675528,356,57.580645247031754,0.1617433855253701,0.341018719923752,0.03441211449863424
2vars_growth_monetary_policy,6,1,m2_real_money_supply,0.031169685594101392,0.4805556030735331,0.6333511985277749,356,57.580645247031754,0.1617433855253701,0.341018719923752,0.03441211449863424
2vars_growth_monetary_policy,6,2,export_price_index,0.08178457526505792,1.4527364559221339,0.15645990717135216,356,46.64670427467754,0.13103006818729646,0.3872534095178115,0.03352754966553786
2vars_growth_monetary_policy,6,2,import_price_index,-0.023873368658764736,-0.3937737890107816,0.6964745120241229,356,46.64670427467754,0.13103006818729646,0.3872534095178115,0.03352754966553786
2vars_growth_monetary_policy,6,2,retail_sales,-0.023658683703254718,-0.23755417347447938,0.8138078804800291,356,46.64670427467754,0.13103006818729646,0.3872534095178115,0.03352754966553786
2vars_growth_monetary_policy,6,2,tot_business_inventories,-0.028563177393168417,-0.3186528538389886,0.7521513803101125,356,46.64670427467754,0.13103006818729646,0.3872534095178115,0.03352754966553786
2vars_growth_monetary_policy,6,2,unemployment,0.01462765308802793,0.6825630338387504,0.5000102328287901,356,46.64670427467754,0.13103006818729646,0.3872534095178115,0.03352754966553786
2vars_growth_monetary_policy,6,2,cpi,0.509432907624818,0.9937306438176805,0.32813577033281316,356,46.64670427467754,0.13103006818729646,0.3872534095178115,0.03352754966553786
2vars_growth_monetary_policy,6,2,PCE_price_index,-0.4392255098971967,-0.8630619862170659,0.39480751480409326,356,46.64670427467754,0.13103006818729646,0.3872534095178115,0.03352754966553786
2vars_growth_monetary_policy,6,2,PPI_inflation,-0.10640010393634229,-0.8589944609121118,0.3970128148509424,356,46.64670427467754,0.13103006818729646,0.3872534095178115,0.03352754966553786
2vars_growth_monetary_policy,6,2,vix,-0.03716204588174959,-3.382175760141682,0.001980414262359398,356,46.64670427467754,0.13103006818729646,0.3872534095178115,0.03352754966553786
2vars_growth_monetary_policy,6,2,nat_fin_condition_indx,0.013819771020946291,1.35238243479378,0.18614845256942547,356,46.64670427467754,0.13103006818729646,0.3872534095178115,0.03352754966553786
2vars_growth_monetary_policy,6,2,10y_2y_spread,0.004702553150921444,0.25071834212449273,0.8037052027297471,356,46.64670427467754,0.13103006818729646,0.3872534095178115,0.03352754966553786
2vars_growth_monetary_policy,6,2,10y_treasury_const_maturity_rate,-0.02425906475107625,-0.8975808170692462,0.376406644089577,356,46.64670427467754,0.13103006818729646,0.3872534095178115,0.03352754966553786
2vars_growth_monetary_policy,6,2,fed_reserve_discount_rate,0.006617414909795771,0.14764383185569677,0.8835909596460985,356,46.64670427467754,0.13103006818729646,0.3872534095178115,0.03352754966553786
2vars_growth_monetary_policy,6,2,fedfunds,0.01944794014627934,0.3500979635283785,0.7286599345490714,356,46.64670427467754,0.13103006818729646,0.3872534095178115,0.03352754966553786
2vars_growth_monetary_policy,6,2,m2_real_money_supply,0.026288746259900474,0.3780903697112137,0.7079697438328707,356,46.64670427467754,0.13103006818729646,0.3872534095178115,0.03352754966553786
2vars_growth_monetary_policy,6,3,export_price_index,0.07795959639169235,1.3658329409131618,0.18200414526180908,356,46.42407936065544,0.13040471730521191,0.36688630154490154,0.033634255118467606
2vars_growth_monetary_policy,6,3,import_price_index,-0.02419376983138456,-0.39688616120540887,0.6942218802854723,356,46.42407936065544,0.13040471730521191,0.36688630154490154,0.033634255118467606
2vars_growth_monetary_policy,6,3,retail_sales,-0.039697508854847234,-0.3780452229813451,0.708021911608292,356,46.42407936065544,0.13040471730521191,0.36688630154490154,0.033634255118467606
2vars_growth_monetary_policy,6,3,tot_business_inventories,-0.02418252530451241,-0.2703564513995443,0.7887116431107706,356,46.42407936065544,0.13040471730521191,0.36688630154490154,0.033634255118467606
2vars_growth_monetary_policy,6,3,unemployment,0.014881895250974872,0.6752692157757011,0.5046049722506709,356,46.42407936065544,0.13040471730521191,0.36688630154490154,0.033634255118467606
2vars_growth_monetary_policy,6,3,cpi,0.5488889079104066,1.080078302578073,0.28859540775024506,356,46.42407936065544,0.13040471730521191,0.36688630154490154,0.033634255118467606
2vars_growth_monetary_policy,6,3,PCE_price_index,-0.47458168909792303,-0.9426683483197492,0.3532764003624993,356,46.42407936065544,0.13040471730521191,0.36688630154490154,0.033634255118467606
2vars_growth_monetary_policy,6,3,PPI_inflation,-0.0995430769142481,-0.8000002152299586,0.42991324200648373,356,46.42407936065544,0.13040471730521191,0.36688630154490154,0.033634255118467606
2vars_growth_monetary_policy,6,3,vix,-0.036387695110102494,-3.196980665874919,0.003231755752262977,356,46.42407936065544,0.13040471730521191,0.36688630154490154,0.033634255118467606
2vars_growth_monetary_policy,6,3,nat_fin_condition_indx,0.013247167245727503,1.2565057950267111,0.21849503183010266,356,46.42407936065544,0.13040471730521191,0.36688630154490154,0.033634255118467606
2vars_growth_monetary_policy,6,3,10y_2y_spread,0.0040150193198272306,0.21345829531761273,0.8323935274562029,356,46.42407936065544,0.13040471730521191,0.36688630154490154,0.033634255118467606
2vars_growth_monetary_policy,6,3,10y_treasury_const_maturity_rate,-0.023561969865639798,-0.8676723023162024,0.39236632013118156,356,46.42407936065544,0.13040471730521191,0.36688630154490154,0.033634255118467606
2vars_growth_monetary_policy,6,3,fed_reserve_discount_rate,0.008178555636287102,0.18235878614547027,0.8565108562717352,356,46.42407936065544,0.13040471730521191,0.36688630154490154,0.033634255118467606
2vars_growth_monetary_policy,6,3,fedfunds,0.018360412187167156,0.32901063883053394,0.7444018346134129,356,46.42407936065544,0.13040471730521191,0.36688630154490154,0.033634255118467606
2vars_growth_monetary_policy,6,3,m2_real_money_supply,0.03239729795322413,0.4467799497620929,0.6581982394964472,356,46.42407936065544,0.13040471730521191,0.36688630154490154,0.033634255118467606
2vars_growth_monetary_policy,6,4,export_price_index,0.07710994782446157,1.705300285861787,0.09404242001542129,356,68.56248596934387,0.19259125272287603,0.35409023847482335,0.033470721867094336
2vars_growth_monetary_policy,6,4,import_price_index,-0.01046772195125519,-0.24864048434954777,0.8046078306072268,356,68.56248596934387,0.19259125272287603,0.35409023847482335,0.033470721867094336
2vars_growth_monetary_policy,6,4,retail_sales,-0.046502657212500395,-0.6264816646338929,0.5337105449706274,356,68.56248596934387,0.19259125272287603,0.35409023847482335,0.033470721867094336
2vars_growth_monetary_policy,6,4,tot_business_inventories,-0.03893436061653374,-0.6253176228624789,0.5344682124535036,356,68.56248596934387,0.19259125272287603,0.35409023847482335,0.033470721867094336
2vars_growth_monetary_policy,6,4,unemployment,0.008737877743476376,0.5637848711003103,0.5752981922357647,356,68.56248596934387,0.19259125272287603,0.35409023847482335,0.033470721867094336
2vars_growth_monetary_policy,6,4,cpi,0.5389307079178255,1.4204049102079237,0.16139472351624295,356,68.56248596934387,0.19259125272287603,0.35409023847482335,0.033470721867094336
2vars_growth_monetary_policy,6,4,PCE_price_index,-0.444388780604286,-1.1551393426052259,0.25325770660189084,356,68.56248596934387,0.19259125272287603,0.35409023847482335,0.033470721867094336
2vars_growth_monetary_policy,6,4,PPI_inflation,-0.12085356444728797,-1.284446237849528,0.20461815677483042,356,68.56248596934387,0.19259125272287603,0.35409023847482335,0.033470721867094336
2vars_growth_monetary_policy,6,4,vix,-0.037909095029800395,-4.479452136212365,4.0679829761414155e-05,356,68.56248596934387,0.19259125272287603,0.35409023847482335,0.033470721867094336
2vars_growth_monetary_policy,6,4,nat_fin_condition_indx,0.01414711103288872,1.8831872820761666,0.06521349128727172,356,68.56248596934387,0.19259125272287603,0.35409023847482335,0.033470721867094336
2vars_growth_monetary_policy,6,4,10y_2y_spread,0.01028871108427601,0.6671880626340884,0.5075705866769704,356,68.56248596934387,0.19259125272287603,0.35409023847482335,0.033470721867094336
2vars_growth_monetary_policy,6,4,10y_treasury_const_maturity_rate,-0.02660342897411091,-1.1336083619863342,0.2621029142497058,356,68.56248596934387,0.19259125272287603,0.35409023847482335,0.033470721867094336
2vars_growth_monetary_policy,6,4,fed_reserve_discount_rate,0.009514077350499871,0.2503267188449424,0.8033105682530461,356,68.56248596934387,0.19259125272287603,0.35409023847482335,0.033470721867094336
2vars_growth_monetary_policy,6,4,fedfunds,0.02259168400895063,0.48491923475373117,0.6297485112491881,356,68.56248596934387,0.19259125272287603,0.35409023847482335,0.033470721867094336
2vars_growth_monetary_policy,6,4,m2_real_money_supply,0.04542293080075575,0.922317611089946,0.3605772924164756,356,68.56248596934387,0.19259125272287603,0.35409023847482335,0.033470721867094336
2vars_growth_monetary_policy,6,5,export_price_index,0.08567548087346687,1.716478257152784,0.09360439735334847,356,57.09607306167974,0.16038222770134758,0.3844943218172783,0.03226516895628419
2vars_growth_monetary_policy,6,5,import_price_index,-0.02553916610255521,-0.4724815299659253,0.6390827118968141,356,57.09607306167974,0.16038222770134758,0.3844943218172783,0.03226516895628419
2vars_growth_monetary_policy,6,5,retail_sales,-0.03715932871480337,-0.4052816189583239,0.6873726855221616,356,57.09607306167974,0.16038222770134758,0.3844943218172783,0.03226516895628419
2vars_growth_monetary_policy,6,5,tot_business_inventories,-0.028967818913042055,-0.355153854249673,0.7242906738825394,356,57.09607306167974,0.16038222770134758,0.3844943218172783,0.03226516895628419
2vars_growth_monetary_policy,6,5,unemployment,0.014248582507397198,0.7239410767950694,0.473203059577467,356,57.09607306167974,0.16038222770134758,0.3844943218172783,0.03226516895628419
2vars_growth_monetary_policy,6,5,cpi,0.6209486512045438,1.4109042035646462,0.16579843969450225,356,57.09607306167974,0.16038222770134758,0.3844943218172783,0.03226516895628419
2vars_growth_monetary_policy,6,5,PCE_price_index,-0.5488266628650756,-1.2603342025330777,0.21465833727168437,356,57.09607306167974,0.16038222770134758,0.3844943218172783,0.03226516895628419
2vars_growth_monetary_policy,6,5,PPI_inflation,-0.10414057048641019,-0.9681211323907972,0.3386471933048707,356,57.09607306167974,0.16038222770134758,0.3844943218172783,0.03226516895628419
2vars_growth_monetary_policy,6,5,vix,-0.036024056562205455,-3.768241176103867,0.0005171474891827454,356,57.09607306167974,0.16038222770134758,0.3844943218172783,0.03226516895628419
2vars_growth_monetary_policy,6,5,nat_fin_condition_indx,0.011988386429505903,1.3555064247754953,0.18265947611735456,356,57.09607306167974,0.16038222770134758,0.3844943218172783,0.03226516895628419
2vars_growth_monetary_policy,6,5,10y_2y_spread,0.005943140513129335,0.36265488198914464,0.7187212383067321,356,57.09607306167974,0.16038222770134758,0.3844943218172783,0.03226516895628419
2vars_growth_monetary_policy,6,5,10y_treasury_const_maturity_rate,-0.02421971001686614,-1.0555270285894955,0.29735034126787996,356,57.09607306167974,0.16038222770134758,0.3844943218172783,0.03226516895628419
2vars_growth_monetary_policy,6,5,fed_reserve_discount_rate,0.01314250666880715,0.3730161414414447,0.7110535743582327,356,57.09607306167974,0.16038222770134758,0.3844943218172783,0.03226516895628419
2vars_growth_monetary_policy,6,5,fedfunds,0.015503288958343402,0.347381090465242,0.7300778736880416,356,57.09607306167974,0.16038222770134758,0.3844943218172783,0.03226516895628419
2vars_growth_monetary_policy,6,5,m2_real_money_supply,0.03493951270308377,0.5561973336838686,0.5810919665226646,356,57.09607306167974,0.16038222770134758,0.3844943218172783,0.03226516895628419
2vars_growth_market_volatility,2,0,export_price_index,0.07921680542105872,3.8854087363126837,0.00013439871393017278,356,240.91277160416337,0.6767212685510207,0.3003550340078408,0.03148809802630515
2vars_growth_market_volatility,2,0,import_price_index,-0.02923677697907336,-1.2733235589124157,0.20421770010332274,356,240.91277160416337,0.6767212685510207,0.3003550340078408,0.03148809802630515
2vars_growth_market_volatility,2,0,retail_sales,-0.018631752536220753,-0.4452654123945987,0.6565562111554901,356,240.91277160416337,0.6767212685510207,0.3003550340078408,0.03148809802630515
2vars_growth_market_volatility,2,0,tot_business_inventories,-0.022164182198401893,-0.606647451078142,0.5446967564250995,356,240.91277160416337,0.6767212685510207,0.3003550340078408,0.03148809802630515
2vars_growth_market_volatility,2,0,unemployment,0.01345530107527059,1.3903734053708758,0.16578982198793457,356,240.91277160416337,0.6767212685510207,0.3003550340078408,0.03148809802630515
2vars_growth_market_volatility,2,0,cpi,0.41669399270431606,2.252793555995433,0.02523709541692698,356,240.91277160416337,0.6767212685510207,0.3003550340078408,0.03148809802630515
2vars_growth_market_volatility,2,0,PCE_price_index,-0.3537439447924658,-1.9604823151249695,0.05117400550824214,356,240.91277160416337,0.6767212685510207,0.3003550340078408,0.03148809802630515
2vars_growth_market_volatility,2,0,PPI_inflation,-0.09279114571582499,-2.1286989475315696,0.034366632662414576,356,240.91277160416337,0.6767212685510207,0.3003550340078408,0.03148809802630515
2vars_growth_market_volatility,2,0,vix,-0.035277601786428164,-8.16087897056622,2.353672812205332e-14,356,240.91277160416337,0.6767212685510207,0.3003550340078408,0.03148809802630515
2vars_growth_market_volatility,2,0,nat_fin_condition_indx,0.014430612569875467,3.242202560832137,0.0013661820748782638,356,240.91277160416337,0.6767212685510207,0.3003550340078408,0.03148809802630515
2vars_growth_market_volatility,2,0,10y_2y_spread,0.0030349131946677374,0.4718475106997777,0.6374930695766667,356,240.91277160416337,0.6767212685510207,0.3003550340078408,0.03148809802630515
2vars_growth_market_volatility,2,0,10y_treasury_const_maturity_rate,-0.017909825423201138,-1.903003791081998,0.058317086770725,356,240.91277160416337,0.6767212685510207,0.3003550340078408,0.03148809802630515
2vars_growth_market_volatility,2,0,fed_reserve_discount_rate,0.007312847378796446,0.4481299307029842,0.6544908017368622,356,240.91277160416337,0.6767212685510207,0.3003550340078408,0.03148809802630515
2vars_growth_market_volatility,2,0,fedfunds,0.012865655821698211,0.6378211654219786,0.5242389131336687,356,240.91277160416337,0.6767212685510207,0.3003550340078408,0.03148809802630515
2vars_growth_market_volatility,2,0,m2_real_money_supply,0.017068480893026778,0.5996353190449001,0.5493528961556366,356,240.91277160416337,0.6767212685510207,0.3003550340078408,0.03148809802630515
2vars_growth_market_volatility,2,1,export_price_index,0.08699698767069972,2.5381272919386526,0.01270246781991724,356,115.08722839583665,0.32327873144897934,0.4171160427237577,0.037166808499526666
2vars_growth_market_volatility,2,1,import_price_index,-0.01957886401406436,-0.5571133064827382,0.5787062859299594,356,115.08722839583665,0.32327873144897934,0.4171160427237577,0.037166808499526666
2vars_growth_market_volatility,2,1,retail_sales,-0.05458806296611917,-1.0202575709258386,0.3100908950180805,356,115.08722839583665,0.32327873144897934,0.4171160427237577,0.037166808499526666
2vars_growth_market_volatility,2,1,tot_business_inventories,-0.04580725126420655,-0.9418741207618847,0.34854777751546884,356,115.08722839583665,0.32327873144897934,0.4171160427237577,0.037166808499526666
2vars_growth_market_volatility,2,1,unemployment,0.010362199043187524,0.9379766988249393,0.3505370925381408,356,115.08722839583665,0.32327873144897934,0.4171160427237577,0.037166808499526666
2vars_growth_market_volatility,2,1,cpi,0.6889415118591979,2.2955272152698054,0.023810557131050736,356,115.08722839583665,0.32327873144897934,0.4171160427237577,0.037166808499526666
2vars_growth_market_volatility,2,1,PCE_price_index,-0.6017729515515081,-1.9654015559574889,0.052167189285734494,356,115.08722839583665,0.32327873144897934,0.4171160427237577,0.037166808499526666
2vars_growth_market_volatility,2,1,PPI_inflation,-0.11151710224179856,-1.4571382244821234,0.1482400882676862,356,115.08722839583665,0.32327873144897934,0.4171160427237577,0.037166808499526666
2vars_growth_market_volatility,2,1,vix,-0.039574500280079646,-6.506396014211201,3.169544848802275e-09,356,115.08722839583665,0.32327873144897934,0.4171160427237577,0.037166808499526666
2vars_growth_market_volatility,2,1,nat_fin_condition_indx,0.014038347562388774,2.6398228279414893,0.009636816884403654,356,115.08722839583665,0.32327873144897934,0.4171160427237577,0.037166808499526666
2vars_growth_market_volatility,2,1,10y_2y_spread,0.008482496850566078,0.7088274792829471,0.48009592392195755,356,115.08722839583665,0.32327873144897934,0.4171160427237577,0.037166808499526666
2vars_growth_market_volatility,2,1,10y_treasury_const_maturity_rate,-0.03667858267528362,-2.1779605301435137,0.03178160148650799,356,115.08722839583665,0.32327873144897934,0.4171160427237577,0.037166808499526666
2vars_growth_market_volatility,2,1,fed_reserve_discount_rate,0.0075987981079050065,0.29118406958299536,0.7715192017153347,356,115.08722839583665,0.32327873144897934,0.4171160427237577,0.037166808499526666
2vars_growth_market_volatility,2,1,fedfunds,0.028686554805760132,0.8728774798381883,0.38484023624759933,356,115.08722839583665,0.32327873144897934,0.4171160427237577,0.037166808499526666
2vars_growth_market_volatility,2,1,m2_real_money_supply,0.050396506399231294,1.354030983771297,0.17880661366291606,356,115.08722839583665,0.32327873144897934,0.4171160427237577,0.037166808499526666
2vars_growth_market_volatility,3,0,export_price_index,0.06548560934750175,2.7145071155698246,0.007486964810529795,356,153.7014981574059,0.4317457813410278,0.32584630471845655,0.028894239140776767
2vars_growth_market_volatility,3,0,import_price_index,-0.020968842280375197,-0.7496837118586609,0.45472410863752755,356,153.7014981574059,0.4317457813410278,0.32584630471845655,0.028894239140776767
2vars_growth_market_volatility,3,0,retail_sales,-0.025176000182737825,-0.5006505075487823,0.6174163781520696,356,153.7014981574059,0.4317457813410278,0.32584630471845655,0.028894239140776767
2vars_growth_market_volatility,3,0,tot_business_inventories,-0.027159441010960253,-0.620528511392598,0.5359355508413222,356,153.7014981574059,0.4317457813410278,0.32584630471845655,0.028894239140776767
2vars_growth_market_volatility,3,0,unemployment,0.01336169095397183,1.2040194825190884,0.23064762299404507,356,153.7014981574059,0.4317457813410278,0.32584630471845655,0.028894239140776767
2vars_growth_market_volatility,3,0,cpi,0.4803157926543646,2.0941468582676532,0.03807966032861487,356,153.7014981574059,0.4317457813410278,0.32584630471845655,0.028894239140776767
2vars_growth_market_volatility,3,0,PCE_price_index,-0.4009803031977313,-1.7526159102931427,0.0818936418221754,356,153.7014981574059,0.4317457813410278,0.32584630471845655,0.028894239140776767
2vars_growth_market_volatility,3,0,PPI_inflation,-0.09004079875627471,-1.7570011925354212,0.08114021450714715,356,153.7014981574059,0.4317457813410278,0.32584630471845655,0.028894239140776767
2vars_growth_market_volatility,3,0,vix,-0.03517809987467757,-6.868980450413278,2.0386448085218944e-10,356,153.7014981574059,0.4317457813410278,0.32584630471845655,0.028894239140776767
2vars_growth_market_volatility,3,0,nat_fin_condition_indx,0.012021512207691189,2.285306476432919,0.023822624819147542,356,153.7014981574059,0.4317457813410278,0.32584630471845655,0.028894239140776767
2vars_growth_market_volatility,3,0,10y_2y_spread,0.006791602452381294,0.8485543079539262,0.39760201610228174,356,153.7014981574059,0.4317457813410278,0.32584630471845655,0.028894239140776767
2vars_growth_market_volatility,3,0,10y_treasury_const_maturity_rate,-0.01716633763790172,-1.5085453287355142,0.13370600701542745,356,153.7014981574059,0.4317457813410278,0.32584630471845655,0.028894239140776767
2vars_growth_market_volatility,3,0,fed_reserve_discount_rate,-0.0014541862992847692,-0.07086848678974758,0.9436052448500614,356,153.7014981574059,0.4317457813410278,0.32584630471845655,0.028894239140776767
2vars_growth_market_volatility,3,0,fedfunds,0.02698772744847839,1.0356265744207438,0.3021916577175514,356,153.7014981574059,0.4317457813410278,0.32584630471845655,0.028894239140776767
2vars_growth_market_volatility,3,0,m2_real_money_supply,0.021246636145897432,0.6288642262136321,0.5304797530350749,356,153.7014981574059,0.4317457813410278,0.32584630471845655,0.028894239140776767
2vars_growth_market_volatility,3,1,export_price_index,0.07852422897341416,1.9389354748202905,0.057184722419455714,356,76.40576491751617,0.21462293516156225,0.36694997713408106,0.033609536326104285
2vars_growth_market_volatility,3,1,import_price_index,-0.024256338178050483,-0.562458035937302,0.5758854730202905,356,76.40576491751617,0.21462293516156225,0.36694997713408106,0.033609536326104285
2vars_growth_market_volatility,3,1,retail_sales,-0.03971508933773117,-0.532966899764927,0.5960119159452819,356,76.40576491751617,0.21462293516156225,0.36694997713408106,0.033609536326104285
2vars_growth_market_volatility,3,1,tot_business_inventories,-0.02430707772266689,-0.3826636867850083,0.703312341018695,356,76.40576491751617,0.21462293516156225,0.36694997713408106,0.033609536326104285
2vars_growth_market_volatility,3,1,unemployment,0.014870065651212698,0.9505218934791325,0.34563487740804244,356,76.40576491751617,0.21462293516156225,0.36694997713408106,0.033609536326104285
2vars_growth_market_volatility,3,1,cpi,0.5473679955601116,1.5172779206389193,0.13441295228619543,356,76.40576491751617,0.21462293516156225,0.36694997713408106,0.033609536326104285
2vars_growth_market_volatility,3,1,PCE_price_index,-0.4723822490543265,-1.3223236691908165,0.19104552307671496,356,76.40576491751617,0.21462293516156225,0.36694997713408106,0.033609536326104285
2vars_growth_market_volatility,3,1,PPI_inflation,-0.10043095514954471,-1.1398874721823538,0.25883296990398486,356,76.40576491751617,0.21462293516156225,0.36694997713408106,0.033609536326104285
2vars_growth_market_volatility,3,1,vix,-0.03638373131119407,-4.508746036764775,3.057557318619786e-05,356,76.40576491751617,0.21462293516156225,0.36694997713408106,0.033609536326104285
2vars_growth_market_volatility,3,1,nat_fin_condition_indx,0.013269593963181728,1.7716972785465217,0.08148859719646584,356,76.40576491751617,0.21462293516156225,0.36694997713408106,0.033609536326104285
2vars_growth_market_volatility,3,1,10y_2y_spread,0.004132132138528315,0.309493899297066,0.758010960498283,356,76.40576491751617,0.21462293516156225,0.36694997713408106,0.033609536326104285
2vars_growth_market_volatility,3,1,10y_treasury_const_maturity_rate,-0.023404963220544084,-1.214686526152858,0.22921270166878482,356,76.40576491751617,0.21462293516156225,0.36694997713408106,0.033609536326104285
2vars_growth_market_volatility,3,1,fed_reserve_discount_rate,0.008533229883092934,0.2680458171443749,0.7895772713009879,356,76.40576491751617,0.21462293516156225,0.36694997713408106,0.033609536326104285
2vars_growth_market_volatility,3,1,fedfunds,0.018164703875383884,0.45820891396967955,0.648446554810747,356,76.40576491751617,0.21462293516156225,0.36694997713408106,0.033609536326104285
2vars_growth_market_volatility,3,1,m2_real_money_supply,0.03244463477172679,0.6302297394549323,0.5309212724821339,356,76.40576491751617,0.21462293516156225,0.36694997713408106,0.033609536326104285
2vars_growth_market_volatility,3,2,export_price_index,0.09354035053926156,2.7398631877996906,0.007174400533914271,356,125.89273692507791,0.35363128349740985,0.36609196116718,0.03801286861535427
2vars_growth_market_volatility,3,2,import_price_index,-0.01581425017978883,-0.4602170153885958,0.6462697802326043,356,125.89273692507791,0.35363128349740985,0.36609196116718,0.03801286861535427
2vars_growth_market_volatility,3,2,retail_sales,-0.03205252294711103,-0.5740458748245828,0.5671098661767244,356,125.89273692507791,0.35363128349740985,0.36609196116718,0.03801286861535427
2vars_growth_market_volatility,3,2,tot_business_inventories,-0.05398425886479519,-1.0478688323365712,0.2969982401912281,356,125.89273692507791,0.35363128349740985,0.36609196116718,0.03801286861535427
2vars_growth_market_volatility,3,2,unemployment,0.008129223246888488,0.6667600569094337,0.5063229195509242,356,125.89273692507791,0.35363128349740985,0.36609196116718,0.03801286861535427
2vars_growth_market_volatility,3,2,cpi,0.4928858401316315,1.698064453070731,0.09232553573625446,356,125.89273692507791,0.35363128349740985,0.36609196116718,0.03801286861535427
2vars_growth_market_volatility,3,2,PCE_price_index,-0.4139700057401262,-1.4230773886897086,0.15754645227577324,356,125.89273692507791,0.35363128349740985,0.36609196116718,0.03801286861535427
2vars_growth_market_volatility,3,2,PPI_inflation,-0.12591130537230036,-1.6595890182583166,0.09984835583091178,356,125.89273692507791,0.35363128349740985,0.36609196116718,0.03801286861535427
2vars_growth_market_volatility,3,2,vix,-0.03948208826847727,-6.354866960753136,4.867390712703923e-09,356,125.89273692507791,0.35363128349740985,0.36609196116718,0.03801286861535427
2vars_growth_market_volatility,3,2,nat_fin_condition_indx,0.015948948560433895,2.8908530439186233,0.004631030984259654,356,125.89273692507791,0.35363128349740985,0.36609196116718,0.03801286861535427
2vars_growth_market_volatility,3,2,10y_2y_spread,0.0028800191302527436,0.2618658507393457,0.793915073764561,356,125.89273692507791,0.35363128349740985,0.36609196116718,0.03801286861535427
2vars_growth_market_volatility,3,2,10y_treasury_const_maturity_rate,-0.03457827685462896,-2.170222472321823,0.032142718701066775,356,125.89273692507791,0.35363128349740985,0.36609196116718,0.03801286861535427
2vars_growth_market_volatility,3,2,fed_reserve_discount_rate,0.011662130590705066,0.4653840600382101,0.6425773965235932,356,125.89273692507791,0.35363128349740985,0.36609196116718,0.03801286861535427
2vars_growth_market_volatility,3,2,fedfunds,0.014051983353830153,0.46854412724199124,0.6403236006473922,356,125.89273692507791,0.35363128349740985,0.36609196116718,0.03801286861535427
2vars_growth_market_volatility,3,2,m2_real_money_supply,0.042267826715312616,1.0997035058599056,0.2738645833319082,356,125.89273692507791,0.35363128349740985,0.36609196116718,0.03801286861535427
2vars_growth_market_volatility,4,0,export_price_index,0.08875244700493556,1.9531935189645981,0.05591869224631729,356,70.71158620865171,0.19862805114789805,0.4069717592628279,0.0368979025721742
2vars_growth_market_volatility,4,0,import_price_index,-0.012763209930736163,-0.2633131855754373,0.7932983498643633,356,70.71158620865171,0.19862805114789805,0.4069717592628279,0.0368979025721742
2vars_growth_market_volatility,4,0,retail_sales,-0.04434450085158153,-0.5978989427476636,0.5523743528693248,356,70.71158620865171,0.19862805114789805,0.4069717592628279,0.0368979025721742
2vars_growth_market_volatility,4,0,tot_business_inventories,-0.05792636881443629,-0.8280095790772543,0.4112624287937674,356,70.71158620865171,0.19862805114789805,0.4069717592628279,0.0368979025721742
2vars_growth_market_volatility,4,0,unemployment,0.008376863568037568,0.5451860773870341,0.5878412860043563,356,70.71158620865171,0.19862805114789805,0.4069717592628279,0.0368979025721742
2vars_growth_market_volatility,4,0,cpi,0.6313292443937015,1.5259711454204432,0.13277762232154156,356,70.71158620865171,0.19862805114789805,0.4069717592628279,0.0368979025721742
2vars_growth_market_volatility,4,0,PCE_price_index,-0.5372082142090622,-1.2772170749956882,0.20691932379680322,356,70.71158620865171,0.19862805114789805,0.4069717592628279,0.0368979025721742
2vars_growth_market_volatility,4,0,PPI_inflation,-0.12446334872702706,-1.2064121947395245,0.2328494221855082,356,70.71158620865171,0.19862805114789805,0.4069717592628279,0.0368979025721742
2vars_growth_market_volatility,4,0,vix,-0.03942664456232257,-4.7461349482416635,1.5311620217950406e-05,356,70.71158620865171,0.19862805114789805,0.4069717592628279,0.0368979025721742
2vars_growth_market_volatility,4,0,nat_fin_condition_indx,0.014792116377668038,2.069482159824297,0.043236697733229246,356,70.71158620865171,0.19862805114789805,0.4069717592628279,0.0368979025721742
2vars_growth_market_volatility,4,0,10y_2y_spread,0.00811509164425663,0.5152706467437992,0.6084396864777979,356,70.71158620865171,0.19862805114789805,0.4069717592628279,0.0368979025721742
2vars_growth_market_volatility,4,0,10y_treasury_const_maturity_rate,-0.036474371882412884,-1.6499554717536047,0.104682266731704,356,70.71158620865171,0.19862805114789805,0.4069717592628279,0.0368979025721742
2vars_growth_market_volatility,4,0,fed_reserve_discount_rate,0.006427302747302861,0.17706054170729466,0.8601146932558268,356,70.71158620865171,0.19862805114789805,0.4069717592628279,0.0368979025721742
2vars_growth_market_volatility,4,0,fedfunds,0.028726337078404756,0.6393944534806666,0.5252345839452093,356,70.71158620865171,0.19862805114789805,0.4069717592628279,0.0368979025721742
2vars_growth_market_volatility,4,0,m2_real_money_supply,0.04994228477704934,0.9509538150695955,0.34581000080619884,356,70.71158620865171,0.19862805114789805,0.4069717592628279,0.0368979025721742
2vars_growth_market_volatility,4,1,export_price_index,0.06496727298458732,2.3166636134653724,0.02255044017553476,356,116.5692081724481,0.32744159599002276,0.33444525686359894,0.02874715639786181
2vars_growth_market_volatility,4,1,import_price_index,-0.02263443163997159,-0.6736385515247142,0.5020864036750616,356,116.5692081724481,0.32744159599002276,0.33444525686359894,0.02874715639786181
2vars_growth_market_volatility,4,1,retail_sales,-0.026093464912026625,-0.4444647738511911,0.6576615963773733,356,116.5692081724481,0.32744159599002276,0.33444525686359894,0.02874715639786181
2vars_growth_market_volatility,4,1,tot_business_inventories,-0.024813182796730268,-0.4966948301167358,0.6204882585582727,356,116.5692081724481,0.32744159599002276,0.33444525686359894,0.02874715639786181
2vars_growth_market_volatility,4,1,unemployment,0.013982024287810256,1.0994292740578262,0.2742057587196498,356,116.5692081724481,0.32744159599002276,0.33444525686359894,0.02874715639786181
2vars_growth_market_volatility,4,1,cpi,0.5156471533881866,1.9469993353987114,0.05432413268074199,356,116.5692081724481,0.32744159599002276,0.33444525686359894,0.02874715639786181
2vars_growth_market_volatility,4,1,PCE_price_index,-0.44676726098645103,-1.6881250064471043,0.09448604874547795,356,116.5692081724481,0.32744159599002276,0.33444525686359894,0.02874715639786181
2vars_growth_market_volatility,4,1,PPI_inflation,-0.0811425569218085,-1.3315148982037865,0.18602985379343684,356,116.5692081724481,0.32744159599002276,0.33444525686359894,0.02874715639786181
2vars_growth_market_volatility,4,1,vix,-0.03519945881185603,-5.978771516926077,3.448082153134635e-08,356,116.5692081724481,0.32744159599002276,0.33444525686359894,0.02874715639786181
2vars_growth_market_volatility,4,1,nat_fin_condition_indx,0.012156736491840627,2.023256265242159,0.04570008352411392,356,116.5692081724481,0.32744159599002276,0.33444525686359894,0.02874715639786181
2vars_growth_market_volatility,4,1,10y_2y_spread,0.005587166970721853,0.5994311732032844,0.5502334532411863,356,116.5692081724481,0.32744159599002276,0.33444525686359894,0.02874715639786181
2vars_growth_market_volatility,4,1,10y_treasury_const_maturity_rate,-0.01780027324280591,-1.355813183020335,0.17819530760813485,356,116.5692081724481,0.32744159599002276,0.33444525686359894,0.02874715639786181
2vars_growth_market_volatility,4,1,fed_reserve_discount_rate,-0.0017212175220861644,-0.07336251423256168,0.9416633610395713,356,116.5692081724481,0.32744159599002276,0.33444525686359894,0.02874715639786181
2vars_growth_market_volatility,4,1,fedfunds,0.025685102366819864,0.8628285162654646,0.39028468594188914,356,116.5692081724481,0.32744159599002276,0.33444525686359894,0.02874715639786181
2vars_growth_market_volatility,4,1,m2_real_money_supply,0.022705471612049406,0.5870732213728761,0.5584701951321476,356,116.5692081724481,0.32744159599002276,0.33444525686359894,0.02874715639786181
2vars_growth_market_volatility,4,2,export_price_index,0.08765580453296364,2.4129959367893625,0.01785906102740764,356,105.58599206622343,0.29658986535456017,0.31698421125805143,0.03541462073056433
2vars_growth_market_volatility,4,2,import_price_index,-0.023812165986016924,-0.6828735344658902,0.496448896972131,356,105.58599206622343,0.29658986535456017,0.31698421125805143,0.03541462073056433
2vars_growth_market_volatility,4,2,retail_sales,-0.02629088625786257,-0.3976175366390718,0.6918579833190508,356,105.58599206622343,0.29658986535456017,0.31698421125805143,0.03541462073056433
2vars_growth_market_volatility,4,2,tot_business_inventories,-0.03788046814022284,-0.6433982994784397,0.5216092822763585,356,105.58599206622343,0.29658986535456017,0.31698421125805143,0.03541462073056433
2vars_growth_market_volatility,4,2,unemployment,0.010835303898751184,0.7022085516893708,0.4843696196749605,356,105.58599206622343,0.29658986535456017,0.31698421125805143,0.03541462073056433
2vars_growth_market_volatility,4,2,cpi,0.3851796663930963,1.2512734697216341,0.2140924185475921,356,105.58599206622343,0.29658986535456017,0.31698421125805143,0.03541462073056433
2vars_growth_market_volatility,4,2,PCE_price_index,-0.307555011103184,-1.023770698300829,0.3087001539733585,356,105.58599206622343,0.29658986535456017,0.31698421125805143,0.03541462073056433
2vars_growth_market_volatility,4,2,PPI_inflation,-0.11608893142087146,-1.523083588595253,0.13126008545506695,356,105.58599206622343,0.29658986535456017,0.31698421125805143,0.03541462073056433
2vars_growth_market_volatility,4,2,vix,-0.03765495659838566,-5.278646606597523,9.008291039780403e-07,356,105.58599206622343,0.29658986535456017,0.31698421125805143,0.03541462073056433
2vars_growth_market_volatility,4,2,nat_fin_condition_indx,0.016326519139089685,2.332598383359928,0.02190983671329949,356,105.58599206622343,0.29658986535456017,0.31698421125805143,0.03541462073056433
2vars_growth_market_volatility,4,2,10y_2y_spread,0.002332370430095186,0.20578491998739257,0.8374258353133164,356,105.58599206622343,0.29658986535456017,0.31698421125805143,0.03541462073056433
2vars_growth_market_volatility,4,2,10y_treasury_const_maturity_rate,-0.024354295363376084,-1.4604203517205407,0.14767283066450543,356,105.58599206622343,0.29658986535456017,0.31698421125805143,0.03541462073056433
2vars_growth_market_volatility,4,2,fed_reserve_discount_rate,0.014668720969440054,0.5519374392515555,0.5823654900727511,356,105.58599206622343,0.29658986535456017,0.31698421125805143,0.03541462073056433
2vars_growth_market_volatility,4,2,fedfunds,0.007377980048970698,0.22774830493452086,0.8203609031750738,356,105.58599206622343,0.29658986535456017,0.31698421125805143,0.03541462073056433
2vars_growth_market_volatility,4,2,m2_real_money_supply,0.029553783500617194,0.6611675552123666,0.5102016978317887,356,105.58599206622343,0.29658986535456017,0.31698421125805143,0.03541462073056433
2vars_growth_market_volatility,4,3,export_price_index,0.07775906398278648,1.6943252674313647,0.09680233943104422,356,63.133213552676736,0.17734048750751893,0.3675396066233304,0.033651324192370546
2vars_growth_market_volatility,4,3,import_price_index,-0.023465124076176375,-0.48078174280557573,0.6328959108768641,356,63.133213552676736,0.17734048750751893,0.3675396066233304,0.033651324192370546
2vars_growth_market_volatility,4,3,retail_sales,-0.040141028938412746,-0.47544543819429913,0.6366656216324968,356,63.133213552676736,0.17734048750751893,0.3675396066233304,0.033651324192370546
2vars_growth_market_volatility,4,3,tot_business_inventories,-0.024997801399590944,-0.3484526677860065,0.7290519308885053,356,63.133213552676736,0.17734048750751893,0.3675396066233304,0.033651324192370546
2vars_growth_market_volatility,4,3,unemployment,0.014665689946649551,0.8283585584156328,0.41164250361203725,356,63.133213552676736,0.17734048750751893,0.3675396066233304,0.033651324192370546
2vars_growth_market_volatility,4,3,cpi,0.5507429601578341,1.3498756748048535,0.18350338325089455,356,63.133213552676736,0.17734048750751893,0.3675396066233304,0.033651324192370546
2vars_growth_market_volatility,4,3,PCE_price_index,-0.47523598836111247,-1.1755584815140818,0.24567548343961443,356,63.133213552676736,0.17734048750751893,0.3675396066233304,0.033651324192370546
2vars_growth_market_volatility,4,3,PPI_inflation,-0.10062629304884665,-1.0079376722344697,0.31863105180496354,356,63.133213552676736,0.17734048750751893,0.3675396066233304,0.033651324192370546
2vars_growth_market_volatility,4,3,vix,-0.03647174063482853,-4.004102586761281,0.0002192994703096307,356,63.133213552676736,0.17734048750751893,0.3675396066233304,0.033651324192370546
2vars_growth_market_volatility,4,3,nat_fin_condition_indx,0.013290419613420054,1.5678391888641763,0.12360857767505706,356,63.133213552676736,0.17734048750751893,0.3675396066233304,0.033651324192370546
2vars_growth_market_volatility,4,3,10y_2y_spread,0.0041687900568981385,0.27515299755463823,0.7844013262488383,356,63.133213552676736,0.17734048750751893,0.3675396066233304,0.033651324192370546
2vars_growth_market_volatility,4,3,10y_treasury_const_maturity_rate,-0.023689405100460866,-1.0839054645388915,0.28392027888819604,356,63.133213552676736,0.17734048750751893,0.3675396066233304,0.033651324192370546
2vars_growth_market_volatility,4,3,fed_reserve_discount_rate,0.008066314983576248,0.22364687915753675,0.8239986364702743,356,63.133213552676736,0.17734048750751893,0.3675396066233304,0.033651324192370546
2vars_growth_market_volatility,4,3,fedfunds,0.018719150436644277,0.41669213896844304,0.6787952467632206,356,63.133213552676736,0.17734048750751893,0.3675396066233304,0.033651324192370546
2vars_growth_market_volatility,4,3,m2_real_money_supply,0.033122459701066136,0.5707951015200297,0.5708500730298032,356,63.133213552676736,0.17734048750751893,0.3675396066233304,0.033651324192370546
2vars_growth_market_volatility,5,0,export_price_index,0.0744725413351787,1.835733270317375,0.0715145891529656,356,74.11918549103117,0.2081999592444696,0.3370569730440891,0.03238351680568039
2vars_growth_market_volatility,5,0,import_price_index,-0.019388272715716758,-0.4512489370073686,0.6534894307228849,356,74.11918549103117,0.2081999592444696,0.3370569730440891,0.03238351680568039
2vars_growth_market_volatility,5,0,retail_sales,-0.03280827939949032,-0.4137101143782689,0.6806091073471716,356,74.11918549103117,0.2081999592444696,0.3370569730440891,0.03238351680568039
2vars_growth_market_volatility,5,0,tot_business_inventories,-0.04215075745147931,-0.6094699057527478,0.5445883797778035,356,74.11918549103117,0.2081999592444696,0.3370569730440891,0.03238351680568039
2vars_growth_market_volatility,5,0,unemployment,0.010826471415741263,0.6212465611106092,0.5368665050332582,356,74.11918549103117,0.2081999592444696,0.3370569730440891,0.03238351680568039
2vars_growth_market_volatility,5,0,cpi,0.41118518311115715,1.1037384707867286,0.2742556115983277,356,74.11918549103117,0.2081999592444696,0.3370569730440891,0.03238351680568039
2vars_growth_market_volatility,5,0,PCE_price_index,-0.3087832162371361,-0.8416296427642809,0.4034450723330487,356,74.11918549103117,0.2081999592444696,0.3370569730440891,0.03238351680568039
2vars_growth_market_volatility,5,0,PPI_inflation,-0.11225855205831897,-1.3070567349353481,0.1963413122938742,356,74.11918549103117,0.2081999592444696,0.3370569730440891,0.03238351680568039
2vars_growth_market_volatility,5,0,vix,-0.037763256888363864,-4.520612185672169,3.083950171411942e-05,356,74.11918549103117,0.2081999592444696,0.3370569730440891,0.03238351680568039
2vars_growth_market_volatility,5,0,nat_fin_condition_indx,0.014290402098069085,1.7610398159435208,0.08349190245171689,356,74.11918549103117,0.2081999592444696,0.3370569730440891,0.03238351680568039
2vars_growth_market_volatility,5,0,10y_2y_spread,0.008718603798291341,0.6311891786640567,0.5303914506533487,356,74.11918549103117,0.2081999592444696,0.3370569730440891,0.03238351680568039
2vars_growth_market_volatility,5,0,10y_treasury_const_maturity_rate,-0.023993518604790362,-1.219737975949633,0.22749090941482675,356,74.11918549103117,0.2081999592444696,0.3370569730440891,0.03238351680568039
2vars_growth_market_volatility,5,0,fed_reserve_discount_rate,0.002695323542693739,0.08249912726298239,0.9345332897576126,356,74.11918549103117,0.2081999592444696,0.3370569730440891,0.03238351680568039
2vars_growth_market_volatility,5,0,fedfunds,0.02956950283918872,0.7242501313049372,0.4718176658142519,356,74.11918549103117,0.2081999592444696,0.3370569730440891,0.03238351680568039
2vars_growth_market_volatility,5,0,m2_real_money_supply,0.02960359176864487,0.5507772375096964,0.5838974307071183,356,74.11918549103117,0.2081999592444696,0.3370569730440891,0.03238351680568039
2vars_growth_market_volatility,5,1,export_price_index,0.08564836726269441,1.959147431635086,0.054474734512461875,356,79.71055577232922,0.22390605554025061,0.3169345338196722,0.035985913294443
2vars_growth_market_volatility,5,1,import_price_index,-0.025421511240429365,-0.5779273361795729,0.5653503137880946,356,79.71055577232922,0.22390605554025061,0.3169345338196722,0.035985913294443
2vars_growth_market_volatility,5,1,retail_sales,-0.025784884376865127,-0.32874421438571516,0.7434271928174092,356,79.71055577232922,0.22390605554025061,0.3169345338196722,0.035985913294443
2vars_growth_market_volatility,5,1,tot_business_inventories,-0.03742264015398624,-0.5405210945389997,0.5907224357977472,356,79.71055577232922,0.22390605554025061,0.3169345338196722,0.035985913294443
2vars_growth_market_volatility,5,1,unemployment,0.010850321532194743,0.5993246886336869,0.5510817759767805,356,79.71055577232922,0.22390605554025061,0.3169345338196722,0.035985913294443
2vars_growth_market_volatility,5,1,cpi,0.41865101891168804,1.1414828190523092,0.25794136345860696,356,79.71055577232922,0.22390605554025061,0.3169345338196722,0.035985913294443
2vars_growth_market_volatility,5,1,PCE_price_index,-0.3532406614140105,-0.972821629258209,0.33432109355486794,356,79.71055577232922,0.22390605554025061,0.3169345338196722,0.035985913294443
2vars_growth_market_volatility,5,1,PPI_inflation,-0.10437701767863446,-1.1131227525227108,0.2698379338915431,356,79.71055577232922,0.22390605554025061,0.3169345338196722,0.035985913294443
2vars_growth_market_volatility,5,1,vix,-0.03714978219567116,-4.439536429398089,3.657704593540423e-05,356,79.71055577232922,0.22390605554025061,0.3169345338196722,0.035985913294443
2vars_growth_market_volatility,5,1,nat_fin_condition_indx,0.0160150109462328,1.9610980028881195,0.05424161762688806,356,79.71055577232922,0.22390605554025061,0.3169345338196722,0.035985913294443
2vars_growth_market_volatility,5,1,10y_2y_spread,0.00037149196110038054,0.027730513737302478,0.9779637675149981,356,79.71055577232922,0.22390605554025061,0.3169345338196722,0.035985913294443
2vars_growth_market_volatility,5,1,10y_treasury_const_maturity_rate,-0.026826374777591734,-1.3471147390006168,0.18271529709120848,356,79.71055577232922,0.22390605554025061,0.3169345338196722,0.035985913294443
2vars_growth_market_volatility,5,1,fed_reserve_discount_rate,0.011896302744446507,0.3792255150725806,0.7057814182724593,356,79.71055577232922,0.22390605554025061,0.3169345338196722,0.035985913294443
2vars_growth_market_volatility,5,1,fedfunds,0.007634247906203912,0.20148827022293814,0.8409587356114627,356,79.71055577232922,0.22390605554025061,0.3169345338196722,0.035985913294443
2vars_growth_market_volatility,5,1,m2_real_money_supply,0.030024656836911294,0.5767978617818293,0.566108511278328,356,79.71055577232922,0.22390605554025061,0.3169345338196722,0.035985913294443
2vars_growth_market_volatility,5,2,export_price_index,0.08993030356968344,1.7832830600261682,0.08142969373453712,356,60.06069880121784,0.16870982809330853,0.40790442691720663,0.03676858001819393
2vars_growth_market_volatility,5,2,import_price_index,-0.013232680430634329,-0.24423791157386968,0.80818034715491,356,60.06069880121784,0.16870982809330853,0.40790442691720663,0.03676858001819393
2vars_growth_market_volatility,5,2,retail_sales,-0.04485377902682064,-0.5414469279929913,0.5909270589822455,356,60.06069880121784,0.16870982809330853,0.40790442691720663,0.03676858001819393
2vars_growth_market_volatility,5,2,tot_business_inventories,-0.05659374483759181,-0.724488477486931,0.4725957098284379,356,60.06069880121784,0.16870982809330853,0.40790442691720663,0.03676858001819393
2vars_growth_market_volatility,5,2,unemployment,0.008648774383549194,0.5036626575928694,0.6170074966363503,356,60.06069880121784,0.16870982809330853,0.40790442691720663,0.03676858001819393
2vars_growth_market_volatility,5,2,cpi,0.6324184820981701,1.3730142996735486,0.1766956421569068,356,60.06069880121784,0.16870982809330853,0.40790442691720663,0.03676858001819393
2vars_growth_market_volatility,5,2,PCE_price_index,-0.5396041308655076,-1.154676668342062,0.2544470638126617,356,60.06069880121784,0.16870982809330853,0.40790442691720663,0.03676858001819393
2vars_growth_market_volatility,5,2,PPI_inflation,-0.12456644849715989,-1.0842730727086103,0.2841412789943818,356,60.06069880121784,0.16870982809330853,0.40790442691720663,0.03676858001819393
2vars_growth_market_volatility,5,2,vix,-0.03945484250377198,-4.2507443825541475,0.00010890635358462575,356,60.06069880121784,0.16870982809330853,0.40790442691720663,0.03676858001819393
2vars_growth_market_volatility,5,2,nat_fin_condition_indx,0.014902316796473027,1.8728390143928966,0.06773496878031304,356,60.06069880121784,0.16870982809330853,0.40790442691720663,0.03676858001819393
2vars_growth_market_volatility,5,2,10y_2y_spread,0.00773323054065709,0.4426148659779107,0.6602096813640856,356,60.06069880121784,0.16870982809330853,0.40790442691720663,0.03676858001819393
2vars_growth_market_volatility,5,2,10y_treasury_const_maturity_rate,-0.03576023217402951,-1.4576955762433872,0.15201568468329452,356,60.06069880121784,0.16870982809330853,0.40790442691720663,0.03676858001819393
2vars_growth_market_volatility,5,2,fed_reserve_discount_rate,0.007975576149114608,0.1975044286839756,0.8443411620217502,356,60.06069880121784,0.16870982809330853,0.40790442691720663,0.03676858001819393
2vars_growth_market_volatility,5,2,fedfunds,0.026665962756513218,0.5335525731762779,0.5963326401955493,356,60.06069880121784,0.16870982809330853,0.40790442691720663,0.03676858001819393
2vars_growth_market_volatility,5,2,m2_real_money_supply,0.05012016521555447,0.8469284954873618,0.4016118483706985,356,60.06069880121784,0.16870982809330853,0.40790442691720663,0.03676858001819393
2vars_growth_market_volatility,5,3,export_price_index,0.0779016832240485,1.5233046119841633,0.1359660726821048,356,53.981853737744785,0.15163442061164265,0.36668431643129795,0.033633670857725506
2vars_growth_market_volatility,5,3,import_price_index,-0.023697314016474076,-0.43454150944997544,0.6663541232127641,356,53.981853737744785,0.15163442061164265,0.36668431643129795,0.033633670857725506
2vars_growth_market_volatility,5,3,retail_sales,-0.039972530501881584,-0.42450956574226856,0.6735892845989087,356,53.981853737744785,0.15163442061164265,0.36668431643129795,0.033633670857725506
2vars_growth_market_volatility,5,3,tot_business_inventories,-0.02464298584913743,-0.30817064794534543,0.7596362853808223,356,53.981853737744785,0.15163442061164265,0.36668431643129795,0.033633670857725506
2vars_growth_market_volatility,5,3,unemployment,0.014714212767291459,0.744925527105404,0.4609015328004933,356,53.981853737744785,0.15163442061164265,0.36668431643129795,0.033633670857725506
2vars_growth_market_volatility,5,3,cpi,0.5478761319825751,1.2047055884483067,0.2357701180329399,356,53.981853737744785,0.15163442061164265,0.36668431643129795,0.033633670857725506
2vars_growth_market_volatility,5,3,PCE_price_index,-0.4729783089934149,-1.0502257957808194,0.30025091946151283,356,53.981853737744785,0.15163442061164265,0.36668431643129795,0.033633670857725506
2vars_growth_market_volatility,5,3,PPI_inflation,-0.10028249877001918,-0.8997336577321414,0.37393125994224197,356,53.981853737744785,0.15163442061164265,0.36668431643129795,0.033633670857725506
2vars_growth_market_volatility,5,3,vix,-0.036458512468273085,-3.5838634833633187,0.0009498297004182366,356,53.981853737744785,0.15163442061164265,0.36668431643129795,0.033633670857725506
2vars_growth_market_volatility,5,3,nat_fin_condition_indx,0.013302397174947096,1.4065637922766037,0.16768649186138695,356,53.981853737744785,0.15163442061164265,0.36668431643129795,0.033633670857725506
2vars_growth_market_volatility,5,3,10y_2y_spread,0.004175472283549786,0.24751825018435245,0.8058403485451757,356,53.981853737744785,0.15163442061164265,0.36668431643129795,0.033633670857725506
2vars_growth_market_volatility,5,3,10y_treasury_const_maturity_rate,-0.023764876615788466,-0.9762089195609106,0.33513787790082805,356,53.981853737744785,0.15163442061164265,0.36668431643129795,0.033633670857725506
2vars_growth_market_volatility,5,3,fed_reserve_discount_rate,0.008141535739751469,0.20282280762299987,0.8403561497823797,356,53.981853737744785,0.15163442061164265,0.36668431643129795,0.033633670857725506
2vars_growth_market_volatility,5,3,fedfunds,0.018631195924071316,0.3726737526813433,0.7114628972336923,356,53.981853737744785,0.15163442061164265,0.36668431643129795,0.033633670857725506
2vars_growth_market_volatility,5,3,m2_real_money_supply,0.032893763494467196,0.5076349274331602,0.6146446763511009,356,53.981853737744785,0.15163442061164265,0.36668431643129795,0.033633670857725506
2vars_growth_market_volatility,5,4,export_price_index,0.06931122635948615,2.060347940520401,0.042973325543283813,356,88.12770619767699,0.2475497365103286,0.3350103786604547,0.029067782668572732
2vars_growth_market_volatility,5,4,import_price_index,-0.024912554832641893,-0.634410928425912,0.5278197967572678,356,88.12770619767699,0.2475497365103286,0.3350103786604547,0.029067782668572732
2vars_growth_market_volatility,5,4,retail_sales,-0.02800097385413545,-0.4132192375096665,0.6806719263974403,356,88.12770619767699,0.2475497365103286,0.3350103786604547,0.029067782668572732
2vars_growth_market_volatility,5,4,tot_business_inventories,-0.02325082831453253,-0.3987911401899092,0.6912252987103007,356,88.12770619767699,0.2475497365103286,0.3350103786604547,0.029067782668572732
2vars_growth_market_volatility,5,4,unemployment,0.014546799644413435,0.9879104737973099,0.3264990311167628,356,88.12770619767699,0.2475497365103286,0.3350103786604547,0.029067782668572732
2vars_growth_market_volatility,5,4,cpi,0.5638727799431623,1.7961956062021942,0.07665096287826612,356,88.12770619767699,0.2475497365103286,0.3350103786604547,0.029067782668572732
2vars_growth_market_volatility,5,4,PCE_price_index,-0.5029547183131754,-1.6050187085285414,0.11285960369494763,356,88.12770619767699,0.2475497365103286,0.3350103786604547,0.029067782668572732
2vars_growth_market_volatility,5,4,PPI_inflation,-0.07820378840950974,-1.0688350110654712,0.28870810755796605,356,88.12770619767699,0.2475497365103286,0.3350103786604547,0.029067782668572732
2vars_growth_market_volatility,5,4,vix,-0.03441195870988494,-4.9442936631198275,4.81390355511202e-06,356,88.12770619767699,0.2475497365103286,0.3350103786604547,0.029067782668572732
2vars_growth_market_volatility,5,4,nat_fin_condition_indx,0.011625680834402432,1.6837897439908234,0.09654576116116909,356,88.12770619767699,0.2475497365103286,0.3350103786604547,0.029067782668572732
2vars_growth_market_volatility,5,4,10y_2y_spread,0.0035060645902917796,0.31927560292311846,0.7504403947951603,356,88.12770619767699,0.2475497365103286,0.3350103786604547,0.029067782668572732
2vars_growth_market_volatility,5,4,10y_treasury_const_maturity_rate,-0.017413597768747232,-1.1153950404670632,0.2683836679296008,356,88.12770619767699,0.2475497365103286,0.3350103786604547,0.029067782668572732
2vars_growth_market_volatility,5,4,fed_reserve_discount_rate,0.0003567317770200685,0.012706581231408824,0.9898969690988355,356,88.12770619767699,0.2475497365103286,0.3350103786604547,0.029067782668572732
2vars_growth_market_volatility,5,4,fedfunds,0.021376419667441266,0.5997914125686874,0.5505249247308011,356,88.12770619767699,0.2475497365103286,0.3350103786604547,0.029067782668572732
2vars_growth_market_volatility,5,4,m2_real_money_supply,0.02490724338114272,0.5483917247579622,0.5851163884888149,356,88.12770619767699,0.2475497365103286,0.3350103786604547,0.029067782668572732
2vars_growth_market_volatility,6,0,export_price_index,0.08954020702601108,1.804548324233802,0.07757397671254673,356,62.86080431159239,0.17657529301009098,0.3210832121987184,0.03477922282035889
2vars_growth_market_volatility,6,0,import_price_index,-0.01595447146723751,-0.30888599951626367,0.7587773930992687,356,62.86080431159239,0.17657529301009098,0.3210832121987184,0.03477922282035889
2vars_growth_market_volatility,6,0,retail_sales,-0.025883467010370115,-0.28072971212518316,0.7801534648213031,356,62.86080431159239,0.17657529301009098,0.3210832121987184,0.03477922282035889
2vars_growth_market_volatility,6,0,tot_business_inventories,-0.031609218586976115,-0.38965751730232906,0.6985551722848697,356,62.86080431159239,0.17657529301009098,0.3210832121987184,0.03477922282035889
2vars_growth_market_volatility,6,0,unemployment,0.011692822261724165,0.5732014794228348,0.569248903171871,356,62.86080431159239,0.17657529301009098,0.3210832121987184,0.03477922282035889
2vars_growth_market_volatility,6,0,cpi,0.42774349185788857,0.9925352912351377,0.32603408827262026,356,62.86080431159239,0.17657529301009098,0.3210832121987184,0.03477922282035889
2vars_growth_market_volatility,6,0,PCE_price_index,-0.35958454517259764,-0.8538259553454848,0.39754514352453363,356,62.86080431159239,0.17657529301009098,0.3210832121987184,0.03477922282035889
2vars_growth_market_volatility,6,0,PPI_inflation,-0.12222442105068448,-1.1310953730784377,0.2637705643413173,356,62.86080431159239,0.17657529301009098,0.3210832121987184,0.03477922282035889
2vars_growth_market_volatility,6,0,vix,-0.03666311340059645,-3.7016825008919043,0.0005627601554936135,356,62.86080431159239,0.17657529301009098,0.3210832121987184,0.03477922282035889
2vars_growth_market_volatility,6,0,nat_fin_condition_indx,0.015676027660399747,1.6784149153455508,0.09992381769429715,356,62.86080431159239,0.17657529301009098,0.3210832121987184,0.03477922282035889
2vars_growth_market_volatility,6,0,10y_2y_spread,-0.0008550850293683562,-0.05710487470122073,0.9547044574273778,356,62.86080431159239,0.17657529301009098,0.3210832121987184,0.03477922282035889
2vars_growth_market_volatility,6,0,10y_treasury_const_maturity_rate,-0.02120061328065929,-0.9566446446736909,0.3436561790057393,356,62.86080431159239,0.17657529301009098,0.3210832121987184,0.03477922282035889
2vars_growth_market_volatility,6,0,fed_reserve_discount_rate,0.015850311191105002,0.429538989421084,0.6694996646953373,356,62.86080431159239,0.17657529301009098,0.3210832121987184,0.03477922282035889
2vars_growth_market_volatility,6,0,fedfunds,0.0016467620699648186,0.03651500224067979,0.9710268263419088,356,62.86080431159239,0.17657529301009098,0.3210832121987184,0.03477922282035889
2vars_growth_market_volatility,6,0,m2_real_money_supply,0.031247265646084914,0.49965398169896097,0.6196568096083008,356,62.86080431159239,0.17657529301009098,0.3210832121987184,0.03477922282035889
2vars_growth_market_volatility,6,1,export_price_index,0.07042312187662779,1.5900123826552148,0.1184338858552556,356,63.735653757499136,0.17903273527387398,0.34149980557744286,0.03202430257560704
2vars_growth_market_volatility,6,1,import_price_index,-0.018626648731967652,-0.3989846095654717,0.691683875263887,356,63.735653757499136,0.17903273527387398,0.34149980557744286,0.03202430257560704
2vars_growth_market_volatility,6,1,retail_sales,-0.03112106645606833,-0.3610417425982326,0.719661227701835,356,63.735653757499136,0.17903273527387398,0.34149980557744286,0.03202430257560704
2vars_growth_market_volatility,6,1,tot_business_inventories,-0.03862735506326334,-0.5119000931671648,0.6110811152500149,356,63.735653757499136,0.17903273527387398,0.34149980557744286,0.03202430257560704
2vars_growth_market_volatility,6,1,unemployment,0.011298285463914245,0.5944426161553968,0.5550232396401427,356,63.735653757499136,0.17903273527387398,0.34149980557744286,0.03202430257560704
2vars_growth_market_volatility,6,1,cpi,0.41833943827647896,1.0308934928021842,0.3077858477319111,356,63.735653757499136,0.17903273527387398,0.34149980557744286,0.03202430257560704
2vars_growth_market_volatility,6,1,PCE_price_index,-0.3240427186281737,-0.8074237348297064,0.42342754109847447,356,63.735653757499136,0.17903273527387398,0.34149980557744286,0.03202430257560704
2vars_growth_market_volatility,6,1,PPI_inflation,-0.10616136794936545,-1.1374385929497648,0.2610322207416673,356,63.735653757499136,0.17903273527387398,0.34149980557744286,0.03202430257560704
2vars_growth_market_volatility,6,1,vix,-0.037842889773596275,-4.146278484166977,0.00013765769612694712,356,63.735653757499136,0.17903273527387398,0.34149980557744286,0.03202430257560704
2vars_growth_market_volatility,6,1,nat_fin_condition_indx,0.014380933134156237,1.6344559419904368,0.1087417879112147,356,63.735653757499136,0.17903273527387398,0.34149980557744286,0.03202430257560704
2vars_growth_market_volatility,6,1,10y_2y_spread,0.00864106789513807,0.575569663840093,0.5676096106162611,356,63.735653757499136,0.17903273527387398,0.34149980557744286,0.03202430257560704
2vars_growth_market_volatility,6,1,10y_treasury_const_maturity_rate,-0.024357710015997663,-1.12975320009054,0.26422530884354467,356,63.735653757499136,0.17903273527387398,0.34149980557744286,0.03202430257560704
2vars_growth_market_volatility,6,1,fed_reserve_discount_rate,0.0017759595314100793,0.049430218175041944,0.9607826945068512,356,63.735653757499136,0.17903273527387398,0.34149980557744286,0.03202430257560704
2vars_growth_market_volatility,6,1,fedfunds,0.029708199336165322,0.6643191991549846,0.5096824271804166,356,63.735653757499136,0.17903273527387398,0.34149980557744286,0.03202430257560704
2vars_growth_market_volatility,6,1,m2_real_money_supply,0.029364285980177787,0.5021340294421741,0.6178817008700306,356,63.735653757499136,0.17903273527387398,0.34149980557744286,0.03202430257560704
2vars_growth_market_volatility,6,2,export_price_index,0.08751296745742453,1.6061399136240277,0.1172775121542231,356,50.811895739463054,0.14273004421197488,0.4284434324108911,0.03528374330521131
2vars_growth_market_volatility,6,2,import_price_index,-0.015554404445471475,-0.2659072304266336,0.7918792085876878,356,50.811895739463054,0.14273004421197488,0.4284434324108911,0.03528374330521131
2vars_growth_market_volatility,6,2,retail_sales,-0.04578595721994436,-0.5098054430190956,0.6134048399302205,356,50.811895739463054,0.14273004421197488,0.4284434324108911,0.03528374330521131
2vars_growth_market_volatility,6,2,tot_business_inventories,-0.05577118187692257,-0.6616845516016341,0.5125297687243733,356,50.811895739463054,0.14273004421197488,0.4284434324108911,0.03528374330521131
2vars_growth_market_volatility,6,2,unemployment,0.008825401062859702,0.4766013796745715,0.636624105799759,356,50.811895739463054,0.14273004421197488,0.4284434324108911,0.03528374330521131
2vars_growth_market_volatility,6,2,cpi,0.5970007303955294,1.1964271642012503,0.23961509097616918,356,50.811895739463054,0.14273004421197488,0.4284434324108911,0.03528374330521131
2vars_growth_market_volatility,6,2,PCE_price_index,-0.4991847449872249,-0.9872548181624113,0.33033029974788986,356,50.811895739463054,0.14273004421197488,0.4284434324108911,0.03528374330521131
2vars_growth_market_volatility,6,2,PPI_inflation,-0.1214100634724213,-0.984512204579581,0.33165720346742567,356,50.811895739463054,0.14273004421197488,0.4284434324108911,0.03528374330521131
2vars_growth_market_volatility,6,2,vix,-0.04007170828259298,-3.911327218702274,0.0004057336790472821,356,50.811895739463054,0.14273004421197488,0.4284434324108911,0.03528374330521131
2vars_growth_market_volatility,6,2,nat_fin_condition_indx,0.01529916025954622,1.7622481730421784,0.08680692741524565,356,50.811895739463054,0.14273004421197488,0.4284434324108911,0.03528374330521131
2vars_growth_market_volatility,6,2,10y_2y_spread,0.007049486924352436,0.37454399723534376,0.7102716187375222,356,50.811895739463054,0.14273004421197488,0.4284434324108911,0.03528374330521131
2vars_growth_market_volatility,6,2,10y_treasury_const_maturity_rate,-0.03135293506858008,-1.1767785092694238,0.24726788797562005,356,50.811895739463054,0.14273004421197488,0.4284434324108911,0.03528374330521131
2vars_growth_market_volatility,6,2,fed_reserve_discount_rate,0.008396837580665275,0.1900008901853415,0.8504120375963042,356,50.811895739463054,0.14273004421197488,0.4284434324108911,0.03528374330521131
2vars_growth_market_volatility,6,2,fedfunds,0.024341878083367314,0.44461296001633305,0.6593515459016985,356,50.811895739463054,0.14273004421197488,0.4284434324108911,0.03528374330521131
2vars_growth_market_volatility,6,2,m2_real_money_supply,0.049059829766612974,0.7544489678142619,0.45565328387519655,356,50.811895739463054,0.14273004421197488,0.4284434324108911,0.03528374330521131
2vars_growth_market_volatility,6,3,export_price_index,0.07831125204470937,1.3827633532039978,0.17661116139756472,356,47.0213160547584,0.13208234846842248,0.36617276129306764,0.033649045578572734
2vars_growth_market_volatility,6,3,import_price_index,-0.02395732941457411,-0.3966138742459218,0.6943675374002649,356,47.0213160547584,0.13208234846842248,0.36617276129306764,0.033649045578572734
2vars_growth_market_volatility,6,3,retail_sales,-0.039560163425613304,-0.3788995983000772,0.7073434803012022,356,47.0213160547584,0.13208234846842248,0.36617276129306764,0.033649045578572734
2vars_growth_market_volatility,6,3,tot_business_inventories,-0.02394863000629294,-0.27000188181135554,0.788946927778023,356,47.0213160547584,0.13208234846842248,0.36617276129306764,0.033649045578572734
2vars_growth_market_volatility,6,3,unemployment,0.014861164661967591,0.6783874789827008,0.5025556438389462,356,47.0213160547584,0.13208234846842248,0.36617276129306764,0.033649045578572734
2vars_growth_market_volatility,6,3,cpi,0.5462779873674319,1.0853413466812414,0.2861332099825238,356,47.0213160547584,0.13208234846842248,0.36617276129306764,0.033649045578572734
2vars_growth_market_volatility,6,3,PCE_price_index,-0.47279080576177945,-0.9485811134637274,0.3501654148523823,356,47.0213160547584,0.13208234846842248,0.36617276129306764,0.033649045578572734
2vars_growth_market_volatility,6,3,PPI_inflation,-0.100116737393072,-0.8113172556703879,0.42336507261260103,356,47.0213160547584,0.13208234846842248,0.36617276129306764,0.033649045578572734
2vars_growth_market_volatility,6,3,vix,-0.03639964301630483,-3.2290705178785073,0.002932743105308777,356,47.0213160547584,0.13208234846842248,0.36617276129306764,0.033649045578572734
2vars_growth_market_volatility,6,3,nat_fin_condition_indx,0.013349794660223804,1.2754823707124419,0.2116077469777251,356,47.0213160547584,0.13208234846842248,0.36617276129306764,0.033649045578572734
2vars_growth_market_volatility,6,3,10y_2y_spread,0.004009336961783352,0.21486243472373395,0.8312808643786274,356,47.0213160547584,0.13208234846842248,0.36617276129306764,0.033649045578572734
2vars_growth_market_volatility,6,3,10y_treasury_const_maturity_rate,-0.023729942141637636,-0.8814112911429737,0.38487375161310533,356,47.0213160547584,0.13208234846842248,0.36617276129306764,0.033649045578572734
2vars_growth_market_volatility,6,3,fed_reserve_discount_rate,0.00884904754651548,0.19899959966090786,0.8435616335911755,356,47.0213160547584,0.13208234846842248,0.36617276129306764,0.033649045578572734
2vars_growth_market_volatility,6,3,fedfunds,0.01765725802749386,0.31884073076710023,0.7519842823416796,356,47.0213160547584,0.13208234846842248,0.36617276129306764,0.033649045578572734
2vars_growth_market_volatility,6,3,m2_real_money_supply,0.03268107890571035,0.45454566834639826,0.6526009880311505,356,47.0213160547584,0.13208234846842248,0.36617276129306764,0.033649045578572734
2vars_growth_market_volatility,6,4,export_price_index,0.07028358031495369,1.8858869827662328,0.06427828266800861,356,74.497632605521,0.20926301293685676,0.33540512455056803,0.02925172831720435
2vars_growth_market_volatility,6,4,import_price_index,-0.025554484984388098,-0.5858143084244486,0.5602537720460337,356,74.497632605521,0.20926301293685676,0.33540512455056803,0.02925172831720435
2vars_growth_market_volatility,6,4,retail_sales,-0.028159084586337615,-0.37532383808082675,0.7087771261707605,356,74.497632605521,0.20926301293685676,0.33540512455056803,0.02925172831720435
2vars_growth_market_volatility,6,4,tot_business_inventories,-0.02394721008395901,-0.3697160253555878,0.7129291948887992,356,74.497632605521,0.20926301293685676,0.33540512455056803,0.02925172831720435
2vars_growth_market_volatility,6,4,unemployment,0.014582175199568288,0.8945192079191929,0.37470996740383833,356,74.497632605521,0.20926301293685676,0.33540512455056803,0.02925172831720435
2vars_growth_market_volatility,6,4,cpi,0.5638554795558302,1.6167210204957316,0.11131916139134379,356,74.497632605521,0.20926301293685676,0.33540512455056803,0.02925172831720435
2vars_growth_market_volatility,6,4,PCE_price_index,-0.5025508140623606,-1.4437007922897802,0.15415758138596214,356,74.497632605521,0.20926301293685676,0.33540512455056803,0.02925172831720435
2vars_growth_market_volatility,6,4,PPI_inflation,-0.07880542147681076,-0.9690064702773395,0.3365314661882284,356,74.497632605521,0.20926301293685676,0.33540512455056803,0.02925172831720435
2vars_growth_market_volatility,6,4,vix,-0.03424667991872344,-4.4444269835138615,3.9873811074953025e-05,356,74.497632605521,0.20926301293685676,0.33540512455056803,0.02925172831720435
2vars_growth_market_volatility,6,4,nat_fin_condition_indx,0.01172177007803669,1.5343878084443927,0.13032547398908734,356,74.497632605521,0.20926301293685676,0.33540512455056803,0.02925172831720435
2vars_growth_market_volatility,6,4,10y_2y_spread,0.003171993105191743,0.2593003199867443,0.7963138849993618,356,74.497632605521,0.20926301293685676,0.33540512455056803,0.02925172831720435
2vars_growth_market_volatility,6,4,10y_treasury_const_maturity_rate,-0.017405804592584572,-1.000358602256252,0.32125716029140405,356,74.497632605521,0.20926301293685676,0.33540512455056803,0.02925172831720435
2vars_growth_market_volatility,6,4,fed_reserve_discount_rate,0.0013412888688485352,0.04290847048733857,0.9659206246772853,356,74.497632605521,0.20926301293685676,0.33540512455056803,0.02925172831720435
2vars_growth_market_volatility,6,4,fedfunds,0.020187538990736477,0.5094508671791664,0.6123527865495029,356,74.497632605521,0.20926301293685676,0.33540512455056803,0.02925172831720435
2vars_growth_market_volatility,6,4,m2_real_money_supply,0.025286025774855843,0.5004958702839425,0.6186038249825276,356,74.497632605521,0.20926301293685676,0.33540512455056803,0.02925172831720435
2vars_growth_market_volatility,6,5,export_price_index,0.08547467894204915,1.5868548339392563,0.12021530950105186,356,57.072697531166014,0.16031656609878095,0.32126664283485173,0.03651119342851171
2vars_growth_market_volatility,6,5,import_price_index,-0.031057009776226087,-0.556713654611997,0.5807440530694867,356,57.072697531166014,0.16031656609878095,0.32126664283485173,0.03651119342851171
2vars_growth_market_volatility,6,5,retail_sales,-0.034601327890102,-0.35788586236597497,0.7222614536104088,356,57.072697531166014,0.16031656609878095,0.32126664283485173,0.03651119342851171
2vars_growth_market_volatility,6,5,tot_business_inventories,-0.04121779336632029,-0.4952895853377499,0.6230352783474791,356,57.072697531166014,0.16031656609878095,0.32126664283485173,0.03651119342851171
2vars_growth_market_volatility,6,5,unemployment,0.011036565265888544,0.5061304953920721,0.6154710617725994,356,57.072697531166014,0.16031656609878095,0.32126664283485173,0.03651119342851171
2vars_growth_market_volatility,6,5,cpi,0.5207381168586941,1.1254898492431478,0.26691542813771796,356,57.072697531166014,0.16031656609878095,0.32126664283485173,0.03651119342851171
2vars_growth_market_volatility,6,5,PCE_price_index,-0.4449799306375948,-0.961743372079457,0.341806640557754,356,57.072697531166014,0.16031656609878095,0.32126664283485173,0.03651119342851171
2vars_growth_market_volatility,6,5,PPI_inflation,-0.0971203952713368,-0.8351129088643775,0.4084857299380378,356,57.072697531166014,0.16031656609878095,0.32126664283485173,0.03651119342851171
2vars_growth_market_volatility,6,5,vix,-0.03687090890347905,-3.683840247298765,0.0006640936665534003,356,57.072697531166014,0.16031656609878095,0.32126664283485173,0.03651119342851171
2vars_growth_market_volatility,6,5,nat_fin_condition_indx,0.013976460461843074,1.401150136513269,0.16868013792809688,356,57.072697531166014,0.16031656609878095,0.32126664283485173,0.03651119342851171
2vars_growth_market_volatility,6,5,10y_2y_spread,0.005812845770366017,0.32257933809351835,0.7486502320743615,356,57.072697531166014,0.16031656609878095,0.32126664283485173,0.03651119342851171
2vars_growth_market_volatility,6,5,10y_treasury_const_maturity_rate,-0.03266824975254272,-1.2685656275362958,0.21173897965372324,356,57.072697531166014,0.16031656609878095,0.32126664283485173,0.03651119342851171
2vars_growth_market_volatility,6,5,fed_reserve_discount_rate,0.005403263236643967,0.13792750662680045,0.8909716962024428,356,57.072697531166014,0.16031656609878095,0.32126664283485173,0.03651119342851171
2vars_growth_market_volatility,6,5,fedfunds,0.023559692794974052,0.4903473378886295,0.6264975212428734,356,57.072697531166014,0.16031656609878095,0.32126664283485173,0.03651119342851171
2vars_growth_market_volatility,6,5,m2_real_money_supply,0.03214928000876889,0.5099164414798475,0.6128393206183005,356,57.072697531166014,0.16031656609878095,0.32126664283485173,0.03651119342851171
2vars_inflation_monetary_policy,2,0,export_price_index,0.08201092243980061,3.5723375498009906,0.0004449317620294213,356,212.65320197642413,0.5973404549899555,0.3271010847748568,0.03356308225058157
2vars_inflation_monetary_policy,2,0,import_price_index,-0.03108626282705347,-1.1453070167115715,0.2534739018815668,356,212.65320197642413,0.5973404549899555,0.3271010847748568,0.03356308225058157
2vars_inflation_monetary_policy,2,0,retail_sales,-0.01825865168240039,-0.3879860070896901,0.6984460441280669,356,212.65320197642413,0.5973404549899555,0.3271010847748568,0.03356308225058157
2vars_inflation_monetary_policy,2,0,tot_business_inventories,-0.035322634617616165,-0.8025455470089309,0.4232062756695596,356,212.65320197642413,0.5973404549899555,0.3271010847748568,0.03356308225058157
2vars_inflation_monetary_policy,2,0,unemployment,0.012526974713435458,1.1865269448604916,0.2368457323714077,356,212.65320197642413,0.5973404549899555,0.3271010847748568,0.03356308225058157
2vars_inflation_monetary_policy,2,0,cpi,0.45617447023759394,2.1185059689354717,0.035387641804264014,356,212.65320197642413,0.5973404549899555,0.3271010847748568,0.03356308225058157
2vars_inflation_monetary_policy,2,0,PCE_price_index,-0.39367519530868456,-1.8700907366305495,0.062957202226819,356,212.65320197642413,0.5973404549899555,0.3271010847748568,0.03356308225058157
2vars_inflation_monetary_policy,2,0,PPI_inflation,-0.08920855207175618,-1.7583559447327217,0.08024253179600405,356,212.65320197642413,0.5973404549899555,0.3271010847748568,0.03356308225058157
2vars_inflation_monetary_policy,2,0,vix,-0.035489100192977456,-7.726396513311158,5.540012892879531e-13,356,212.65320197642413,0.5973404549899555,0.3271010847748568,0.03356308225058157
2vars_inflation_monetary_policy,2,0,nat_fin_condition_indx,0.014053656115239583,2.9500325180055516,0.0035630374813546695,356,212.65320197642413,0.5973404549899555,0.3271010847748568,0.03356308225058157
2vars_inflation_monetary_policy,2,0,10y_2y_spread,0.001232302489984975,0.1684976276632406,0.8663649838579301,356,212.65320197642413,0.5973404549899555,0.3271010847748568,0.03356308225058157
2vars_inflation_monetary_policy,2,0,10y_treasury_const_maturity_rate,-0.02456217222259212,-2.4391469927664327,0.01560920752944317,356,212.65320197642413,0.5973404549899555,0.3271010847748568,0.03356308225058157
2vars_inflation_monetary_policy,2,0,fed_reserve_discount_rate,0.0036985817500034012,0.21520014448976138,0.8298342957240896,356,212.65320197642413,0.5973404549899555,0.3271010847748568,0.03356308225058157
2vars_inflation_monetary_policy,2,0,fedfunds,0.01764792789419467,0.8086605064039519,0.4196876736827111,356,212.65320197642413,0.5973404549899555,0.3271010847748568,0.03356308225058157
2vars_inflation_monetary_policy,2,0,m2_real_money_supply,0.02051774329036182,0.629207426362001,0.5299435134401054,356,212.65320197642413,0.5973404549899555,0.3271010847748568,0.03356308225058157
2vars_inflation_monetary_policy,2,1,export_price_index,0.07698044514893577,2.6479658486239046,0.009121562910214598,356,143.3467980235759,0.40265954501004464,0.37580998955115397,0.03341916304590168
2vars_inflation_monetary_policy,2,1,import_price_index,-0.013702277041522663,-0.5122372909634325,0.609372188992882,356,143.3467980235759,0.40265954501004464,0.37580998955115397,0.03341916304590168
2vars_inflation_monetary_policy,2,1,retail_sales,-0.05420206346622013,-1.1602932507065558,0.2481000455000426,356,143.3467980235759,0.40265954501004464,0.37580998955115397,0.03341916304590168
2vars_inflation_monetary_policy,2,1,tot_business_inventories,-0.03108255802169969,-0.8074533042888876,0.42091097906011443,356,143.3467980235759,0.40265954501004464,0.37580998955115397,0.03341916304590168
2vars_inflation_monetary_policy,2,1,unemployment,0.01041140319016705,1.072450654212874,0.28554579689534654,356,143.3467980235759,0.40265954501004464,0.37580998955115397,0.03341916304590168
2vars_inflation_monetary_policy,2,1,cpi,0.5790942863392472,2.425057499760477,0.016708751318170068,356,143.3467980235759,0.40265954501004464,0.37580998955115397,0.03341916304590168
2vars_inflation_monetary_policy,2,1,PCE_price_index,-0.4883839449789576,-2.022156479279865,0.045255078140614025,356,143.3467980235759,0.40265954501004464,0.37580998955115397,0.03341916304590168
2vars_inflation_monetary_policy,2,1,PPI_inflation,-0.11516614045594349,-1.9178165140251462,0.057373319340392026,356,143.3467980235759,0.40265954501004464,0.37580998955115397,0.03341916304590168
2vars_inflation_monetary_policy,2,1,vix,-0.03790677630107338,-6.988987096610347,1.3831469303227095e-10,356,143.3467980235759,0.40265954501004464,0.37580998955115397,0.03341916304590168
2vars_inflation_monetary_policy,2,1,nat_fin_condition_indx,0.013880786391365368,2.953232021253907,0.003745979747794781,356,143.3467980235759,0.40265954501004464,0.37580998955115397,0.03341916304590168
2vars_inflation_monetary_policy,2,1,10y_2y_spread,0.009994199696140346,1.0061601316451763,0.3162465349737562,356,143.3467980235759,0.40265954501004464,0.37580998955115397,0.03341916304590168
2vars_inflation_monetary_policy,2,1,10y_treasury_const_maturity_rate,-0.02585738005703909,-1.716528823732883,0.08849668982937042,356,143.3467980235759,0.40265954501004464,0.37580998955115397,0.03341916304590168
2vars_inflation_monetary_policy,2,1,fed_reserve_discount_rate,0.011837011156090262,0.4934445413119415,0.6225484231060223,356,143.3467980235759,0.40265954501004464,0.37580998955115397,0.03341916304590168
2vars_inflation_monetary_policy,2,1,fedfunds,0.02092833202841559,0.7091642398373608,0.4795188778551678,356,143.3467980235759,0.40265954501004464,0.37580998955115397,0.03341916304590168
2vars_inflation_monetary_policy,2,1,m2_real_money_supply,0.047607108811116364,1.5059477083277089,0.1345570582871154,356,143.3467980235759,0.40265954501004464,0.37580998955115397,0.03341916304590168
2vars_inflation_monetary_policy,3,0,export_price_index,0.07714801752548028,2.3126437300003397,0.022862729875412935,356,112.68596328095967,0.3165336047217968,0.3677675394127752,0.03347311714784949
2vars_inflation_monetary_policy,3,0,import_price_index,-0.01360164501305601,-0.44274227842787417,0.6589411050320542,356,112.68596328095967,0.3165336047217968,0.3677675394127752,0.03347311714784949
2vars_inflation_monetary_policy,3,0,retail_sales,-0.05422838904296578,-1.010404170972817,0.3148236433934013,356,112.68596328095967,0.3165336047217968,0.3677675394127752,0.03347311714784949
2vars_inflation_monetary_policy,3,0,tot_business_inventories,-0.031596179503190755,-0.7127201452926049,0.47773549568345475,356,112.68596328095967,0.3165336047217968,0.3677675394127752,0.03347311714784949
2vars_inflation_monetary_policy,3,0,unemployment,0.010346032204101747,0.9279479291125986,0.3557453490893554,356,112.68596328095967,0.3165336047217968,0.3677675394127752,0.03347311714784949
2vars_inflation_monetary_policy,3,0,cpi,0.5783378566494175,2.108353604451488,0.037585841284987875,356,112.68596328095967,0.3165336047217968,0.3677675394127752,0.03347311714784949
2vars_inflation_monetary_policy,3,0,PCE_price_index,-0.48660494172450813,-1.754939584405446,0.08243734948515868,356,112.68596328095967,0.3165336047217968,0.3677675394127752,0.03347311714784949
2vars_inflation_monetary_policy,3,0,PPI_inflation,-0.11576285468405306,-1.6798087599559024,0.09622312710998049,356,112.68596328095967,0.3165336047217968,0.3677675394127752,0.03347311714784949
2vars_inflation_monetary_policy,3,0,vix,-0.03794233214600833,-6.066518442491734,2.5415842319631565e-08,356,112.68596328095967,0.3165336047217968,0.3677675394127752,0.03347311714784949
2vars_inflation_monetary_policy,3,0,nat_fin_condition_indx,0.013802012134182565,2.496592109159793,0.01423060048070024,356,112.68596328095967,0.3165336047217968,0.3677675394127752,0.03347311714784949
2vars_inflation_monetary_policy,3,0,10y_2y_spread,0.009831862787788413,0.8651217436201265,0.3891134401618055,356,112.68596328095967,0.3165336047217968,0.3677675394127752,0.03347311714784949
2vars_inflation_monetary_policy,3,0,10y_treasury_const_maturity_rate,-0.025729210617052165,-1.4880349743937482,0.13999599869170032,356,112.68596328095967,0.3165336047217968,0.3677675394127752,0.03347311714784949
2vars_inflation_monetary_policy,3,0,fed_reserve_discount_rate,0.011756560824127424,0.4211138572172864,0.6746065991587695,356,112.68596328095967,0.3165336047217968,0.3677675394127752,0.03347311714784949
2vars_inflation_monetary_policy,3,0,fedfunds,0.020779998165098217,0.6052761993266779,0.5464135868300666,356,112.68596328095967,0.3165336047217968,0.3677675394127752,0.03347311714784949
2vars_inflation_monetary_policy,3,0,m2_real_money_supply,0.047493040455555476,1.308782052838613,0.19371051338822887,356,112.68596328095967,0.3165336047217968,0.3677675394127752,0.03347311714784949
2vars_inflation_monetary_policy,3,1,export_price_index,0.07977932926812523,2.513222544890959,0.013496995572165105,356,120.06378906382832,0.33725783444895596,0.2895442745956892,0.03423634021771471
2vars_inflation_monetary_policy,3,1,import_price_index,-0.028855075407885167,-0.782560839962913,0.43566219346910273,356,120.06378906382832,0.33725783444895596,0.2895442745956892,0.03423634021771471
2vars_inflation_monetary_policy,3,1,retail_sales,-0.027976499189222116,-0.41786414095121954,0.676907415307161,356,120.06378906382832,0.33725783444895596,0.2895442745956892,0.03423634021771471
2vars_inflation_monetary_policy,3,1,tot_business_inventories,-0.04303904967121856,-0.7218955103918642,0.4719777158393246,356,120.06378906382832,0.33725783444895596,0.2895442745956892,0.03423634021771471
2vars_inflation_monetary_policy,3,1,unemployment,0.009947734168423712,0.6632085482811255,0.5086634558776009,356,120.06378906382832,0.33725783444895596,0.2895442745956892,0.03423634021771471
2vars_inflation_monetary_policy,3,1,cpi,0.4223289700261684,1.409816421109647,0.16157562656118052,356,120.06378906382832,0.33725783444895596,0.2895442745956892,0.03423634021771471
2vars_inflation_monetary_policy,3,1,PCE_price_index,-0.34326851951787707,-1.178669422441544,0.24121788782621056,356,120.06378906382832,0.33725783444895596,0.2895442745956892,0.03423634021771471
2vars_inflation_monetary_policy,3,1,PPI_inflation,-0.09408652849167087,-1.3659127220140537,0.17491113934685676,356,120.06378906382832,0.33725783444895596,0.2895442745956892,0.03423634021771471
2vars_inflation_monetary_policy,3,1,vix,-0.033181372292460036,-5.14652557464663,1.258167052542447e-06,356,120.06378906382832,0.33725783444895596,0.2895442745956892,0.03423634021771471
2vars_inflation_monetary_policy,3,1,nat_fin_condition_indx,0.012863627770837197,2.0049121150754727,0.047569303418835585,356,120.06378906382832,0.33725783444895596,0.2895442745956892,0.03423634021771471
2vars_inflation_monetary_policy,3,1,10y_2y_spread,-0.0024065467926522224,-0.23533077657966234,0.8144144893744092,356,120.06378906382832,0.33725783444895596,0.2895442745956892,0.03423634021771471
2vars_inflation_monetary_policy,3,1,10y_treasury_const_maturity_rate,-0.02334040471270186,-1.6495164986734623,0.10205735807945948,356,120.06378906382832,0.33725783444895596,0.2895442745956892,0.03423634021771471
2vars_inflation_monetary_policy,3,1,fed_reserve_discount_rate,0.004590658247141647,0.17952188080782058,0.8578770261515252,356,120.06378906382832,0.33725783444895596,0.2895442745956892,0.03423634021771471
2vars_inflation_monetary_policy,3,1,fedfunds,0.010987441391375722,0.35305501377513065,0.7247613490305218,356,120.06378906382832,0.33725783444895596,0.2895442745956892,0.03423634021771471
2vars_inflation_monetary_policy,3,1,m2_real_money_supply,0.023935243498912222,0.5190338726416532,0.6048391980644663,356,120.06378906382832,0.33725783444895596,0.2895442745956892,0.03423634021771471
2vars_inflation_monetary_policy,3,2,export_price_index,0.07719378028617022,2.500022610573585,0.013932654615074203,356,123.25024765521204,0.3462085608292473,0.3894957379085019,0.032606394726572986
2vars_inflation_monetary_policy,3,2,import_price_index,-0.024094644454484008,-0.6979453936308547,0.4867217823528778,356,123.25024765521204,0.3462085608292473,0.3894957379085019,0.032606394726572986
2vars_inflation_monetary_policy,3,2,retail_sales,-0.020197451580488936,-0.35465432493628657,0.7235449786894255,356,123.25024765521204,0.3462085608292473,0.3894957379085019,0.032606394726572986
2vars_inflation_monetary_policy,3,2,tot_business_inventories,-0.028432226896358624,-0.5444786138583829,0.587242445257683,356,123.25024765521204,0.3462085608292473,0.3894957379085019,0.032606394726572986
2vars_inflation_monetary_policy,3,2,unemployment,0.015215852161108604,1.2226996825982197,0.2241232179461936,356,123.25024765521204,0.3462085608292473,0.3894957379085019,0.032606394726572986
2vars_inflation_monetary_policy,3,2,cpi,0.5201018462243238,1.8762297306890017,0.0633423989664128,356,123.25024765521204,0.3462085608292473,0.3894957379085019,0.032606394726572986
2vars_inflation_monetary_policy,3,2,PCE_price_index,-0.4570056473469335,-1.6540748340386715,0.10103626907434005,356,123.25024765521204,0.3462085608292473,0.3894957379085019,0.032606394726572986
2vars_inflation_monetary_policy,3,2,PPI_inflation,-0.09550008620939157,-1.3712339759241658,0.17316435129520724,356,123.25024765521204,0.3462085608292473,0.3894957379085019,0.032606394726572986
2vars_inflation_monetary_policy,3,2,vix,-0.03848938384483484,-6.471216438835914,2.9855211636231616e-09,356,123.25024765521204,0.3462085608292473,0.3894957379085019,0.032606394726572986
2vars_inflation_monetary_policy,3,2,nat_fin_condition_indx,0.01472904476882566,2.6027587541623824,0.010555768900887497,356,123.25024765521204,0.3462085608292473,0.3894957379085019,0.032606394726572986
2vars_inflation_monetary_policy,3,2,10y_2y_spread,0.008652304706464772,0.876453846123308,0.38274223885185354,356,123.25024765521204,0.3462085608292473,0.3894957379085019,0.032606394726572986
2vars_inflation_monetary_policy,3,2,10y_treasury_const_maturity_rate,-0.02664505957672976,-1.8743298294550994,0.06360619569078163,356,123.25024765521204,0.3462085608292473,0.3894957379085019,0.032606394726572986
2vars_inflation_monetary_policy,3,2,fed_reserve_discount_rate,0.005478345514490177,0.25387035329817403,0.8000817758991963,356,123.25024765521204,0.3462085608292473,0.3894957379085019,0.032606394726572986
2vars_inflation_monetary_policy,3,2,fedfunds,0.027056934616490117,0.95978703661562,0.3393211783795078,356,123.25024765521204,0.3462085608292473,0.3894957379085019,0.032606394726572986
2vars_inflation_monetary_policy,3,2,m2_real_money_supply,0.026108422530319773,0.6676085565094402,0.5058175084485343,356,123.25024765521204,0.3462085608292473,0.3894957379085019,0.032606394726572986
2vars_inflation_monetary_policy,4,0,export_price_index,0.07379233235226348,1.8750193339086985,0.06488799201827922,356,87.25828741870755,0.2451075489289538,0.29150715852277487,0.03433676834827358
2vars_inflation_monetary_policy,4,0,import_price_index,-0.020752710060644892,-0.4770402159588385,0.6347932858689576,356,87.25828741870755,0.2451075489289538,0.29150715852277487,0.03433676834827358
2vars_inflation_monetary_policy,4,0,retail_sales,-0.034668009534576404,-0.43552174940688493,0.6645001667724175,356,87.25828741870755,0.2451075489289538,0.29150715852277487,0.03433676834827358
2vars_inflation_monetary_policy,4,0,tot_business_inventories,-0.04290176251010237,-0.6164287782399098,0.5395759245217735,356,87.25828741870755,0.2451075489289538,0.29150715852277487,0.03433676834827358
2vars_inflation_monetary_policy,4,0,unemployment,0.00873150404017765,0.5056433617230476,0.6146676215160665,356,87.25828741870755,0.2451075489289538,0.29150715852277487,0.03433676834827358
2vars_inflation_monetary_policy,4,0,cpi,0.4719945846201368,1.2510158065587298,0.21502057325630441,356,87.25828741870755,0.2451075489289538,0.29150715852277487,0.03433676834827358
2vars_inflation_monetary_policy,4,0,PCE_price_index,-0.3892840152614175,-1.0512897763536193,0.2966776782692686,356,87.25828741870755,0.2451075489289538,0.29150715852277487,0.03433676834827358
2vars_inflation_monetary_policy,4,0,PPI_inflation,-0.09699186684202557,-1.1297369302089264,0.2623756859800428,356,87.25828741870755,0.2451075489289538,0.29150715852277487,0.03433676834827358
2vars_inflation_monetary_policy,4,0,vix,-0.03318728601553725,-4.413971415571776,3.5362665718130515e-05,356,87.25828741870755,0.2451075489289538,0.29150715852277487,0.03433676834827358
2vars_inflation_monetary_policy,4,0,nat_fin_condition_indx,0.01288325638309258,1.7064268544782073,0.09228354121787197,356,87.25828741870755,0.2451075489289538,0.29150715852277487,0.03433676834827358
2vars_inflation_monetary_policy,4,0,10y_2y_spread,0.0013675648807219885,0.102772141533601,0.9184324904411878,356,87.25828741870755,0.2451075489289538,0.29150715852277487,0.03433676834827358
2vars_inflation_monetary_policy,4,0,10y_treasury_const_maturity_rate,-0.026410987270785762,-1.5368952132795586,0.1287476903496505,356,87.25828741870755,0.2451075489289538,0.29150715852277487,0.03433676834827358
2vars_inflation_monetary_policy,4,0,fed_reserve_discount_rate,0.0015692086267335887,0.048964320971765674,0.9610847125822579,356,87.25828741870755,0.2451075489289538,0.29150715852277487,0.03433676834827358
2vars_inflation_monetary_policy,4,0,fedfunds,0.02087459423404159,0.5254187131907548,0.6009233178857261,356,87.25828741870755,0.2451075489289538,0.29150715852277487,0.03433676834827358
2vars_inflation_monetary_policy,4,0,m2_real_money_supply,0.03023982744310533,0.55144259991807,0.5830554230470022,356,87.25828741870755,0.2451075489289538,0.29150715852277487,0.03433676834827358
2vars_inflation_monetary_policy,4,1,export_price_index,0.07268663531763214,1.926098775293697,0.05780743017176748,356,92.49769194410551,0.2598249773710829,0.3979290256612321,0.03338800948470225
2vars_inflation_monetary_policy,4,1,import_price_index,-0.026034314746576144,-0.6381245096954146,0.5252983311800206,356,92.49769194410551,0.2598249773710829,0.3979290256612321,0.03338800948470225
2vars_inflation_monetary_policy,4,1,retail_sales,-0.026216674566159844,-0.3849230999028089,0.7013625234446832,356,92.49769194410551,0.2598249773710829,0.3979290256612321,0.03338800948470225
2vars_inflation_monetary_policy,4,1,tot_business_inventories,-0.026648135264998315,-0.42839539105472707,0.6695671077892091,356,92.49769194410551,0.2598249773710829,0.3979290256612321,0.03338800948470225
2vars_inflation_monetary_policy,4,1,unemployment,0.014957360470001228,1.022345314032606,0.3098397338942287,356,92.49769194410551,0.2598249773710829,0.3979290256612321,0.03338800948470225
2vars_inflation_monetary_policy,4,1,cpi,0.5263427563228821,1.5695795021094525,0.12064036166804315,356,92.49769194410551,0.2598249773710829,0.3979290256612321,0.03338800948470225
2vars_inflation_monetary_policy,4,1,PCE_price_index,-0.4704885544064391,-1.4195561529972918,0.15979922024814996,356,92.49769194410551,0.2598249773710829,0.3979290256612321,0.03338800948470225
2vars_inflation_monetary_policy,4,1,PPI_inflation,-0.08340716607337322,-0.9896024175646003,0.3254883616119786,356,92.49769194410551,0.2598249773710829,0.3979290256612321,0.03338800948470225
2vars_inflation_monetary_policy,4,1,vix,-0.03856872089267305,-5.535863877949676,4.179697261630366e-07,356,92.49769194410551,0.2598249773710829,0.3979290256612321,0.03338800948470225
2vars_inflation_monetary_policy,4,1,nat_fin_condition_indx,0.014307346375387327,2.139874181179647,0.035553022015968105,356,92.49769194410551,0.2598249773710829,0.3979290256612321,0.03338800948470225
2vars_inflation_monetary_policy,4,1,10y_2y_spread,0.009069693696052377,0.720088732827962,0.4736648664115215,356,92.49769194410551,0.2598249773710829,0.3979290256612321,0.03338800948470225
2vars_inflation_monetary_policy,4,1,10y_treasury_const_maturity_rate,-0.028999877956081173,-1.6866439711495993,0.09574618952296587,356,92.49769194410551,0.2598249773710829,0.3979290256612321,0.03338800948470225
2vars_inflation_monetary_policy,4,1,fed_reserve_discount_rate,0.006259004355541889,0.24397809193604655,0.8079009402770891,356,92.49769194410551,0.2598249773710829,0.3979290256612321,0.03338800948470225
2vars_inflation_monetary_policy,4,1,fedfunds,0.027666235246681655,0.816367368768451,0.41682501112394865,356,92.49769194410551,0.2598249773710829,0.3979290256612321,0.03338800948470225
2vars_inflation_monetary_policy,4,1,m2_real_money_supply,0.02971011268349894,0.6366789878848961,0.5262346114142691,356,92.49769194410551,0.2598249773710829,0.3979290256612321,0.03338800948470225
2vars_inflation_monetary_policy,4,2,export_price_index,0.08432124200660887,2.279939425906506,0.025791904251270203,356,83.17488487821784,0.2336373170736456,0.3304620634684744,0.032428099650367054
2vars_inflation_monetary_policy,4,2,import_price_index,-0.028036734748881863,-0.6591723047964755,0.5120385274850208,356,83.17488487821784,0.2336373170736456,0.3304620634684744,0.032428099650367054
2vars_inflation_monetary_policy,4,2,retail_sales,-0.025329561912223304,-0.34679656248738105,0.7298282124232944,356,83.17488487821784,0.2336373170736456,0.3304620634684744,0.032428099650367054
2vars_inflation_monetary_policy,4,2,tot_business_inventories,-0.03351926205133881,-0.5116787087374627,0.6105538808722706,356,83.17488487821784,0.2336373170736456,0.3304620634684744,0.032428099650367054
2vars_inflation_monetary_policy,4,2,unemployment,0.013886750541246617,0.8436182158816703,0.40187693248122613,356,83.17488487821784,0.2336373170736456,0.3304620634684744,0.032428099650367054
2vars_inflation_monetary_policy,4,2,cpi,0.46866763338101614,1.4362045754534802,0.15558498232636997,356,83.17488487821784,0.2336373170736456,0.3304620634684744,0.032428099650367054
2vars_inflation_monetary_policy,4,2,PCE_price_index,-0.3909400251586875,-1.2085573810540382,0.2310700528662044,356,83.17488487821784,0.2336373170736456,0.3304620634684744,0.032428099650367054
2vars_inflation_monetary_policy,4,2,PPI_inflation,-0.10255981183919942,-1.2708609762143799,0.2081615899095406,356,83.17488487821784,0.2336373170736456,0.3304620634684744,0.032428099650367054
2vars_inflation_monetary_policy,4,2,vix,-0.03657745130462314,-4.501460705990544,2.7533300271498362e-05,356,83.17488487821784,0.2336373170736456,0.3304620634684744,0.032428099650367054
2vars_inflation_monetary_policy,4,2,nat_fin_condition_indx,0.014048308907035616,1.9030763235113308,0.06131700266832807,356,83.17488487821784,0.2336373170736456,0.3304620634684744,0.032428099650367054
2vars_inflation_monetary_policy,4,2,10y_2y_spread,0.0006198550033091126,0.05570867146970415,0.9557392558719975,356,83.17488487821784,0.2336373170736456,0.3304620634684744,0.032428099650367054
2vars_inflation_monetary_policy,4,2,10y_treasury_const_maturity_rate,-0.01900335884837935,-1.1023395176675592,0.274247901913357,356,83.17488487821784,0.2336373170736456,0.3304620634684744,0.032428099650367054
2vars_inflation_monetary_policy,4,2,fed_reserve_discount_rate,0.005804717789067303,0.19910008595042225,0.8427858675375621,356,83.17488487821784,0.2336373170736456,0.3304620634684744,0.032428099650367054
2vars_inflation_monetary_policy,4,2,fedfunds,0.013323975551524087,0.37914486807547837,0.7057761277553252,356,83.17488487821784,0.2336373170736456,0.3304620634684744,0.032428099650367054
2vars_inflation_monetary_policy,4,2,m2_real_money_supply,0.024254629656253322,0.4854973796178626,0.6289033340180383,356,83.17488487821784,0.2336373170736456,0.3304620634684744,0.032428099650367054
2vars_inflation_monetary_policy,4,3,export_price_index,0.0766887252821763,2.0486736626210216,0.04389859691053344,356,93.0691357589691,0.2614301566263177,0.3663764496258537,0.0335235240876478
2vars_inflation_monetary_policy,4,3,import_price_index,-0.013179840948246604,-0.382499471892744,0.7031437476889186,356,93.0691357589691,0.2614301566263177,0.3663764496258537,0.0335235240876478
2vars_inflation_monetary_policy,4,3,retail_sales,-0.05280154175310253,-0.877489946405489,0.382947841096724,356,93.0691357589691,0.2614301566263177,0.3663764496258537,0.0335235240876478
2vars_inflation_monetary_policy,4,3,tot_business_inventories,-0.031229889242673867,-0.6274942960764891,0.5321900619582052,356,93.0691357589691,0.2614301566263177,0.3663764496258537,0.0335235240876478
2vars_inflation_monetary_policy,4,3,unemployment,0.010457919026848454,0.8360457091120811,0.40571383051715704,356,93.0691357589691,0.2614301566263177,0.3663764496258537,0.0335235240876478
2vars_inflation_monetary_policy,4,3,cpi,0.5727807421632142,1.8630187434307042,0.06626971730163733,356,93.0691357589691,0.2614301566263177,0.3663764496258537,0.0335235240876478
2vars_inflation_monetary_policy,4,3,PCE_price_index,-0.481661276580443,-1.550214252221956,0.12518706827519277,356,93.0691357589691,0.2614301566263177,0.3663764496258537,0.0335235240876478
2vars_inflation_monetary_policy,4,3,PPI_inflation,-0.11613329035132128,-1.4996714504319637,0.1377850159633669,356,93.0691357589691,0.2614301566263177,0.3663764496258537,0.0335235240876478
2vars_inflation_monetary_policy,4,3,vix,-0.037967555544683514,-5.410194288011868,6.856932655008308e-07,356,93.0691357589691,0.2614301566263177,0.3663764496258537,0.0335235240876478
2vars_inflation_monetary_policy,4,3,nat_fin_condition_indx,0.013877580466151269,2.2367652184302407,0.028192683295782395,356,93.0691357589691,0.2614301566263177,0.3663764496258537,0.0335235240876478
2vars_inflation_monetary_policy,4,3,10y_2y_spread,0.009915553250408483,0.7781345914660032,0.4388720711349632,356,93.0691357589691,0.2614301566263177,0.3663764496258537,0.0335235240876478
2vars_inflation_monetary_policy,4,3,10y_treasury_const_maturity_rate,-0.02575684219758176,-1.3305009900875537,0.18727673040457482,356,93.0691357589691,0.2614301566263177,0.3663764496258537,0.0335235240876478
2vars_inflation_monetary_policy,4,3,fed_reserve_discount_rate,0.011075258576397282,0.35387716856884915,0.7243972350494672,356,93.0691357589691,0.2614301566263177,0.3663764496258537,0.0335235240876478
2vars_inflation_monetary_policy,4,3,fedfunds,0.02149456073963263,0.5593590465129005,0.5775386737013988,356,93.0691357589691,0.2614301566263177,0.3663764496258537,0.0335235240876478
2vars_inflation_monetary_policy,4,3,m2_real_money_supply,0.04671053450616703,1.1474320728406269,0.2547526141251404,356,93.0691357589691,0.2614301566263177,0.3663764496258537,0.0335235240876478
2vars_inflation_monetary_policy,5,0,export_price_index,0.07875116636955301,1.5266719177088304,0.13531900796933694,356,53.121192165012246,0.1492168319241917,0.3438480856037468,0.03363526586422036
2vars_inflation_monetary_policy,5,0,import_price_index,-0.021603877650845177,-0.390344125098113,0.6985131459514391,356,53.121192165012246,0.1492168319241917,0.3438480856037468,0.03363526586422036
2vars_inflation_monetary_policy,5,0,retail_sales,-0.03289444982766093,-0.3433903659972746,0.7332421084178475,356,53.121192165012246,0.1492168319241917,0.3438480856037468,0.03363526586422036
2vars_inflation_monetary_policy,5,0,tot_business_inventories,-0.033379125885203094,-0.39885641038821085,0.6922842577253978,356,53.121192165012246,0.1492168319241917,0.3438480856037468,0.03363526586422036
2vars_inflation_monetary_policy,5,0,unemployment,0.012503540810639664,0.6047739097099325,0.5490084498510153,356,53.121192165012246,0.1492168319241917,0.3438480856037468,0.03363526586422036
2vars_inflation_monetary_policy,5,0,cpi,0.512339328855122,1.1023627678697188,0.2773999485973422,356,53.121192165012246,0.1492168319241917,0.3438480856037468,0.03363526586422036
2vars_inflation_monetary_policy,5,0,PCE_price_index,-0.43527264055165865,-0.9424600844849265,0.3520506806731505,356,53.121192165012246,0.1492168319241917,0.3438480856037468,0.03363526586422036
2vars_inflation_monetary_policy,5,0,PPI_inflation,-0.10319384484709847,-0.915304521989276,0.3659396013502447,356,53.121192165012246,0.1492168319241917,0.3438480856037468,0.03363526586422036
2vars_inflation_monetary_policy,5,0,vix,-0.03631079304117759,-3.5310107826075265,0.001125112599062783,356,53.121192165012246,0.1492168319241917,0.3438480856037468,0.03363526586422036
2vars_inflation_monetary_policy,5,0,nat_fin_condition_indx,0.01354969164638697,1.4201286008948668,0.16391499216621952,356,53.121192165012246,0.1492168319241917,0.3438480856037468,0.03363526586422036
2vars_inflation_monetary_policy,5,0,10y_2y_spread,0.00460059711564992,0.2702600337684076,0.7884571395696494,356,53.121192165012246,0.1492168319241917,0.3438480856037468,0.03363526586422036
2vars_inflation_monetary_policy,5,0,10y_treasury_const_maturity_rate,-0.02440784603764578,-0.9923200237656055,0.3274660502620801,356,53.121192165012246,0.1492168319241917,0.3438480856037468,0.03363526586422036
2vars_inflation_monetary_policy,5,0,fed_reserve_discount_rate,0.006197686158344251,0.15231121732014155,0.8797663290355608,356,53.121192165012246,0.1492168319241917,0.3438480856037468,0.03363526586422036
2vars_inflation_monetary_policy,5,0,fedfunds,0.020041638152713478,0.3971028885929965,0.6935656492259086,356,53.121192165012246,0.1492168319241917,0.3438480856037468,0.03363526586422036
2vars_inflation_monetary_policy,5,0,m2_real_money_supply,0.031657320350217365,0.4836363826819072,0.631484742169012,356,53.121192165012246,0.1492168319241917,0.3438480856037468,0.03363526586422036
2vars_inflation_monetary_policy,5,1,export_price_index,0.07287872147767939,1.7503256840400134,0.0849711526677166,356,78.48057477137161,0.22045105272857193,0.3990558906406533,0.033321208090879746
2vars_inflation_monetary_policy,5,1,import_price_index,-0.026247757179313894,-0.5830976664556905,0.5619263578062452,356,78.48057477137161,0.22045105272857193,0.3990558906406533,0.033321208090879746
2vars_inflation_monetary_policy,5,1,retail_sales,-0.030069059047383207,-0.3983218074543974,0.6917508851665877,356,78.48057477137161,0.22045105272857193,0.3990558906406533,0.033321208090879746
2vars_inflation_monetary_policy,5,1,tot_business_inventories,-0.027164937214099537,-0.39556109552088664,0.6937762594286991,356,78.48057477137161,0.22045105272857193,0.3990558906406533,0.033321208090879746
2vars_inflation_monetary_policy,5,1,unemployment,0.014512017028269595,0.8980058323701756,0.3726299554291743,356,78.48057477137161,0.22045105272857193,0.3990558906406533,0.033321208090879746
2vars_inflation_monetary_policy,5,1,cpi,0.5468654758662937,1.469083152583633,0.1468274868417001,356,78.48057477137161,0.22045105272857193,0.3990558906406533,0.033321208090879746
2vars_inflation_monetary_policy,5,1,PCE_price_index,-0.48997868337474876,-1.331944875437972,0.1877167230854182,356,78.48057477137161,0.22045105272857193,0.3990558906406533,0.033321208090879746
2vars_inflation_monetary_policy,5,1,PPI_inflation,-0.08208925110829382,-0.882270902218047,0.3810121165151208,356,78.48057477137161,0.22045105272857193,0.3990558906406533,0.033321208090879746
2vars_inflation_monetary_policy,5,1,vix,-0.038679228077344106,-5.028800318280545,4.4279700084359774e-06,356,78.48057477137161,0.22045105272857193,0.3990558906406533,0.033321208090879746
2vars_inflation_monetary_policy,5,1,nat_fin_condition_indx,0.014260220784514737,1.9312599507593307,0.05799029700274638,356,78.48057477137161,0.22045105272857193,0.3990558906406533,0.033321208090879746
2vars_inflation_monetary_policy,5,1,10y_2y_spread,0.00923139159018103,0.6611602527924614,0.5109402910583962,356,78.48057477137161,0.22045105272857193,0.3990558906406533,0.033321208090879746
2vars_inflation_monetary_policy,5,1,10y_treasury_const_maturity_rate,-0.029212022340806918,-1.5358982716821457,0.1296121958679144,356,78.48057477137161,0.22045105272857193,0.3990558906406533,0.033321208090879746
2vars_inflation_monetary_policy,5,1,fed_reserve_discount_rate,0.00665592854293407,0.23492713038207882,0.8150335235814359,356,78.48057477137161,0.22045105272857193,0.3990558906406533,0.033321208090879746
2vars_inflation_monetary_policy,5,1,fedfunds,0.027696129628946953,0.7381832472905461,0.46316681448131636,356,78.48057477137161,0.22045105272857193,0.3990558906406533,0.033321208090879746
2vars_inflation_monetary_policy,5,1,m2_real_money_supply,0.0319110531269793,0.6177984447710672,0.538953571128812,356,78.48057477137161,0.22045105272857193,0.3990558906406533,0.033321208090879746
2vars_inflation_monetary_policy,5,2,export_price_index,0.08435610840334609,2.0378797510726634,0.04676872763243445,356,66.96341794388515,0.18809948860641895,0.3375527284054266,0.031825559882141786
2vars_inflation_monetary_policy,5,2,import_price_index,-0.02309873472014042,-0.48630740982073767,0.6288339339351325,356,66.96341794388515,0.18809948860641895,0.3375527284054266,0.031825559882141786
2vars_inflation_monetary_policy,5,2,retail_sales,-0.030856701262429512,-0.3828350917409371,0.7034341795937391,356,66.96341794388515,0.18809948860641895,0.3375527284054266,0.031825559882141786
2vars_inflation_monetary_policy,5,2,tot_business_inventories,-0.035975665156543095,-0.49794346066971507,0.6206658858685925,356,66.96341794388515,0.18809948860641895,0.3375527284054266,0.031825559882141786
2vars_inflation_monetary_policy,5,2,unemployment,0.01283232706193873,0.7079237752734419,0.4822178286048324,356,66.96341794388515,0.18809948860641895,0.3375527284054266,0.031825559882141786
2vars_inflation_monetary_policy,5,2,cpi,0.4919087493921152,1.3332210999501244,0.18838840045839733,356,66.96341794388515,0.18809948860641895,0.3375527284054266,0.031825559882141786
2vars_inflation_monetary_policy,5,2,PCE_price_index,-0.40933050493717854,-1.1122654008668373,0.2712433818818152,356,66.96341794388515,0.18809948860641895,0.3375527284054266,0.031825559882141786
2vars_inflation_monetary_policy,5,2,PPI_inflation,-0.10869547891979114,-1.1926362967842103,0.2385351975506098,356,66.96341794388515,0.18809948860641895,0.3375527284054266,0.031825559882141786
2vars_inflation_monetary_policy,5,2,vix,-0.03594353397890767,-3.9596929344677614,0.00023356345280189927,356,66.96341794388515,0.18809948860641895,0.3375527284054266,0.031825559882141786
2vars_inflation_monetary_policy,5,2,nat_fin_condition_indx,0.013693846072907113,1.6695187212364473,0.10114683385903445,356,66.96341794388515,0.18809948860641895,0.3375527284054266,0.031825559882141786
2vars_inflation_monetary_policy,5,2,10y_2y_spread,0.0005371221530363384,0.042804521079618615,0.9660246286104204,356,66.96341794388515,0.18809948860641895,0.3375527284054266,0.031825559882141786
2vars_inflation_monetary_policy,5,2,10y_treasury_const_maturity_rate,-0.019184489879443864,-0.979232485341999,0.3320908948564867,356,66.96341794388515,0.18809948860641895,0.3375527284054266,0.031825559882141786
2vars_inflation_monetary_policy,5,2,fed_reserve_discount_rate,0.00774530263444171,0.2382057337497444,0.8126767081645703,356,66.96341794388515,0.18809948860641895,0.3375527284054266,0.031825559882141786
2vars_inflation_monetary_policy,5,2,fedfunds,0.012242512122255331,0.30528636907497475,0.7613914828061805,356,66.96341794388515,0.18809948860641895,0.3375527284054266,0.031825559882141786
2vars_inflation_monetary_policy,5,2,m2_real_money_supply,0.029461511380709137,0.5352092683441235,0.594832987573805,356,66.96341794388515,0.18809948860641895,0.3375527284054266,0.031825559882141786
2vars_inflation_monetary_policy,5,3,export_price_index,0.07656289750305652,1.8521444494776829,0.06868387526072217,356,79.10296373482652,0.22219933633378236,0.3668460694041412,0.03348849341668291
2vars_inflation_monetary_policy,5,3,import_price_index,-0.013487038969974868,-0.3545469092504386,0.7241111835175313,356,79.10296373482652,0.22219933633378236,0.3668460694041412,0.03348849341668291
2vars_inflation_monetary_policy,5,3,retail_sales,-0.053404554527822494,-0.8039825919309874,0.4244254719128491,356,79.10296373482652,0.22219933633378236,0.3668460694041412,0.03348849341668291
2vars_inflation_monetary_policy,5,3,tot_business_inventories,-0.031225914486640815,-0.568579342554122,0.5716596543755901,356,79.10296373482652,0.22219933633378236,0.3668460694041412,0.03348849341668291
2vars_inflation_monetary_policy,5,3,unemployment,0.010413821815595468,0.7544375844452786,0.4533928283481723,356,79.10296373482652,0.22219933633378236,0.3668460694041412,0.03348849341668291
2vars_inflation_monetary_policy,5,3,cpi,0.5740678431979237,1.6909780163448507,0.09577495587109364,356,79.10296373482652,0.22219933633378236,0.3668460694041412,0.03348849341668291
2vars_inflation_monetary_policy,5,3,PCE_price_index,-0.48290317041883135,-1.4073928171069834,0.16421778608105808,356,79.10296373482652,0.22219933633378236,0.3668460694041412,0.03348849341668291
2vars_inflation_monetary_policy,5,3,PPI_inflation,-0.11539639056329615,-1.3496468873082172,0.18195136641848708,356,79.10296373482652,0.22219933633378236,0.3668460694041412,0.03348849341668291
2vars_inflation_monetary_policy,5,3,vix,-0.03794678482396429,-4.899617672615317,7.0197419417272755e-06,356,79.10296373482652,0.22219933633378236,0.3668460694041412,0.03348849341668291
2vars_inflation_monetary_policy,5,3,nat_fin_condition_indx,0.01381452585343928,2.0169888312122164,0.047955911744069546,356,79.10296373482652,0.22219933633378236,0.3668460694041412,0.03348849341668291
2vars_inflation_monetary_policy,5,3,10y_2y_spread,0.010040879113573755,0.7126260660833444,0.4787040348252207,356,79.10296373482652,0.22219933633378236,0.3668460694041412,0.03348849341668291
2vars_inflation_monetary_policy,5,3,10y_treasury_const_maturity_rate,-0.02595397116453382,-1.2119411164101752,0.23005341305308846,356,79.10296373482652,0.22219933633378236,0.3668460694041412,0.03348849341668291
2vars_inflation_monetary_policy,5,3,fed_reserve_discount_rate,0.011061000371856812,0.3200144329154141,0.7500145876080428,356,79.10296373482652,0.22219933633378236,0.3668460694041412,0.03348849341668291
2vars_inflation_monetary_policy,5,3,fedfunds,0.021741779458401736,0.5116692572195699,0.610668461063554,356,79.10296373482652,0.22219933633378236,0.3668460694041412,0.03348849341668291
2vars_inflation_monetary_policy,5,3,m2_real_money_supply,0.046912739239252356,1.0442479181958768,0.3003546203184486,356,79.10296373482652,0.22219933633378236,0.3668460694041412,0.03348849341668291
2vars_inflation_monetary_policy,5,4,export_price_index,0.07679082871880714,1.7921411698740748,0.07796381891777271,356,78.33185138490448,0.22003329040703506,0.28769761638005786,0.03487569247508066
2vars_inflation_monetary_policy,5,4,import_price_index,-0.025845534096466245,-0.5404209371099364,0.5908326541644375,356,78.33185138490448,0.22003329040703506,0.28769761638005786,0.03487569247508066
2vars_inflation_monetary_policy,5,4,retail_sales,-0.022205537552650995,-0.25340586310112695,0.8007885487950448,356,78.33185138490448,0.22003329040703506,0.28769761638005786,0.03487569247508066
2vars_inflation_monetary_policy,5,4,tot_business_inventories,-0.04174870143533979,-0.541208992003363,0.590292677076377,356,78.33185138490448,0.22003329040703506,0.28769761638005786,0.03487569247508066
2vars_inflation_monetary_policy,5,4,unemployment,0.01015850908932691,0.5300594748340915,0.5979538992733309,356,78.33185138490448,0.22003329040703506,0.28769761638005786,0.03487569247508066
2vars_inflation_monetary_policy,5,4,cpi,0.39893279254642805,0.9855060860777078,0.3281856197417974,356,78.33185138490448,0.22003329040703506,0.28769761638005786,0.03487569247508066
2vars_inflation_monetary_policy,5,4,PCE_price_index,-0.32064749080508603,-0.810851211614772,0.42053641415061804,356,78.33185138490448,0.22003329040703506,0.28769761638005786,0.03487569247508066
2vars_inflation_monetary_policy,5,4,PPI_inflation,-0.09713287750997802,-1.0385088275656034,0.30304508518390616,356,78.33185138490448,0.22003329040703506,0.28769761638005786,0.03487569247508066
2vars_inflation_monetary_policy,5,4,vix,-0.03341832857405835,-4.056353540182299,0.00014108931217760023,356,78.33185138490448,0.22003329040703506,0.28769761638005786,0.03487569247508066
2vars_inflation_monetary_policy,5,4,nat_fin_condition_indx,0.013311142140967869,1.5986183425682043,0.1149627371997024,356,78.33185138490448,0.22003329040703506,0.28769761638005786,0.03487569247508066
2vars_inflation_monetary_policy,5,4,10y_2y_spread,0.0004994822765467552,0.03480149065066313,0.9723492411686632,356,78.33185138490448,0.22003329040703506,0.28769761638005786,0.03487569247508066
2vars_inflation_monetary_policy,5,4,10y_treasury_const_maturity_rate,-0.02535103418618375,-1.3611548592717677,0.1783654716059937,356,78.33185138490448,0.22003329040703506,0.28769761638005786,0.03487569247508066
2vars_inflation_monetary_policy,5,4,fed_reserve_discount_rate,0.0012782756340242677,0.036498893914243484,0.9710012009581446,356,78.33185138490448,0.22003329040703506,0.28769761638005786,0.03487569247508066
2vars_inflation_monetary_policy,5,4,fedfunds,0.017960740118067527,0.4251811320235858,0.6721689341817112,356,78.33185138490448,0.22003329040703506,0.28769761638005786,0.03487569247508066
2vars_inflation_monetary_policy,5,4,m2_real_money_supply,0.021369367191970797,0.3530449829681418,0.725245876813001,356,78.33185138490448,0.22003329040703506,0.28769761638005786,0.03487569247508066
2vars_inflation_monetary_policy,6,0,export_price_index,0.07428913356476258,1.6068062082516137,0.1144354250006836,356,65.6764953658788,0.18448453754460334,0.2897957991385539,0.034440788295815955
2vars_inflation_monetary_policy,6,0,import_price_index,-0.0299104609719182,-0.5729385114383782,0.5692707633190612,356,65.6764953658788,0.18448453754460334,0.2897957991385539,0.034440788295815955
2vars_inflation_monetary_policy,6,0,retail_sales,-0.027558589633314555,-0.29020048068551035,0.7728708580814758,356,65.6764953658788,0.18448453754460334,0.2897957991385539,0.034440788295815955
2vars_inflation_monetary_policy,6,0,tot_business_inventories,-0.040350499396507616,-0.4811227785219285,0.6325417202922923,356,65.6764953658788,0.18448453754460334,0.2897957991385539,0.034440788295815955
2vars_inflation_monetary_policy,6,0,unemployment,0.010881061300807782,0.5205354142794928,0.6050028910852747,356,65.6764953658788,0.18448453754460334,0.2897957991385539,0.034440788295815955
2vars_inflation_monetary_policy,6,0,cpi,0.41944050054112153,0.9604619440509204,0.34147454901503993,356,65.6764953658788,0.18448453754460334,0.2897957991385539,0.034440788295815955
2vars_inflation_monetary_policy,6,0,PCE_price_index,-0.34352096188199055,-0.8051007006201996,0.42459835518518374,356,65.6764953658788,0.18448453754460334,0.2897957991385539,0.034440788295815955
2vars_inflation_monetary_policy,6,0,PPI_inflation,-0.08463129973919827,-0.8431198572290863,0.4032028468959763,356,65.6764953658788,0.18448453754460334,0.2897957991385539,0.034440788295815955
2vars_inflation_monetary_policy,6,0,vix,-0.03328473139402479,-3.5933538370640776,0.0007483425336727301,356,65.6764953658788,0.18448453754460334,0.2897957991385539,0.034440788295815955
2vars_inflation_monetary_policy,6,0,nat_fin_condition_indx,0.012203862983792457,1.3402960689289838,0.18624717885402875,356,65.6764953658788,0.18448453754460334,0.2897957991385539,0.034440788295815955
2vars_inflation_monetary_policy,6,0,10y_2y_spread,-0.0009633637379533086,-0.06349591246116021,0.9496264275243897,356,65.6764953658788,0.18448453754460334,0.2897957991385539,0.034440788295815955
2vars_inflation_monetary_policy,6,0,10y_treasury_const_maturity_rate,-0.024898935786439546,-1.1986650547223638,0.2363452526215768,356,65.6764953658788,0.18448453754460334,0.2897957991385539,0.034440788295815955
2vars_inflation_monetary_policy,6,0,fed_reserve_discount_rate,-0.0005871563183005203,-0.01550714203635336,0.9876897009194399,356,65.6764953658788,0.18448453754460334,0.2897957991385539,0.034440788295815955
2vars_inflation_monetary_policy,6,0,fedfunds,0.01943176739385652,0.4222110918695202,0.6746927410488595,356,65.6764953658788,0.18448453754460334,0.2897957991385539,0.034440788295815955
2vars_inflation_monetary_policy,6,0,m2_real_money_supply,0.021691550914398425,0.33070753139066805,0.7422562690721319,356,65.6764953658788,0.18448453754460334,0.2897957991385539,0.034440788295815955
2vars_inflation_monetary_policy,6,1,export_price_index,0.08350474754424769,1.5886470956808225,0.12118918186990713,356,50.78568137626059,0.14265640836028257,0.33939357771038803,0.033571821405803025
2vars_inflation_monetary_policy,6,1,import_price_index,-0.02227030096179645,-0.3824042478864054,0.7044880823375732,356,50.78568137626059,0.14265640836028257,0.33939357771038803,0.033571821405803025
2vars_inflation_monetary_policy,6,1,retail_sales,-0.03257866670346245,-0.3229154969434271,0.7486923419581304,356,50.78568137626059,0.14265640836028257,0.33939357771038803,0.033571821405803025
2vars_inflation_monetary_policy,6,1,tot_business_inventories,-0.0345126116135704,-0.3889675342590782,0.6996710363963463,356,50.78568137626059,0.14265640836028257,0.33939357771038803,0.033571821405803025
2vars_inflation_monetary_policy,6,1,unemployment,0.012082063774273767,0.5476309009255527,0.5874422970173185,356,50.78568137626059,0.14265640836028257,0.33939357771038803,0.033571821405803025
2vars_inflation_monetary_policy,6,1,cpi,0.513309185048393,1.0704020518252917,0.2918095298766652,356,50.78568137626059,0.14265640836028257,0.33939357771038803,0.033571821405803025
2vars_inflation_monetary_policy,6,1,PCE_price_index,-0.4342819749434585,-0.916377629684158,0.3657784990220063,356,50.78568137626059,0.14265640836028257,0.33939357771038803,0.033571821405803025
2vars_inflation_monetary_policy,6,1,PPI_inflation,-0.10928894373462239,-0.9520785522951108,0.3476261750282128,356,50.78568137626059,0.14265640836028257,0.33939357771038803,0.033571821405803025
2vars_inflation_monetary_policy,6,1,vix,-0.03581782709428381,-3.3493515690840705,0.0019587798276250457,356,50.78568137626059,0.14265640836028257,0.33939357771038803,0.033571821405803025
2vars_inflation_monetary_policy,6,1,nat_fin_condition_indx,0.013551827699629856,1.3547299007087192,0.184237557093472,356,50.78568137626059,0.14265640836028257,0.33939357771038803,0.033571821405803025
2vars_inflation_monetary_policy,6,1,10y_2y_spread,0.00257639912238848,0.15031269944817077,0.8813861327978536,356,50.78568137626059,0.14265640836028257,0.33939357771038803,0.033571821405803025
2vars_inflation_monetary_policy,6,1,10y_treasury_const_maturity_rate,-0.02255370529123921,-0.9096671846464256,0.3692582401858189,356,50.78568137626059,0.14265640836028257,0.33939357771038803,0.033571821405803025
2vars_inflation_monetary_policy,6,1,fed_reserve_discount_rate,0.009370397948230857,0.2250599928014443,0.8232495307764713,356,50.78568137626059,0.14265640836028257,0.33939357771038803,0.033571821405803025
2vars_inflation_monetary_policy,6,1,fedfunds,0.012851424135764131,0.25059419069763245,0.8036021312372017,356,50.78568137626059,0.14265640836028257,0.33939357771038803,0.033571821405803025
2vars_inflation_monetary_policy,6,1,m2_real_money_supply,0.031443949713608386,0.4549455919993014,0.6519751195550674,356,50.78568137626059,0.14265640836028257,0.33939357771038803,0.033571821405803025
2vars_inflation_monetary_policy,6,2,export_price_index,0.07942225209990422,1.4019562233770861,0.17095822834658403,356,46.70171984239197,0.13118460629885384,0.34419357232610615,0.03362506906193314
2vars_inflation_monetary_policy,6,2,import_price_index,-0.02175051508862572,-0.35684591506771446,0.723648200752506,356,46.70171984239197,0.13118460629885384,0.34419357232610615,0.03362506906193314
2vars_inflation_monetary_policy,6,2,retail_sales,-0.033762333660401676,-0.31961451120654744,0.7514253767757575,356,46.70171984239197,0.13118460629885384,0.34419357232610615,0.03362506906193314
2vars_inflation_monetary_policy,6,2,tot_business_inventories,-0.0333941701338536,-0.36247941820239715,0.7194772144402917,356,46.70171984239197,0.13118460629885384,0.34419357232610615,0.03362506906193314
2vars_inflation_monetary_policy,6,2,unemployment,0.012472641564337186,0.5478152781184283,0.5877798112820409,356,46.70171984239197,0.13118460629885384,0.34419357232610615,0.03362506906193314
2vars_inflation_monetary_policy,6,2,cpi,0.5182682906232629,1.0125474644686439,0.31919012376940414,356,46.70171984239197,0.13118460629885384,0.34419357232610615,0.03362506906193314
2vars_inflation_monetary_policy,6,2,PCE_price_index,-0.44073062932191764,-0.8672437290794742,0.3925364244760716,356,46.70171984239197,0.13118460629885384,0.34419357232610615,0.03362506906193314
2vars_inflation_monetary_policy,6,2,PPI_inflation,-0.10379319739104557,-0.8388100412944872,0.40805968180409846,356,46.70171984239197,0.13118460629885384,0.34419357232610615,0.03362506906193314
2vars_inflation_monetary_policy,6,2,vix,-0.03625393325794961,-3.2070569780181617,0.00312846340491002,356,46.70171984239197,0.13118460629885384,0.34419357232610615,0.03362506906193314
2vars_inflation_monetary_policy,6,2,nat_fin_condition_indx,0.013498795693698934,1.2850774849223479,0.20837573086909456,356,46.70171984239197,0.13118460629885384,0.34419357232610615,0.03362506906193314
2vars_inflation_monetary_policy,6,2,10y_2y_spread,0.0042876620543093776,0.22910275873664349,0.820308396974619,356,46.70171984239197,0.13118460629885384,0.34419357232610615,0.03362506906193314
2vars_inflation_monetary_policy,6,2,10y_treasury_const_maturity_rate,-0.024093119132712493,-0.8935891041383842,0.37849329523639863,356,46.70171984239197,0.13118460629885384,0.34419357232610615,0.03362506906193314
2vars_inflation_monetary_policy,6,2,fed_reserve_discount_rate,0.006907135988449968,0.15433191708719024,0.8783581040272435,356,46.70171984239197,0.13118460629885384,0.34419357232610615,0.03362506906193314
2vars_inflation_monetary_policy,6,2,fedfunds,0.0188363820414636,0.33927132338217314,0.7367151708772324,356,46.70171984239197,0.13118460629885384,0.34419357232610615,0.03362506906193314
2vars_inflation_monetary_policy,6,2,m2_real_money_supply,0.03208817109627446,0.4443932108128017,0.6598752016580076,356,46.70171984239197,0.13118460629885384,0.34419357232610615,0.03362506906193314
2vars_inflation_monetary_policy,6,3,export_price_index,0.08304257682706219,1.578722405924967,0.1232557196479469,356,51.558111592512816,0.14482615615874386,0.4281049933218055,0.03281758341377344
2vars_inflation_monetary_policy,6,3,import_price_index,-0.030320232156076342,-0.5417049512407144,0.5914002507395515,356,51.558111592512816,0.14482615615874386,0.4281049933218055,0.03281758341377344
2vars_inflation_monetary_policy,6,3,retail_sales,-0.028388460677301608,-0.30833494074333523,0.7596266258701163,356,51.558111592512816,0.14482615615874386,0.4281049933218055,0.03281758341377344
2vars_inflation_monetary_policy,6,3,tot_business_inventories,-0.020745272436271302,-0.25615744410795993,0.7993054627197458,356,51.558111592512816,0.14482615615874386,0.4281049933218055,0.03281758341377344
2vars_inflation_monetary_policy,6,3,unemployment,0.017823131604628194,0.9307204906008755,0.3582743933524162,356,51.558111592512816,0.14482615615874386,0.4281049933218055,0.03281758341377344
2vars_inflation_monetary_policy,6,3,cpi,0.5804690446782658,1.246192044403165,0.22084194387939737,356,51.558111592512816,0.14482615615874386,0.4281049933218055,0.03281758341377344
2vars_inflation_monetary_policy,6,3,PCE_price_index,-0.5184834433174751,-1.1283418698727274,0.26673130378103616,356,51.558111592512816,0.14482615615874386,0.4281049933218055,0.03281758341377344
2vars_inflation_monetary_policy,6,3,PPI_inflation,-0.09553782142739939,-0.8353916197447888,0.40907554091965537,356,51.558111592512816,0.14482615615874386,0.4281049933218055,0.03281758341377344
2vars_inflation_monetary_policy,6,3,vix,-0.03742551448624314,-3.8292643087340443,0.0005013092607994984,356,51.558111592512816,0.14482615615874386,0.4281049933218055,0.03281758341377344
2vars_inflation_monetary_policy,6,3,nat_fin_condition_indx,0.012998447592587403,1.5091162352832643,0.14010437682006005,356,51.558111592512816,0.14482615615874386,0.4281049933218055,0.03281758341377344
2vars_inflation_monetary_policy,6,3,10y_2y_spread,0.0036933866472952806,0.2097239498267647,0.8350801529908578,356,51.558111592512816,0.14482615615874386,0.4281049933218055,0.03281758341377344
2vars_inflation_monetary_policy,6,3,10y_treasury_const_maturity_rate,-0.023413327445125833,-0.9536479268346224,0.34670021183522004,356,51.558111592512816,0.14482615615874386,0.4281049933218055,0.03281758341377344
2vars_inflation_monetary_policy,6,3,fed_reserve_discount_rate,0.007683979877168602,0.18764197221574822,0.8522240004173822,356,51.558111592512816,0.14482615615874386,0.4281049933218055,0.03281758341377344
2vars_inflation_monetary_policy,6,3,fedfunds,0.0193514393016382,0.38132367794779987,0.7052321772688432,356,51.558111592512816,0.14482615615874386,0.4281049933218055,0.03281758341377344
2vars_inflation_monetary_policy,6,3,m2_real_money_supply,0.026193925069841546,0.40251943259756756,0.6897115073673836,356,51.558111592512816,0.14482615615874386,0.4281049933218055,0.03281758341377344
2vars_inflation_monetary_policy,6,4,export_price_index,0.07703000375576614,1.7954477916487255,0.07793237325935198,356,72.48454272961709,0.20360826609443003,0.3352820405852792,0.033058418649100994
2vars_inflation_monetary_policy,6,4,import_price_index,-0.01846887743715666,-0.38294146500487763,0.7032005256967966,356,72.48454272961709,0.20360826609443003,0.3352820405852792,0.033058418649100994
2vars_inflation_monetary_policy,6,4,retail_sales,-0.02690182977951594,-0.3246676424026417,0.7466320120515797,356,72.48454272961709,0.20360826609443003,0.3352820405852792,0.033058418649100994
2vars_inflation_monetary_policy,6,4,tot_business_inventories,-0.03548509173868387,-0.47754099937230143,0.6348197034929146,356,72.48454272961709,0.20360826609443003,0.3352820405852792,0.033058418649100994
2vars_inflation_monetary_policy,6,4,unemployment,0.012055471918727785,0.6605236898274269,0.5116027216703678,356,72.48454272961709,0.20360826609443003,0.3352820405852792,0.033058418649100994
2vars_inflation_monetary_policy,6,4,cpi,0.4799564807004915,1.2415159346785718,0.2195461496853206,356,72.48454272961709,0.20360826609443003,0.3352820405852792,0.033058418649100994
2vars_inflation_monetary_policy,6,4,PCE_price_index,-0.40486703597796275,-1.0475771077337221,0.29929552003390514,356,72.48454272961709,0.20360826609443003,0.3352820405852792,0.033058418649100994
2vars_inflation_monetary_policy,6,4,PPI_inflation,-0.10526289113963735,-1.0912732339631153,0.279785833581343,356,72.48454272961709,0.20360826609443003,0.3352820405852792,0.033058418649100994
2vars_inflation_monetary_policy,6,4,vix,-0.03776781950011602,-4.39269538478611,4.977883322720977e-05,356,72.48454272961709,0.20360826609443003,0.3352820405852792,0.033058418649100994
2vars_inflation_monetary_policy,6,4,nat_fin_condition_indx,0.015916215601710304,1.8943830431318516,0.06329801856714035,356,72.48454272961709,0.20360826609443003,0.3352820405852792,0.033058418649100994
2vars_inflation_monetary_policy,6,4,10y_2y_spread,0.007523020857487742,0.5618619873338544,0.5764328661086973,356,72.48454272961709,0.20360826609443003,0.3352820405852792,0.033058418649100994
2vars_inflation_monetary_policy,6,4,10y_treasury_const_maturity_rate,-0.02599116599644837,-1.3165124671077577,0.19331919146165988,356,72.48454272961709,0.20360826609443003,0.3352820405852792,0.033058418649100994
2vars_inflation_monetary_policy,6,4,fed_reserve_discount_rate,0.007795698115057608,0.25890773285078394,0.7966476394786017,356,72.48454272961709,0.20360826609443003,0.3352820405852792,0.033058418649100994
2vars_inflation_monetary_policy,6,4,fedfunds,0.021398689563189275,0.5422039838616706,0.5898107834854327,356,72.48454272961709,0.20360826609443003,0.3352820405852792,0.033058418649100994
2vars_inflation_monetary_policy,6,4,m2_real_money_supply,0.03151397539098619,0.5650266044433918,0.5742930455093824,356,72.48454272961709,0.20360826609443003,0.3352820405852792,0.033058418649100994
2vars_inflation_monetary_policy,6,5,export_price_index,0.0777789904567446,1.7274232341431623,0.08993841123955715,356,68.79344909333875,0.1932400255430864,0.3566137785671051,0.03351971365097193
2vars_inflation_monetary_policy,6,5,import_price_index,-0.011681813261314539,-0.27839733915899845,0.7817948880226253,356,68.79344909333875,0.1932400255430864,0.3566137785671051,0.03351971365097193
2vars_inflation_monetary_policy,6,5,retail_sales,-0.04841530879077981,-0.6573444364752004,0.5138152736592758,356,68.79344909333875,0.1932400255430864,0.3566137785671051,0.03351971365097193
2vars_inflation_monetary_policy,6,5,tot_business_inventories,-0.03538709390640425,-0.574890124476531,0.5678076025024628,356,68.79344909333875,0.1932400255430864,0.3566137785671051,0.03351971365097193
2vars_inflation_monetary_policy,6,5,unemployment,0.009476134080406812,0.6154894385231395,0.5408759214203838,356,68.79344909333875,0.1932400255430864,0.3566137785671051,0.03351971365097193
2vars_inflation_monetary_policy,6,5,cpi,0.554227992929589,1.4701315459784858,0.14746109511883976,356,68.79344909333875,0.1932400255430864,0.3566137785671051,0.03351971365097193
2vars_inflation_monetary_policy,6,5,PCE_price_index,-0.46101027203708456,-1.2090812451095412,0.23201874817131052,356,68.79344909333875,0.1932400255430864,0.3566137785671051,0.03351971365097193
2vars_inflation_monetary_policy,6,5,PPI_inflation,-0.120249567890292,-1.2839800969826192,0.20475547937664218,356,68.79344909333875,0.1932400255430864,0.3566137785671051,0.03351971365097193
2vars_inflation_monetary_policy,6,5,vix,-0.037743988418455596,-4.4402114832836075,4.617925416483537e-05,356,68.79344909333875,0.1932400255430864,0.3566137785671051,0.03351971365097193
2vars_inflation_monetary_policy,6,5,nat_fin_condition_indx,0.013907497828199321,1.770869763257571,0.08235531988188427,356,68.79344909333875,0.1932400255430864,0.3566137785671051,0.03351971365097193
2vars_inflation_monetary_policy,6,5,10y_2y_spread,0.009942009938061084,0.6474723039997122,0.5201320379589278,356,68.79344909333875,0.1932400255430864,0.3566137785671051,0.03351971365097193
2vars_inflation_monetary_policy,6,5,10y_treasury_const_maturity_rate,-0.025721332213084758,-1.099329325068751,0.27661241893713506,356,68.79344909333875,0.1932400255430864,0.3566137785671051,0.03351971365097193
2vars_inflation_monetary_policy,6,5,fed_reserve_discount_rate,0.01078773327896417,0.2852587594634014,0.776562065723053,356,68.79344909333875,0.1932400255430864,0.3566137785671051,0.03351971365097193
2vars_inflation_monetary_policy,6,5,fedfunds,0.02090013726831639,0.45021089625147714,0.6544017617834794,356,68.79344909333875,0.1932400255430864,0.3566137785671051,0.03351971365097193
2vars_inflation_monetary_policy,6,5,m2_real_money_supply,0.04547428323027964,0.9240786963146316,0.35964988211372884,356,68.79344909333875,0.1932400255430864,0.3566137785671051,0.03351971365097193
2vars_inflation_market_volatility,2,0,export_price_index,0.06527832342216648,2.966809056282511,0.003438407654622777,356,187.67426457806633,0.5271749005001863,0.32582335707054255,0.029039998576339234
2vars_inflation_market_volatility,2,0,import_price_index,-0.020790332163354547,-0.7946325635315191,0.427924420609747,356,187.67426457806633,0.5271749005001863,0.32582335707054255,0.029039998576339234
2vars_inflation_market_volatility,2,0,retail_sales,-0.02731929659680042,-0.587949334962207,0.5573389197341032,356,187.67426457806633,0.5271749005001863,0.32582335707054255,0.029039998576339234
2vars_inflation_market_volatility,2,0,tot_business_inventories,-0.027790530646933258,-0.7028284175014853,0.48311464605933496,356,187.67426457806633,0.5271749005001863,0.32582335707054255,0.029039998576339234
2vars_inflation_market_volatility,2,0,unemployment,0.013186228824790418,1.3212522792123433,0.18817551376455866,356,187.67426457806633,0.5271749005001863,0.32582335707054255,0.029039998576339234
2vars_inflation_market_volatility,2,0,cpi,0.5002702399774566,2.4068887931906775,0.017149680602209783,356,187.67426457806633,0.5271749005001863,0.32582335707054255,0.029039998576339234
2vars_inflation_market_volatility,2,0,PCE_price_index,-0.42320095557061793,-2.047615648856019,0.042121207629176594,356,187.67426457806633,0.5271749005001863,0.32582335707054255,0.029039998576339234
2vars_inflation_market_volatility,2,0,PPI_inflation,-0.08712500300965637,-1.8399071713366895,0.0675086680505228,356,187.67426457806633,0.5271749005001863,0.32582335707054255,0.029039998576339234
2vars_inflation_market_volatility,2,0,vix,-0.03513462862519923,-7.6564014380798495,1.3276046928467622e-12,356,187.67426457806633,0.5271749005001863,0.32582335707054255,0.029039998576339234
2vars_inflation_market_volatility,2,0,nat_fin_condition_indx,0.011933137695700577,2.5303046246809435,0.01229574521925958,356,187.67426457806633,0.5271749005001863,0.32582335707054255,0.029039998576339234
2vars_inflation_market_volatility,2,0,10y_2y_spread,0.005913330360894149,0.8158827104599422,0.4156978000874467,356,187.67426457806633,0.5271749005001863,0.32582335707054255,0.029039998576339234
2vars_inflation_market_volatility,2,0,10y_treasury_const_maturity_rate,-0.017255854572522114,-1.7017151122344423,0.09061904957778721,356,187.67426457806633,0.5271749005001863,0.32582335707054255,0.029039998576339234
2vars_inflation_market_volatility,2,0,fed_reserve_discount_rate,-0.0014822170285954377,-0.08095060282040865,0.9355755317375105,356,187.67426457806633,0.5271749005001863,0.32582335707054255,0.029039998576339234
2vars_inflation_market_volatility,2,0,fedfunds,0.026174994253450847,1.1255421195120534,0.2619304396471911,356,187.67426457806633,0.5271749005001863,0.32582335707054255,0.029039998576339234
2vars_inflation_market_volatility,2,0,m2_real_money_supply,0.02312897528346718,0.7554771235317559,0.45099802959745316,356,187.67426457806633,0.5271749005001863,0.32582335707054255,0.029039998576339234
2vars_inflation_market_volatility,2,1,export_price_index,0.0912772535358449,3.2040068608280894,0.0016508475389624966,356,168.3257354219337,0.4728250994998138,0.3725514312973305,0.037594179935997014
2vars_inflation_market_volatility,2,1,import_price_index,-0.01589072517311475,-0.5838596103380651,0.5601783527706616,356,168.3257354219337,0.4728250994998138,0.3725514312973305,0.037594179935997014
2vars_inflation_market_volatility,2,1,retail_sales,-0.039675187920583506,-0.8571148943289321,0.3927278531285867,356,168.3257354219337,0.4728250994998138,0.3725514312973305,0.037594179935997014
2vars_inflation_market_volatility,2,1,tot_business_inventories,-0.04169340587326815,-0.998441937386213,0.3196485347364022,356,168.3257354219337,0.4728250994998138,0.3725514312973305,0.037594179935997014
2vars_inflation_market_volatility,2,1,unemployment,0.010428788716637716,1.0392083939997891,0.3003545583381064,356,168.3257354219337,0.4728250994998138,0.3725514312973305,0.037594179935997014
2vars_inflation_market_volatility,2,1,cpi,0.5046693262170525,2.093741686950114,0.037939555656832935,356,168.3257354219337,0.4728250994998138,0.3725514312973305,0.037594179935997014
2vars_inflation_market_volatility,2,1,PCE_price_index,-0.42246245790998116,-1.763441219190032,0.07983110107903157,356,168.3257354219337,0.4728250994998138,0.3725514312973305,0.037594179935997014
2vars_inflation_market_volatility,2,1,PPI_inflation,-0.1288553881956003,-2.092118194734777,0.038086705185830017,356,168.3257354219337,0.4728250994998138,0.3725514312973305,0.037594179935997014
2vars_inflation_market_volatility,2,1,vix,-0.03934673190470547,-7.4352257836058895,7.0468075819007936e-12,356,168.3257354219337,0.4728250994998138,0.3725514312973305,0.037594179935997014
2vars_inflation_market_volatility,2,1,nat_fin_condition_indx,0.01562812121510014,3.34057164644017,0.0010515685678302855,356,168.3257354219337,0.4728250994998138,0.3725514312973305,0.037594179935997014
2vars_inflation_market_volatility,2,1,10y_2y_spread,0.004284904853432127,0.46642587132911717,0.6415770513554127,356,168.3257354219337,0.4728250994998138,0.3725514312973305,0.037594179935997014
2vars_inflation_market_volatility,2,1,10y_treasury_const_maturity_rate,-0.03261168155546373,-2.412697573159615,0.017023242057179422,356,168.3257354219337,0.4728250994998138,0.3725514312973305,0.037594179935997014
2vars_inflation_market_volatility,2,1,fed_reserve_discount_rate,0.014084585052366087,0.6684587602205532,0.5048524864741273,356,168.3257354219337,0.4728250994998138,0.3725514312973305,0.037594179935997014
2vars_inflation_market_volatility,2,1,fedfunds,0.01377353991927949,0.541781787960598,0.5887604410036493,356,168.3257354219337,0.4728250994998138,0.3725514312973305,0.037594179935997014
2vars_inflation_market_volatility,2,1,m2_real_money_supply,0.04200848463332588,1.291859467530999,0.19836242452305886,356,168.3257354219337,0.4728250994998138,0.3725514312973305,0.037594179935997014
2vars_inflation_market_volatility,3,0,export_price_index,0.09340560684486793,2.9004439237559834,0.004509339341533414,356,124.84716555025864,0.3506942852535355,0.3461431992416464,0.03476585791620256
2vars_inflation_market_volatility,3,0,import_price_index,-0.016575190850442456,-0.5358803373048351,0.5931346191204154,356,124.84716555025864,0.3506942852535355,0.3461431992416464,0.03476585791620256
2vars_inflation_market_volatility,3,0,retail_sales,-0.03920278548351077,-0.7003667402134965,0.48519264355592506,356,124.84716555025864,0.3506942852535355,0.3461431992416464,0.03476585791620256
2vars_inflation_market_volatility,3,0,tot_business_inventories,-0.04244832415792676,-0.8234502421498258,0.41205255721816725,356,124.84716555025864,0.3506942852535355,0.3461431992416464,0.03476585791620256
2vars_inflation_market_volatility,3,0,unemployment,0.009009986706328143,0.7009975561348704,0.48480045214820855,356,124.84716555025864,0.3506942852535355,0.3461431992416464,0.03476585791620256
2vars_inflation_market_volatility,3,0,cpi,0.4696949681411269,1.6795737532452821,0.09590851197559669,356,124.84716555025864,0.3506942852535355,0.3461431992416464,0.03476585791620256
2vars_inflation_market_volatility,3,0,PCE_price_index,-0.3840682685012431,-1.3975571877950035,0.16508810714490618,356,124.84716555025864,0.3506942852535355,0.3461431992416464,0.03476585791620256
2vars_inflation_market_volatility,3,0,PPI_inflation,-0.12957399940909367,-1.9118973147322846,0.05851851736498781,356,124.84716555025864,0.3506942852535355,0.3461431992416464,0.03476585791620256
2vars_inflation_market_volatility,3,0,vix,-0.03927640535741781,-6.152102300496465,1.2966075324527537e-08,356,124.84716555025864,0.3506942852535355,0.3461431992416464,0.03476585791620256
2vars_inflation_market_volatility,3,0,nat_fin_condition_indx,0.017688828852447658,2.8558094639051954,0.005142211163869925,356,124.84716555025864,0.3506942852535355,0.3461431992416464,0.03476585791620256
2vars_inflation_market_volatility,3,0,10y_2y_spread,0.002044522456841204,0.20377298821830794,0.8389113912801194,356,124.84716555025864,0.3506942852535355,0.3461431992416464,0.03476585791620256
2vars_inflation_market_volatility,3,0,10y_treasury_const_maturity_rate,-0.02155424032937889,-1.454389099992638,0.14871605401165366,356,124.84716555025864,0.3506942852535355,0.3461431992416464,0.03476585791620256
2vars_inflation_market_volatility,3,0,fed_reserve_discount_rate,0.020295644599790556,0.8359115736946062,0.4050359011383875,356,124.84716555025864,0.3506942852535355,0.3461431992416464,0.03476585791620256
2vars_inflation_market_volatility,3,0,fedfunds,0.0015485226216380105,0.05286604240140708,0.9579355442379864,356,124.84716555025864,0.3506942852535355,0.3461431992416464,0.03476585791620256
2vars_inflation_market_volatility,3,0,m2_real_money_supply,0.04380438489377735,1.1182219570776113,0.2659340965999353,356,124.84716555025864,0.3506942852535355,0.3461431992416464,0.03476585791620256
2vars_inflation_market_volatility,3,1,export_price_index,0.08228265301470751,2.030680106543025,0.04592956925360259,356,89.01640645613675,0.25004608555094593,0.38907829979580644,0.037498730856127475
2vars_inflation_market_volatility,3,1,import_price_index,-0.023593827672676985,-0.5500115277676281,0.583990069953995,356,89.01640645613675,0.25004608555094593,0.38907829979580644,0.037498730856127475
2vars_inflation_market_volatility,3,1,retail_sales,-0.03695676588508757,-0.5496748644327412,0.5842198104995617,356,89.01640645613675,0.25004608555094593,0.38907829979580644,0.037498730856127475
2vars_inflation_market_volatility,3,1,tot_business_inventories,-0.04187551549390013,-0.7130359261509533,0.4780962100620514,356,89.01640645613675,0.25004608555094593,0.38907829979580644,0.037498730856127475
2vars_inflation_market_volatility,3,1,unemployment,0.012979810652652711,0.9464442531244492,0.34704373167554436,356,89.01640645613675,0.25004608555094593,0.38907829979580644,0.037498730856127475
2vars_inflation_market_volatility,3,1,cpi,0.5479520767254973,1.594619758403845,0.11511704844966397,356,89.01640645613675,0.25004608555094593,0.38907829979580644,0.037498730856127475
2vars_inflation_market_volatility,3,1,PCE_price_index,-0.4619760556005323,-1.3316465375637654,0.18711864629071973,356,89.01640645613675,0.25004608555094593,0.38907829979580644,0.037498730856127475
2vars_inflation_market_volatility,3,1,PPI_inflation,-0.10936728353161145,-1.199899447950651,0.23405727276549326,356,89.01640645613675,0.25004608555094593,0.38907829979580644,0.037498730856127475
2vars_inflation_market_volatility,3,1,vix,-0.037734733171368245,-5.157550490560012,2.067276012596153e-06,356,89.01640645613675,0.25004608555094593,0.38907829979580644,0.037498730856127475
2vars_inflation_market_volatility,3,1,nat_fin_condition_indx,0.012857690565586678,2.0329787832354738,0.04569081070663161,356,89.01640645613675,0.25004608555094593,0.38907829979580644,0.037498730856127475
2vars_inflation_market_volatility,3,1,10y_2y_spread,0.008189021892817708,0.5918754036500784,0.5557622884222404,356,89.01640645613675,0.25004608555094593,0.38907829979580644,0.037498730856127475
2vars_inflation_market_volatility,3,1,10y_treasury_const_maturity_rate,-0.038260292641652045,-1.957175008684498,0.05414999080065086,356,89.01640645613675,0.25004608555094593,0.38907829979580644,0.037498730856127475
2vars_inflation_market_volatility,3,1,fed_reserve_discount_rate,0.002022292967151424,0.06558786505692674,0.9478851985753063,356,89.01640645613675,0.25004608555094593,0.38907829979580644,0.037498730856127475
2vars_inflation_market_volatility,3,1,fedfunds,0.034045595594660895,0.884623958870548,0.3792632839606689,356,89.01640645613675,0.25004608555094593,0.38907829979580644,0.037498730856127475
2vars_inflation_market_volatility,3,1,m2_real_money_supply,0.03331073180377561,0.7237607958504189,0.4715250798417614,356,89.01640645613675,0.25004608555094593,0.38907829979580644,0.037498730856127475
2vars_inflation_market_volatility,3,2,export_price_index,0.06516061099006873,2.582963288243658,0.010936333732251668,356,142.13642799360463,0.3992596291955186,0.33479579621956235,0.028897017525569512
2vars_inflation_market_volatility,3,2,import_price_index,-0.022668901207191325,-0.7508167812516051,0.4541613274684704,356,142.13642799360463,0.3992596291955186,0.33479579621956235,0.028897017525569512
2vars_inflation_market_volatility,3,2,retail_sales,-0.02658164687364195,-0.5028772493951902,0.6159275009473326,356,142.13642799360463,0.3992596291955186,0.33479579621956235,0.028897017525569512
2vars_inflation_market_volatility,3,2,tot_business_inventories,-0.025911491353626533,-0.5749344770644483,0.5663596943196159,356,142.13642799360463,0.3992596291955186,0.33479579621956235,0.028897017525569512
2vars_inflation_market_volatility,3,2,unemployment,0.013840623376443394,1.2122942560632215,0.22766557610020088,356,142.13642799360463,0.3992596291955186,0.33479579621956235,0.028897017525569512
2vars_inflation_market_volatility,3,2,cpi,0.5179918396994946,2.1707166141499448,0.03182525109870471,356,142.13642799360463,0.3992596291955186,0.33479579621956235,0.028897017525569512
2vars_inflation_market_volatility,3,2,PCE_price_index,-0.44781975736561813,-1.882705824137341,0.062043676522088864,356,142.13642799360463,0.3992596291955186,0.33479579621956235,0.028897017525569512
2vars_inflation_market_volatility,3,2,PPI_inflation,-0.0813104567538409,-1.490350500001772,0.13862850789317438,356,142.13642799360463,0.3992596291955186,0.33479579621956235,0.028897017525569512
2vars_inflation_market_volatility,3,2,vix,-0.035315489006801856,-6.709264072851122,5.925191448596934e-10,356,142.13642799360463,0.3992596291955186,0.33479579621956235,0.028897017525569512
2vars_inflation_market_volatility,3,2,nat_fin_condition_indx,0.01214562348361259,2.2533332203049334,0.025964983305672318,356,142.13642799360463,0.3992596291955186,0.33479579621956235,0.028897017525569512
2vars_inflation_market_volatility,3,2,10y_2y_spread,0.005555568479816045,0.6611954245601399,0.5096929153670704,356,142.13642799360463,0.3992596291955186,0.33479579621956235,0.028897017525569512
2vars_inflation_market_volatility,3,2,10y_treasury_const_maturity_rate,-0.017805448593892007,-1.5145693045040358,0.13238335441257298,356,142.13642799360463,0.3992596291955186,0.33479579621956235,0.028897017525569512
2vars_inflation_market_volatility,3,2,fed_reserve_discount_rate,-0.0016796651440604052,-0.08008664802746582,0.9362952668616811,356,142.13642799360463,0.3992596291955186,0.33479579621956235,0.028897017525569512
2vars_inflation_market_volatility,3,2,fedfunds,0.025833295676477235,0.96883884289046,0.33447965121991796,356,142.13642799360463,0.3992596291955186,0.33479579621956235,0.028897017525569512
2vars_inflation_market_volatility,3,2,m2_real_money_supply,0.023022977338655708,0.6588629514948825,0.5111847218663699,356,142.13642799360463,0.3992596291955186,0.33479579621956235,0.028897017525569512
2vars_inflation_market_volatility,4,0,export_price_index,0.06831631547166102,2.2769705509661873,0.025153865656933005,356,106.16235650923242,0.2982088665989675,0.336187397871175,0.02891433873900354
2vars_inflation_market_volatility,4,0,import_price_index,-0.025378336528763937,-0.722186470133224,0.4720487865051983,356,106.16235650923242,0.2982088665989675,0.336187397871175,0.02891433873900354
2vars_inflation_market_volatility,4,0,retail_sales,-0.027988947750382208,-0.4609258821677756,0.645961696637471,356,106.16235650923242,0.2982088665989675,0.336187397871175,0.02891433873900354
2vars_inflation_market_volatility,4,0,tot_business_inventories,-0.022182388249408626,-0.42475622910559363,0.6720263089047318,356,106.16235650923242,0.2982088665989675,0.336187397871175,0.02891433873900354
2vars_inflation_market_volatility,4,0,unemployment,0.014669117700507042,1.112620775105405,0.26882904953971476,356,106.16235650923242,0.2982088665989675,0.336187397871175,0.02891433873900354
2vars_inflation_market_volatility,4,0,cpi,0.5587889792425147,1.9951796812387037,0.04904228243874198,356,106.16235650923242,0.2982088665989675,0.336187397871175,0.02891433873900354
2vars_inflation_market_volatility,4,0,PCE_price_index,-0.4991418947195842,-1.7840613036181991,0.07777786837077061,356,106.16235650923242,0.2982088665989675,0.336187397871175,0.02891433873900354
2vars_inflation_market_volatility,4,0,PPI_inflation,-0.07588123949699116,-1.1649266944127246,0.2471215544029992,356,106.16235650923242,0.2982088665989675,0.336187397871175,0.02891433873900354
2vars_inflation_market_volatility,4,0,vix,-0.034610679642487346,-5.569381765314313,2.615879040046565e-07,356,106.16235650923242,0.2982088665989675,0.336187397871175,0.02891433873900354
2vars_inflation_market_volatility,4,0,nat_fin_condition_indx,0.011752088531711915,1.8993914236030234,0.06070999668416288,356,106.16235650923242,0.2982088665989675,0.336187397871175,0.02891433873900354
2vars_inflation_market_volatility,4,0,10y_2y_spread,0.003537493927882402,0.36031353055130494,0.7194553946919684,356,106.16235650923242,0.2982088665989675,0.336187397871175,0.02891433873900354
2vars_inflation_market_volatility,4,0,10y_treasury_const_maturity_rate,-0.01746854999895934,-1.2575173899666106,0.21181377466849538,356,106.16235650923242,0.2982088665989675,0.336187397871175,0.02891433873900354
2vars_inflation_market_volatility,4,0,fed_reserve_discount_rate,-0.00032479150361133395,-0.013034258133347685,0.9896292594573979,356,106.16235650923242,0.2982088665989675,0.336187397871175,0.02891433873900354
2vars_inflation_market_volatility,4,0,fedfunds,0.022118752930510202,0.6998796385975636,0.48580437456348546,356,106.16235650923242,0.2982088665989675,0.336187397871175,0.02891433873900354
2vars_inflation_market_volatility,4,0,m2_real_money_supply,0.024271584273181913,0.5970051256873887,0.5520002114759885,356,106.16235650923242,0.2982088665989675,0.336187397871175,0.02891433873900354
2vars_inflation_market_volatility,4,1,export_price_index,0.0824494496624226,2.136713937143189,0.036136928648930366,356,85.62905605224367,0.24053105632652716,0.3276586999761988,0.034820568122465534
2vars_inflation_market_volatility,4,1,import_price_index,-0.013374721739865786,-0.3627294295952622,0.717905777123395,356,85.62905605224367,0.24053105632652716,0.3276586999761988,0.034820568122465534
2vars_inflation_market_volatility,4,1,retail_sales,-0.033518726007683484,-0.5234990151582152,0.6022892411149017,356,85.62905605224367,0.24053105632652716,0.3276586999761988,0.034820568122465534
2vars_inflation_market_volatility,4,1,tot_business_inventories,-0.040407182669157354,-0.6633729526909207,0.5092821200649853,356,85.62905605224367,0.24053105632652716,0.3276586999761988,0.034820568122465534
2vars_inflation_market_volatility,4,1,unemployment,0.009110327050409414,0.6126223191349438,0.5421217999028438,356,85.62905605224367,0.24053105632652716,0.3276586999761988,0.034820568122465534
2vars_inflation_market_volatility,4,1,cpi,0.5678854492559103,1.6866885024016451,0.09613912307983052,356,85.62905605224367,0.24053105632652716,0.3276586999761988,0.034820568122465534
2vars_inflation_market_volatility,4,1,PCE_price_index,-0.49530794425788294,-1.4629767061377523,0.14797331048020723,356,85.62905605224367,0.24053105632652716,0.3276586999761988,0.034820568122465534
2vars_inflation_market_volatility,4,1,PPI_inflation,-0.115953616903234,-1.419955878335967,0.16008258056680913,356,85.62905605224367,0.24053105632652716,0.3276586999761988,0.034820568122465534
2vars_inflation_market_volatility,4,1,vix,-0.037178316452202965,-4.660646925724754,1.4717924948559613e-05,356,85.62905605224367,0.24053105632652716,0.3276586999761988,0.034820568122465534
2vars_inflation_market_volatility,4,1,nat_fin_condition_indx,0.015385607196607675,2.070670471246411,0.04209898248564792,356,85.62905605224367,0.24053105632652716,0.3276586999761988,0.034820568122465534
2vars_inflation_market_volatility,4,1,10y_2y_spread,0.0012587025457038879,0.10406791906615685,0.9174146296909849,356,85.62905605224367,0.24053105632652716,0.3276586999761988,0.034820568122465534
2vars_inflation_market_volatility,4,1,10y_treasury_const_maturity_rate,-0.02282428029464282,-1.2461071193174136,0.2169014481725844,356,85.62905605224367,0.24053105632652716,0.3276586999761988,0.034820568122465534
2vars_inflation_market_volatility,4,1,fed_reserve_discount_rate,0.011434481400543409,0.3819446972702283,0.7036656037655695,356,85.62905605224367,0.24053105632652716,0.3276586999761988,0.034820568122465534
2vars_inflation_market_volatility,4,1,fedfunds,0.0064113352283734154,0.1799675597772494,0.8577007710480147,356,85.62905605224367,0.24053105632652716,0.3276586999761988,0.034820568122465534
2vars_inflation_market_volatility,4,1,m2_real_money_supply,0.04107662801850316,0.9179475764488523,0.3618151353450463,356,85.62905605224367,0.24053105632652716,0.3276586999761988,0.034820568122465534
2vars_inflation_market_volatility,4,2,export_price_index,0.08446627588088039,2.2331021176718644,0.028472382020098497,356,92.32682350485338,0.2593450098450938,0.35438140732037327,0.033416571163282956
2vars_inflation_market_volatility,4,2,import_price_index,-0.021242678357743985,-0.5234616223223969,0.6021695798193853,356,92.32682350485338,0.2593450098450938,0.35438140732037327,0.033416571163282956
2vars_inflation_market_volatility,4,2,retail_sales,-0.03584752125708379,-0.4806742922985391,0.6321229387223437,356,92.32682350485338,0.2593450098450938,0.35438140732037327,0.033416571163282956
2vars_inflation_market_volatility,4,2,tot_business_inventories,-0.040890039879588336,-0.6511932622632498,0.5168775370671126,356,92.32682350485338,0.2593450098450938,0.35438140732037327,0.033416571163282956
2vars_inflation_market_volatility,4,2,unemployment,0.010590383616621471,0.6632081310738343,0.5091953375216596,356,92.32682350485338,0.2593450098450938,0.35438140732037327,0.033416571163282956
2vars_inflation_market_volatility,4,2,cpi,0.3667594462316518,1.0781870773912097,0.28434596966805903,356,92.32682350485338,0.2593450098450938,0.35438140732037327,0.033416571163282956
2vars_inflation_market_volatility,4,2,PCE_price_index,-0.2665092732075783,-0.8052858162202627,0.4231563208119571,356,92.32682350485338,0.2593450098450938,0.35438140732037327,0.033416571163282956
2vars_inflation_market_volatility,4,2,PPI_inflation,-0.12215775380432808,-1.5062776289504272,0.13612352991465348,356,92.32682350485338,0.2593450098450938,0.35438140732037327,0.033416571163282956
2vars_inflation_market_volatility,4,2,vix,-0.03910252269595524,-5.280858556286129,1.1742809944426114e-06,356,92.32682350485338,0.2593450098450938,0.35438140732037327,0.033416571163282956
2vars_inflation_market_volatility,4,2,nat_fin_condition_indx,0.015896989831845332,2.1718294322223213,0.032974482814685846,356,92.32682350485338,0.2593450098450938,0.35438140732037327,0.033416571163282956
2vars_inflation_market_volatility,4,2,10y_2y_spread,0.008974561994021735,0.7086076202929731,0.48072665903452694,356,92.32682350485338,0.2593450098450938,0.35438140732037327,0.033416571163282956
2vars_inflation_market_volatility,4,2,10y_treasury_const_maturity_rate,-0.026836512527466598,-1.518237715325841,0.1330858654389806,356,92.32682350485338,0.2593450098450938,0.35438140732037327,0.033416571163282956
2vars_inflation_market_volatility,4,2,fed_reserve_discount_rate,0.012880812676813772,0.4505329025570022,0.6536034308866192,356,92.32682350485338,0.2593450098450938,0.35438140732037327,0.033416571163282956
2vars_inflation_market_volatility,4,2,fedfunds,0.02119029445924887,0.5808299792901931,0.5630661756442024,356,92.32682350485338,0.2593450098450938,0.35438140732037327,0.033416571163282956
2vars_inflation_market_volatility,4,2,m2_real_money_supply,0.03323057390189891,0.6737911493884498,0.5024795019862487,356,92.32682350485338,0.2593450098450938,0.35438140732037327,0.033416571163282956
2vars_inflation_market_volatility,4,3,export_price_index,0.08325618360675226,1.7924047903647446,0.07848184719100804,356,71.88176393367053,0.2019150672294116,0.3943432153544201,0.03741606509306342
2vars_inflation_market_volatility,4,3,import_price_index,-0.026522480167915828,-0.5328209307073823,0.5962701357857045,356,71.88176393367053,0.2019150672294116,0.3943432153544201,0.03741606509306342
2vars_inflation_market_volatility,4,3,retail_sales,-0.03634292240439708,-0.459205830260219,0.6478676980855838,356,71.88176393367053,0.2019150672294116,0.3943432153544201,0.03741606509306342
2vars_inflation_market_volatility,4,3,tot_business_inventories,-0.04061139616520343,-0.582887110050267,0.5623141891431478,356,71.88176393367053,0.2019150672294116,0.3943432153544201,0.03741606509306342
2vars_inflation_market_volatility,4,3,unemployment,0.01411025865733199,0.8687646272179984,0.38869187807249417,356,71.88176393367053,0.2019150672294116,0.3943432153544201,0.03741606509306342
2vars_inflation_market_volatility,4,3,cpi,0.5248762309985017,1.313661524873868,0.19432800845721454,356,71.88176393367053,0.2019150672294116,0.3943432153544201,0.03741606509306342
2vars_inflation_market_volatility,4,3,PCE_price_index,-0.438465575408446,-1.097801098820565,0.2769991767508466,356,71.88176393367053,0.2019150672294116,0.3943432153544201,0.03741606509306342
2vars_inflation_market_volatility,4,3,PPI_inflation,-0.1049812733896999,-1.0020527371746735,0.32063755543601613,356,71.88176393367053,0.2019150672294116,0.3943432153544201,0.03741606509306342
2vars_inflation_market_volatility,4,3,vix,-0.03818221662866213,-4.594052007728781,2.520124052307615e-05,356,71.88176393367053,0.2019150672294116,0.3943432153544201,0.03741606509306342
2vars_inflation_market_volatility,4,3,nat_fin_condition_indx,0.013328214135149386,1.857484462550718,0.06851447429057966,356,71.88176393367053,0.2019150672294116,0.3943432153544201,0.03741606509306342
2vars_inflation_market_volatility,4,3,10y_2y_spread,0.006013401086306273,0.3799797900356788,0.7054007976221448,356,71.88176393367053,0.2019150672294116,0.3943432153544201,0.03741606509306342
2vars_inflation_market_volatility,4,3,10y_treasury_const_maturity_rate,-0.036269482285555606,-1.6342247370301202,0.1078334931782936,356,71.88176393367053,0.2019150672294116,0.3943432153544201,0.03741606509306342
2vars_inflation_market_volatility,4,3,fed_reserve_discount_rate,0.0013012436579774977,0.03621610551580001,0.9712391068751169,356,71.88176393367053,0.2019150672294116,0.3943432153544201,0.03741606509306342
2vars_inflation_market_volatility,4,3,fedfunds,0.03293348432666344,0.741551481566184,0.46146433972658985,356,71.88176393367053,0.2019150672294116,0.3943432153544201,0.03741606509306342
2vars_inflation_market_volatility,4,3,m2_real_money_supply,0.028623988589954172,0.5115981437533418,0.6109480392298217,356,71.88176393367053,0.2019150672294116,0.3943432153544201,0.03741606509306342
2vars_inflation_market_volatility,5,0,export_price_index,0.09069433649819782,1.8661152139063164,0.06763902216778561,356,68.28355402640271,0.1918077360292211,0.3334234947996191,0.03719816035482573
2vars_inflation_market_volatility,5,0,import_price_index,-0.030216057654898196,-0.5985034250409129,0.5520882908137206,356,68.28355402640271,0.1918077360292211,0.3334234947996191,0.03719816035482573
2vars_inflation_market_volatility,5,0,retail_sales,-0.03666974839660257,-0.43821555335060197,0.6630353380051148,356,68.28355402640271,0.1918077360292211,0.3334234947996191,0.03719816035482573
2vars_inflation_market_volatility,5,0,tot_business_inventories,-0.047074971124678074,-0.6573403563930087,0.5138456279020742,356,68.28355402640271,0.1918077360292211,0.3334234947996191,0.03719816035482573
2vars_inflation_market_volatility,5,0,unemployment,0.009517509120973175,0.5449657861924625,0.58809427370826,356,68.28355402640271,0.1918077360292211,0.3334234947996191,0.03719816035482573
2vars_inflation_market_volatility,5,0,cpi,0.49671505549562056,1.203765122351698,0.23410228082612372,356,68.28355402640271,0.1918077360292211,0.3334234947996191,0.03719816035482573
2vars_inflation_market_volatility,5,0,PCE_price_index,-0.41648286288314806,-1.0008489936427838,0.32150956234913863,356,68.28355402640271,0.1918077360292211,0.3334234947996191,0.03719816035482573
2vars_inflation_market_volatility,5,0,PPI_inflation,-0.10583205575627234,-1.0038320437673411,0.32008298363671783,356,68.28355402640271,0.1918077360292211,0.3334234947996191,0.03719816035482573
2vars_inflation_market_volatility,5,0,vix,-0.03790139962697219,-4.304410634755307,7.373275116218103e-05,356,68.28355402640271,0.1918077360292211,0.3334234947996191,0.03719816035482573
2vars_inflation_market_volatility,5,0,nat_fin_condition_indx,0.01578444317829861,1.76968480912657,0.08261118405066026,356,68.28355402640271,0.1918077360292211,0.3334234947996191,0.03719816035482573
2vars_inflation_market_volatility,5,0,10y_2y_spread,0.00731306252586327,0.4415096708406368,0.660664704125189,356,68.28355402640271,0.1918077360292211,0.3334234947996191,0.03719816035482573
2vars_inflation_market_volatility,5,0,10y_treasury_const_maturity_rate,-0.03709706622815578,-1.5967076687926418,0.11635811540253371,356,68.28355402640271,0.1918077360292211,0.3334234947996191,0.03719816035482573
2vars_inflation_market_volatility,5,0,fed_reserve_discount_rate,0.008731776249246821,0.245081425524792,0.8073527950152428,356,68.28355402640271,0.1918077360292211,0.3334234947996191,0.03719816035482573
2vars_inflation_market_volatility,5,0,fedfunds,0.022873318638607892,0.5212381795870615,0.6044017767765308,356,68.28355402640271,0.1918077360292211,0.3334234947996191,0.03719816035482573
2vars_inflation_market_volatility,5,0,m2_real_money_supply,0.03599888931964146,0.6493161889325522,0.5189764500086449,356,68.28355402640271,0.1918077360292211,0.3334234947996191,0.03719816035482573
2vars_inflation_market_volatility,5,1,export_price_index,0.06872976464006868,2.0885399171249532,0.04014865172513926,356,90.87780005856484,0.2552747192656316,0.33572343777644464,0.028886672796635718
2vars_inflation_market_volatility,5,1,import_price_index,-0.02519980865645664,-0.6519257910878573,0.5164452233504893,356,90.87780005856484,0.2552747192656316,0.33572343777644464,0.028886672796635718
2vars_inflation_market_volatility,5,1,retail_sales,-0.02934969461170751,-0.4399123904436185,0.6612677399815214,356,90.87780005856484,0.2552747192656316,0.33572343777644464,0.028886672796635718
2vars_inflation_market_volatility,5,1,tot_business_inventories,-0.022790186316104563,-0.3981621139636088,0.691643700425844,356,90.87780005856484,0.2552747192656316,0.33572343777644464,0.028886672796635718
2vars_inflation_market_volatility,5,1,unemployment,0.01445451607473381,0.9984837203060722,0.32126070659073847,356,90.87780005856484,0.2552747192656316,0.33572343777644464,0.028886672796635718
2vars_inflation_market_volatility,5,1,cpi,0.5605728676566103,1.83121976857233,0.07104569497532154,356,90.87780005856484,0.2552747192656316,0.33572343777644464,0.028886672796635718
2vars_inflation_market_volatility,5,1,PCE_price_index,-0.4996154629824005,-1.631597161113085,0.10696348308957648,356,90.87780005856484,0.2552747192656316,0.33572343777644464,0.028886672796635718
2vars_inflation_market_volatility,5,1,PPI_inflation,-0.07660129488417348,-1.0705823984003981,0.28779605667528285,356,90.87780005856484,0.2552747192656316,0.33572343777644464,0.028886672796635718
2vars_inflation_market_volatility,5,1,vix,-0.034684170488455235,-5.071040086823462,2.780287417181171e-06,356,90.87780005856484,0.2552747192656316,0.33572343777644464,0.028886672796635718
2vars_inflation_market_volatility,5,1,nat_fin_condition_indx,0.011881048406354728,1.7460917970866596,0.08489637724453081,356,90.87780005856484,0.2552747192656316,0.33572343777644464,0.028886672796635718
2vars_inflation_market_volatility,5,1,10y_2y_spread,0.0035683903736897582,0.3310890493618151,0.7415020071738581,356,90.87780005856484,0.2552747192656316,0.33572343777644464,0.028886672796635718
2vars_inflation_market_volatility,5,1,10y_treasury_const_maturity_rate,-0.017279508000131682,-1.1331833099611348,0.26075265120943203,356,90.87780005856484,0.2552747192656316,0.33572343777644464,0.028886672796635718
2vars_inflation_market_volatility,5,1,fed_reserve_discount_rate,0.00033233357103022406,0.012126140055204645,0.9903572282174253,356,90.87780005856484,0.2552747192656316,0.33572343777644464,0.028886672796635718
2vars_inflation_market_volatility,5,1,fedfunds,0.021473104088380136,0.6186243585296809,0.538041269435916,356,90.87780005856484,0.2552747192656316,0.33572343777644464,0.028886672796635718
2vars_inflation_market_volatility,5,1,m2_real_money_supply,0.025288650296755165,0.5674394983225426,0.5721130355084536,356,90.87780005856484,0.2552747192656316,0.33572343777644464,0.028886672796635718
2vars_inflation_market_volatility,5,2,export_price_index,0.08066854578185331,1.579542095578946,0.12209730204980107,356,55.95361199859033,0.1571730674117706,0.42918593179619646,0.03484187252459902
2vars_inflation_market_volatility,5,2,import_price_index,-0.019520380505089495,-0.36078020087073137,0.7201643812754646,356,55.95361199859033,0.1571730674117706,0.42918593179619646,0.03484187252459902
2vars_inflation_market_volatility,5,2,retail_sales,-0.045279663013970614,-0.5020876759370958,0.6183618322075723,356,55.95361199859033,0.1571730674117706,0.42918593179619646,0.03484187252459902
2vars_inflation_market_volatility,5,2,tot_business_inventories,-0.03441535981351058,-0.43958356993758224,0.6626073624272346,356,55.95361199859033,0.1571730674117706,0.42918593179619646,0.03484187252459902
2vars_inflation_market_volatility,5,2,unemployment,0.014035560110544297,0.7526015856930535,0.4561009300661223,356,55.95361199859033,0.1571730674117706,0.42918593179619646,0.03484187252459902
2vars_inflation_market_volatility,5,2,cpi,0.5870611886714117,1.2703251098081825,0.21131688390619008,356,55.95361199859033,0.1571730674117706,0.42918593179619646,0.03484187252459902
2vars_inflation_market_volatility,5,2,PCE_price_index,-0.4984506010435285,-1.0853445070002852,0.2842746531784419,356,55.95361199859033,0.1571730674117706,0.42918593179619646,0.03484187252459902
2vars_inflation_market_volatility,5,2,PPI_inflation,-0.11155157742357928,-0.9826451544301761,0.3316954514046264,356,55.95361199859033,0.1571730674117706,0.42918593179619646,0.03484187252459902
2vars_inflation_market_volatility,5,2,vix,-0.03896289921276463,-3.9899166739395535,0.0002744735201094528,356,55.95361199859033,0.1571730674117706,0.42918593179619646,0.03484187252459902
2vars_inflation_market_volatility,5,2,nat_fin_condition_indx,0.013522418410301626,1.6587653682766317,0.10499449764038515,356,55.95361199859033,0.1571730674117706,0.42918593179619646,0.03484187252459902
2vars_inflation_market_volatility,5,2,10y_2y_spread,0.004259524353152881,0.24665557514882464,0.8064377493879364,356,55.95361199859033,0.1571730674117706,0.42918593179619646,0.03484187252459902
2vars_inflation_market_volatility,5,2,10y_treasury_const_maturity_rate,-0.026421636534254386,-1.079005955722819,0.2870562455561714,356,55.95361199859033,0.1571730674117706,0.42918593179619646,0.03484187252459902
2vars_inflation_market_volatility,5,2,fed_reserve_discount_rate,0.00872981255506671,0.2175663233642503,0.8288743463762152,356,55.95361199859033,0.1571730674117706,0.42918593179619646,0.03484187252459902
2vars_inflation_market_volatility,5,2,fedfunds,0.020058146200031393,0.40329023106918926,0.6888849242338306,356,55.95361199859033,0.1571730674117706,0.42918593179619646,0.03484187252459902
2vars_inflation_market_volatility,5,2,m2_real_money_supply,0.03792054146642261,0.594051785574377,0.5558263979971181,356,55.95361199859033,0.1571730674117706,0.42918593179619646,0.03484187252459902
2vars_inflation_market_volatility,5,3,export_price_index,0.08519220403589059,2.036799694511822,0.04593678807055479,356,78.1311988782085,0.21946965977024857,0.34471917715036204,0.033296915394883934
2vars_inflation_market_volatility,5,3,import_price_index,-0.023614648576905317,-0.5283900692890402,0.5991110201704335,356,78.1311988782085,0.21946965977024857,0.34471917715036204,0.033296915394883934
2vars_inflation_market_volatility,5,3,retail_sales,-0.03323078934567664,-0.4042176678843065,0.6874407474758084,356,78.1311988782085,0.21946965977024857,0.34471917715036204,0.033296915394883934
2vars_inflation_market_volatility,5,3,tot_business_inventories,-0.04072030641970141,-0.5893538615572376,0.5577609262942893,356,78.1311988782085,0.21946965977024857,0.34471917715036204,0.033296915394883934
2vars_inflation_market_volatility,5,3,unemployment,0.010887043942707682,0.6202076437726874,0.5373893395401104,356,78.1311988782085,0.21946965977024857,0.34471917715036204,0.033296915394883934
2vars_inflation_market_volatility,5,3,cpi,0.3568786513635433,0.958497814126429,0.34152689172189854,356,78.1311988782085,0.21946965977024857,0.34471917715036204,0.033296915394883934
2vars_inflation_market_volatility,5,3,PCE_price_index,-0.2597915806899685,-0.7168293412074522,0.47616552832186265,356,78.1311988782085,0.21946965977024857,0.34471917715036204,0.033296915394883934
2vars_inflation_market_volatility,5,3,PPI_inflation,-0.1188359067445777,-1.3241423011641185,0.19030656346643338,356,78.1311988782085,0.21946965977024857,0.34471917715036204,0.033296915394883934
2vars_inflation_market_volatility,5,3,vix,-0.03822271967383237,-4.605666006821625,2.0888245037431474e-05,356,78.1311988782085,0.21946965977024857,0.34471917715036204,0.033296915394883934
2vars_inflation_market_volatility,5,3,nat_fin_condition_indx,0.015351542659180033,1.8848557952410132,0.06412834672335332,356,78.1311988782085,0.21946965977024857,0.34471917715036204,0.033296915394883934
2vars_inflation_market_volatility,5,3,10y_2y_spread,0.008035725471718812,0.5753539912717076,0.5671298581571786,356,78.1311988782085,0.21946965977024857,0.34471917715036204,0.033296915394883934
2vars_inflation_market_volatility,5,3,10y_treasury_const_maturity_rate,-0.025905656624084002,-1.326526614711179,0.18952065355562242,356,78.1311988782085,0.21946965977024857,0.34471917715036204,0.033296915394883934
2vars_inflation_market_volatility,5,3,fed_reserve_discount_rate,0.012943325944668849,0.4078621572042082,0.6847769550828149,356,78.1311988782085,0.21946965977024857,0.34471917715036204,0.033296915394883934
2vars_inflation_market_volatility,5,3,fedfunds,0.01882688405159097,0.4672149559889836,0.641980539536021,356,78.1311988782085,0.21946965977024857,0.34471917715036204,0.033296915394883934
2vars_inflation_market_volatility,5,3,m2_real_money_supply,0.0310534601854637,0.5711327095019975,0.5699698889794949,356,78.1311988782085,0.21946965977024857,0.34471917715036204,0.033296915394883934
2vars_inflation_market_volatility,5,4,export_price_index,0.07614223456466762,1.6624421546640884,0.10311515001805094,356,62.75383503823362,0.17627481752312815,0.32758790699854146,0.03383653505270125
2vars_inflation_market_volatility,5,4,import_price_index,-0.008520577722454136,-0.18751807720702449,0.8520658923404452,356,62.75383503823362,0.17627481752312815,0.32758790699854146,0.03383653505270125
2vars_inflation_market_volatility,5,4,retail_sales,-0.0229753905836816,-0.2892106048306685,0.7736988089121932,356,62.75383503823362,0.17627481752312815,0.32758790699854146,0.03383653505270125
2vars_inflation_market_volatility,5,4,tot_business_inventories,-0.03321245456469714,-0.4375905428562265,0.6636980040795741,356,62.75383503823362,0.17627481752312815,0.32758790699854146,0.03383653505270125
2vars_inflation_market_volatility,5,4,unemployment,0.011947083228703456,0.6483762638289167,0.5199135249663782,356,62.75383503823362,0.17627481752312815,0.32758790699854146,0.03383653505270125
2vars_inflation_market_volatility,5,4,cpi,0.5297784790438904,1.2936932493920645,0.202126277759068,356,62.75383503823362,0.17627481752312815,0.32758790699854146,0.03383653505270125
2vars_inflation_market_volatility,5,4,PCE_price_index,-0.462118052511087,-1.1392787856429036,0.2603904610608909,356,62.75383503823362,0.17627481752312815,0.32758790699854146,0.03383653505270125
2vars_inflation_market_volatility,5,4,PPI_inflation,-0.1161624977750618,-1.1855560451413818,0.24178837275914278,356,62.75383503823362,0.17627481752312815,0.32758790699854146,0.03383653505270125
2vars_inflation_market_volatility,5,4,vix,-0.036078521368220144,-3.787321315524745,0.00043391963434036285,356,62.75383503823362,0.17627481752312815,0.32758790699854146,0.03383653505270125
2vars_inflation_market_volatility,5,4,nat_fin_condition_indx,0.014652171902104733,1.69132090085193,0.09743192762054398,356,62.75383503823362,0.17627481752312815,0.32758790699854146,0.03383653505270125
2vars_inflation_market_volatility,5,4,10y_2y_spread,0.00010094839551764938,0.007175960076223613,0.9943049937452726,356,62.75383503823362,0.17627481752312815,0.32758790699854146,0.03383653505270125
2vars_inflation_market_volatility,5,4,10y_treasury_const_maturity_rate,-0.01913494084293767,-0.8858073398854761,0.3802548290698806,356,62.75383503823362,0.17627481752312815,0.32758790699854146,0.03383653505270125
2vars_inflation_market_volatility,5,4,fed_reserve_discount_rate,0.005752286415078776,0.15575409835193663,0.8768974035998083,356,62.75383503823362,0.17627481752312815,0.32758790699854146,0.03383653505270125
2vars_inflation_market_volatility,5,4,fedfunds,0.01204325885328364,0.2705922659231887,0.7878956387710121,356,62.75383503823362,0.17627481752312815,0.32758790699854146,0.03383653505270125
2vars_inflation_market_volatility,5,4,m2_real_money_supply,0.03400742264384136,0.6059319137238409,0.5474905776627552,356,62.75383503823362,0.17627481752312815,0.32758790699854146,0.03383653505270125
2vars_inflation_market_volatility,6,0,export_price_index,0.07216886908403466,1.4185708026422315,0.1648183191046586,356,51.19880781839635,0.14381687589437175,0.34620176612621045,0.03333564434417368
2vars_inflation_market_volatility,6,0,import_price_index,-0.012472542838504392,-0.24710028231453995,0.8062662280950297,356,51.19880781839635,0.14381687589437175,0.34620176612621045,0.03333564434417368
2vars_inflation_market_volatility,6,0,retail_sales,-0.033057294449278816,-0.37297146509225904,0.7114063840223448,356,51.19880781839635,0.14381687589437175,0.34620176612621045,0.03333564434417368
2vars_inflation_market_volatility,6,0,tot_business_inventories,-0.03860546719710592,-0.45647903308466037,0.6508499401226078,356,51.19880781839635,0.14381687589437175,0.34620176612621045,0.03333564434417368
2vars_inflation_market_volatility,6,0,unemployment,0.010721049413757726,0.5244723704657754,0.6032376264548782,356,51.19880781839635,0.14381687589437175,0.34620176612621045,0.03333564434417368
2vars_inflation_market_volatility,6,0,cpi,0.5106183523740387,1.1100263220212878,0.2745136735166016,356,51.19880781839635,0.14381687589437175,0.34620176612621045,0.03333564434417368
2vars_inflation_market_volatility,6,0,PCE_price_index,-0.43483429879498353,-0.947555764815958,0.34981600593042717,356,51.19880781839635,0.14381687589437175,0.34620176612621045,0.03333564434417368
2vars_inflation_market_volatility,6,0,PPI_inflation,-0.1034690164344427,-0.9452956131254873,0.35095223763820993,356,51.19880781839635,0.14381687589437175,0.34620176612621045,0.03333564434417368
2vars_inflation_market_volatility,6,0,vix,-0.03604244042630244,-3.4044850037194334,0.0016697922732824555,356,51.19880781839635,0.14381687589437175,0.34620176612621045,0.03333564434417368
2vars_inflation_market_volatility,6,0,nat_fin_condition_indx,0.013778620010428748,1.4354561766744114,0.1599845491549432,356,51.19880781839635,0.14381687589437175,0.34620176612621045,0.03333564434417368
2vars_inflation_market_volatility,6,0,10y_2y_spread,0.0018635024230539365,0.11677256663902562,0.9077040273665191,356,51.19880781839635,0.14381687589437175,0.34620176612621045,0.03333564434417368
2vars_inflation_market_volatility,6,0,10y_treasury_const_maturity_rate,-0.02116430263007664,-0.8522465932494983,0.39983900324145294,356,51.19880781839635,0.14381687589437175,0.34620176612621045,0.03333564434417368
2vars_inflation_market_volatility,6,0,fed_reserve_discount_rate,0.003694804602665607,0.09019328213219319,0.9286449166822788,356,51.19880781839635,0.14381687589437175,0.34620176612621045,0.03333564434417368
2vars_inflation_market_volatility,6,0,fedfunds,0.017389711502493042,0.34939503136642824,0.7288745228642424,356,51.19880781839635,0.14381687589437175,0.34620176612621045,0.03333564434417368
2vars_inflation_market_volatility,6,0,m2_real_money_supply,0.037120960715445815,0.6010381293026422,0.5516657888387941,356,51.19880781839635,0.14381687589437175,0.34620176612621045,0.03333564434417368
2vars_inflation_market_volatility,6,1,export_price_index,0.07228417874251458,1.5151459614940197,0.13716951332710847,356,58.320115146476525,0.1638205481642599,0.3250764597296527,0.032665609679293786
2vars_inflation_market_volatility,6,1,import_price_index,-0.016753382942584508,-0.315633629190955,0.75383194056332,356,58.320115146476525,0.1638205481642599,0.3250764597296527,0.032665609679293786
2vars_inflation_market_volatility,6,1,retail_sales,-0.0341253720701572,-0.36031753421981816,0.7204018606738063,356,58.320115146476525,0.1638205481642599,0.3250764597296527,0.032665609679293786
2vars_inflation_market_volatility,6,1,tot_business_inventories,-0.04712808282365122,-0.5784070363409745,0.5660549187086841,356,58.320115146476525,0.1638205481642599,0.3250764597296527,0.032665609679293786
2vars_inflation_market_volatility,6,1,unemployment,0.009615212163066426,0.47370411933989043,0.6381456433467623,356,58.320115146476525,0.1638205481642599,0.3250764597296527,0.032665609679293786
2vars_inflation_market_volatility,6,1,cpi,0.36855738312484443,0.8333048347219955,0.40935137702891966,356,58.320115146476525,0.1638205481642599,0.3250764597296527,0.032665609679293786
2vars_inflation_market_volatility,6,1,PCE_price_index,-0.26849576124003827,-0.6173139703981347,0.5403351156607354,356,58.320115146476525,0.1638205481642599,0.3250764597296527,0.032665609679293786
2vars_inflation_market_volatility,6,1,PPI_inflation,-0.11085009686359748,-1.063534430269611,0.29357073534422096,356,58.320115146476525,0.1638205481642599,0.3250764597296527,0.032665609679293786
2vars_inflation_market_volatility,6,1,vix,-0.03627912613324278,-3.633165849931694,0.0007515426640574141,356,58.320115146476525,0.1638205481642599,0.3250764597296527,0.032665609679293786
2vars_inflation_market_volatility,6,1,nat_fin_condition_indx,0.01434908774394388,1.518343548276194,0.136363657368465,356,58.320115146476525,0.1638205481642599,0.3250764597296527,0.032665609679293786
2vars_inflation_market_volatility,6,1,10y_2y_spread,0.007308694162780496,0.45658330049854223,0.6503054262160672,356,58.320115146476525,0.1638205481642599,0.3250764597296527,0.032665609679293786
2vars_inflation_market_volatility,6,1,10y_treasury_const_maturity_rate,-0.025623028053984143,-1.1189240125012292,0.2694835156641515,356,58.320115146476525,0.1638205481642599,0.3250764597296527,0.032665609679293786
2vars_inflation_market_volatility,6,1,fed_reserve_discount_rate,0.007181946040768598,0.19243511052409273,0.848321867773183,356,58.320115146476525,0.1638205481642599,0.3250764597296527,0.032665609679293786
2vars_inflation_market_volatility,6,1,fedfunds,0.022295283509974537,0.47521022313767036,0.637080703036796,356,58.320115146476525,0.1638205481642599,0.3250764597296527,0.032665609679293786
2vars_inflation_market_volatility,6,1,m2_real_money_supply,0.03357672176466113,0.5303187132348945,0.5986627888981735,356,58.320115146476525,0.1638205481642599,0.3250764597296527,0.032665609679293786
2vars_inflation_market_volatility,6,2,export_price_index,0.0961638894899601,1.8455806217020385,0.07195570272662044,356,58.32726856557698,0.16384064203813758,0.3740759027601066,0.03447304468960883
2vars_inflation_market_volatility,6,2,import_price_index,-0.020839576559193555,-0.3848310501349305,0.7022895278645986,356,58.32726856557698,0.16384064203813758,0.3740759027601066,0.03447304468960883
2vars_inflation_market_volatility,6,2,retail_sales,-0.02704760715938337,-0.2777713336990261,0.7825402022188084,356,58.32726856557698,0.16384064203813758,0.3740759027601066,0.03447304468960883
2vars_inflation_market_volatility,6,2,tot_business_inventories,-0.022477116765740015,-0.2701545462747374,0.7883542371499335,356,58.32726856557698,0.16384064203813758,0.3740759027601066,0.03447304468960883
2vars_inflation_market_volatility,6,2,unemployment,0.014113652688697433,0.6715983906546088,0.50548855109311,356,58.32726856557698,0.16384064203813758,0.3740759027601066,0.03447304468960883
2vars_inflation_market_volatility,6,2,cpi,0.47855304400136556,1.056988812299429,0.29651219424671416,356,58.32726856557698,0.16384064203813758,0.3740759027601066,0.03447304468960883
2vars_inflation_market_volatility,6,2,PCE_price_index,-0.4046538526408315,-0.912694339756723,0.36657276857201215,356,58.32726856557698,0.16384064203813758,0.3740759027601066,0.03447304468960883
2vars_inflation_market_volatility,6,2,PPI_inflation,-0.13190397919313318,-1.1791052277849419,0.24494183364023003,356,58.32726856557698,0.16384064203813758,0.3740759027601066,0.03447304468960883
2vars_inflation_market_volatility,6,2,vix,-0.03948505935448402,-4.0856247344636625,0.00019171775233406407,356,58.32726856557698,0.16384064203813758,0.3740759027601066,0.03447304468960883
2vars_inflation_market_volatility,6,2,nat_fin_condition_indx,0.016233049907305598,1.7063556073952026,0.09526999588558849,356,58.32726856557698,0.16384064203813758,0.3740759027601066,0.03447304468960883
2vars_inflation_market_volatility,6,2,10y_2y_spread,0.004979686985578097,0.2908201673727325,0.7726091381585651,356,58.32726856557698,0.16384064203813758,0.3740759027601066,0.03447304468960883
2vars_inflation_market_volatility,6,2,10y_treasury_const_maturity_rate,-0.022426084059035192,-0.9337102951416703,0.3557495105957793,356,58.32726856557698,0.16384064203813758,0.3740759027601066,0.03447304468960883
2vars_inflation_market_volatility,6,2,fed_reserve_discount_rate,0.01744732791458126,0.4419519910876201,0.6607738387161475,356,58.32726856557698,0.16384064203813758,0.3740759027601066,0.03447304468960883
2vars_inflation_market_volatility,6,2,fedfunds,0.00878529039487384,0.17749982034576503,0.8599625224435492,356,58.32726856557698,0.16384064203813758,0.3740759027601066,0.03447304468960883
2vars_inflation_market_volatility,6,2,m2_real_money_supply,0.029785283930493393,0.45243162264111914,0.653268450794465,356,58.32726856557698,0.16384064203813758,0.3740759027601066,0.03447304468960883
2vars_inflation_market_volatility,6,3,export_price_index,0.08691889210302056,1.5096825278592947,0.14000806941021016,356,51.365360791520104,0.14428472132449469,0.4051000309883932,0.037064832246664965
2vars_inflation_market_volatility,6,3,import_price_index,-0.016995964802807954,-0.27865980385294864,0.7821288842725571,356,51.365360791520104,0.14428472132449469,0.4051000309883932,0.037064832246664965
2vars_inflation_market_volatility,6,3,retail_sales,-0.050449531426556726,-0.513195110381099,0.6110060502104955,356,51.365360791520104,0.14428472132449469,0.4051000309883932,0.037064832246664965
2vars_inflation_market_volatility,6,3,tot_business_inventories,-0.04785897639356997,-0.5601643135589873,0.5788987624686386,356,51.365360791520104,0.14428472132449469,0.4051000309883932,0.037064832246664965
2vars_inflation_market_volatility,6,3,unemployment,0.01124828307770055,0.5671712139094641,0.5741806381386336,356,51.365360791520104,0.14428472132449469,0.4051000309883932,0.037064832246664965
2vars_inflation_market_volatility,6,3,cpi,0.5977327616100124,1.189580463471688,0.24213672222187976,356,51.365360791520104,0.14428472132449469,0.4051000309883932,0.037064832246664965
2vars_inflation_market_volatility,6,3,PCE_price_index,-0.5058048834917744,-1.004638475625756,0.3218956895439047,356,51.365360791520104,0.14428472132449469,0.4051000309883932,0.037064832246664965
2vars_inflation_market_volatility,6,3,PPI_inflation,-0.11821679681388192,-0.9142936920198892,0.36675437052070414,356,51.365360791520104,0.14428472132449469,0.4051000309883932,0.037064832246664965
2vars_inflation_market_volatility,6,3,vix,-0.03819051473539971,-3.6494137044412622,0.0008409161369080653,356,51.365360791520104,0.14428472132449469,0.4051000309883932,0.037064832246664965
2vars_inflation_market_volatility,6,3,nat_fin_condition_indx,0.013772302275719593,1.5422933358479691,0.13190398706732775,356,51.365360791520104,0.14428472132449469,0.4051000309883932,0.037064832246664965
2vars_inflation_market_volatility,6,3,10y_2y_spread,0.005392125222072377,0.27574369157859807,0.78434981771092,356,51.365360791520104,0.14428472132449469,0.4051000309883932,0.037064832246664965
2vars_inflation_market_volatility,6,3,10y_treasury_const_maturity_rate,-0.03565470135021329,-1.3064871803655245,0.19982003809460513,356,51.365360791520104,0.14428472132449469,0.4051000309883932,0.037064832246664965
2vars_inflation_market_volatility,6,3,fed_reserve_discount_rate,0.010414909021028708,0.23141783475411995,0.8183239637163813,356,51.365360791520104,0.14428472132449469,0.4051000309883932,0.037064832246664965
2vars_inflation_market_volatility,6,3,fedfunds,0.023388835319920902,0.42145153823364734,0.6759760775362653,356,51.365360791520104,0.14428472132449469,0.4051000309883932,0.037064832246664965
2vars_inflation_market_volatility,6,3,m2_real_money_supply,0.046711611225277734,0.6888687308437599,0.4954006677341136,356,51.365360791520104,0.14428472132449469,0.4051000309883932,0.037064832246664965
2vars_inflation_market_volatility,6,4,export_price_index,0.0690204329981486,1.9063754140452769,0.061176726557659045,356,78.84013734430962,0.2214610599559259,0.3387280587697937,0.028931003024145294
2vars_inflation_market_volatility,6,4,import_price_index,-0.025772705848945043,-0.6113719567306338,0.5431587935806208,356,78.84013734430962,0.2214610599559259,0.3387280587697937,0.028931003024145294
2vars_inflation_market_volatility,6,4,retail_sales,-0.028762037237248225,-0.3961876338625428,0.6933087020740909,356,78.84013734430962,0.2214610599559259,0.3387280587697937,0.028931003024145294
2vars_inflation_market_volatility,6,4,tot_business_inventories,-0.023907348801529702,-0.38359456252468693,0.7025737383659849,356,78.84013734430962,0.2214610599559259,0.3387280587697937,0.028931003024145294
2vars_inflation_market_volatility,6,4,unemployment,0.014421485794037563,0.9127798597909216,0.3648470469246998,356,78.84013734430962,0.2214610599559259,0.3387280587697937,0.028931003024145294
2vars_inflation_market_volatility,6,4,cpi,0.5653457704610793,1.6974471098754929,0.09455995288147423,356,78.84013734430962,0.2214610599559259,0.3387280587697937,0.028931003024145294
2vars_inflation_market_volatility,6,4,PCE_price_index,-0.5035200632410018,-1.508668385802456,0.13639521229437102,356,78.84013734430962,0.2214610599559259,0.3387280587697937,0.028931003024145294
2vars_inflation_market_volatility,6,4,PPI_inflation,-0.07647255477896538,-0.97849084435017,0.33158369811339083,356,78.84013734430962,0.2214610599559259,0.3387280587697937,0.028931003024145294
2vars_inflation_market_volatility,6,4,vix,-0.03485070419463536,-4.690089902421003,1.5178060294385176e-05,356,78.84013734430962,0.2214610599559259,0.3387280587697937,0.028931003024145294
2vars_inflation_market_volatility,6,4,nat_fin_condition_indx,0.011853837276528473,1.5987622949593587,0.11488987851687704,356,78.84013734430962,0.2214610599559259,0.3387280587697937,0.028931003024145294
2vars_inflation_market_volatility,6,4,10y_2y_spread,0.004020062563348793,0.3418004985339221,0.7336414648514589,356,78.84013734430962,0.2214610599559259,0.3387280587697937,0.028931003024145294
2vars_inflation_market_volatility,6,4,10y_treasury_const_maturity_rate,-0.017465850800589846,-1.0446865405122578,0.30016997623857966,356,78.84013734430962,0.2214610599559259,0.3387280587697937,0.028931003024145294
2vars_inflation_market_volatility,6,4,fed_reserve_discount_rate,-6.620065886531399e-05,-0.0021938697893308908,0.9982564963810758,356,78.84013734430962,0.2214610599559259,0.3387280587697937,0.028931003024145294
2vars_inflation_market_volatility,6,4,fedfunds,0.022489922905542425,0.5881229268461724,0.55855760121915,356,78.84013734430962,0.2214610599559259,0.3387280587697937,0.028931003024145294
2vars_inflation_market_volatility,6,4,m2_real_money_supply,0.025156770841871973,0.5189776153207885,0.6055993224917238,356,78.84013734430962,0.2214610599559259,0.3387280587697937,0.028931003024145294
2vars_inflation_market_volatility,6,5,export_price_index,0.08511433649209048,1.6307539692840196,0.11042891088266549,356,57.94831033372043,0.1627761526228102,0.315112126742523,0.035338501034836885
2vars_inflation_market_volatility,6,5,import_price_index,-0.03206218519197178,-0.5945105588970979,0.5553638986656688,356,57.94831033372043,0.1627761526228102,0.315112126742523,0.035338501034836885
2vars_inflation_market_volatility,6,5,retail_sales,-0.025444068836918292,-0.27830944753731257,0.7821421221087277,356,57.94831033372043,0.1627761526228102,0.315112126742523,0.035338501034836885
2vars_inflation_market_volatility,6,5,tot_business_inventories,-0.03390974055124818,-0.4245381860269641,0.6733429375632141,356,57.94831033372043,0.1627761526228102,0.315112126742523,0.035338501034836885
2vars_inflation_market_volatility,6,5,unemployment,0.012825510928803203,0.6442383947932917,0.5229281883504517,356,57.94831033372043,0.1627761526228102,0.315112126742523,0.035338501034836885
2vars_inflation_market_volatility,6,5,cpi,0.5063500839662365,1.1113561294591856,0.2727444591912003,356,57.94831033372043,0.1627761526228102,0.315112126742523,0.035338501034836885
2vars_inflation_market_volatility,6,5,PCE_price_index,-0.43156252515519267,-0.9455095199765523,0.34981351445151665,356,57.94831033372043,0.1627761526228102,0.315112126742523,0.035338501034836885
2vars_inflation_market_volatility,6,5,PPI_inflation,-0.1003883584983516,-0.8979870892171677,0.3743178535734306,356,57.94831033372043,0.1627761526228102,0.315112126742523,0.035338501034836885
2vars_inflation_market_volatility,6,5,vix,-0.0364275515239064,-3.5877331355251303,0.0008650653600739133,356,57.94831033372043,0.1627761526228102,0.315112126742523,0.035338501034836885
2vars_inflation_market_volatility,6,5,nat_fin_condition_indx,0.013688540832361911,1.3870901585829727,0.172740750825489,356,57.94831033372043,0.1627761526228102,0.315112126742523,0.035338501034836885
2vars_inflation_market_volatility,6,5,10y_2y_spread,0.004559579509562178,0.2632342588074524,0.7936587397021946,356,57.94831033372043,0.1627761526228102,0.315112126742523,0.035338501034836885
2vars_inflation_market_volatility,6,5,10y_treasury_const_maturity_rate,-0.02766748515579988,-1.1359178921178894,0.2624391948207121,356,57.94831033372043,0.1627761526228102,0.315112126742523,0.035338501034836885
2vars_inflation_market_volatility,6,5,fed_reserve_discount_rate,0.0043138624771780635,0.11156694033334566,0.9116989255335275,356,57.94831033372043,0.1627761526228102,0.315112126742523,0.035338501034836885
2vars_inflation_market_volatility,6,5,fedfunds,0.02126681846695992,0.45047868331470053,0.6546850938176951,356,57.94831033372043,0.1627761526228102,0.315112126742523,0.035338501034836885
2vars_inflation_market_volatility,6,5,m2_real_money_supply,0.02229890103101112,0.35399390184440904,0.7251166461869856,356,57.94831033372043,0.1627761526228102,0.315112126742523,0.035338501034836885
2vars_market_volatility_monetary_policy,2,0,export_price_index,0.08124994435980577,2.9808082223329477,0.0033488230079523618,356,167.9750689748331,0.4718400813899806,0.40692470758629784,0.03307517932539959
2vars_market_volatility_monetary_policy,2,0,import_price_index,-0.01977065484151914,-0.7732021786362423,0.4406036952129937,356,167.9750689748331,0.4718400813899806,0.40692470758629784,0.03307517932539959
2vars_market_volatility_monetary_policy,2,0,retail_sales,-0.04314105854480278,-1.0245859862876976,0.30718667398571986,356,167.9750689748331,0.4718400813899806,0.40692470758629784,0.03307517932539959
2vars_market_volatility_monetary_policy,2,0,tot_business_inventories,-0.021567820413061566,-0.5990047811995352,0.5500615475993973,356,167.9750689748331,0.4718400813899806,0.40692470758629784,0.03307517932539959
2vars_market_volatility_monetary_policy,2,0,unemployment,0.014407732719499331,1.656371253288136,0.09970989000065988,356,167.9750689748331,0.4718400813899806,0.40692470758629784,0.03307517932539959
2vars_market_volatility_monetary_policy,2,0,cpi,0.6486583506763244,2.933138169166373,0.003875515222898862,356,167.9750689748331,0.4718400813899806,0.40692470758629784,0.03307517932539959
2vars_market_volatility_monetary_policy,2,0,PCE_price_index,-0.5750049573653853,-2.5936239831058825,0.010425420631207105,356,167.9750689748331,0.4718400813899806,0.40692470758629784,0.03307517932539959
2vars_market_volatility_monetary_policy,2,0,PPI_inflation,-0.11192888678166939,-1.9921346060643996,0.04814756063136172,356,167.9750689748331,0.4718400813899806,0.40692470758629784,0.03307517932539959
2vars_market_volatility_monetary_policy,2,0,vix,-0.03816104300819578,-8.02879868310484,2.502442697505103e-13,356,167.9750689748331,0.4718400813899806,0.40692470758629784,0.03307517932539959
2vars_market_volatility_monetary_policy,2,0,nat_fin_condition_indx,0.012993380195315714,3.0140769454025165,0.0030211547474436884,356,167.9750689748331,0.4718400813899806,0.40692470758629784,0.03307517932539959
2vars_market_volatility_monetary_policy,2,0,10y_2y_spread,0.011816171664062541,1.274420640309216,0.20445960237476402,356,167.9750689748331,0.4718400813899806,0.40692470758629784,0.03307517932539959
2vars_market_volatility_monetary_policy,2,0,10y_treasury_const_maturity_rate,-0.027150438824185365,-1.9927453733459004,0.0480798691955977,356,167.9750689748331,0.4718400813899806,0.40692470758629784,0.03307517932539959
2vars_market_volatility_monetary_policy,2,0,fed_reserve_discount_rate,0.011781354744937,0.5915302560702519,0.5550440528422125,356,167.9750689748331,0.4718400813899806,0.40692470758629784,0.03307517932539959
2vars_market_volatility_monetary_policy,2,0,fedfunds,0.023496460830813897,0.934854631561966,0.3513462566790331,356,167.9750689748331,0.4718400813899806,0.40692470758629784,0.03307517932539959
2vars_market_volatility_monetary_policy,2,0,m2_real_money_supply,0.041120487042264946,1.4153297041814823,0.15901776294649728,356,167.9750689748331,0.4718400813899806,0.40692470758629784,0.03307517932539959
2vars_market_volatility_monetary_policy,2,1,export_price_index,0.07612636580763017,3.113618205423937,0.0021650729174762517,356,188.02493102516692,0.5281599186100194,0.2962201343485662,0.03369725457993476
2vars_market_volatility_monetary_policy,2,1,import_price_index,-0.028482485292778647,-0.9940627668825684,0.32158851147695056,356,188.02493102516692,0.5281599186100194,0.2962201343485662,0.03369725457993476
2vars_market_volatility_monetary_policy,2,1,retail_sales,-0.025132968808672364,-0.48299097419137776,0.6297162555757119,356,188.02493102516692,0.5281599186100194,0.2962201343485662,0.03369725457993476
2vars_market_volatility_monetary_policy,2,1,tot_business_inventories,-0.03821554247882816,-0.8097086383812706,0.4192262514537515,356,188.02493102516692,0.5281599186100194,0.2962201343485662,0.03369725457993476
2vars_market_volatility_monetary_policy,2,1,unemployment,0.010407242024070324,0.8759173154326458,0.3822964199748722,356,188.02493102516692,0.5281599186100194,0.2962201343485662,0.03369725457993476
2vars_market_volatility_monetary_policy,2,1,cpi,0.368087520928382,1.6008701655755273,0.11124050264856011,356,188.02493102516692,0.5281599186100194,0.2962201343485662,0.03369725457993476
2vars_market_volatility_monetary_policy,2,1,PCE_price_index,-0.30078718211533495,-1.3275191841985516,0.18609600549141958,356,188.02493102516692,0.5281599186100194,0.2962201343485662,0.03369725457993476
2vars_market_volatility_monetary_policy,2,1,PPI_inflation,-0.08418436291770592,-1.5641488773133712,0.11962034008301137,356,188.02493102516692,0.5281599186100194,0.2962201343485662,0.03369725457993476
2vars_market_volatility_monetary_policy,2,1,vix,-0.0351019447246429,-6.856450742101295,1.2139911298447714e-10,356,188.02493102516692,0.5281599186100194,0.2962201343485662,0.03369725457993476
2vars_market_volatility_monetary_policy,2,1,nat_fin_condition_indx,0.015601022525760176,3.0425949213948376,0.0027133778368586547,356,188.02493102516692,0.5281599186100194,0.2962201343485662,0.03369725457993476
2vars_market_volatility_monetary_policy,2,1,10y_2y_spread,-0.0016563367944452674,-0.2139232973443891,0.8308602181904816,356,188.02493102516692,0.5281599186100194,0.2962201343485662,0.03369725457993476
2vars_market_volatility_monetary_policy,2,1,10y_treasury_const_maturity_rate,-0.024321542953617006,-2.2621035801562264,0.024942379663185577,356,188.02493102516692,0.5281599186100194,0.2962201343485662,0.03369725457993476
2vars_market_volatility_monetary_policy,2,1,fed_reserve_discount_rate,0.00043675222699949233,0.022205613379265954,0.9823096758275571,356,188.02493102516692,0.5281599186100194,0.2962201343485662,0.03369725457993476
2vars_market_volatility_monetary_policy,2,1,fedfunds,0.017767033931335087,0.7289281389755965,0.4670368425597333,356,188.02493102516692,0.5281599186100194,0.2962201343485662,0.03369725457993476
2vars_market_volatility_monetary_policy,2,1,m2_real_money_supply,0.023248679792324076,0.6521990901170023,0.5151432521656552,356,188.02493102516692,0.5281599186100194,0.2962201343485662,0.03369725457993476
2vars_market_volatility_monetary_policy,3,0,export_price_index,0.07214791852171697,2.152453601606878,0.033841615987078466,356,113.04075534350787,0.31753021163906703,0.3953596166444675,0.033290836777362005
2vars_market_volatility_monetary_policy,3,0,import_price_index,-0.025850952198730577,-0.7140712884370195,0.4768971582465009,356,113.04075534350787,0.31753021163906703,0.3953596166444675,0.033290836777362005
2vars_market_volatility_monetary_policy,3,0,retail_sales,-0.02738534807368635,-0.4544083662925417,0.6505497422101327,356,113.04075534350787,0.31753021163906703,0.3953596166444675,0.033290836777362005
2vars_market_volatility_monetary_policy,3,0,tot_business_inventories,-0.02638093383776919,-0.477526722448455,0.6340609173091232,356,113.04075534350787,0.31753021163906703,0.3953596166444675,0.033290836777362005
2vars_market_volatility_monetary_policy,3,0,unemployment,0.014581603772228832,1.1232271806107783,0.2641121909727915,356,113.04075534350787,0.31753021163906703,0.3953596166444675,0.033290836777362005
2vars_market_volatility_monetary_policy,3,0,cpi,0.5344266973728283,1.7880482771145654,0.07688932353108147,356,113.04075534350787,0.31753021163906703,0.3953596166444675,0.033290836777362005
2vars_market_volatility_monetary_policy,3,0,PCE_price_index,-0.4786782604739275,-1.6187214550048623,0.10875295107057692,356,113.04075534350787,0.31753021163906703,0.3953596166444675,0.033290836777362005
2vars_market_volatility_monetary_policy,3,0,PPI_inflation,-0.0823323025443536,-1.0996713542784282,0.27419594277377723,356,113.04075534350787,0.31753021163906703,0.3953596166444675,0.033290836777362005
2vars_market_volatility_monetary_policy,3,0,vix,-0.038609615578043974,-6.255951349422706,1.066518273695749e-08,356,113.04075534350787,0.31753021163906703,0.3953596166444675,0.033290836777362005
2vars_market_volatility_monetary_policy,3,0,nat_fin_condition_indx,0.014247170813094049,2.41356823892843,0.01767345232998374,356,113.04075534350787,0.31753021163906703,0.3953596166444675,0.033290836777362005
2vars_market_volatility_monetary_policy,3,0,10y_2y_spread,0.009972212862328233,0.9128446623121155,0.36358657807908834,356,113.04075534350787,0.31753021163906703,0.3953596166444675,0.033290836777362005
2vars_market_volatility_monetary_policy,3,0,10y_treasury_const_maturity_rate,-0.02976095607482125,-1.9600483350615745,0.052858345230307524,356,113.04075534350787,0.31753021163906703,0.3953596166444675,0.033290836777362005
2vars_market_volatility_monetary_policy,3,0,fed_reserve_discount_rate,0.004654775823710208,0.20517568793768454,0.837864632199621,356,113.04075534350787,0.31753021163906703,0.3953596166444675,0.033290836777362005
2vars_market_volatility_monetary_policy,3,0,fedfunds,0.03048516229605642,1.0262366327869108,0.3073313759122751,356,113.04075534350787,0.31753021163906703,0.3953596166444675,0.033290836777362005
2vars_market_volatility_monetary_policy,3,0,m2_real_money_supply,0.03030718189750376,0.7336439453391015,0.4649345486063674,356,113.04075534350787,0.31753021163906703,0.3953596166444675,0.033290836777362005
2vars_market_volatility_monetary_policy,3,1,export_price_index,0.07684560447308864,2.299028634745243,0.02365833545641305,356,112.57349138820447,0.31621767243877663,0.36803998939081484,0.03348205226178291
2vars_market_volatility_monetary_policy,3,1,import_price_index,-0.013630499974374603,-0.44352980453991386,0.6583746556660786,356,112.57349138820447,0.31621767243877663,0.36803998939081484,0.03348205226178291
2vars_market_volatility_monetary_policy,3,1,retail_sales,-0.05389953284273277,-1.0042365720512798,0.3177742080489778,356,112.57349138820447,0.31621767243877663,0.36803998939081484,0.03348205226178291
2vars_market_volatility_monetary_policy,3,1,tot_business_inventories,-0.031290830241431915,-0.7056403785504961,0.48211048085646757,356,112.57349138820447,0.31621767243877663,0.36803998939081484,0.03348205226178291
2vars_market_volatility_monetary_policy,3,1,unemployment,0.010422044741973297,0.9348260375625823,0.352209587034257,356,112.57349138820447,0.31621767243877663,0.36803998939081484,0.03348205226178291
2vars_market_volatility_monetary_policy,3,1,cpi,0.5745239858077642,2.0952989225129617,0.038760766677645275,356,112.57349138820447,0.31621767243877663,0.36803998939081484,0.03348205226178291
2vars_market_volatility_monetary_policy,3,1,PCE_price_index,-0.4830362120397453,-1.7430613216230837,0.08450571393220474,356,112.57349138820447,0.31621767243877663,0.36803998939081484,0.03348205226178291
2vars_market_volatility_monetary_policy,3,1,PPI_inflation,-0.11553226390445145,-1.6723401547892587,0.09769418496185844,356,112.57349138820447,0.31621767243877663,0.36803998939081484,0.03348205226178291
2vars_market_volatility_monetary_policy,3,1,vix,-0.03795541746262921,-6.065693954003104,2.5581803786423052e-08,356,112.57349138820447,0.31621767243877663,0.36803998939081484,0.03348205226178291
2vars_market_volatility_monetary_policy,3,1,nat_fin_condition_indx,0.01381054947996859,2.49973561419389,0.014114735365728937,356,112.57349138820447,0.31621767243877663,0.36803998939081484,0.03348205226178291
2vars_market_volatility_monetary_policy,3,1,10y_2y_spread,0.00990878749933427,0.8710174159090228,0.38590473729116703,356,112.57349138820447,0.31621767243877663,0.36803998939081484,0.03348205226178291
2vars_market_volatility_monetary_policy,3,1,10y_treasury_const_maturity_rate,-0.025805398190741586,-1.4911489332956867,0.13918164840386948,356,112.57349138820447,0.31621767243877663,0.36803998939081484,0.03348205226178291
2vars_market_volatility_monetary_policy,3,1,fed_reserve_discount_rate,0.011432551926331878,0.4089829276935285,0.6834577643249706,356,112.57349138820447,0.31621767243877663,0.36803998939081484,0.03348205226178291
2vars_market_volatility_monetary_policy,3,1,fedfunds,0.021203868535233872,0.6170324096098964,0.5386653860643329,356,112.57349138820447,0.31621767243877663,0.36803998939081484,0.03348205226178291
2vars_market_volatility_monetary_policy,3,1,m2_real_money_supply,0.04717417939306987,1.2987978677538523,0.1971059153853374,356,112.57349138820447,0.31621767243877663,0.36803998939081484,0.03348205226178291
2vars_market_volatility_monetary_policy,3,2,export_price_index,0.08381424024105369,2.8605474624694485,0.005028866468840487,356,130.38575326828766,0.36625211592215634,0.28895497642058954,0.0334950556394217
2vars_market_volatility_monetary_policy,3,2,import_price_index,-0.02904460067194755,-0.826654758264734,0.41015383092848445,356,130.38575326828766,0.36625211592215634,0.28895497642058954,0.0334950556394217
2vars_market_volatility_monetary_policy,3,2,retail_sales,-0.026895469679057902,-0.42374700304703,0.6725461039883576,356,130.38575326828766,0.36625211592215634,0.28895497642058954,0.0334950556394217
2vars_market_volatility_monetary_policy,3,2,tot_business_inventories,-0.04046933271460862,-0.7162725720248897,0.47528286878613213,356,130.38575326828766,0.36625211592215634,0.28895497642058954,0.0334950556394217
2vars_market_volatility_monetary_policy,3,2,unemployment,0.01077423221405269,0.7527618761406161,0.45313943754445085,356,130.38575326828766,0.36625211592215634,0.28895497642058954,0.0334950556394217
2vars_market_volatility_monetary_policy,3,2,cpi,0.42234941424717454,1.5264761668402738,0.12965172207877984,356,130.38575326828766,0.36625211592215634,0.28895497642058954,0.0334950556394217
2vars_market_volatility_monetary_policy,3,2,PCE_price_index,-0.34108106684458384,-1.256144577714631,0.2116230876431262,356,130.38575326828766,0.36625211592215634,0.28895497642058954,0.0334950556394217
2vars_market_volatility_monetary_policy,3,2,PPI_inflation,-0.10063977138064295,-1.5538770381238665,0.12297627123675103,356,130.38575326828766,0.36625211592215634,0.28895497642058954,0.0334950556394217
2vars_market_volatility_monetary_policy,3,2,vix,-0.033232408021950544,-5.345371306095105,4.6676131004730337e-07,356,130.38575326828766,0.36625211592215634,0.28895497642058954,0.0334950556394217
2vars_market_volatility_monetary_policy,3,2,nat_fin_condition_indx,0.013454179338161537,2.1847203363563157,0.030949140751795667,356,130.38575326828766,0.36625211592215634,0.28895497642058954,0.0334950556394217
2vars_market_volatility_monetary_policy,3,2,10y_2y_spread,-0.002085719712492308,-0.2231123545690113,0.8238460079783088,356,130.38575326828766,0.36625211592215634,0.28895497642058954,0.0334950556394217
2vars_market_volatility_monetary_policy,3,2,10y_treasury_const_maturity_rate,-0.0210470284490683,-1.6055865483505514,0.1111221031523586,356,130.38575326828766,0.36625211592215634,0.28895497642058954,0.0334950556394217
2vars_market_volatility_monetary_policy,3,2,fed_reserve_discount_rate,0.006273864385037343,0.25899265786816056,0.7961064074786139,356,130.38575326828766,0.36625211592215634,0.28895497642058954,0.0334950556394217
2vars_market_volatility_monetary_policy,3,2,fedfunds,0.009813506179710186,0.3324078883026731,0.7401896695008832,356,130.38575326828766,0.36625211592215634,0.28895497642058954,0.0334950556394217
2vars_market_volatility_monetary_policy,3,2,m2_real_money_supply,0.023633579208578333,0.5417820263661774,0.5890224654702338,356,130.38575326828766,0.36625211592215634,0.28895497642058954,0.0334950556394217
2vars_market_volatility_monetary_policy,4,0,export_price_index,0.09249655313266326,2.214379515973526,0.030090542303575996,356,85.3747751705755,0.23981678418700983,0.3091576085344503,0.03589769008564545
2vars_market_volatility_monetary_policy,4,0,import_price_index,-0.02700274190205681,-0.5935507384621626,0.5547429887997968,356,85.3747751705755,0.23981678418700983,0.3091576085344503,0.03589769008564545
2vars_market_volatility_monetary_policy,4,0,retail_sales,-0.021032083159343396,-0.2604665989874589,0.7952754344902022,356,85.3747751705755,0.23981678418700983,0.3091576085344503,0.03589769008564545
2vars_market_volatility_monetary_policy,4,0,tot_business_inventories,-0.04735624256843423,-0.6483771055322832,0.5188814662777159,356,85.3747751705755,0.23981678418700983,0.3091576085344503,0.03589769008564545
2vars_market_volatility_monetary_policy,4,0,unemployment,0.011257406882022772,0.6196741410929775,0.5375023243987924,356,85.3747751705755,0.23981678418700983,0.3091576085344503,0.03589769008564545
2vars_market_volatility_monetary_policy,4,0,cpi,0.36225335370979134,0.9875709726559199,0.32679473167951034,356,85.3747751705755,0.23981678418700983,0.3091576085344503,0.03589769008564545
2vars_market_volatility_monetary_policy,4,0,PCE_price_index,-0.27673101288944646,-0.7721313330920669,0.44265907339396104,356,85.3747751705755,0.23981678418700983,0.3091576085344503,0.03589769008564545
2vars_market_volatility_monetary_policy,4,0,PPI_inflation,-0.11882939858306703,-1.3267980019780674,0.18892625473115943,356,85.3747751705755,0.23981678418700983,0.3091576085344503,0.03589769008564545
2vars_market_volatility_monetary_policy,4,0,vix,-0.036046690118664126,-4.394872023098208,3.8988824111907405e-05,356,85.3747751705755,0.23981678418700983,0.3091576085344503,0.03589769008564545
2vars_market_volatility_monetary_policy,4,0,nat_fin_condition_indx,0.015012016152362287,1.9180578188225534,0.05922038600288482,356,85.3747751705755,0.23981678418700983,0.3091576085344503,0.03589769008564545
2vars_market_volatility_monetary_policy,4,0,10y_2y_spread,-0.0009685050713431915,-0.07428815982035435,0.9409948892415896,356,85.3747751705755,0.23981678418700983,0.3091576085344503,0.03589769008564545
2vars_market_volatility_monetary_policy,4,0,10y_treasury_const_maturity_rate,-0.027062913580164532,-1.474251458710875,0.14493749799954125,356,85.3747751705755,0.23981678418700983,0.3091576085344503,0.03589769008564545
2vars_market_volatility_monetary_policy,4,0,fed_reserve_discount_rate,0.007642257939891947,0.22992316794465595,0.8188280648293944,356,85.3747751705755,0.23981678418700983,0.3091576085344503,0.03589769008564545
2vars_market_volatility_monetary_policy,4,0,fedfunds,0.012998745958209093,0.33770197095711385,0.7366075070632458,356,85.3747751705755,0.23981678418700983,0.3091576085344503,0.03589769008564545
2vars_market_volatility_monetary_policy,4,0,m2_real_money_supply,0.02398557150545807,0.4273923531770709,0.6704172409413678,356,85.3747751705755,0.23981678418700983,0.3091576085344503,0.03589769008564545
2vars_market_volatility_monetary_policy,4,1,export_price_index,0.07675714002658682,2.0523107257635345,0.04353990845778588,356,92.95561426390015,0.2611112760221914,0.3679884508013538,0.033473516300168926
2vars_market_volatility_monetary_policy,4,1,import_price_index,-0.013591845049506794,-0.39478619435369383,0.6940927527828138,356,92.95561426390015,0.2611112760221914,0.3679884508013538,0.033473516300168926
2vars_market_volatility_monetary_policy,4,1,retail_sales,-0.05386524616155174,-0.8958337507083325,0.3731352315627534,356,92.95561426390015,0.2611112760221914,0.3679884508013538,0.033473516300168926
2vars_market_volatility_monetary_policy,4,1,tot_business_inventories,-0.03124349755011012,-0.6289623229696142,0.531236325208412,356,92.95561426390015,0.2611112760221914,0.3679884508013538,0.033473516300168926
2vars_market_volatility_monetary_policy,4,1,unemployment,0.01041827805124182,0.8341589434803474,0.4067733132328537,356,92.95561426390015,0.2611112760221914,0.3679884508013538,0.033473516300168926
2vars_market_volatility_monetary_policy,4,1,cpi,0.5753652703808141,1.8726865704270221,0.06490980429834248,356,92.95561426390015,0.2611112760221914,0.3679884508013538,0.033473516300168926
2vars_market_volatility_monetary_policy,4,1,PCE_price_index,-0.48390795400918046,-1.5584550985042045,0.12322865805764915,356,92.95561426390015,0.2611112760221914,0.3679884508013538,0.033473516300168926
2vars_market_volatility_monetary_policy,4,1,PPI_inflation,-0.11550144860744052,-1.4937123882891172,0.13933982150316426,356,92.95561426390015,0.2611112760221914,0.3679884508013538,0.033473516300168926
2vars_market_volatility_monetary_policy,4,1,vix,-0.03795366488959884,-5.4156573322914365,6.726282297808694e-07,356,92.95561426390015,0.2611112760221914,0.3679884508013538,0.033473516300168926
2vars_market_volatility_monetary_policy,4,1,nat_fin_condition_indx,0.013807626207046002,2.2303315655347267,0.028639316995170416,356,92.95561426390015,0.2611112760221914,0.3679884508013538,0.033473516300168926
2vars_market_volatility_monetary_policy,4,1,10y_2y_spread,0.009947421882046002,0.7799871696646659,0.4377908440583458,356,92.95561426390015,0.2611112760221914,0.3679884508013538,0.033473516300168926
2vars_market_volatility_monetary_policy,4,1,10y_treasury_const_maturity_rate,-0.025876921323083606,-1.3353446764244694,0.1857000355980376,356,92.95561426390015,0.2611112760221914,0.3679884508013538,0.033473516300168926
2vars_market_volatility_monetary_policy,4,1,fed_reserve_discount_rate,0.011399047000933355,0.3642824085284566,0.7166461728345812,356,92.95561426390015,0.2611112760221914,0.3679884508013538,0.033473516300168926
2vars_market_volatility_monetary_policy,4,1,fedfunds,0.021286529452577883,0.5531131405024486,0.5817892377560205,356,92.95561426390015,0.2611112760221914,0.3679884508013538,0.033473516300168926
2vars_market_volatility_monetary_policy,4,1,m2_real_money_supply,0.04713238521026191,1.1587820177553283,0.2501282809822247,356,92.95561426390015,0.2611112760221914,0.3679884508013538,0.033473516300168926
2vars_market_volatility_monetary_policy,4,2,export_price_index,0.06815810677240525,1.9953178587502853,0.04993804238015764,356,85.35563810465054,0.23976302838384983,0.329667223833933,0.030527894880293272
2vars_market_volatility_monetary_policy,4,2,import_price_index,-0.023372140046082266,-0.5814503806519485,0.5628219913277541,356,85.35563810465054,0.23976302838384983,0.329667223833933,0.030527894880293272
2vars_market_volatility_monetary_policy,4,2,retail_sales,-0.03680518068091755,-0.5207732143940176,0.6041834779112545,356,85.35563810465054,0.23976302838384983,0.329667223833933,0.030527894880293272
2vars_market_volatility_monetary_policy,4,2,tot_business_inventories,-0.03141611515781421,-0.5111612898742458,0.6108615808322253,356,85.35563810465054,0.23976302838384983,0.329667223833933,0.030527894880293272
2vars_market_volatility_monetary_policy,4,2,unemployment,0.012076673871884406,0.7821373679659209,0.43679601639360044,356,85.35563810465054,0.23976302838384983,0.329667223833933,0.030527894880293272
2vars_market_volatility_monetary_policy,4,2,cpi,0.5312405540834159,1.6039327833561667,0.11327345445092663,356,85.35563810465054,0.23976302838384983,0.329667223833933,0.030527894880293272
2vars_market_volatility_monetary_policy,4,2,PCE_price_index,-0.45441341458708107,-1.37746726320403,0.17279691155512023,356,85.35563810465054,0.23976302838384983,0.329667223833933,0.030527894880293272
2vars_market_volatility_monetary_policy,4,2,PPI_inflation,-0.08406416218088639,-1.1084704315633507,0.27148786000698655,356,85.35563810465054,0.23976302838384983,0.329667223833933,0.030527894880293272
2vars_market_volatility_monetary_policy,4,2,vix,-0.03478864058597604,-4.691221865925305,1.3209897052002262e-05,356,85.35563810465054,0.23976302838384983,0.329667223833933,0.030527894880293272
2vars_market_volatility_monetary_policy,4,2,nat_fin_condition_indx,0.012470176614482676,1.7579353377469775,0.08317062857536728,356,85.35563810465054,0.23976302838384983,0.329667223833933,0.030527894880293272
2vars_market_volatility_monetary_policy,4,2,10y_2y_spread,0.0030403271460038976,0.2712756964123605,0.7869847956991456,356,85.35563810465054,0.23976302838384983,0.329667223833933,0.030527894880293272
2vars_market_volatility_monetary_policy,4,2,10y_treasury_const_maturity_rate,-0.019668187775515298,-1.2256109041340608,0.2244907495798576,356,85.35563810465054,0.23976302838384983,0.329667223833933,0.030527894880293272
2vars_market_volatility_monetary_policy,4,2,fed_reserve_discount_rate,0.0011252539326565398,0.03986453470372745,0.9683156589715571,356,85.35563810465054,0.23976302838384983,0.329667223833933,0.030527894880293272
2vars_market_volatility_monetary_policy,4,2,fedfunds,0.02091733490881808,0.5768163962628683,0.5659310343186101,356,85.35563810465054,0.23976302838384983,0.329667223833933,0.030527894880293272
2vars_market_volatility_monetary_policy,4,2,m2_real_money_supply,0.030074927255526445,0.6292721362957288,0.5312382790124075,356,85.35563810465054,0.23976302838384983,0.329667223833933,0.030527894880293272
2vars_market_volatility_monetary_policy,4,3,export_price_index,0.07169893573611037,1.903902949900309,0.06069269828074231,356,92.31397246087381,0.2593089114069489,0.39703858070180253,0.033342855923162246
2vars_market_volatility_monetary_policy,4,3,import_price_index,-0.026496774136834655,-0.6505440368559312,0.5172947111093018,356,92.31397246087381,0.2593089114069489,0.39703858070180253,0.033342855923162246
2vars_market_volatility_monetary_policy,4,3,retail_sales,-0.02580895005064323,-0.3792983773610507,0.7055196769611791,356,92.31397246087381,0.2593089114069489,0.39703858070180253,0.033342855923162246
2vars_market_volatility_monetary_policy,4,3,tot_business_inventories,-0.026004627683920613,-0.4187601002271171,0.6765677189279724,356,92.31397246087381,0.2593089114069489,0.39703858070180253,0.033342855923162246
2vars_market_volatility_monetary_policy,4,3,unemployment,0.014872103766463403,1.0169728087401115,0.3123797406537714,356,92.31397246087381,0.2593089114069489,0.39703858070180253,0.033342855923162246
2vars_market_volatility_monetary_policy,4,3,cpi,0.5369997532281349,1.5947858845946188,0.11489353904077526,356,92.31397246087381,0.2593089114069489,0.39703858070180253,0.033342855923162246
2vars_market_volatility_monetary_policy,4,3,PCE_price_index,-0.48408342831456935,-1.4533819551448124,0.15021774889603146,356,92.31397246087381,0.2593089114069489,0.39703858070180253,0.033342855923162246
2vars_market_volatility_monetary_policy,4,3,PPI_inflation,-0.08019944732035598,-0.9525953598833115,0.343802634931031,356,92.31397246087381,0.2593089114069489,0.39703858070180253,0.033342855923162246
2vars_market_volatility_monetary_policy,4,3,vix,-0.03856126271179058,-5.558376287821854,3.8328047224922557e-07,356,92.31397246087381,0.2593089114069489,0.39703858070180253,0.033342855923162246
2vars_market_volatility_monetary_policy,4,3,nat_fin_condition_indx,0.01420239509252759,2.1390096973068293,0.035633113799132365,356,92.31397246087381,0.2593089114069489,0.39703858070180253,0.033342855923162246
2vars_market_volatility_monetary_policy,4,3,10y_2y_spread,0.008915787804439235,0.7105079973979148,0.47955493237245905,356,92.31397246087381,0.2593089114069489,0.39703858070180253,0.033342855923162246
2vars_market_volatility_monetary_policy,4,3,10y_treasury_const_maturity_rate,-0.029530593262130898,-1.7267411552566563,0.08826019577155875,356,92.31397246087381,0.2593089114069489,0.39703858070180253,0.033342855923162246
2vars_market_volatility_monetary_policy,4,3,fed_reserve_discount_rate,0.005348950381638045,0.20948011310231737,0.8346316653399715,356,92.31397246087381,0.2593089114069489,0.39703858070180253,0.033342855923162246
2vars_market_volatility_monetary_policy,4,3,fedfunds,0.02839938692855305,0.841240972605534,0.40284127120134827,356,92.31397246087381,0.2593089114069489,0.39703858070180253,0.033342855923162246
2vars_market_volatility_monetary_policy,4,3,m2_real_money_supply,0.02922648426871596,0.6273333120232906,0.5323133086478189,356,92.31397246087381,0.2593089114069489,0.39703858070180253,0.033342855923162246
2vars_market_volatility_monetary_policy,5,0,export_price_index,0.0790993093542064,1.5331031747634325,0.1337364063922466,356,53.09232082491228,0.14913573265424798,0.3447559226814404,0.03361758589964127
2vars_market_volatility_monetary_policy,5,0,import_price_index,-0.021596624343426782,-0.39021425633403123,0.6986100719065957,356,53.09232082491228,0.14913573265424798,0.3447559226814404,0.03361758589964127
2vars_market_volatility_monetary_policy,5,0,retail_sales,-0.03345649302986117,-0.34899286567718124,0.7290680834629488,356,53.09232082491228,0.14913573265424798,0.3447559226814404,0.03361758589964127
2vars_market_volatility_monetary_policy,5,0,tot_business_inventories,-0.03380530246771173,-0.40387155458528534,0.6886262901089686,356,53.09232082491228,0.14913573265424798,0.3447559226814404,0.03361758589964127
2vars_market_volatility_monetary_policy,5,0,unemployment,0.012423501687239115,0.6006285575332337,0.5517400489087705,356,53.09232082491228,0.14913573265424798,0.3447559226814404,0.03361758589964127
2vars_market_volatility_monetary_policy,5,0,cpi,0.5139796446455146,1.1054089727958754,0.27610106707874893,356,53.09232082491228,0.14913573265424798,0.3447559226814404,0.03361758589964127
2vars_market_volatility_monetary_policy,5,0,PCE_price_index,-0.43632370174600055,-0.9443555175443464,0.351099101372923,356,53.09232082491228,0.14913573265424798,0.3447559226814404,0.03361758589964127
2vars_market_volatility_monetary_policy,5,0,PPI_inflation,-0.10355935422886998,-0.9191792824151641,0.363940916985114,356,53.09232082491228,0.14913573265424798,0.3447559226814404,0.03361758589964127
2vars_market_volatility_monetary_policy,5,0,vix,-0.03631524332739774,-3.5329042746614365,0.001119838845460519,356,53.09232082491228,0.14913573265424798,0.3447559226814404,0.03361758589964127
2vars_market_volatility_monetary_policy,5,0,nat_fin_condition_indx,0.013546178009287398,1.419255704480145,0.1641739660733066,356,53.09232082491228,0.14913573265424798,0.3447559226814404,0.03361758589964127
2vars_market_volatility_monetary_policy,5,0,10y_2y_spread,0.004477390802787061,0.26299072426603837,0.7940130916785577,356,53.09232082491228,0.14913573265424798,0.3447559226814404,0.03361758589964127
2vars_market_volatility_monetary_policy,5,0,10y_treasury_const_maturity_rate,-0.024293275515094713,-0.9877377304377147,0.3296808411029146,356,53.09232082491228,0.14913573265424798,0.3447559226814404,0.03361758589964127
2vars_market_volatility_monetary_policy,5,0,fed_reserve_discount_rate,0.006612330145656383,0.16245403904306702,0.8718301130177402,356,53.09232082491228,0.14913573265424798,0.3447559226814404,0.03361758589964127
2vars_market_volatility_monetary_policy,5,0,fedfunds,0.019472332449515503,0.38544494157779413,0.70210948087567,356,53.09232082491228,0.14913573265424798,0.3447559226814404,0.03361758589964127
2vars_market_volatility_monetary_policy,5,0,m2_real_money_supply,0.03209096570694401,0.4901139675932004,0.626939868960263,356,53.09232082491228,0.14913573265424798,0.3447559226814404,0.03361758589964127
2vars_market_volatility_monetary_policy,5,1,export_price_index,0.09257503582063563,2.0123665142281384,0.04894141708212829,356,72.68719103452314,0.20417750290596387,0.3061940667189389,0.03584574735109265
2vars_market_volatility_monetary_policy,5,1,import_price_index,-0.02655058568589479,-0.5276782427598926,0.5997821130400149,356,72.68719103452314,0.20417750290596387,0.3061940667189389,0.03584574735109265
2vars_market_volatility_monetary_policy,5,1,retail_sales,-0.02384052273330411,-0.2663552660067338,0.7909320803793349,356,72.68719103452314,0.20417750290596387,0.3061940667189389,0.03584574735109265
2vars_market_volatility_monetary_policy,5,1,tot_business_inventories,-0.047374878002618484,-0.5871140847358451,0.5594583214738607,356,72.68719103452314,0.20417750290596387,0.3061940667189389,0.03584574735109265
2vars_market_volatility_monetary_policy,5,1,unemployment,0.010794506900457006,0.537082111805798,0.5933128489660271,356,72.68719103452314,0.20417750290596387,0.3061940667189389,0.03584574735109265
2vars_market_volatility_monetary_policy,5,1,cpi,0.38486275508256884,0.9398007712470821,0.35130725679534036,356,72.68719103452314,0.20417750290596387,0.3061940667189389,0.03584574735109265
2vars_market_volatility_monetary_policy,5,1,PCE_price_index,-0.2986045606431949,-0.746629751274922,0.45837258716718754,356,72.68719103452314,0.20417750290596387,0.3061940667189389,0.03584574735109265
2vars_market_volatility_monetary_policy,5,1,PPI_inflation,-0.11892266770837899,-1.2033637843773013,0.23383708390221525,356,72.68719103452314,0.20417750290596387,0.3061940667189389,0.03584574735109265
2vars_market_volatility_monetary_policy,5,1,vix,-0.0359776567898066,-3.9727483961818497,0.0002029100561034003,356,72.68719103452314,0.20417750290596387,0.3061940667189389,0.03584574735109265
2vars_market_volatility_monetary_policy,5,1,nat_fin_condition_indx,0.014921547481098777,1.714263828234302,0.09194360240436161,356,72.68719103452314,0.20417750290596387,0.3061940667189389,0.03584574735109265
2vars_market_volatility_monetary_policy,5,1,10y_2y_spread,-0.0004408048992365037,-0.030257242026730524,0.9759681747120954,356,72.68719103452314,0.20417750290596387,0.3061940667189389,0.03584574735109265
2vars_market_volatility_monetary_policy,5,1,10y_treasury_const_maturity_rate,-0.027411001279906862,-1.3492638575221272,0.18261687829440865,356,72.68719103452314,0.20417750290596387,0.3061940667189389,0.03584574735109265
2vars_market_volatility_monetary_policy,5,1,fed_reserve_discount_rate,0.00823242318639551,0.224202573301959,0.8234058115015583,356,72.68719103452314,0.20417750290596387,0.3061940667189389,0.03584574735109265
2vars_market_volatility_monetary_policy,5,1,fedfunds,0.012938465740723432,0.30431875885689846,0.7619994255199152,356,72.68719103452314,0.20417750290596387,0.3061940667189389,0.03584574735109265
2vars_market_volatility_monetary_policy,5,1,m2_real_money_supply,0.02584278684256864,0.4158321154778262,0.6791028856836201,356,72.68719103452314,0.20417750290596387,0.3061940667189389,0.03584574735109265
2vars_market_volatility_monetary_policy,5,2,export_price_index,0.07690437799843285,1.8597975739024741,0.06757871390073267,356,79.07533051700558,0.22212171493540894,0.36806956724175055,0.033477345582134346
2vars_market_volatility_monetary_policy,5,2,import_price_index,-0.013588297578520125,-0.35729221588110743,0.7220657573116074,356,79.07533051700558,0.22212171493540894,0.36806956724175055,0.033477345582134346
2vars_market_volatility_monetary_policy,5,2,retail_sales,-0.05390502882713413,-0.8115901355682164,0.4200790526014586,356,79.07533051700558,0.22212171493540894,0.36806956724175055,0.033477345582134346
2vars_market_volatility_monetary_policy,5,2,tot_business_inventories,-0.031242163640459213,-0.5694457863983124,0.5710761224614558,356,79.07533051700558,0.22212171493540894,0.36806956724175055,0.033477345582134346
2vars_market_volatility_monetary_policy,5,2,unemployment,0.010417274295970644,0.7551890200608492,0.45294634544527734,356,79.07533051700558,0.22212171493540894,0.36806956724175055,0.033477345582134346
2vars_market_volatility_monetary_policy,5,2,cpi,0.575484812695614,1.6957152283529127,0.09487102009305826,356,79.07533051700558,0.22212171493540894,0.36806956724175055,0.033477345582134346
2vars_market_volatility_monetary_policy,5,2,PCE_price_index,-0.4839641981640166,-1.4111035427463514,0.1631276172787075,356,79.07533051700558,0.22212171493540894,0.36806956724175055,0.033477345582134346
2vars_market_volatility_monetary_policy,5,2,PPI_inflation,-0.11570734278246689,-1.3539178294456016,0.1805939559178058,356,79.07533051700558,0.22212171493540894,0.36806956724175055,0.033477345582134346
2vars_market_volatility_monetary_policy,5,2,vix,-0.03795043391880838,-4.902523138536099,6.9499258450456125e-06,356,79.07533051700558,0.22212171493540894,0.36806956724175055,0.033477345582134346
2vars_market_volatility_monetary_policy,5,2,nat_fin_condition_indx,0.01380925358967313,2.018826548772166,0.047760971110794026,356,79.07533051700558,0.22212171493540894,0.36806956724175055,0.033477345582134346
2vars_market_volatility_monetary_policy,5,2,10y_2y_spread,0.009921166263831766,0.7039644906505971,0.4840457419810673,356,79.07533051700558,0.22212171493540894,0.36806956724175055,0.033477345582134346
2vars_market_volatility_monetary_policy,5,2,10y_treasury_const_maturity_rate,-0.025804152323855925,-1.2048566574024127,0.2327598802837607,356,79.07533051700558,0.22212171493540894,0.36806956724175055,0.033477345582134346
2vars_market_volatility_monetary_policy,5,2,fed_reserve_discount_rate,0.01150749253373593,0.3328090756105388,0.7403820521650295,356,79.07533051700558,0.22212171493540894,0.36806956724175055,0.033477345582134346
2vars_market_volatility_monetary_policy,5,2,fedfunds,0.021126333757930476,0.4965985941114281,0.6211984955404621,356,79.07533051700558,0.22212171493540894,0.36806956724175055,0.033477345582134346
2vars_market_volatility_monetary_policy,5,2,m2_real_money_supply,0.04718420580074674,1.0501789546921256,0.29764293759929195,356,79.07533051700558,0.22212171493540894,0.36806956724175055,0.033477345582134346
2vars_market_volatility_monetary_policy,5,3,export_price_index,0.06867015183853276,1.8032654654777047,0.07669455343055231,356,72.34263732085688,0.2032096553956654,0.32969577118058435,0.03056793913575398
2vars_market_volatility_monetary_policy,5,3,import_price_index,-0.02339032773960259,-0.524364489103843,0.602082018182716,356,72.34263732085688,0.2032096553956654,0.32969577118058435,0.03056793913575398
2vars_market_volatility_monetary_policy,5,3,retail_sales,-0.03722294023288191,-0.4748339115436057,0.6367408057666624,356,72.34263732085688,0.2032096553956654,0.32969577118058435,0.03056793913575398
2vars_market_volatility_monetary_policy,5,3,tot_business_inventories,-0.03144530333650292,-0.4613833537886632,0.646299922005495,356,72.34263732085688,0.2032096553956654,0.32969577118058435,0.03056793913575398
2vars_market_volatility_monetary_policy,5,3,unemployment,0.012044062385907904,0.7034731555626506,0.4846579566417244,356,72.34263732085688,0.2032096553956654,0.32969577118058435,0.03056793913575398
2vars_market_volatility_monetary_policy,5,3,cpi,0.5344668033919314,1.4532704792448796,0.1516960533591647,356,72.34263732085688,0.2032096553956654,0.32969577118058435,0.03056793913575398
2vars_market_volatility_monetary_policy,5,3,PCE_price_index,-0.45734502514937203,-1.2485337633218707,0.2169988163082357,356,72.34263732085688,0.2032096553956654,0.32969577118058435,0.03056793913575398
2vars_market_volatility_monetary_policy,5,3,PPI_inflation,-0.08460630638918358,-1.0023223668984598,0.3204733291728803,356,72.34263732085688,0.2032096553956654,0.32969577118058435,0.03056793913575398
2vars_market_volatility_monetary_policy,5,3,vix,-0.03478398181916078,-4.2230548143131275,8.88257821713978e-05,356,72.34263732085688,0.2032096553956654,0.32969577118058435,0.03056793913575398
2vars_market_volatility_monetary_policy,5,3,nat_fin_condition_indx,0.01246617712237311,1.5838610003464615,0.11882287722160356,356,72.34263732085688,0.2032096553956654,0.32969577118058435,0.03056793913575398
2vars_market_volatility_monetary_policy,5,3,10y_2y_spread,0.003015432408682667,0.24239002351631872,0.809358133723816,356,72.34263732085688,0.2032096553956654,0.32969577118058435,0.03056793913575398
2vars_market_volatility_monetary_policy,5,3,10y_treasury_const_maturity_rate,-0.019518517104664634,-1.0936854699784917,0.27874688913300805,356,72.34263732085688,0.2032096553956654,0.32969577118058435,0.03056793913575398
2vars_market_volatility_monetary_policy,5,3,fed_reserve_discount_rate,0.00143907142946147,0.04578692901736623,0.9636419787440387,356,72.34263732085688,0.2032096553956654,0.32969577118058435,0.03056793913575398
2vars_market_volatility_monetary_policy,5,3,fedfunds,0.02056938438908373,0.5097144717530733,0.6122423508535233,356,72.34263732085688,0.2032096553956654,0.32969577118058435,0.03056793913575398
2vars_market_volatility_monetary_policy,5,3,m2_real_money_supply,0.03038320775377306,0.5729661669287269,0.5689473174979938,356,72.34263732085688,0.2032096553956654,0.32969577118058435,0.03056793913575398
2vars_market_volatility_monetary_policy,5,4,export_price_index,0.07061628114865359,1.6955754539886965,0.0949190554319399,356,78.8025203027021,0.22135539410871377,0.39672265422588826,0.03340908439742563
2vars_market_volatility_monetary_policy,5,4,import_price_index,-0.026690600960340195,-0.5932709909226446,0.5551304411167752,356,78.8025203027021,0.22135539410871377,0.39672265422588826,0.03340908439742563
2vars_market_volatility_monetary_policy,5,4,retail_sales,-0.022274227312231748,-0.2974065860746233,0.7671376681920217,356,78.8025203027021,0.22135539410871377,0.39672265422588826,0.03340908439742563
2vars_market_volatility_monetary_policy,5,4,tot_business_inventories,-0.02640968282334208,-0.38459000043134456,0.7018404741686899,356,78.8025203027021,0.22135539410871377,0.39672265422588826,0.03340908439742563
2vars_market_volatility_monetary_policy,5,4,unemployment,0.015289147641673577,0.9461784828647369,0.34768391488457695,356,78.8025203027021,0.22135539410871377,0.39672265422588826,0.03340908439742563
2vars_market_volatility_monetary_policy,5,4,cpi,0.50894218117257,1.3804266803273302,0.17234905758900299,356,78.8025203027021,0.22135539410871377,0.39672265422588826,0.03340908439742563
2vars_market_volatility_monetary_policy,5,4,PCE_price_index,-0.45676162394102304,-1.25264261549077,0.21498017954910287,356,78.8025203027021,0.22135539410871377,0.39672265422588826,0.03340908439742563
2vars_market_volatility_monetary_policy,5,4,PPI_inflation,-0.07937549037420066,-0.8536641083585098,0.3965355097619283,356,78.8025203027021,0.22135539410871377,0.39672265422588826,0.03340908439742563
2vars_market_volatility_monetary_policy,5,4,vix,-0.03842599905637934,-5.014089122829514,4.634520401447517e-06,356,78.8025203027021,0.22135539410871377,0.39672265422588826,0.03340908439742563
2vars_market_volatility_monetary_policy,5,4,nat_fin_condition_indx,0.014150692923884467,1.9378327300222289,0.05714274850664425,356,78.8025203027021,0.22135539410871377,0.39672265422588826,0.03340908439742563
2vars_market_volatility_monetary_policy,5,4,10y_2y_spread,0.008086491320710966,0.5912325139084745,0.5564867310882851,356,78.8025203027021,0.22135539410871377,0.39672265422588826,0.03340908439742563
2vars_market_volatility_monetary_policy,5,4,10y_treasury_const_maturity_rate,-0.028938843152905947,-1.5364091187679554,0.12946122966614482,356,78.8025203027021,0.22135539410871377,0.39672265422588826,0.03340908439742563
2vars_market_volatility_monetary_policy,5,4,fed_reserve_discount_rate,0.004581147651527756,0.16243785573138766,0.8714825846276437,356,78.8025203027021,0.22135539410871377,0.39672265422588826,0.03340908439742563
2vars_market_volatility_monetary_policy,5,4,fedfunds,0.027884922885929544,0.7489943265376794,0.4566568492840233,356,78.8025203027021,0.22135539410871377,0.39672265422588826,0.03340908439742563
2vars_market_volatility_monetary_policy,5,4,m2_real_money_supply,0.026861434684599488,0.5227130987276919,0.6030131450366847,356,78.8025203027021,0.22135539410871377,0.39672265422588826,0.03340908439742563
2vars_market_volatility_monetary_policy,6,0,export_price_index,0.06996329101139212,1.5360726487509606,0.13050085207472306,356,68.72053774766837,0.1930352183923269,0.3966890612934717,0.033471397900299134
2vars_market_volatility_monetary_policy,6,0,import_price_index,-0.026642367689634138,-0.5417085943912758,0.5903014345672091,356,68.72053774766837,0.1930352183923269,0.3966890612934717,0.033471397900299134
2vars_market_volatility_monetary_policy,6,0,retail_sales,-0.019548355817689198,-0.23925908416897573,0.811832406055748,356,68.72053774766837,0.1930352183923269,0.3966890612934717,0.033471397900299134
2vars_market_volatility_monetary_policy,6,0,tot_business_inventories,-0.026872480678164196,-0.3576099874814191,0.7220629159468799,356,68.72053774766837,0.1930352183923269,0.3966890612934717,0.033471397900299134
2vars_market_volatility_monetary_policy,6,0,unemployment,0.015565824997258743,0.8806612909314905,0.38249829179862016,356,68.72053774766837,0.1930352183923269,0.3966890612934717,0.033471397900299134
2vars_market_volatility_monetary_policy,6,0,cpi,0.487435635670066,1.2168687276547463,0.22907367515595656,356,68.72053774766837,0.1930352183923269,0.3966890612934717,0.033471397900299134
2vars_market_volatility_monetary_policy,6,0,PCE_price_index,-0.4355548155674709,-1.0995443594986494,0.2765263962532418,356,68.72053774766837,0.1930352183923269,0.3966890612934717,0.033471397900299134
2vars_market_volatility_monetary_policy,6,0,PPI_inflation,-0.0793463900669413,-0.781075363526265,0.4382515608946713,356,68.72053774766837,0.1930352183923269,0.3966890612934717,0.033471397900299134
2vars_market_volatility_monetary_policy,6,0,vix,-0.03835402485710376,-4.574748564199711,2.929596378997701e-05,356,68.72053774766837,0.1930352183923269,0.3966890612934717,0.033471397900299134
2vars_market_volatility_monetary_policy,6,0,nat_fin_condition_indx,0.014167981848567783,1.7767586364357024,0.08137770318587623,356,68.72053774766837,0.1930352183923269,0.3966890612934717,0.033471397900299134
2vars_market_volatility_monetary_policy,6,0,10y_2y_spread,0.007541865073249571,0.5071152765801719,0.614188655290695,356,68.72053774766837,0.1930352183923269,0.3966890612934717,0.033471397900299134
2vars_market_volatility_monetary_policy,6,0,10y_treasury_const_maturity_rate,-0.028527342166155767,-1.3872407581834347,0.1712051787755542,356,68.72053774766837,0.1930352183923269,0.3966890612934717,0.033471397900299134
2vars_market_volatility_monetary_policy,6,0,fed_reserve_discount_rate,0.004186317429642003,0.1357308697505913,0.8925509809190462,356,68.72053774766837,0.1930352183923269,0.3966890612934717,0.033471397900299134
2vars_market_volatility_monetary_policy,6,0,fedfunds,0.027393600900326956,0.6731312881918105,0.5038039282794342,356,68.72053774766837,0.1930352183923269,0.3966890612934717,0.033471397900299134
2vars_market_volatility_monetary_policy,6,0,m2_real_money_supply,0.025197060438572196,0.4488252446559739,0.6553972134965083,356,68.72053774766837,0.1930352183923269,0.3966890612934717,0.033471397900299134
2vars_market_volatility_monetary_policy,6,1,export_price_index,0.09271005498307194,1.8341029148941983,0.07333299155857853,356,60.48561121846983,0.16990340229907255,0.3090350054604937,0.035371178619067044
2vars_market_volatility_monetary_policy,6,1,import_price_index,-0.023365226257403993,-0.4195175532382891,0.6768570204755031,356,60.48561121846983,0.16990340229907255,0.3090350054604937,0.035371178619067044
2vars_market_volatility_monetary_policy,6,1,retail_sales,-0.03571816464731957,-0.3613608847959132,0.719540331857041,356,60.48561121846983,0.16990340229907255,0.3090350054604937,0.035371178619067044
2vars_market_volatility_monetary_policy,6,1,tot_business_inventories,-0.04770116748673213,-0.539866690596538,0.5919813765757547,356,60.48561121846983,0.16990340229907255,0.3090350054604937,0.035371178619067044
2vars_market_volatility_monetary_policy,6,1,unemployment,0.009538791736029442,0.43319395273947975,0.6669671482514485,356,60.48561121846983,0.16990340229907255,0.3090350054604937,0.035371178619067044
2vars_market_volatility_monetary_policy,6,1,cpi,0.46052347217534245,0.9956648860034872,0.3247982072729827,356,60.48561121846983,0.16990340229907255,0.3090350054604937,0.035371178619067044
2vars_market_volatility_monetary_policy,6,1,PCE_price_index,-0.3684304502044471,-0.8128967223468675,0.4206065956808511,356,60.48561121846983,0.16990340229907255,0.3090350054604937,0.035371178619067044
2vars_market_volatility_monetary_policy,6,1,PPI_inflation,-0.12137887178994315,-1.1092197679658435,0.2732959481685524,356,60.48561121846983,0.16990340229907255,0.3090350054604937,0.035371178619067044
2vars_market_volatility_monetary_policy,6,1,vix,-0.03586551121749797,-3.572488516360606,0.0008642371869909127,356,60.48561121846983,0.16990340229907255,0.3090350054604937,0.035371178619067044
2vars_market_volatility_monetary_policy,6,1,nat_fin_condition_indx,0.01457723736500657,1.5218576166059732,0.13512195742241806,356,60.48561121846983,0.16990340229907255,0.3090350054604937,0.035371178619067044
2vars_market_volatility_monetary_policy,6,1,10y_2y_spread,0.001055829898847672,0.06474938233947262,0.9486636408200624,356,60.48561121846983,0.16990340229907255,0.3090350054604937,0.035371178619067044
2vars_market_volatility_monetary_policy,6,1,10y_treasury_const_maturity_rate,-0.02774606909877546,-1.218201689152713,0.2295689614787204,356,60.48561121846983,0.16990340229907255,0.3090350054604937,0.035371178619067044
2vars_market_volatility_monetary_policy,6,1,fed_reserve_discount_rate,0.010178432770665817,0.2534165202121702,0.8011138905256434,356,60.48561121846983,0.16990340229907255,0.3090350054604937,0.035371178619067044
2vars_market_volatility_monetary_policy,6,1,fedfunds,0.014211435598608067,0.3008650521845039,0.7649191407696891,356,60.48561121846983,0.16990340229907255,0.3090350054604937,0.035371178619067044
2vars_market_volatility_monetary_policy,6,1,m2_real_money_supply,0.03377563623816025,0.4941704963812856,0.6236172398748203,356,60.48561121846983,0.16990340229907255,0.3090350054604937,0.035371178619067044
2vars_market_volatility_monetary_policy,6,2,export_price_index,0.07988231489434988,1.409536924384432,0.1680700543385929,356,48.86343884645407,0.1372568506922867,0.33585442954203804,0.03426241960946147
2vars_market_volatility_monetary_policy,6,2,import_price_index,-0.023082730935522735,-0.3808263632212392,0.7057828544069507,356,48.86343884645407,0.1372568506922867,0.33585442954203804,0.03426241960946147
2vars_market_volatility_monetary_policy,6,2,retail_sales,-0.022615948685413934,-0.21447881670212818,0.8314990114244818,356,48.86343884645407,0.1372568506922867,0.33585442954203804,0.03426241960946147
2vars_market_volatility_monetary_policy,6,2,tot_business_inventories,-0.03298537416180286,-0.35673665284776823,0.7235693901186897,356,48.86343884645407,0.1372568506922867,0.33585442954203804,0.03426241960946147
2vars_market_volatility_monetary_policy,6,2,unemployment,0.013534381983729893,0.5916381137755059,0.5581412466013544,356,48.86343884645407,0.1372568506922867,0.33585442954203804,0.03426241960946147
2vars_market_volatility_monetary_policy,6,2,cpi,0.463331102235825,0.9234402460481642,0.3625086478367958,356,48.86343884645407,0.1372568506922867,0.33585442954203804,0.03426241960946147
2vars_market_volatility_monetary_policy,6,2,PCE_price_index,-0.3914617761324918,-0.7885911126049377,0.43600310633049455,356,48.86343884645407,0.1372568506922867,0.33585442954203804,0.03426241960946147
2vars_market_volatility_monetary_policy,6,2,PPI_inflation,-0.1042662383739345,-0.8517296049625857,0.40052841425260066,356,48.86343884645407,0.1372568506922867,0.33585442954203804,0.03426241960946147
2vars_market_volatility_monetary_policy,6,2,vix,-0.03641180407669366,-3.249882147606314,0.002665593810355027,356,48.86343884645407,0.1372568506922867,0.33585442954203804,0.03426241960946147
2vars_market_volatility_monetary_policy,6,2,nat_fin_condition_indx,0.01390570251141984,1.3201638657407733,0.19590205123419047,356,48.86343884645407,0.1372568506922867,0.33585442954203804,0.03426241960946147
2vars_market_volatility_monetary_policy,6,2,10y_2y_spread,0.0025475386597936527,0.13850033210393953,0.8906902190565633,356,48.86343884645407,0.1372568506922867,0.33585442954203804,0.03426241960946147
2vars_market_volatility_monetary_policy,6,2,10y_treasury_const_maturity_rate,-0.023183829308399854,-0.8837436449021664,0.38325434056121166,356,48.86343884645407,0.1372568506922867,0.33585442954203804,0.03426241960946147
2vars_market_volatility_monetary_policy,6,2,fed_reserve_discount_rate,0.0055959957888692255,0.12461225310883438,0.9015896524722493,356,48.86343884645407,0.1372568506922867,0.33585442954203804,0.03426241960946147
2vars_market_volatility_monetary_policy,6,2,fedfunds,0.01632136943620602,0.3008168745967876,0.7654491373597134,356,48.86343884645407,0.1372568506922867,0.33585442954203804,0.03426241960946147
2vars_market_volatility_monetary_policy,6,2,m2_real_money_supply,0.025560890997952442,0.35302355984752604,0.726325183150025,356,48.86343884645407,0.1372568506922867,0.33585442954203804,0.03426241960946147
2vars_market_volatility_monetary_policy,6,3,export_price_index,0.06888045096835467,1.6486615738248227,0.10590457919894591,356,62.87251770871156,0.17660819581098752,0.3296038158020095,0.030594581149649358
2vars_market_volatility_monetary_policy,6,3,import_price_index,-0.023253987255563945,-0.47534033281160676,0.6367521392107784,356,62.87251770871156,0.17660819581098752,0.3296038158020095,0.030594581149649358
2vars_market_volatility_monetary_policy,6,3,retail_sales,-0.03756087106806938,-0.4369073027218092,0.6641848249765814,356,62.87251770871156,0.17660819581098752,0.3296038158020095,0.030594581149649358
2vars_market_volatility_monetary_policy,6,3,tot_business_inventories,-0.03150416340683811,-0.42162892548278386,0.6752233267027883,356,62.87251770871156,0.17660819581098752,0.3296038158020095,0.030594581149649358
2vars_market_volatility_monetary_policy,6,3,unemployment,0.0119958334755583,0.639056515635686,0.5258969740776172,356,62.87251770871156,0.17660819581098752,0.3296038158020095,0.030594581149649358
2vars_market_volatility_monetary_policy,6,3,cpi,0.5374320449051557,1.330928037722151,0.1896507800104157,356,62.87251770871156,0.17660819581098752,0.3296038158020095,0.030594581149649358
2vars_market_volatility_monetary_policy,6,3,PCE_price_index,-0.4601080165424349,-1.143949824845068,0.2584530209725233,356,62.87251770871156,0.17660819581098752,0.3296038158020095,0.030594581149649358
2vars_market_volatility_monetary_policy,6,3,PPI_inflation,-0.08500812686024461,-0.9181158357000994,0.36325862527119845,356,62.87251770871156,0.17660819581098752,0.3296038158020095,0.030594581149649358
2vars_market_volatility_monetary_policy,6,3,vix,-0.03480193792828854,-3.8508896167826943,0.0003558402366401481,356,62.87251770871156,0.17660819581098752,0.3296038158020095,0.030594581149649358
2vars_market_volatility_monetary_policy,6,3,nat_fin_condition_indx,0.012483242965867173,1.4457438298239067,0.15490260431275926,356,62.87251770871156,0.17660819581098752,0.3296038158020095,0.030594581149649358
2vars_market_volatility_monetary_policy,6,3,10y_2y_spread,0.003044027391209428,0.22297554972124267,0.8245234011494564,356,62.87251770871156,0.17660819581098752,0.3296038158020095,0.030594581149649358
2vars_market_volatility_monetary_policy,6,3,10y_treasury_const_maturity_rate,-0.01948181790316886,-0.9950614220143634,0.3248157451012754,356,62.87251770871156,0.17660819581098752,0.3296038158020095,0.030594581149649358
2vars_market_volatility_monetary_policy,6,3,fed_reserve_discount_rate,0.0016106047900288512,0.0466902221250999,0.9629584897765031,356,62.87251770871156,0.17660819581098752,0.3296038158020095,0.030594581149649358
2vars_market_volatility_monetary_policy,6,3,fedfunds,0.020420045975204033,0.46158833803463717,0.6465116696002313,356,62.87251770871156,0.17660819581098752,0.3296038158020095,0.030594581149649358
2vars_market_volatility_monetary_policy,6,3,m2_real_money_supply,0.030701535313047888,0.5278223075102637,0.6001126128496339,356,62.87251770871156,0.17660819581098752,0.3296038158020095,0.030594581149649358
2vars_market_volatility_monetary_policy,6,4,export_price_index,0.07930206171221103,1.387301042788315,0.17549645898507427,356,46.22133325492328,0.1298352057722564,0.34477788753341887,0.033625446982849576
2vars_market_volatility_monetary_policy,6,4,import_price_index,-0.021532125728061267,-0.35115862081638743,0.7279057061854488,356,46.22133325492328,0.1298352057722564,0.34477788753341887,0.033625446982849576
2vars_market_volatility_monetary_policy,6,4,retail_sales,-0.03364186780535716,-0.3166254649643176,0.7537046203801552,356,46.22133325492328,0.1298352057722564,0.34477788753341887,0.033625446982849576
2vars_market_volatility_monetary_policy,6,4,tot_business_inventories,-0.03381378181994711,-0.3645935794296912,0.717953696158296,356,46.22133325492328,0.1298352057722564,0.34477788753341887,0.033625446982849576
2vars_market_volatility_monetary_policy,6,4,unemployment,0.012392745096516783,0.5406735384684552,0.5926956092690592,356,46.22133325492328,0.1298352057722564,0.34477788753341887,0.033625446982849576
2vars_market_volatility_monetary_policy,6,4,cpi,0.5162201841043862,1.0008980875902411,0.3248231959458818,356,46.22133325492328,0.1298352057722564,0.34477788753341887,0.033625446982849576
2vars_market_volatility_monetary_policy,6,4,PCE_price_index,-0.4384911564693187,-0.8556404770236461,0.3989298672278263,356,46.22133325492328,0.1298352057722564,0.34477788753341887,0.033625446982849576
2vars_market_volatility_monetary_policy,6,4,PPI_inflation,-0.10387653488729265,-0.8324200041057506,0.4117018928038938,356,46.22133325492328,0.1298352057722564,0.34477788753341887,0.033625446982849576
2vars_market_volatility_monetary_policy,6,4,vix,-0.03633162931155714,-3.1895635031602,0.003309724152301907,356,46.22133325492328,0.1298352057722564,0.34477788753341887,0.033625446982849576
2vars_market_volatility_monetary_policy,6,4,nat_fin_condition_indx,0.013564819048078417,1.281982827701303,0.20959644986604542,356,46.22133325492328,0.1298352057722564,0.34477788753341887,0.033625446982849576
2vars_market_volatility_monetary_policy,6,4,10y_2y_spread,0.004492513123865465,0.2379963209491649,0.8134902134678148,356,46.22133325492328,0.1298352057722564,0.34477788753341887,0.033625446982849576
2vars_market_volatility_monetary_policy,6,4,10y_treasury_const_maturity_rate,-0.024264154044114004,-0.8910229932000315,0.37995600143950736,356,46.22133325492328,0.1298352057722564,0.34477788753341887,0.033625446982849576
2vars_market_volatility_monetary_policy,6,4,fed_reserve_discount_rate,0.006764581596811664,0.14999362370072616,0.8817662329867688,356,46.22133325492328,0.1298352057722564,0.34477788753341887,0.033625446982849576
2vars_market_volatility_monetary_policy,6,4,fedfunds,0.019302753010434746,0.34504989455061214,0.7324468857635336,356,46.22133325492328,0.1298352057722564,0.34477788753341887,0.033625446982849576
2vars_market_volatility_monetary_policy,6,4,m2_real_money_supply,0.03228647916682446,0.4448607349524408,0.6595903346611647,356,46.22133325492328,0.1298352057722564,0.34477788753341887,0.033625446982849576
2vars_market_volatility_monetary_policy,6,5,export_price_index,0.07704388900496252,1.7053785676895366,0.09399712941786209,356,68.83656122377289,0.1933611270330699,0.3681060214681763,0.03348205290306129
2vars_market_volatility_monetary_policy,6,5,import_price_index,-0.013532406640014939,-0.3256356452652462,0.7459861604383597,356,68.83656122377289,0.1933611270330699,0.3681060214681763,0.03348205290306129
2vars_market_volatility_monetary_policy,6,5,retail_sales,-0.05397538066587336,-0.7436501965426054,0.46038236976510394,356,68.83656122377289,0.1933611270330699,0.3681060214681763,0.03348205290306129
2vars_market_volatility_monetary_policy,6,5,tot_business_inventories,-0.031195599937665502,-0.5203688064961111,0.604980307241272,356,68.83656122377289,0.1933611270330699,0.3681060214681763,0.03348205290306129
2vars_market_volatility_monetary_policy,6,5,unemployment,0.010406183990241217,0.6903950039132137,0.49296755660543035,356,68.83656122377289,0.1933611270330699,0.3681060214681763,0.03348205290306129
2vars_market_volatility_monetary_policy,6,5,cpi,0.5769831381470828,1.5547702988503023,0.1259708522628955,356,68.83656122377289,0.1933611270330699,0.3681060214681763,0.03348205290306129
2vars_market_volatility_monetary_policy,6,5,PCE_price_index,-0.4854625386665874,-1.2944837388016008,0.20112735550333727,356,68.83656122377289,0.1933611270330699,0.3681060214681763,0.03348205290306129
2vars_market_volatility_monetary_policy,6,5,PPI_inflation,-0.1159701844450295,-1.2422087353730684,0.21964498883022854,356,68.83656122377289,0.1933611270330699,0.3681060214681763,0.03348205290306129
2vars_market_volatility_monetary_policy,6,5,vix,-0.0379571530151521,-4.487205294951829,3.934281257267358e-05,356,68.83656122377289,0.1933611270330699,0.3681060214681763,0.03348205290306129
2vars_market_volatility_monetary_policy,6,5,nat_fin_condition_indx,0.013820547488456122,1.8482280817543013,0.07016937127346479,356,68.83656122377289,0.1933611270330699,0.3681060214681763,0.03348205290306129
2vars_market_volatility_monetary_policy,6,5,10y_2y_spread,0.009934857224851663,0.6448659575965019,0.5218043061622737,356,68.83656122377289,0.1933611270330699,0.3681060214681763,0.03348205290306129
2vars_market_volatility_monetary_policy,6,5,10y_treasury_const_maturity_rate,-0.025774529047082727,-1.1022003280151123,0.2753699910446854,356,68.83656122377289,0.1933611270330699,0.3681060214681763,0.03348205290306129
2vars_market_volatility_monetary_policy,6,5,fed_reserve_discount_rate,0.01162827034655233,0.3078177733125262,0.7594311776750935,356,68.83656122377289,0.1933611270330699,0.3681060214681763,0.03348205290306129
2vars_market_volatility_monetary_policy,6,5,fedfunds,0.02098463502004308,0.4516827608712286,0.6533462484917161,356,68.83656122377289,0.1933611270330699,0.3681060214681763,0.03348205290306129
2vars_market_volatility_monetary_policy,6,5,m2_real_money_supply,0.04729120769695239,0.9631386444182233,0.33986539745008804,356,68.83656122377289,0.1933611270330699,0.3681060214681763,0.03348205290306129
