date,value,pct_change_mom,pct_change_yoy,log_value,log_diff,log_pct_change,zscore_value,zscore_pct_change_mom,zscore_pct_change_yoy,zscore_log_value,minmax_value,minmax_pct_change_mom,minmax_pct_change_yoy,minmax_log_value
1990-01-01,61.6352,-0.5222825490487248,-0.8565541269823451,4.121233135907766,-0.005236512119588532,-0.1269005364450404,0.42876077770991544,-0.40746818267400087,-0.40664638781850737,0.6785387447101084,0.5764765917826533,0.4268639667138012,0.34278911199980394,0.8428882750619908
1990-02-01,62.1951,0.9084094802969789,0.490373491717766,4.130276218506925,0.009043082599158758,0.21942662064826646,0.4446880277013666,0.3397636545979905,-0.280581998470729,0.6872433203082572,0.5820461400116186,0.4748776157831668,0.35686293980653383,0.8455935361273313
1990-03-01,62.4916,0.47672565845220394,0.7103856839879574,4.135032147709866,0.0047559292029415445,0.11514796956269002,0.4531224438872308,0.1143008095542632,-0.2599901698657333,0.6918212222385458,0.584995543565625,0.4603904200024952,0.35916181145071324,0.8470162843949884
1990-04-01,62.3511,-0.22483021718118223,0.5194352954832393,4.132781314312041,-0.0022508333978255024,-0.05443327445645574,0.44912569692563253,-0.2521126988359659,-0.27786198702083753,0.6896546436127979,0.5835979341243505,0.4368463889152335,0.35716660187142113,0.8463429418827492
1990-05-01,62.5353,0.2954238177032886,1.375003850075629,4.135731197302867,0.0029498829908263247,0.07137766957594494,0.45436556020197705,0.01960921640576265,-0.19778587462814562,0.6924941045176148,0.585430244865153,0.4543059778033383,0.36610629866508154,0.847225406851402
1990-06-01,62.7479,0.3399679860814686,1.721955007400422,4.139125111316432,0.0033939140135643697,0.08206321570844999,0.4604133068499187,0.04287405614363585,-0.1653133162111865,0.6957609751649575,0.5875450617136582,0.4558008684050388,0.3697315349270324,0.8482407048252216
1990-07-01,62.6435,-0.16638007008998867,2.5436408161127355,4.137459924961965,-0.0016651863544669965,-0.04023039433899145,0.4574434820613717,-0.22158494729761075,-0.08840842668859952,0.6941581212322939,0.5865065533459068,0.4388079605134011,0.37831719641507217,0.8477425601094258
1990-08-01,62.8704,0.3622083695834277,1.9221946447012028,4.141075464709707,0.0036155397477424245,0.08738549287037323,0.4638980150548709,0.05448991915602909,-0.14657208078837658,0.6976383215641214,0.588763617988079,0.4565472498391477,0.3718238063574549,0.8488241579829948
1990-09-01,62.8839,0.021472743930361915,2.2845050537253053,4.141290169098374,0.0002147043886671085,0.005184749481057516,0.4642820441223554,-0.1234718660208979,-0.11266198804557082,0.6978449889877476,0.5888979078632193,0.4451122516564718,0.3756095289444727,0.8488883873447031
1990-10-01,62.4973,-0.6147837522799904,1.7848127241398393,4.135123355809209,-0.0061668132891652405,-0.14891043702228712,0.45328458949350214,-0.45578035791689986,-0.15943020893315946,0.6919090161724378,0.5850522437351287,0.42375965060709087,0.37038832499461494,0.8470435695289336
1990-11-01,61.7175,-1.2477339021045752,0.17757405276255245,4.12256752116584,-0.012555834643368513,-0.3036386961885795,0.4311019326916916,-0.7863619881027513,-0.30985815979725406,0.67982318032469,0.577295262651101,0.4025180096747804,0.3535945493000373,0.8432874597918935
1990-12-01,61.2885,-0.6951026856240161,-1.081847937661795,4.115592223385132,-0.006975297780708267,-0.16919790263946188,0.41889834232496076,-0.4977298920579619,-0.4277325443965041,0.673108986775532,0.5730278288410883,0.4210641682809822,0.34043505358315,0.8412007817926168
1991-01-01,61.0842,-0.3333414914706623,-0.8939696796635643,4.112253240265393,-0.003338983119738792,-0.08113007651162629,0.4130867024370282,-0.3087867259423689,-0.4101482603284939,0.6698949908103273,0.5709955753972992,0.43320477902509696,0.3423981629700133,0.840201916534823
1991-02-01,60.6387,-0.7293211665209687,-2.502447942040442,4.104933303109596,-0.0073199371557972626,-0.17800307345189337,0.4004137432100385,-0.5156017595352553,-0.5606922295147573,0.6628490586685305,0.5665640095176706,0.4199158050415334,0.3255914349905194,0.8380121387935294
1991-03-01,60.2973,-0.5630067926918003,-3.5113519256988135,4.099287326611257,-0.005645976498339422,-0.13754124808952328,0.3907020747923184,-0.4287379254102096,-0.6551196232697228,0.6574144263165338,0.5631679677863458,0.4254972717838042,0.31504956121616245,0.8363231306229962
1991-04-01,60.4524,0.25722544790562907,-3.045174824501906,4.10185627850594,0.0025689518946832024,0.06266825645537821,0.3951141420787518,-0.0003412952761635033,-0.6114882278076403,0.6598872154047766,0.564710809240735,0.4530240505367655,0.3199205699909454,0.8370916390893532
1991-05-01,61.0587,1.0029378486213991,-2.3612263793409416,4.111835696546184,0.009979418040244603,0.24329029011906922,0.4123613141984463,0.38913459180079524,-0.5474747337731279,0.669493076880035,0.5707419167442565,0.4780499630184444,0.32706703615010374,0.8400770072735986
1991-06-01,61.5514,0.8069284147877331,-1.9068367228226024,4.119872598106957,0.008036901560772414,0.19545775059843784,0.42637695283175225,0.2867614140924135,-0.5049465728091312,0.6772291355130869,0.5756429998169679,0.4714719378548607,0.3318148798309467,0.8424812667326855
1991-07-01,61.7201,0.27407987470633444,-1.4740555684149226,4.122609647713998,0.002737049607040909,0.06643529725405273,0.4311758938454294,0.008461552608728282,-0.46444083872649083,0.6798637299623942,0.5773211258863132,0.45358968067733774,0.3363369397847025,0.8433000620554798
1991-08-01,61.7289,0.01425791597875481,-1.8156397923347,4.122752216710342,0.00014256899634457199,0.0034582220614476356,0.4314262239042342,-0.12724007681350727,-0.4964110841958349,0.680000962216222,0.5774086629901083,0.44487012392369707,0.3327677817377528,0.8433427119318584
1991-09-01,62.2369,0.8229532682422658,-1.0288802062213054,4.1309480714317734,0.00819585472143114,0.19879571438252697,0.44587709548068916,0.2951309866092332,-0.4227750807388604,0.687890023963903,0.5824619412546455,0.4720097277316281,0.34098850480150583,0.845794522631579
1991-10-01,62.1718,-0.10460032553035736,-0.5208224995319921,4.12990152073328,-0.0010465506984935757,-0.02533439492331535,0.44402522197748595,-0.18931819031106373,-0.375223910462144,0.6868826484840881,0.5818143656345246,0.4408812725288722,0.34629711721731476,0.8454814443392494
1991-11-01,62.0894,-0.13253597290089347,0.6025843561388466,4.12857528193826,-0.0013262387950199184,-0.03211308522399481,0.4416812223359507,-0.2039086155611538,-0.2700797310102981,0.6856060543884506,0.5809947000262611,0.4399437595338583,0.35803541289416024,0.8450846966444042
1991-12-01,61.806,-0.45643861915238837,0.8443672140776792,4.124000447129611,-0.004574834808648731,-0.11080904419165094,0.43361945657853457,-0.373078754550781,-0.24745029798238577,0.6812024680002614,0.5781756073881316,0.42907367172266775,0.36056176268609197,0.8437161232235053
1992-01-01,61.4823,-0.5237355596543924,0.651723358904599,4.118749328510652,-0.005251118618959438,-0.12733069955446208,0.4244112929381833,-0.40822707121337803,-0.26548061351443614,0.6761479129309722,0.574955634604213,0.42681520405916723,0.35854885834877714,0.8421452377877494
1992-02-01,61.9192,0.7106110213833894,2.111687750561919,4.125830309301368,0.007080980790716396,0.17192065420685854,0.4368396114258864,0.23645609236101928,-0.1288366565946109,0.6829638334896945,0.5793016528596779,0.46823955140736845,0.37380378902721406,0.8442635311271613
1992-03-01,62.4403,0.8415806405767556,3.554056317612897,4.134210900248117,0.008380590946749145,0.20312495469956282,0.45166313343078957,0.30485982088492,0.006160436118650707,0.6910307162869307,0.584485242040092,0.472634857459066,0.3888748637937303,0.846770606136616
1992-04-01,62.9199,0.7680936830860796,4.081723802528936,4.141862488869043,0.007651588620925409,0.18507978440254202,0.46530612163564755,0.26647853886547707,0.05554696464556256,0.6983958852839468,0.5892560141969266,0.47016865444978084,0.39438837559556383,0.849059598253764
1992-05-01,63.1268,0.32883078326571,3.387068509483493,4.145145402040469,0.0032829131714260384,0.07926176159271936,0.47119172267731807,0.03705723997957571,-0.009468626473943052,0.7015559101504116,0.5913141308759281,0.45542710680111437,0.38713003532276574,0.8500416900444967
1992-06-01,63.1624,0.05639443152511969,2.6173247074802397,4.145709187398883,0.0005637853584143926,0.013601099689686258,0.4722044215515735,-0.10523272283226688,-0.08151205405428012,0.7020985915004531,0.5916682582503721,0.4462842143281668,0.3790871074220474,0.8502103478625144
1992-07-01,63.7348,0.9062353552113267,3.264252650271149,4.154730724236708,0.009021536837824584,0.21761142497032093,0.48848725401291787,0.33862813734557806,-0.020963458177497306,0.7107824278532952,0.597362148956319,0.474804652715816,0.38584675236791904,0.8529091634587772
1992-08-01,63.3802,-0.5563679496915275,2.675084117811921,4.149151509827377,-0.005579214409331179,-0.13428582451288085,0.4784000905069908,-0.42527054406558656,-0.07610611783954996,0.7054120585050352,0.5938348015693016,0.4257200696127594,0.37969062611447035,0.8512401273362769
1992-09-01,63.5834,0.3206048576684717,2.1635075011769533,4.1523524299886985,0.0032009201613218963,0.07714637929563395,0.4841804391375727,0.03276094603845538,-0.12398663709338267,0.7084931595811724,0.5958561128751164,0.45515104689667973,0.374345245180476,0.8521976907103516
1992-10-01,64.0178,0.683197186687079,2.969191820085637,4.159161169690083,0.006808739701384958,0.16397306866853256,0.4965376411312972,0.22213820308322493,-0.048579391551617813,0.7150470297696783,0.6001772626351851,0.46731955030876987,0.382763709701863,0.8542345424383131
1992-11-01,64.2628,0.3827060598771137,3.5004364674163346,4.162980925723187,0.003819756033103694,0.09183957719505198,0.5035070575412018,0.06519559617373634,0.0011419380359753556,0.7187238020198542,0.6026143751840268,0.45723514694649625,0.38831459869246426,0.8553772321309204
1992-12-01,64.3599,0.15109830259496526,4.132123094845164,4.164490768362876,0.0015098426396891185,0.0362683054913715,0.5062692221673313,-0.055770122828369684,0.060264037724468686,0.7201771271724637,0.6035802675452209,0.4494624513895262,0.39491498961089166,0.8558289053809603
1993-01-01,64.6135,0.3940341734527397,5.092847860278482,4.1684233672838005,0.003932598920924235,0.09443168780201017,0.5134832793165225,0.07111212254441303,0.15018214409051261,0.7239625182964559,0.606102927718226,0.45761531546542394,0.4049534465633286,0.8570053523092861
1993-02-01,64.9262,0.48395459153272036,4.856328893138162,4.17325124024285,0.004827872959049628,0.11582012031075006,0.5223785303833678,0.11807638727223015,0.12804537983699837,0.7286096709337894,0.6092134791224006,0.46063302109969473,0.40248209831094744,0.858449622733814
1993-03-01,64.8627,-0.09780335211361235,3.8795457420928603,4.172272728134855,-0.0009785121079950443,-0.023447236978191288,0.5205721714363112,-0.1857682195067908,0.03662430438191049,0.727667787176304,0.6085818193393336,0.4411093771731084,0.3922758498968021,0.8581568983581713
1993-04-01,65.0423,0.276892574623,3.3731776433211014,4.175037827467933,0.0027650993330778917,0.06627321637993067,0.5256811803637349,0.00993058918914871,-0.010768728673913973,0.7303293813746591,0.6103683720486069,0.4536840741484455,0.38698489191955565,0.8589840848275585
1993-05-01,64.8006,-0.37160432518529296,2.6514887496277284,4.171314862574621,-0.0037229648933116977,-0.08917200387545954,0.5188056377258823,-0.3287709062896179,-0.07831450353175733,0.7267457771105446,0.6079640859136884,0.43192068836638686,0.37944408194665447,0.8578703504495885
1993-06-01,64.9476,0.22684975139117824,2.826365052626234,4.17358079093273,0.002265928358109015,0.05432168111880742,0.5229872875718248,-0.016206126455302602,-0.06194712488213141,0.7289268856514511,0.6094263534429935,0.452004650132788,0.38127133601859464,0.8585482086574316
1993-07-01,65.1142,0.2565144824443033,2.1642807383093654,4.176142651388576,0.0025618604558461655,0.06138279295830884,0.5277264907305599,-0.0007126232887661439,-0.12391426671091726,0.7313928487525617,0.6110835899762058,0.45300019072245157,0.3743533246096185,0.8593145957018982
1993-08-01,65.0421,-0.11072853540393668,2.622112268500265,4.175034752541193,-0.0011078988473833817,-0.026529238578931746,0.5256754910442167,-0.19251887461564968,-0.0810639669053677,0.7303264215507305,0.6103663825689754,0.4406756114136509,0.379137131869148,0.8589831649554356
1993-09-01,65.3749,0.5116685961861434,2.8175593000688837,4.180138392747206,0.005103640206012727,0.12224186164933037,0.5351425187226502,0.13255105141417864,-0.06277129078642947,0.7352390187223102,0.6136768766761366,0.4615630958232848,0.3811793261410925,0.8605099318504009
1993-10-01,65.863,0.7466168208287938,2.8823233538172177,4.187576827079942,0.007438434332736499,0.17794708293970007,0.5490273030070356,0.25526145306771214,-0.056709761737563626,0.7423990123717317,0.6185322017173188,0.4694478965882836,0.38185603521429384,0.8627351583223251
1993-11-01,66.1696,0.4655117440748313,2.9671909720709433,4.192221142970182,0.004644315890240058,0.11090700140010679,0.5577490298285733,0.10844392793939386,-0.04876665898874522,0.7468694789770062,0.6215820739927265,0.4600140839786933,0.38274280316610326,0.864124517184775
1993-12-01,66.5531,0.5795712834896882,3.4077119448600923,4.198000125273891,0.0057789823037088794,0.13785013019649295,0.5686583000048933,0.16801574175199913,-0.007536524081312002,0.7524321383679177,0.6253969011865257,0.46384189219048777,0.3873457352243759,0.8658533143788834
1994-01-01,66.7591,0.30952727972100025,3.3206682813962995,4.20109061757634,0.003090492302448844,0.07361820415017206,0.5745182991087314,0.026975271167534117,-0.015683291679519287,0.7554069451981312,0.6274460652071845,0.4547792862876885,0.3864362301297825,0.8667778429792665
1994-02-01,66.8019,0.0641111099460634,2.888972402512402,4.201731523251875,0.0006409056755352083,0.015255697481353359,0.5757358134856454,-0.10120240206731797,-0.05608745044788127,0.7560238600435731,0.6278718138483699,0.44654318403099913,0.3819255100436131,0.8669695715354938
1994-03-01,67.4704,1.0007200394000604,4.02033834545894,4.211688983182602,0.009957459930726387,0.23698467823618508,0.5947523639755276,0.38797625889253295,0.04980165208910052,0.7656085853606468,0.6345216495173522,0.4779755339229633,0.3937469689300191,0.8699483708956577
1994-04-01,67.8707,0.5932972088501076,4.348554709781172,4.217604424497753,0.005915441315151426,0.14045294747004888,0.6061395369913839,0.17518461402845611,0.08052074565268892,0.771302595733718,0.6385035930002149,0.46430253064369065,0.39717644838436417,0.8717179901486848
1994-05-01,68.187,0.46603320726026354,5.225877538170942,4.222253930844132,0.004649506346378729,0.11024045591787601,0.6151371958095586,0.10871628137823872,0.1626329282869413,0.7757780585023419,0.6416499550377603,0.4600315841463565,0.4063434520497779,0.8731089017492359
1994-06-01,68.645,0.6716822854796245,5.692897043154788,4.228948296349568,0.006694365505436117,0.15854957127359182,0.6281657375064413,0.21612411996207503,0.20634316771770495,0.7822218358299016,0.6462058633943706,0.46693311324593395,0.4112232629648366,0.8751115381467736
1994-07-01,68.7317,0.1263019884915284,5.5556238117031365,4.230210519295831,0.001262222946262881,0.029847206865896148,0.63063205751762,-0.06872091514777484,0.19349521222515254,0.783436810362865,0.6470683028147158,0.448630293595147,0.4097889172768416,0.8754891353383133
1994-08-01,69.1882,0.6641767917860086,6.374486678628144,4.236830327852182,0.006619808556351359,0.15648886801626904,0.6436179293181153,0.21220409823323463,0.2701358912381024,0.7898088216092727,0.6516092900740882,0.4666812308471326,0.41834508230488504,0.8774694678356822
1994-09-01,69.3935,0.29672689851738543,6.147007490642453,4.239793203184029,0.002962875331847137,0.06993141340518871,0.6494580158036397,0.020289798565206664,0.24884519638219016,0.7926607885167023,0.653651490916036,0.45434970885351106,0.41596818923589063,0.8783558194960607
1994-10-01,69.9576,0.8129003436921245,6.216844055084048,4.247889344244636,0.008096141060606854,0.1909560365945806,0.6655047415049749,0.2898804748796095,0.25538148216937506,0.8004538691551436,0.6592628182172671,0.4716723542217665,0.4166979001490228,0.8807778006015746
1994-11-01,70.4288,0.6735508365066867,6.436792726569296,4.254602270418216,0.006712926173579881,0.15802968555842511,0.6789087782900647,0.21710003985842524,0.2759673656078647,0.8069155123749184,0.6639500322295699,0.4669958213280658,0.4189961080748428,0.8827859894700011
1994-12-01,71.1273,0.9917817710936472,6.873008169416606,4.2644712293577465,0.009868958939530437,0.23195961249182773,0.6987787267076907,0.38330791762017286,0.3167945285995091,0.8164150495318787,0.6708982898433087,0.4776755679841384,0.4235540523504188,0.8857383135344787
1995-01-01,71.2635,0.19148765663814515,6.747244944883901,4.266384274885099,0.0019130455273526081,0.0448600875574634,0.7026531532996455,-0.03467528857412664,0.3050238410859339,0.8182564845992848,0.6722531254725014,0.45081790751243084,0.4222399728542982,0.8863106059496616
1995-02-01,71.1758,-0.12306440183262879,6.54756825778906,4.2651528730025845,-0.0012314018825145823,-0.028862891928504997,0.7001583866908756,-0.1989617371931878,0.2863352944438422,0.8170711774144264,0.6713807386539976,0.4402616229734241,0.42015358359909594,0.8859422289574108
1995-03-01,71.2796,0.14583608473668352,5.645735018615583,4.26661017147453,0.001457298471945201,0.03416755542737793,0.703111143520868,-0.0585185107677137,0.20192908358920694,0.8184739252693773,0.6724132785828539,0.44928585273908866,0.41073047463444207,0.8863781834865777
1995-04-01,71.1538,-0.17648808354704393,4.837286192716461,4.2648437314020295,-0.0017664400725001528,-0.04140148739882887,0.699532561543864,-0.22686423124674943,0.12626309668617014,0.8167736078187651,0.6711618958945099,0.4384687382342797,0.4022831242287553,0.8858497484645602
1995-05-01,71.4997,0.4861300450573314,4.85825743910131,4.269693253886964,0.004849522484934532,0.11370926557583427,0.7093722396507456,0.11921259835103118,0.12822588023345471,0.8214415995817688,0.674602700917548,0.4607060287491084,0.40250224937432,0.887300495399594
1995-06-01,71.7327,0.3258754931838803,4.498069779299296,4.272946710584261,0.0032534566972968193,0.07619883921017312,0.7160002968895525,0.03551373041062451,0.09451446415352661,0.8245732706094733,0.6769204446884872,0.4553279280414814,0.39873870704896863,0.8882737752114789
1995-07-01,71.4334,-0.41724346079261565,3.9307917598429887,4.2687655470821015,-0.004181163502159357,-0.0978519926729371,0.7074862302304327,-0.35260763316854066,0.04142062590987056,0.8205486193477285,0.6739431884196371,0.43038905095181257,0.39281131120859253,0.8870229695590716
1995-08-01,72.3723,1.3143711485103404,4.602085326688665,4.2818236294978025,0.013058082415700945,0.30589832755343327,0.7341947407090421,0.551792153379662,0.10424969883300436,0.8331179024774547,0.6832828005506879,0.4885015828378548,0.3998255486007022,0.8909293279893804
1995-09-01,72.6543,0.38965184193402447,4.698999185802699,4.285712576151888,0.0038889466540856787,0.09082454091042802,0.7422166812298305,0.06882328779514689,0.11332025785854281,0.8368612753568316,0.6860879668313956,0.4574682455696467,0.40083818576569913,0.8920927162315118
1995-10-01,72.5336,-0.16612918987588543,3.6822303795441824,4.284049902777508,-0.0016626733743798638,-0.038795727544393976,0.7387831769005428,-0.2214539158250965,0.018156763629690768,0.8352608403366245,0.6848873158736601,0.4388163799875516,0.3902141337380581,0.8915953232800744
1995-11-01,72.717,0.2528483351164068,3.248954972965601,4.286575194892836,0.002525292115327815,0.058946374870427753,0.744000282898814,-0.0026274043508978276,-0.022395229507440346,0.837691603948949,0.6867116686959359,0.45287715578018056,0.38568690942368644,0.8923507708128485
1995-12-01,72.9638,0.33939793995902967,2.5819903187664917,4.289963427743119,0.0033882328502832237,0.07904288846536378,0.7510209031843834,0.042576328468732515,-0.0848191420331238,0.8409530060942934,0.6891666865614631,0.45578173780675857,0.37871790413635537,0.8933643692522825
1996-01-01,72.5712,-0.5380750454334948,1.8350207329137724,4.28456814891191,-0.0053952788312097155,-0.1257651474676602,0.7398527689699812,-0.4157163981156566,-0.15473103885261558,0.8357596871187787,0.6852613380444211,0.42633397467932105,0.3709129403192936,0.8917503579238792
1996-02-01,73.6207,1.4461659721762832,3.4350158340334946,4.2989262361914635,0.0143580872795539,0.3351116560767142,0.7697074731422048,0.6206268754657834,-0.004981042949529864,0.8495803124198594,0.6957011324118063,0.49292458253510585,0.38763102912535874,0.8960456161020752
1996-03-01,73.5141,-0.14479623258132346,3.1348380181706936,4.297477224555172,-0.0014490116362919636,-0.03370636193040788,0.7666750658389565,-0.2103119897175256,-0.03307589565513705,0.848185541201926,0.6946407397681063,0.43953230843626273,0.3844945199074912,0.8956121406007843
1996-04-01,74.2491,0.999808200059582,4.350154173072962,4.307425656397225,0.009948431842053296,0.23149469612566698,0.7875833150686701,0.3875000170657059,0.08067044587441155,0.8577615763760645,0.7019520774146314,0.4779449328339775,0.39719316091638096,0.8985882391853537
1996-05-01,74.8142,0.7610866663703586,4.635683786085809,4.315007706535373,0.007582050138148055,0.1760227742268139,0.8036584873675969,0.2628188651782767,0.10739431418435837,0.8650598099034906,0.7075733521140211,0.46993350080754964,0.4001766134430603,0.9008564286892403
1996-06-01,75.3726,0.7463823712610784,5.074254837751835,4.322443813744401,0.007436107209027654,0.17233126137330412,0.8195430674626611,0.25513900310808546,0.14844194810788564,0.8722175635397277,0.7131279792457486,0.4694400285223142,0.4047591710923874,0.9030809589962124
1996-07-01,75.3738,0.001592090494417775,5.516187105751635,4.322459734522608,1.5920778207778596e-05,0.00036832817020826525,0.8195772033797708,-0.13385527271388276,0.1898041718272566,0.8722328883602157,0.7131399161235388,0.4444450621441491,0.4093768495449751,0.90308572173734
1996-08-01,75.7557,0.5066747331300858,4.674993056735799,4.327513689083278,0.0050539545606698155,0.1169231148714811,0.8304409589999445,0.1299428216974246,0.11107342739831114,0.8770976597543255,0.7169388274802843,0.4613955030895896,0.4005873496241701,0.904597625045649
1996-09-01,76.2302,0.6263555085623818,4.92180091199006,4.333757709635728,0.0062440205524501025,0.14428655808071955,0.843938869557086,0.19245053396399092,0.13417317019584196,0.8831079497565703,0.7216588679065103,0.465411958507031,0.4031662047964688,0.9064655396097935
1996-10-01,76.2157,-0.019021332752633402,5.0764059690956875,4.333567478215352,-0.00019023142037610796,-0.004389525975412312,0.84352639389201,-0.144621395547742,0.14864328116803283,0.8829248392119468,0.7215146306332115,0.44375328106925566,0.404781647914232,0.9064086313985386
1996-11-01,76.8973,0.8943039295053357,5.7487245073366555,4.342470765362049,0.008903287146696748,0.2054493714809702,0.8629155948103404,0.3323965088967642,0.21156828529879235,0.8914948522789133,0.7282947772180709,0.4744042372001116,0.4118065950658891,0.9090720723001783
1996-12-01,77.3772,0.6240791289161107,6.048752943240343,4.348692163556932,0.006221398194883321,0.14326862588249778,0.876567116994476,0.19126161048463838,0.2396491569314265,0.8974833667395229,0.7330685335943531,0.46533556380345903,0.41494154343683876,0.9109332193287549
1997-01-01,77.5135,0.1761500803854288,6.810277355204253,4.350452114737754,0.0017599511808219503,0.04047081546885156,0.8804443882461899,-0.04268590514816168,0.3109232986409155,0.8991774381951945,0.7344243639633616,0.4503031824782044,0.4228985882667195,0.9114597131823907
1997-02-01,78.4255,1.1765692427770702,6.526425312446094,4.362149129574429,0.011697014836674846,0.2688689480582873,0.9063876852495899,0.4798200104665961,0.2843564408984328,0.9104366021807117,0.743496391083948,0.4838769870427745,0.41993266439901955,0.9149589047988989
1997-03-01,78.9197,0.6301521826446832,7.353147219376965,4.3684308798294,0.006281750254970575,0.1440058573968006,0.9204459937792832,0.19443348745212807,0.36173267916894336,0.9164832095608287,0.7484123952538975,0.46553937389292765,0.42857094725895917,0.9168381062991202
1997-04-01,78.9848,0.08248890961319866,6.378124448646516,4.369255428891502,0.0008245490621021645,0.018875177032318113,0.9222978672824864,-0.09160391634948649,0.2704763648089067,0.9172768935249803,0.7490599708740182,0.44715993816521243,0.41838309277265495,0.917084772239601
1997-05-01,79.4296,0.5631463268881864,6.169149706873811,4.374871094751711,0.00561566586020934,0.1285268383046656,0.9349509138911617,0.15943720056583915,0.2509175757211085,0.922682349847881,0.7534845735749357,0.4632906749571013,0.41619954965509437,0.9187647129059618
1997-06-01,79.7971,0.4626738646549944,5.87017032714805,4.379487162943288,0.004616068191577227,0.10551323894125719,0.9454050385060188,0.10696174043198815,0.22293488948806503,0.9271256261421318,0.7571402423981983,0.45991884549006656,0.41307556270167217,0.9201456213978065
1997-07-01,80.4666,0.8390029211587935,6.7567244851659325,4.387842191494564,0.0083550285512759,0.1907764137767387,0.9644500355934925,0.3035135115624752,0.30591106950144836,0.9351679034133843,0.7638000254653393,0.4725483498718323,0.42233902303024234,0.9226450493519067
1997-08-01,81.2825,1.0139610720472758,7.295556637982359,4.397930741231174,0.010088549736609664,0.22992052349022352,0.9876596145683543,0.3948918780121013,0.35634254433549095,0.944878811490921,0.7719161076228901,0.47841989950395436,0.42796919263266425,0.9256630645595463
1997-09-01,82.0327,0.9229538953649419,7.6118126411842235,4.407117948260252,0.00918720702907816,0.20889840176305796,1.009000252081458,0.34736001340223344,0.3859422194536598,0.9537221165523936,0.7793786457214251,0.4753657225361706,0.4312737002172687,0.9284114408131592
1997-10-01,82.7656,0.8934242076635401,8.593898632434005,4.416012516127041,0.008894567866788883,0.20182277786098268,1.0298487634562297,0.3319370416217324,0.47785960911517233,0.9622837367256442,0.7866690938318174,0.4743747139659534,0.4415353571469781,0.9310722733201288
1997-11-01,83.427,0.7991242738529136,8.491455486733601,4.423971997979083,0.007959481852042316,0.1802413789131041,1.0486633431032129,0.28268541279413156,0.46827154185284214,0.9699452736787227,0.7932483029738742,0.4712100329330141,0.4404649453649711,0.9334533724772478
1997-12-01,83.784,0.42791901902261564,8.27995843736915,4.428242058470845,0.004270060491761818,0.09652096563252943,1.0588187784433594,0.08880973663011921,0.44847667982252926,0.9740554942756978,0.7967995241164721,0.4587524819908471,0.4382550470652694,0.9347307718892677
1998-01-01,84.1564,0.4444762723192941,8.569991033819925,4.432676972409095,0.00443491393825024,0.10015066655550964,1.0694122913864141,0.09745737465932729,0.4756220005174924,0.9783243974095002,0.8005039351907116,0.45930813906660706,0.441285550534139,0.9360574876273723
1998-02-01,84.3066,0.17847721623072133,7.498963984928375,4.4344601537581125,0.0017831813490172266,0.04022809151482676,1.0736849703446496,-0.04147047236626892,0.37538025848255707,0.9800408294654425,0.8019980343941239,0.45038128054649634,0.43009456294640447,0.9365909308446648
1998-03-01,84.342,0.04198959512065059,6.870654602082871,4.434879961577684,0.00041980781957118296,0.009466943100511216,1.0746919798993866,-0.11275618151612947,0.31657424873844087,0.9804449227447066,0.8023501722889361,0.4458007917984822,0.42352946030781263,0.9367165174172477
1998-04-01,84.6339,0.3460909155580838,7.152135600773812,4.438334895569537,0.0034549339918532596,0.07790366417548267,1.08299554173633,0.04607198256557194,0.34291919090186745,0.9837705292277767,0.8052538178114133,0.4560063523115236,0.4264706095213582,0.9377500696721338
1998-05-01,85.1867,0.6531661662761756,7.248053622327211,4.444845318363499,0.0065104227939620785,0.14668615476629565,1.0987208208848822,0.20645339174961144,0.3518965454728917,0.9900372493162592,0.8107527395134528,0.46631171714437913,0.42747284134151164,0.9396976791416137
1998-06-01,84.6809,-0.5937546588845488,6.120272541232685,4.438890074457705,-0.005955243905794383,-0.13398090325417167,1.0843325318231278,-0.44479713597134507,0.24634296461799277,0.9843049262709932,0.8057213455248644,0.42446538146308604,0.4156888400940431,0.9379161528427773
1998-07-01,84.3445,-0.39725605183694723,4.819266627395713,4.434909602361032,-0.003980472096672294,-0.08967268911606041,1.0747630963933652,-0.3421684694562209,0.12457657287677286,0.9804734539934946,0.8023750407843324,0.4310598231513629,0.4020948407189694,0.9367253845326654
1998-08-01,86.0816,2.0595296670203656,5.904222926214131,4.455295683601326,0.02038608124029384,0.45967298249869337,1.124177681069468,0.9409787549851555,0.22612200960303686,1.000096429163781,0.8196546661255282,0.5135089071780561,0.4134313727756315,0.9428239323729082
1998-09-01,86.0023,-0.09212189364509182,4.839045892674498,4.454374040081935,-0.0009216435193915018,-0.020686472567554848,1.1219218658804664,-0.1828008676499704,0.1264277941038824,0.9992092852500636,0.8188658374515562,0.4413000454284102,0.4023015110476586,0.9425482203795924
1998-10-01,86.591,0.6845165768822437,4.621968547319155,4.461195884070701,0.006821843988766396,0.15314932979091367,1.138668377882551,0.22282730342025722,0.10611064966083644,1.0057757691970883,0.8247218707474873,0.46736382869749143,0.40003330514196817,0.9445889922883167
1998-11-01,86.5115,-0.09181092723261619,3.6972442974096964,4.460277353077913,-0.0009185309927879359,-0.02058934457613848,1.1364068733740311,-0.18263845393761446,0.019561976768953843,1.0048916212996988,0.8239310525938836,0.4413104813796106,0.3903710117260138,0.9443142114152183
1998-12-01,86.8615,0.40457049062843087,3.6731356822304884,4.464314896126343,0.004037543048429626,0.09052224175349899,1.1463631825310379,0.07661510395465596,0.017305554220041718,1.0087780282091199,0.8274126419493718,0.4579689115049493,0.3901191047237516,0.945522052645107
1999-01-01,87.2205,0.41330163536204,3.6409589763820582,4.468439395028319,0.0041244989019766365,0.09238817148753409,1.1565755110663671,0.08117526727909002,0.01429400651867369,1.0127481359796802,0.8309837578882867,0.45826192643102326,0.3897828955531834,0.9467559069388403
1999-02-01,87.726,0.5795655837790292,4.055910213435232,4.474218320663356,0.005778925635036458,0.12932760465469428,1.1709552661488436,0.16801276486726063,0.053130966710118355,1.0183107408231804,0.8360121676574275,0.4638417009096938,0.3941186535979341,0.9484846871803717
1999-03-01,87.9125,0.2125937578368875,4.23335941760925,4.476342001634136,0.002123680970780306,0.04746484902116155,1.1762605565996485,-0.023651846454582987,0.0697391535598584,1.0203549266805814,0.8378673574139948,0.45152622273009685,0.3959727914961506,0.949119991721988
1999-04-01,88.1082,0.22260770652637873,4.105092640183194,4.47856560466077,0.0022236030266338247,0.049674556274337256,1.1818275557482947,-0.01842169131000022,0.05773414843164793,1.0224952942414622,0.8398140632336206,0.4518622882203028,0.3946325527826846,0.9497851881997118
1999-05-01,88.6483,0.612996293194068,4.063545130871371,4.4846768557994015,0.006111251138631424,0.1364555457727734,1.1971915631074355,0.18547318954644879,0.053845549432266736,1.028377784747569,0.8451866529790468,0.4649636267449329,0.39419842960952,0.9516133844574122
1999-06-01,88.5903,-0.06542708658824337,4.616625472804392,4.484022370804933,-0.0006544849944685183,-0.014593804983342729,1.1955416604471314,-0.16885851715555084,0.10561056976300694,1.02774779889377,0.8446097038858517,0.4421959161481123,0.39997747622463414,0.9514175936135301
1999-07-01,89.1098,0.5864073154735916,5.6498052629395,4.489869317205097,0.005846946400164477,0.13039512109112028,1.2103196678958883,0.1715861123378465,0.20231003417487098,1.033375878301481,0.849777377229212,0.4640713076299882,0.4107730039559519,0.9531667224392436
1999-08-01,89.5007,0.43867228969203254,3.9719289604282393,4.494246446479274,0.004377129274176994,0.09748901281834144,1.2214394428943847,0.09442603002812335,0.04527082246034409,1.0375891598072244,0.8536658151693842,0.45911335893269,0.39324114713254993,0.9544761517487244
1999-09-01,89.1304,-0.41373978080618823,3.6372283066848032,4.490100465959325,-0.004145980519949077,-0.09225084937647399,1.210905667806272,-0.35077770668557245,0.013944838092164928,1.0335983745336599,0.8499822936312778,0.43050663353273777,0.38974391439176537,0.9532358711745624
1999-10-01,90.2709,1.2795858652042469,4.249748819161359,4.502815149350093,0.012714683390767867,0.2831714677023589,1.2433490123593174,0.5336242523767284,0.0712731037660588,1.0458371129912476,0.8613273012310899,0.4873341978582928,0.396144041689626,0.9570395009167452
1999-11-01,90.7528,0.5338375932886441,4.902585205435117,4.508139326663476,0.005324177313382528,0.11824108111901932,1.2570574277386357,0.14412963023868983,0.13237469470309593,1.050961991970745,0.8661209524036892,0.46230708154856076,0.40296542300130456,0.9586322420459927
1999-12-01,91.4784,0.7995345598152293,5.3152432320418,4.516102878839842,0.007963552176366129,0.17664831539845327,1.2776982789509896,0.2828996998154748,0.17099702407802955,1.0586274468849166,0.8733387845075241,0.47122380202224406,0.40727721966275565,0.9610145588509432
2000-01-01,91.4092,-0.07564627278132674,4.802426035163743,4.515346129849726,-0.0007567489901161295,-0.016756681820995212,1.2757297743976617,-0.17419586517864316,0.1230003939147384,1.0578990250529738,0.8726504245549533,0.44185296294114323,0.4019188761074004,0.9607881754737321
2000-02-01,91.7245,0.3449324575644619,4.557941773248531,4.518789519149901,0.0034433893001750704,0.07625969751048345,1.2846989866182452,0.045466935024087836,0.10011812559119782,1.0612135189933498,0.8757868391943404,0.45596747476525473,0.3993642997843083,0.9618182741048604
2000-03-01,92.083,0.39084432185512163,4.74392151286791,4.522690344247799,0.0039008250978982417,0.08632455841033337,1.2948970918547786,0.06944610454681278,0.11752471966549748,1.0649683256743117,0.8793529814341761,0.4575082648828737,0.4013075718611476,0.962985215813546
2000-04-01,92.6659,0.6330158661207674,5.172844298260548,4.529000551607008,0.0063102073592089525,0.13952331198696655,1.3114786135908332,0.19592915208246678,0.15766933342733763,1.071042324932412,0.8851513198207877,0.4656354783589107,0.4057893163440655,0.9648729303285811
2000-05-01,92.9347,0.29007434234169516,4.835287309514125,4.531897095992481,0.0028965443854733763,0.06395548758424408,1.3191250590234145,0.016815255007436542,0.12607601314375733,1.0738304438399062,0.8878251804458026,0.45412645081398745,0.40226223822300045,0.9657394389183379
2000-06-01,93.0018,0.07220123376951992,4.97966481657699,4.532618847804663,0.0007217518121818145,0.015926041498603993,1.3210338257218004,-0.09697703562620907,0.13958888644945125,1.0745251785327887,0.8884926508622405,0.44681468646354205,0.4037708153323842,0.9659553528011234
2000-07-01,92.8373,-0.17687829697919932,4.183041595873838,4.530848498691223,-0.001770349113439984,-0.039057974492984204,1.3163543604180072,-0.2270680346466824,0.06502970564126354,1.0728210983671946,0.886856303865161,0.43845564277389454,0.39544702875368243,0.9654257483796074
2000-08-01,92.591,-0.26530284702377394,3.452822156698221,4.528191944704041,-0.002656553987182342,-0.05863259360691098,1.3093479634312337,-0.2732510269570359,-0.0033144773805317534,1.0702639863693297,0.8844062596987131,0.43548813807835335,0.3878170844972846,0.9646310335253864
2000-09-01,92.9827,0.42304327634434813,4.3220943695978065,4.532413454343733,0.004221509639692478,0.09322726799665393,1.3204904957078036,0.08626319965023999,0.07804421567376575,1.0743274735037318,0.8883026555574124,0.45858885334603394,0.3968999685896982,0.9658939088270321
2000-10-01,92.64,-0.3685631843342807,2.624433787632552,4.528721013824685,-0.003692440519047935,-0.08146742472289192,1.3107418467132148,-0.32718255798062224,-0.08084668656475566,1.0707732510041263,0.8848936822084815,0.43202274825530496,0.3791613890453052,0.9647893058929402
2000-11-01,92.6604,0.02202072538859401,2.10197371320775,4.528941196836513,0.00022018301182757938,0.004861924838284182,1.31132215730408,-0.12318566243310478,-0.12974583253706926,1.070985191971254,0.8850966091309157,0.4451306417704113,0.3737022886294698,0.964855174198644
2000-12-01,92.3457,-0.3396272841472703,0.948092664497846,4.5255391435687855,-0.0034020532677274673,-0.07511807108698809,1.3023700130420517,-0.3120697136952263,-0.23774221464850848,1.0677104867440104,0.8819661629304238,0.4329938294723582,0.3616455730617361,0.9638374413463251
2001-01-01,91.8908,-0.49260550301746253,0.5268616288075956,4.520600915536491,-0.004938228032294489,-0.10911910991450169,1.2894296557977025,-0.3919682475545698,-0.27716692652714037,1.0629571099218187,0.8774410915081051,0.42785992059089956,0.3572441984215188,0.9623601579221106
2001-02-01,91.2851,-0.6591519499231646,-0.4790432218218732,4.513987576035104,-0.006613339501386761,-0.14629337172095136,1.2721995516365632,-0.47895329042881013,-0.37131361932341134,1.0565913255761799,0.8714159524434789,0.42227066553707976,0.34673366210080986,0.9603817606589202
2001-03-01,91.0585,-0.24823328232099762,-1.112583212970908,4.511502157115569,-0.002485418919535576,-0.05506038458613638,1.2657535526223411,-0.264335815344288,-0.43060918279895843,1.054198942598258,0.8691618720207542,0.43606098819046357,0.340113905686049,0.9596382412936647
2001-04-01,90.7384,-0.3515322567360535,-2.080053180296093,4.507980641283356,-0.0035215158322126072,-0.07805639251792229,1.256647796733319,-0.31828752602501015,-0.5211585998202448,1.0508092466129064,0.8659777098702063,0.4325943017163255,0.3300049692151659,0.9585847709125856
2001-05-01,90.2607,-0.526458478439118,-2.877289107297931,4.502702149742148,-0.005278491541208297,-0.11709215192426958,1.2430588570638847,-0.40964921627640977,-0.5957751262825872,1.045728343263764,0.8612258377698729,0.4267238236192874,0.32167478056791643,0.9570056967978045
2001-06-01,89.7811,-0.5313497457919203,-3.463051252771465,4.497374485450704,-0.00532766429144349,-0.1183214903910268,1.2294158688590264,-0.4122038615918621,-0.6505989684452644,1.0406001078332106,0.8564550656130382,0.42655967397047073,0.31555424709852986,0.9554119125302375
2001-07-01,89.2352,-0.6080344304090657,-3.880013744475541,4.4912755805785105,-0.006098904872193778,-0.13561034092055557,1.2138868712338557,-0.45225527489518375,-0.6896241700728997,1.0347295014394498,0.8510247809582926,0.42398615607795376,0.31119747378076873,0.9535874096894146
2001-08-01,89.157,-0.08763357957398688,-3.708783791081205,4.490398860576078,-0.0008767200024326627,-0.019520512306658855,1.2116623473022043,-0.18045667959215386,-0.6735980679921229,1.033885599434143,0.8502468944222948,0.44145067207083427,0.31298662773824115,0.9533251366799868
2001-09-01,88.6749,-0.5407315185571582,-4.632904830683559,4.484976872945489,-0.005421987630588987,-0.12074623655800032,1.1979482426033676,-0.4171038394742042,-0.7600902839980098,1.0286665714417325,0.8454512537700638,0.42624482413839004,0.30333063716876174,0.9517031353465969
2001-10-01,88.4051,-0.30425746180711144,-4.571351468048357,4.481929660287153,-0.0030472126583358516,-0.06794266157128526,1.1902733505731955,-0.2935965155581627,-0.7543292564823681,1.0257334241816833,0.8427674457468904,0.4341808314285114,0.303973798252272,0.9507915539613758
2001-11-01,87.886,-0.5871833186094522,-5.1525786635930775,4.476040520106129,-0.005889140181023933,-0.13139742538142984,1.1755067217634751,-0.4413650104220432,-0.808728654387194,1.0200647304202677,0.8376037513627935,0.4246859139182981,0.29790064973774427,0.9490298027592429
2001-12-01,87.8518,-0.03891404774366558,-4.86638793143589,4.475651303893889,-0.00038921621224030645,-0.008695547113390933,1.1745338481258476,-0.15501110183405928,-0.7819429092695699,1.0196900836218643,0.8372635503457715,0.4430856867743094,0.30089101019092834,0.9489133677434805
2002-01-01,88.4634,0.6961724176397066,-3.7298619665951382,4.482588907152609,0.00693760325872006,0.15500768017124855,1.1919317872127766,0.22891499743511237,-0.6755708594679511,1.02636799365678,0.8433473790595332,0.46775499565464096,0.31276638530758305,0.9509887693310255
2002-02-01,88.4578,-0.0063303015710336474,-3.097219590053568,4.482525602133178,-6.330501943097033e-05,-0.0014122423613316393,1.1917724862662649,-0.13799303503954807,-0.6163593073644991,1.0263070583151708,0.8432916736298455,0.4441791887453894,0.31937676269317644,0.9509698314741134
2002-03-01,89.1265,0.7559536863905647,-2.1217129647424504,4.490056708887362,0.007531106754184336,0.16801034556501726,1.210794726075665,0.26013797650181164,-0.5250577071023855,1.033556255407059,0.8499434987784594,0.4697612393464003,0.3295696728973658,0.9532227811356495
2002-04-01,89.5507,0.47595271888833945,-1.308927642541624,4.494804945338258,0.004748236450895504,0.10575003298949337,1.2228617727739575,0.11389711327402963,-0.4489858500170216,1.0381267525457836,0.8541631850773113,0.46036448035356314,0.3380623346482113,0.9546432280970467
2002-05-01,89.9348,0.42891903692543476,-0.361065225507895,4.499084963349141,0.004280018010883069,0.0952214403724394,1.233788110908832,0.08933203297307861,-0.36027158272448145,1.0422465579250506,0.8579839807100055,0.45878604232924575,0.34796639501240345,0.9559236063261336
2002-06-01,90.6736,0.8214840084149744,0.9940845010809607,4.507266245292397,0.008181281943255847,0.18184324167920263,1.254804457209393,0.2943636113127629,-0.23343765313136577,1.0501215923929947,0.8653331184695331,0.4719604197573804,0.36212613428833773,0.9583710575423509
2002-07-01,90.6436,-0.033085705210766925,1.5783009395395453,4.506935333495019,-0.00033091179737798626,-0.0073417406332154656,1.25395105928165,-0.15196703434100134,-0.17875847992360852,1.0498030675177643,0.865034696524777,0.4432812844202672,0.36823051691630854,0.9582720644399776
2002-08-01,90.5505,-0.1027099541501042,1.5629731821393822,4.505907706125331,-0.0010276273696874227,-0.022801023170893053,1.251302681045886,-0.18833087392806902,-0.18019306657094986,1.0488139070154592,0.8641085937562171,0.44094471289633114,0.36807035967005547,0.9579646471093924
2002-09-01,90.6373,0.09585811232406538,2.2130275872879412,4.5068658281030824,0.0009581219777512473,0.02126368403969625,1.2537718457168237,-0.08462135567283878,-0.11935185246994776,1.049736163900336,0.8649720279163782,0.4476086050999058,0.3748626725130398,0.9582512717259252
2002-10-01,90.3988,-0.26313669979136645,2.255186635160178,4.504230992973743,-0.0026348351293394856,-0.05846269291864825,1.2469873321912635,-0.27211967643360163,-0.11540601710974746,1.0471999577648166,0.8625995734555669,0.43556083341104274,0.3753031855532447,0.9574630541230409
2002-11-01,90.8947,0.5485692287950705,3.423412147554794,4.509701693652999,0.005470700679255813,0.12145692989080636,1.2610939999368622,0.15182377184268167,-0.006067078776408362,1.052465875344941,0.8675324882023858,0.4628014713703499,0.3875097840909878,0.9590996280883278
2002-12-01,90.3906,-0.5545977928306023,2.889866798403684,4.504140279690712,-0.005561413962286821,-0.1233211050326033,1.2467540700910138,-0.4243460141623525,-0.05600374032841809,1.0471126401249253,0.862518004790667,0.4257794756124958,0.3819348554409382,0.9574359170146487
2003-01-01,91.1369,0.8256389491827498,3.022153794676674,4.512362771651818,0.00822249196110647,0.18255408247789262,1.2679837658735105,0.29653368283058706,-0.043622466700737494,1.0550273420084713,0.8699417480363836,0.4720998584792269,0.3833171007678344,0.9598956963120894
2003-02-01,91.2505,0.12464764546522566,3.1570986391251,4.513608471899643,0.001245700247824999,0.027606385188061466,1.271215299359899,-0.0695849569916283,-0.03099243434054328,1.0562264123322163,0.8710717724671935,0.4485747742773092,0.3847271175184048,0.96026835069654
2003-03-01,91.0006,-0.2738615130875921,2.1027416088369,4.510866099901707,-0.002742371997936033,-0.06075786180855802,1.2641064946217966,-0.27772110691574586,-0.12967396208744178,1.053586694723477,0.868585917667375,0.4352009114911765,0.37371031224611273,0.9594479631670281
2003-04-01,90.4311,-0.6258200495381394,0.9831302267877318,4.504588234783239,-0.006277865118468284,-0.13917205652823617,1.2479061572934673,-0.46154447242074453,-0.23446290785207355,1.0475438270487119,0.8629208744160878,0.4233892753672006,0.36201167485636065,0.9575699239152323
2003-05-01,90.4,-0.03439082351093248,0.5172636176430156,4.504244267398131,-0.0003439673851080016,-0.007635934011729351,1.2470214681083733,-0.15264868065291656,-0.27806524311046477,1.0472127352916545,0.8626115103333573,0.44323748499259663,0.3571439103625749,0.9574670252007202
2003-06-01,90.5196,0.13230088495574943,-0.16983995341531832,4.505566401842626,0.0013221344444946936,0.0293530804726716,1.2504236811803102,-0.06558776955485898,-0.3423740381055076,1.04848537867369,0.8638012191531182,0.44883161498628404,0.3499644768056354,0.9578625450687097
2003-07-01,90.9869,0.5162417863092683,0.3787360607919288,4.510715540110228,0.005149138267602105,0.11428392810937105,1.2637167762347938,0.1349395691299442,-0.2910305959771061,1.0534417707915542,0.868449638312603,0.46171657088374185,0.355696458432314,0.9594029228240445
2003-08-01,90.7933,-0.21277788340959836,0.2681376690355064,4.508585494338483,-0.002130045771744804,-0.04722190421462269,1.2582095149410895,-0.24581792167719846,-0.3013819456161278,1.051391458384876,0.86652382202911,0.437250862073891,0.3545408338095274,0.9587657142360979
2003-09-01,91.3819,0.6482857215235116,0.8215160866442472,4.515047428214876,0.0064619338763929335,0.14332508243455333,1.2749531822834153,0.20390439893743692,-0.24958902718045803,1.0576115046269101,0.8723788605852253,0.4661479306991831,0.36032299496893866,0.9606988181230663
2003-10-01,91.5049,0.13459995907285638,1.2235781890910236,4.516392522760191,0.001345094545315284,0.029791371335541328,1.2784521137871634,-0.06438699304858603,-0.21195841309166805,1.0589062486511926,0.8736023905587256,0.4489087713103419,0.36452407654072244,0.9611012065633734
2003-11-01,92.1265,0.6793078840586553,1.3551945272936683,4.523162632602184,0.006770109841992777,0.14990082920993686,1.2961345188500064,0.22010687091030934,-0.1996399090582295,1.0654229350002569,0.8797856932540724,0.4671890263331725,0.3658993142704262,0.9631265020710497
2003-12-01,92.1732,0.05069116920755068,1.9721077191654723,4.52366941585793,0.0005067832557461571,0.011204179396373526,1.297462974957527,-0.10821146255583282,-0.14190051479964078,1.0659107479902574,0.8802502367480761,0.4460928143414124,0.37234533996145996,0.9632781075656699
2004-01-01,92.3268,0.16664279855751474,1.305618251224261,4.525334456893011,0.0016650410350811384,0.036807310216890876,1.3018323723475738,-0.04765143478138663,-0.20427995272654353,1.0675134620432323,0.8817781571052276,0.44998412059491577,0.36538129981811795,0.9637762088088033
2004-02-01,92.8995,0.6202965986040754,1.8071133856800703,4.531518263673985,0.006183806780973633,0.13664861326556643,1.3181237387881954,0.18928604410373684,-0.1573430000586144,1.0734657922380642,0.8874750320306221,0.46520862307878086,0.370621340983103,0.9656261102706911
2004-03-01,92.5368,-0.3904219075452575,1.688120737665466,4.527606403239727,-0.003911860434257619,-0.08632560229573372,1.3078061578417775,-0.33859908478746265,-0.1684800020033166,1.0697003633031819,0.8838671107185204,0.431289175240408,0.36937800614077454,0.9644558673131816
2004-04-01,92.8957,0.3878457003051894,2.7253898271722976,4.531477358419162,0.0038709551794342545,0.0854967246416205,1.3180156417173479,0.06787996351570355,-0.07139780356699613,1.0734264181773865,0.8874372319176197,0.4574076319305422,0.38021626229670014,0.9656138733600992
2004-05-01,93.5845,0.7414767314310566,3.522676991150453,4.538864771480037,0.007387413060875758,0.16302438424746768,1.3376096581383368,0.2525768512347307,0.003223518370650074,1.0805373004189274,0.8942889997692204,0.4692753965369336,0.388546986310789,0.9678238366893112
2004-06-01,92.8651,-0.7687170418178346,2.591151529613467,4.5311479024706856,-0.007716869009351868,-0.170017601269834,1.3171451758310495,-0.5361777127629239,-0.083961707353579,1.0731092946547023,0.8871328415339683,0.41859368980465095,0.37881362813976244,0.9655153157786126
2004-07-01,93.5502,0.7377367816327141,2.8172187424783113,4.538498190611987,0.007350288141301675,0.16221691058226906,1.3366339398409501,0.250623524102267,-0.06280316494514239,1.0801844416626583,0.8939478040123826,0.4691498848031213,0.38117576771017053,0.9677141730940978
2004-08-01,93.6301,0.08540868966606663,3.1244596242233635,4.539351912983977,0.0008537223719899956,0.018810680012082415,1.3389068229885066,-0.09007895320676708,-0.03404725141116758,1.081006206900931,0.8947426011252496,0.4472579252175917,0.38438607775566563,0.9679695663041266
2004-09-01,93.7353,0.11235703048484424,2.5753458835940046,4.540474852556115,0.0011229395721379376,0.024737883153003182,1.3418994050551267,-0.07600418532631968,-0.08544102152460593,1.0820871118125743,0.8957890674115278,0.448162304463813,0.378648477512985,0.9683054965214971
2004-10-01,94.5695,0.8899528779445998,3.349110266226174,4.549335013924515,0.008860161368399844,0.19513732937892492,1.365629556765912,0.33012401126267815,-0.0130212915841636,1.0906156134155796,0.90408718695538,0.4742582170515158,0.3867334158073348,0.9709560362373232
2004-11-01,94.8015,0.2453222233383956,2.9036162233450957,4.551785231920607,0.002450217996091908,0.05385881647741453,1.3722291674071279,-0.006558194637029214,-0.054716876182893365,1.0929741131356763,0.9063949833281607,0.45262458144387735,0.3820785209478151,0.9716890251571679
2004-12-01,95.5415,0.7805783663760613,3.654316005086078,4.5595607080688385,0.007775476148231597,0.1708225619632575,1.3932796496247986,0.27299912655393876,0.015544144717412259,1.1004585322153142,0.9137560579654785,0.4705876371448208,0.38992246097554173,0.9740150785419122
2005-01-01,95.8785,0.3527263021828153,3.846878696109912,4.5630817648881115,0.0035210568192729497,0.07722359772601717,1.4028661530131163,0.04953755869020838,0.03356686376931804,1.10384778636982,0.9171083311449058,0.4562290341454227,0.39193451724185047,0.9750684116081076
2005-02-01,96.5709,0.7221639887983189,3.9520126588409976,4.570277453599891,0.007195688711779447,0.15769361765876067,1.422562577185434,0.2424900569671891,0.04340677545232085,1.1107741210223705,0.9239959096298771,0.46862726596213805,0.3930330449337427,0.9772210201126565
2005-03-01,96.4345,-0.14124337662794195,4.21205401526743,4.568864021408789,-0.0014134321911019043,-0.030926616719706423,1.4186824612739608,-0.20845637926667118,0.06774509500857384,1.1094135974149175,0.9226390845210527,0.43965154134973444,0.39575017480929314,0.9767981882925156
2005-04-01,96.6347,0.2076020511331489,4.024944103978978,4.5709378899673565,0.0020738685585675043,0.04539133904728487,1.4243774701117684,-0.026258949936569485,0.05023272360864677,1.1114098354732047,0.9246305536323919,0.45135870236301956,0.39379509375234095,0.9774185913248454
2005-05-01,96.7251,0.09354817679363414,3.355897611249725,4.5718729344449205,0.0009350444775639843,0.020456293655102264,1.4269490425340352,-0.08582780495401172,-0.01238603658322122,1.112309878711043,0.9255297984259236,0.4475310842696669,0.38680433567251543,0.9776983122487426
2005-06-01,97.1483,0.4375286249381105,4.612281686015529,4.576238676957015,0.004365742512094428,0.09549133527317899,1.4389876426347359,0.09382870880331215,0.10520401723457677,1.1165121996919565,0.9297395373266168,0.4590749778436635,0.39993208870235986,0.979004335179504
2005-07-01,96.8397,-0.3176586723596886,3.5162939256142556,4.573057034171627,-0.003181642785388128,-0.06952528069413821,1.430209022618015,-0.30059579351419535,0.0026261015177948713,1.1134496543875165,0.9266697702548921,0.4337310903190496,0.38848029069627465,0.9780525386812687
2005-08-01,97.1584,0.3291005651607781,3.7683394549402394,4.5763426363162045,0.0032856021445777372,0.07184695314372824,1.4392749532704094,0.03719814355419523,0.0262160593605051,1.1166122675716068,0.9298400060480181,0.45543616061071795,0.39111387347380605,0.9790354348851309
2005-09-01,95.2764,-1.937043014294193,1.6440977945341828,4.55678214095792,-0.019560495358284413,-0.4274263732583994,1.3857384566033057,-1.1463791712454652,-0.17260028683977505,1.0977839743744104,0.9111190027136502,0.3793849767549534,0.36891801756189824,0.9731838631526706
2005-10-01,96.4411,1.2224433332913565,1.9790735913798763,4.5689324593035,0.012150318345580224,0.26664251152954677,1.4188702088180645,0.5037794512372618,-0.1412485507187268,1.1094794734944247,0.9227047373488991,0.48541650948237075,0.3724181252282465,0.9768186616620692
2005-11-01,97.5016,1.0996349066943356,2.848161685205386,4.579868788125565,0.010936328822064745,0.23936289099208974,1.449037825563794,0.4396382074501262,-0.05990709011130943,1.1200064259969633,0.9332539530960282,0.4812950909125847,0.3814990854903751,0.9800902921305165
2005-12-01,97.9723,0.48276130853237564,2.5442347042908153,4.584684785655442,0.0048159975298771585,0.10515579709104994,1.4624276390500883,0.11745315108271927,-0.08835284229826476,1.1246421477345059,0.9379361934092519,0.46059297483533884,0.3783234018561358,0.9815310099903274
2006-01-01,98.127,0.1579017742770139,2.3451555875404706,4.586262558060464,0.0015777724050218822,0.03441397781496214,1.466828327697485,-0.05221675806465451,-0.10698545992121292,1.1261608598578987,0.9394750559043776,0.4496907741138407,0.3762432565163556,0.9820030046017303
2006-02-01,98.1687,0.0424959491271526,1.6545356831095148,4.586687427282024,0.0004248692215602645,0.009263953299254446,1.4680145508170483,-0.11249171940490797,-0.17162336274150816,1.1265698250772083,0.9398898624075886,0.4458177849060654,0.3690270813634237,0.9821301053055385
2006-03-01,98.3913,0.226752518878226,2.0291493189678045,4.588952385515257,0.0022649582332325835,0.04938113331551808,1.4743467634409047,-0.01625690973207049,-0.13656176136800416,1.1287499998076322,0.9421041532376792,0.45200138703516857,0.37294135836830883,0.9828076732980675
2006-04-01,98.6826,0.2960627616465983,2.119218044863791,4.591908639104898,0.0029562535896410225,0.06442109966040555,1.4826332573192929,0.019942928516321786,-0.1281318659736489,1.1315955928425474,0.9450018303212611,0.45432742059440717,0.3738824718486717,0.9836920440474924
2006-05-01,98.7074,0.02513107680586213,2.049416335573717,4.5921599182996955,0.0002512791947975046,0.005472216774027316,1.483338732939561,-0.12156116634560668,-0.13466488952659714,1.1318374659785464,0.9452485257955929,0.44523502434777107,0.3731531251313536,0.9837672148550972
2006-06-01,99.0398,0.3367528675661591,1.947023262373082,4.59552178954814,0.003361871248444892,0.07320893235986947,1.492794381978958,0.04119484156358353,-0.14424827030168122,1.1350734933079942,0.9485550409434909,0.45569296987136126,0.37208323654875974,0.9847729271545682
2006-07-01,98.9751,-0.06532727247026138,2.2050873763549417,4.594868303347835,-0.0006534862003055864,-0.014220065320802444,1.4909538871147914,-0.168806385540056,-0.12009500884202301,1.1344444688607955,0.9479114442826334,0.44219926588371905,0.3747797065393165,0.9845774351024897
2006-08-01,99.4047,0.43404856372968315,2.3119977274224324,4.599199396246902,0.0043310928990676345,0.09425934788842572,1.5031745454400771,0.09201111810087327,-0.11008883780865544,1.1386134372572634,0.9521848465315412,0.45895818790272996,0.3758967954242657,0.985873092513748
2006-09-01,99.2246,-0.1811785559435397,4.143943306002318,4.5973859674188775,-0.0018134288280249322,-0.03942922825882489,1.4980513132138573,-0.22931400396835322,0.061370338969465435,1.136867889967131,0.9503933201231886,0.438311327211505,0.39503849707644173,0.9853306006864945
2006-10-01,99.1229,-0.10249474424688376,2.7807646325062496,4.596360494358594,-0.001025473060283666,-0.022305568154401545,1.4951582942388073,-0.18821847259494906,-0.06621505215351353,1.135880803132611,0.9493816697304653,0.44095193528420884,0.3807948646390096,0.9850238278230243
2006-11-01,99.0963,-0.026835373057088052,1.635562903583132,4.596092104614717,-0.00026838974387644043,-0.005839179590150234,1.4944016147428747,-0.14870256715801886,-0.17339910171368228,1.1356224599415894,0.9491170689394481,0.4434910439271619,0.3688288378733042,0.9849435383513222
2006-12-01,100.1125,1.0254671466038534,2.1844950052208656,4.606294553649801,0.010202449035083383,0.22198095257577322,1.5233090472153032,0.40090135108831043,-0.12202233192620286,1.145443003759292,0.9592256149481542,0.47880604034670304,0.3745645401996784,0.9879956268226029
2007-01-01,99.7546,-0.35749781495817423,1.6586668297206675,4.602713169994916,-0.0035813836548843625,-0.07774977507781777,1.5131280099373243,-0.3214032594877225,-0.17123671206510158,1.141995680965534,0.9556654411472135,0.4323940991478449,0.3690702470430359,0.9869242468307285
2007-02-01,100.7166,0.964366555527274,2.595430111634367,4.612310632216353,0.009597462221436537,0.20851749537647013,1.5404936368202964,0.36898930713190636,-0.08356125760241886,1.1512338842596899,0.9652348381757268,0.4767555205439029,0.37885833434801225,0.9897953519642971
2007-03-01,100.8952,0.17732925853335413,2.5448388221316343,4.614082354374666,0.001771722158313338,0.038412897560236026,1.545574199150129,-0.04207003573960127,-0.08829630047252773,1.15293928607338,0.9670114434868416,0.45034275538741436,0.3783297141852829,0.9903253671356649
2007-04-01,101.5723,0.6710923810052449,2.928277122815981,4.620770860176665,0.0066885058019989785,0.1449585267080833,1.5648353903792978,0.21581602052825963,-0.05240876311920522,1.1593774230420253,0.9737468267799874,0.4669133162065737,0.38233619867889257,0.9923262505880769
2007-05-01,101.6269,0.05375481307403618,2.957731639167882,4.621308263880165,0.0005374037034995283,0.011630174266619164,1.566388574607791,-0.10661136121456236,-0.04965199611414517,1.1598947102737345,0.9742899547194437,0.44619562942562463,0.38264396413377816,0.992487016267203
2007-06-01,101.6547,0.027354962121250992,2.640251696792606,4.621581776093501,0.0002735122133366019,0.005918501812018917,1.5671793900208333,-0.1203996599724565,-0.07936622463693115,1.1601579841863523,0.974566492388251,0.445309657355374,0.37932666780764573,0.9925688381386193
2007-07-01,101.4953,-0.15680534200583907,2.5462969979318073,4.620012491990994,-0.0015692841025076731,-0.03395556280374468,1.5626450023647565,-0.21658419136205778,-0.0881598239171001,1.1586474426253892,0.97298087712178,0.43912928587535005,0.3783449504272596,0.992099382824414
2007-08-01,101.6943,0.1960681923202312,2.3033116140383614,4.621971254286171,0.00195876229517733,0.042397337638644395,1.5683058752854544,-0.032282934368462704,-0.11090180620010118,1.16053288315855,0.974960409355329,0.45097162908791905,0.37580603563704335,0.9926853515264906
2007-09-01,101.9428,0.24435981171020416,2.7394416304021396,4.624411871672213,0.0024406173860418434,0.052804685528462514,1.575374854786929,-0.007060849711912313,-0.07008263861766148,1.1628821416453554,0.9774323377977256,0.4525922831621868,0.3803630873051751,0.9934154683995209
2007-10-01,101.6446,-0.2925169801104244,2.544013542783752,4.621482415200392,-0.00292945647182119,-0.06334765486106786,1.5668920793851593,-0.2874646146817136,-0.0883735416958776,1.160062342639779,0.9744660236668496,0.43457483891337023,0.3783210909754881,0.9925391140757679
2007-11-01,102.2167,0.5628434761905776,3.1488562136023246,4.62709506950851,0.005612654308118081,0.12144705537897593,1.5831663778672265,0.15927902558579343,-0.03176387619521102,1.1654649001411153,0.9801569301533491,0.4632805113671622,0.38464099375354405,0.9942181538286925
2007-12-01,102.2764,0.05840532907048779,2.161468348108375,4.627678952306472,0.0005838827979625094,0.012618776774453444,1.5848646397434356,-0.10418245720097073,-0.12417748965502592,1.1660269266292729,0.9807507898234137,0.4463516995220991,0.3743239384014329,0.9943928238466571
2008-01-01,102.1493,-0.12427109284253168,2.4005910504377725,4.626435468572506,-0.0012434837339663218,-0.02687057046916186,1.5812490771895626,-0.1995919762116869,-0.10179703132168344,1.1648299898492875,0.9794864755174636,0.4402211267397859,0.3768224926596875,0.9940208325379415
2008-02-01,101.7756,-0.3658370639837982,1.0514652003741132,4.622770389729071,-0.0036650788434346993,-0.07922036021752454,1.570618583669639,-0.32575874078143985,-0.22806716201045402,1.1613021048038916,0.9757691328256181,0.43211423613889144,0.36272569589066117,0.9929244149184154
2008-03-01,101.4508,-0.3191334661746037,0.5506703985918016,4.619573951898691,-0.003196437830379928,-0.06914550282406395,1.561379128771937,-0.3013660591404185,-0.27493856771832453,1.1582253182729454,0.9725382179037251,0.4336815966256295,0.3574929723879746,0.9919681924449956
2008-04-01,100.7554,-0.685455412870084,-0.8042547033000225,4.612695797405358,-0.006878154493333177,-0.14889153339576744,1.5415973648068444,-0.4926912469850028,-0.4017514737799077,1.151604631675597,0.965620797224278,0.42138792822301224,0.34333558017899724,0.9899105751061975
2008-05-01,100.1336,-0.6171381385017494,-1.4693944221461086,4.60650529433417,-0.006190503071188402,-0.13420575175736582,1.5239092704244828,-0.4570100232159631,-0.4640045832441022,1.1456458558507754,0.9594355050492993,0.42368063802331557,0.3363856433446107,0.9880586704321305
2008-06-01,99.8728,-0.2604520360798057,-1.752894848934683,4.603897376309411,-0.002607918024758682,-0.05661380717322251,1.5164903977726334,-0.2707175114976829,-0.4905385318295706,1.1431355592399273,0.9568412236095527,0.43565093002070593,0.33342339345503796,0.9872785051492616
2008-07-01,99.4194,-0.4539774593282697,-2.045316384108431,4.5993472656452985,-0.004550110664112594,-0.0988317134853256,1.5035927104246711,-0.37179332278805755,-0.5179074429366092,1.138755771504781,0.9523310732844716,0.42915626760051917,0.330367928353664,0.985917328018826
2008-08-01,97.8491,-1.5794704051724229,-3.781136209207392,4.5834264960481255,-0.015920769597173035,-0.3461528055533569,1.458923018226822,-0.9596236486090574,-0.6803698226746169,1.1234309593049905,0.9367106739561201,0.391385019684557,0.3122306290787949,0.9811545894670963
2008-09-01,93.5576,-4.385834923366705,-8.225396987330157,4.538577289398932,-0.044849206649193896,-0.9785082555128444,1.3368444446631265,-2.4253513328153224,-1.0963261170722516,1.0802605795684144,0.8940214147587556,0.2972041628869402,0.26579327041815176,0.9677378356965666
2008-10-01,94.4985,1.0056906119866316,-7.03047677889429,4.5485839613578465,0.010006671958914914,0.22048036908588475,1.3636098483369195,0.39057232430002387,-0.984488714449857,1.0898926747745725,0.9033809216861238,0.47814234503461434,0.2782787974968362,0.9707313569596152
2008-11-01,93.2617,-1.3088038434472482,-8.760799360574156,4.5354095198222275,-0.013174441535618975,-0.28963830606495433,1.3284270964358176,-0.8182580241018109,-1.1464365850003606,1.0772113881609953,0.8910779796436444,0.4004685184690072,0.2601989380251294,0.9667901894038494
2008-12-01,90.6266,-2.8254899921404064,-11.390506509810672,4.506747768191402,-0.028661751630825627,-0.6319550970107168,1.2534674671225952,-1.610403471344756,-1.3925614853509254,1.0496225232899505,0.8648655907560818,0.3495689293205136,0.23272155536057412,0.9582159538043045
2009-01-01,88.3712,-2.48867330342305,-13.488198157011356,4.481546124706698,-0.025201643484703773,-0.5591980022174092,1.1893090109148454,-1.4344884959539732,-1.588892908712411,1.0253642453736782,0.8424302289493161,0.36087240900801604,0.21080311622216705,0.950676818321001
2009-02-01,87.843,-0.5977060399768197,-13.689528727907273,4.475551130183485,-0.005994994523213393,-0.13377067548547839,1.174283518067043,-0.4468608909184455,-1.6077362490112221,1.019593659683943,0.8371760132419764,0.4243327741505322,0.20869944580389,0.9488834005242768
2009-03-01,86.4689,-1.5642680691688615,-14.767650920446162,4.4597848117164505,-0.015766318467034246,-0.3522765802116523,1.1351950483166358,-0.9516836662580253,-1.7086420541619616,1.004417517091421,0.8235072934323299,0.39189520609151096,0.1974343222131734,0.9441668664193472
2009-04-01,85.7903,-0.784790832310811,-14.852901184452637,4.451905946489822,-0.00787886522662884,-0.1766646948061279,1.1158911871910795,-0.5445728444583767,-1.716620970270375,0.996833579065775,0.8167569890419462,0.4180542576137152,0.19654355605807494,0.9418098839299196
2009-05-01,84.9436,-0.9869414141225774,-15.169733236396176,4.441987506845486,-0.009918439644335919,-0.22279086224084033,1.0918054530104013,-0.650153463875044,-1.746274560114061,0.9872864134004044,0.8083345270211124,0.4112701371355176,0.193233029433779,0.9388427575872665
2009-06-01,84.6746,-0.31668071520397634,-15.217556732163306,4.4388156747481835,-0.0031718320973022074,-0.0714056960406606,1.0841533182583019,-0.3000850192124958,-1.7507505540031594,0.9842333115435032,0.8056586769164658,0.43376391030456435,0.19273332949801555,0.9378938959812222
2009-07-01,85.6853,1.193628313567463,-13.814305859822129,4.450681282302925,0.011865607554741864,0.26731471690171205,1.1129042944439775,0.4887297412454052,-1.6194146441387895,0.9956547573663939,0.8157125122352997,0.4844494849819389,0.20739566982928934,0.9414435225363794
2009-08-01,86.6393,1.1133765068220614,-11.456211656520088,4.461753523251048,0.011072240948122314,0.24877631638438036,1.1400423485462183,0.4468152664536586,-1.398711095086393,1.0063125344371038,0.8252023300785447,0.48175625540686506,0.2320350129599537,0.9447558114615973
2009-09-01,87.3821,0.8573476470839392,-6.600746492000653,4.4702904561939905,0.008536932942942776,0.19133582566708274,1.161172481237145,0.3130947232950706,-0.9442685233650726,1.0145299069274407,0.8325912574307064,0.4731639940599434,0.2827689794317158,0.9473096565752219
2009-10-01,87.5809,0.22750654882408572,-7.320327835891582,4.472562937639245,0.002272481445254826,0.05083520785782447,1.1668276648383247,-0.015863089699354904,-1.0116170441350376,1.0167173232557458,0.8345688001846238,0.45202669208228263,0.2752501909042151,0.9479894751556835
2009-11-01,87.9388,0.40865074462581585,-5.707487639620556,4.47664111799206,0.004078180352815153,0.09118217920411897,1.1770087021163036,0.07874616754378962,-0.8606648239595547,1.020642846305515,0.8381289739855643,0.45810584375838054,0.29210249602213745,0.949209473138112
2009-12-01,88.2404,0.34296578984474024,-2.633001789761502,4.480064908026541,0.003423790034480234,0.0764812265320991,1.185588195949884,0.04443977005540957,-0.5729112907779317,1.0239384746336355,0.8411291092701793,0.4559014739126646,0.32422729905119885,0.9502337085992635
2010-01-01,89.1897,1.075811079732203,0.9262067279837805,4.490765562066674,0.010700654040133095,0.2388504242642142,1.212592551043445,0.4271953325150462,-0.2397906077348516,1.0342385742977303,0.8505721743420791,0.4804955695314722,0.361416890467652,0.9534348363597401
2010-02-01,89.5046,0.3530676748548345,1.8915565269856272,4.494290020608092,0.0035244585414178076,0.07848235434930739,1.2215503846249913,0.04971585319641597,-0.1494396258197175,1.0376311028387353,0.8537046100222025,0.4562404905227142,0.3715036736442602,0.9544891870597317
2010-03-01,90.1356,0.7049916987506899,4.240484150949064,4.5013152031134895,0.007025182505397964,0.15631351054747888,1.2395001877051945,0.23352119324301943,0.07040598609434619,1.0443933137926324,0.8599814182602398,0.46805096841441124,0.39604723667702096,0.9565907882007555
2010-04-01,90.4607,0.36067879949766013,5.44397210407237,4.504915502246598,0.003600299133108109,0.07998327090308344,1.2487481765821742,0.053691044596039336,0.18304527850436875,1.0478588440071863,0.8632153174015804,0.45649591786845184,0.408622286727652,0.9576678268058527
2010-05-01,91.7014,1.3715348211986056,7.955631736823032,4.51853764632145,0.013622144074852294,0.3023840084915852,1.2840418702138827,0.5816479960711193,0.41812163558267307,1.060971074445008,0.8755570542968781,0.4904199806926507,0.4348662100756351,0.9617429257102446
2010-06-01,91.9033,0.22017112061538668,8.537034718794079,4.520736937313243,0.00219929099179339,0.04867262738386113,1.2897852382675958,-0.019694288437541566,0.47253748604826223,1.0630880400361633,0.8775654339850869,0.45178051703652733,0.44094119535396553,0.9624008491811643
2010-07-01,92.2549,0.3825760337224038,7.667126099809418,4.524555398041169,0.0038184607279259097,0.08446544846281157,1.2997870619807488,0.06512768520444007,0.3911192291811968,1.066763565467932,0.8810629391776288,0.45723078330286504,0.4318516615577874,0.9635431513799467
2010-08-01,92.5936,0.3671349706085847,6.872516283026275,4.528220024792776,0.0036646267516067255,0.08099418460414398,1.3094219245849714,0.057063018788951266,0.3167484909679656,1.070291015344518,0.8844321229339254,0.45671258527673647,0.42354891270945977,0.9646394337550573
2010-09-01,92.8533,0.28047294845432447,6.261236569045625,4.531020828362618,0.0028008035698423583,0.06185219698926492,1.3168095059794707,0.011800571869715313,0.2595363566306916,1.0729869772736422,0.8870154622356977,0.4538042305546799,0.4171617503134482,0.9654773012373101
2010-10-01,92.6033,-0.2692419117037326,5.734583682058547,4.528324778166174,-0.002696050196444588,-0.05950204818234717,1.3096978565816089,-0.27530834920219077,0.210244788416845,1.0703918475162806,0.8845286126960633,0.43535594410136474,0.41165883988049823,0.9646707709920458
2010-11-01,92.6686,0.07051584554760293,5.378513238752403,4.529029688114244,0.0007049099480704868,0.015566682660872466,1.3115554194043302,-0.09785729197191301,0.17691871923763994,1.0710703707815041,0.8851781777958156,0.44675812527708625,0.4079383176812483,0.9648816465885225
2010-12-01,93.5916,0.9960223851444905,6.064342410052537,4.538940635866606,0.009910947752361565,0.21883159164028942,1.3378116289812358,0.3855227351793524,0.24110823801837702,1.0806103249966474,0.894359626296146,0.4778178818788827,0.41510443524220936,0.9678465317127148
2011-01-01,93.3889,-0.21657926566058805,4.708166974437633,4.536772494489243,-0.0021681413773624314,-0.04776756409259342,1.3320455036494496,-0.24780333418060022,0.1141783081797975,1.0785233430057408,0.8923432886894105,0.4371232886830887,0.40093397849934365,0.9671979267278529
2011-02-01,93.0045,-0.4116120866612727,3.9103018168898496,4.532647879079413,-0.0041246154098306675,-0.0909151916883788,1.321110631535297,-0.3496664397095586,0.039502889492340466,1.0745531230885301,0.8885195088372685,0.4305780383899017,0.39259721512437196,0.9659640375805
2011-03-01,93.9684,1.0364014644452801,4.252259928374591,4.542958555539365,0.010310676459952539,0.22747578755326625,1.3485303069536931,0.40661220306929324,0.071508128607154,1.0844778430863393,0.898107805922283,0.47917299318412904,0.39617027986172987,0.9690485025600665
2011-04-01,93.6571,-0.3312815797651192,3.5334681248321065,4.539640240218161,-0.0033183153212039684,-0.07304304630201264,1.3396748811234755,-0.3077108608527626,0.004233504103410357,1.0812837412681604,0.8950111808755302,0.43327390912138264,0.38865974111302665,0.9680558201265552
2011-05-01,93.7723,0.12300188666956036,2.258307942953963,4.540869503231397,0.0012292630132355598,0.02707842357958512,1.3429519291660104,-0.07044451540347878,-0.1151138813219538,1.0824669896473924,0.8961571211433937,0.44851954304399894,0.3753357995911571,0.9684235572706436
2011-06-01,94.0493,0.29539640170925807,2.335063049966646,4.543819112869794,0.002949609638396744,0.06495693470816022,1.3508316366988413,0.01959489738869267,-0.10793006122610085,1.0853061874320993,0.8989125504333086,0.45430505772977303,0.37613780123132395,0.9693059404652248
2011-07-01,94.4958,0.474751008247809,2.4290308699050023,4.548555389067569,0.004736276197775169,0.1042355798090755,1.3635330425234224,0.11326947543767185,-0.09913523389135276,1.0898651720222747,0.9033540637110957,0.4603241512598142,0.3771196557117173,0.970722809486606
2011-08-01,95.0974,0.6366420518160387,2.7040745796685695,4.554901629535128,0.006346240467559383,0.1395221103124955,1.3806465156344367,0.19782306170367725,-0.07339278356669908,1.0959738555721783,0.9093384184432719,0.4657571721992774,0.3799935427393457,0.9726213033972748
2011-09-01,95.0244,-0.07676340257462,2.3382044579998817,4.554133700727517,-0.0007679288076110069,-0.016859393902857178,1.3785699140102612,-0.17477932753867012,-0.10763604417581252,1.095234672413499,0.9086122583776988,0.44181547235843227,0.37617062529337203,0.972391575549342
2011-10-01,95.6891,0.699504548305474,3.3322786552962835,4.561104394375429,0.0069706936479114745,0.15306299959525482,1.397478367429296,0.23065532593931914,-0.014596629949905779,1.1019444341749833,0.9152242939336787,0.467866821085382,0.3865575450399317,0.9744768762106304
2011-11-01,95.6778,-0.01180907752292848,3.247270380689904,4.560986296626934,-0.00011809774849425025,-0.0025892358140211513,1.3971569208765129,-0.1408545284543176,-0.022552897294177598,1.1018307571441184,0.9151118883344873,0.44399532246215845,0.3856693073927506,0.9744415469700309
2011-12-01,96.1809,0.525827307902138,2.7665944379623664,4.566230793260508,0.005244496633573625,0.11498602040203032,1.4114684041247696,0.13994596237470566,-0.06754129782352053,1.1068789381068163,0.9201164243480474,0.462038258473011,0.38064680257893324,0.9760104514220854
2012-01-01,96.7595,0.6015747409308991,3.609208374871109,4.57222851830392,0.0059977250434117835,0.13134958163445454,1.4279276054911811,0.1795078613646675,0.01132233964115781,1.1126521521060055,0.9258719889225774,0.464580322448171,0.38945113867759384,0.9778046860608434
2012-02-01,97.0662,0.31697146016669286,4.367208038320736,4.5753932199505565,0.003164701646636736,0.06921573657063806,1.4366521769724778,0.03086326978451322,0.08226658591833959,1.1156983904242643,0.9289228559378009,0.4550291110299791,0.3973713539830344,0.9787514145745099
2012-03-01,96.5609,-0.5205725576977294,2.7589061854836228,4.5701738973755,-0.005219322575056751,-0.1140737489468302,1.4222781112095197,-0.4065750764340032,-0.06826087238746015,1.1106744411870946,0.9238964356482918,0.42692135357481276,0.3805664692781543,0.9771900410058257
2012-04-01,97.251,0.714678508588884,3.83729583768877,4.577295265222038,0.007121367846537829,0.15582268873024496,1.4419091082073776,0.23858048802081203,0.03266996539237826,1.1175292370050804,0.9307611351174987,0.468376055210614,0.3918343875114604,0.9793204162352855
2012-05-01,97.4595,0.21439368232718525,3.932078023040919,4.5794369070923295,0.002141641870291977,0.0467883705594474,1.4478402238051942,-0.02271176930572857,0.0415410124713579,1.1195907114370238,0.9328351676335538,0.4515866277236634,0.3928247511637249,0.979961093825485
2012-06-01,97.4768,0.01775096322060854,3.6443652424845263,4.579614400971565,0.0001774938792351577,0.0038758887355827554,1.448332349943526,-0.125415703674725,0.01461281270410041,1.1197615612410667,0.9330072576216965,0.44498734967250464,0.38981848707415634,0.9800141915690438
2012-07-01,97.6714,0.19963724701672625,3.3605726392072377,4.581608783338431,0.001994382366865999,0.04354913301092278,1.453868057834822,-0.030418863524784432,-0.01194848185758839,1.1216812884904468,0.9349430213033479,0.4510914056269589,0.386853184279933,0.9806108161057904
2012-08-01,97.2734,-0.4074887838200425,2.288180328799738,4.577525570521517,-0.004083212816913928,-0.0891218131011784,1.4425463119934256,-0.34751289226924026,-0.11231800422527419,1.1177509213552994,0.9309839568362499,0.4307164153512356,0.3756479312964787,0.9793893126489798
2012-09-01,97.2217,-0.053149165136612275,2.312353458690608,4.576993937578397,-0.0005316329431197531,-0.01161398084902343,1.441075622897948,-0.1624459184858153,-0.11005554348424493,1.117239188868826,0.9304696763514535,0.44260795997011465,0.3759005124024791,0.9792302733074384
2012-10-01,97.5311,0.3182417094126144,1.9249841413494284,4.58017130150127,0.0031773639228731554,0.06942032185768277,1.4498770001927417,0.031526704442954294,-0.14631100054422388,1.1202976154801292,0.933547401341705,0.45507174026133945,0.3718529533546279,0.9801807897731142
2012-11-01,97.9084,0.38685096343629155,2.3313663148609054,4.584032347694309,0.0038610461930383977,0.08429916566161655,1.4606099014639948,0.06736042538806845,-0.10827605357729743,1.1240141322880564,0.9373005546669213,0.45737424882225614,0.37609917464693826,0.9813358315216524
2012-12-01,98.1884,0.28598159095645226,2.0872127418229747,4.58688808211005,0.0028557344157418285,0.062297431587232666,1.4685749487896,0.014677664195183848,-0.13112737139481245,1.1267629688531866,0.9400858261513119,0.45398909915149926,0.37354805363818655,0.9821901317055939
2013-01-01,98.1736,-0.015073063620563154,1.461458564792073,4.58673734011284,-0.00015074199720999104,-0.003286367456789563,1.4681539391452463,-0.14255926593697568,-0.18969422911902528,1.1266178695359856,0.9399386046585654,0.44388578394524175,0.36700964992992047,0.9821450368553045
2013-02-01,98.6434,0.47854005557503854,1.6248704492398014,4.591511327037399,0.004773986924558216,0.10408241350137182,1.4815181506937083,0.11524844557083956,-0.1743998516490959,1.131213153238609,0.9446118923134464,0.460451310693812,0.36871711415543695,0.9835731871361229
2013-03-01,99.047,0.4091505361737191,2.5746446025254555,4.595594484952409,0.00408315791501046,0.0889284077546959,1.4929991974816164,0.07900720216824583,-0.08550665724878326,1.1351434675269794,0.9486266622102323,0.45812261663157516,0.3786411499410607,0.98479467416889
2013-04-01,98.9445,-0.10348622371196825,1.7413702686861932,4.594559086875653,-0.0010353980767563442,-0.0225302315107756,1.4900834212284932,-0.18873630942294298,-0.1634961635861773,1.1341468271961543,0.9476070538989823,0.44091866149354,0.36993440183715065,0.9844849322116023
2013-05-01,99.0383,0.09480062054989524,1.6199549556482395,4.595506644007063,0.0009475571314103703,0.020623461653079822,1.492751712082571,-0.08517366987121629,-0.17485991252345914,1.1350589147054173,0.9485401198462531,0.44757311595346666,0.36866575296168586,0.9847683963275918
2013-06-01,99.2221,0.18558476872077012,1.7904773238350158,4.59736077173661,0.0018541277295467395,0.0403465357179833,1.4979801967198787,-0.037758290151851226,-0.15890003619666065,1.1368436374272872,0.9503684516277922,0.45061980814293184,0.3704475134763099,0.9853230633343244
2013-07-01,98.8987,-0.32593545188016604,1.256560262267148,4.59409609395178,-0.0032646777848297504,-0.0710119989908109,1.488780567058805,-0.3049186477979436,-0.20887148781324477,1.1337011653476567,0.9471514630633212,0.4334533237702959,0.36486870086362244,0.9843464267056814
2013-08-01,99.4897,0.5975811613297077,2.2784234950150806,4.600054121218292,0.005958027266512289,0.12968878196422118,1.5055925062353501,0.17742206668525287,-0.113231185658303,1.1394361675649332,0.9530303753750169,0.46444629896473133,0.3755459837257869,0.9861287856539268
2013-09-01,100.021,0.5340251302396126,2.879295465929932,4.605380163941178,0.005326042722885838,0.11578217522092427,1.5207061835356859,0.14422757834880315,-0.05699315397945157,1.1445628421266187,0.9583154280166479,0.4623133752394227,0.38182439730580336,0.9877220848251523
2013-10-01,99.9037,-0.11727537217184336,2.432659941290538,4.60420672200569,-0.0011734419354878511,-0.025479806090178414,1.5173693976382092,-0.19593820230187436,-0.09879557446068596,1.1434333252914588,0.9571485982126515,0.4404559012897101,0.3771575752888863,0.987371046697865
2013-11-01,100.1582,0.2547453197428995,2.2978620833350227,4.606750935944297,0.0025442139386067097,0.05525846453520167,1.5246090567252322,-0.0016366339554136885,-0.11141184976206434,1.1458823024321216,0.9596802110439993,0.4529408180864478,0.3757490943762945,0.9881321547420014
2013-12-01,100.374,0.21545914363476637,2.2259248546671495,4.608903209577199,0.0021522736329018244,0.04671999122221049,1.5307478324854666,-0.022155292723713815,-0.11814474518827807,1.147954010651091,0.9618268595666117,0.4516223843255526,0.3749974339640281,0.9887760128509155
2014-01-01,99.9899,-0.3826688186183591,1.8500900445741042,4.605069180887248,-0.0038340286899511966,-0.08318744212254536,1.519821494350592,-0.33454974728886144,-0.15332064118463662,1.1442635000081545,0.9580060639339175,0.4315493668702655,0.37107039710800965,0.9876290534568601
2014-02-01,100.7471,0.7572764849249847,2.132631275888719,4.612613416293415,0.007544235406167665,0.1638245835150265,1.5413612580468357,0.26082885697010316,-0.12687646757297605,1.1515253343111305,0.9655382338195622,0.46980563211809284,0.37402262451994805,0.9898859305878915
2014-03-01,101.7435,0.989011098086201,2.722444899896015,4.622454940218276,0.009841523924860596,0.2133611260396684,1.5697054478869534,0.3818608311477748,-0.07167343119063672,1.1609984634201036,0.975449821344729,0.47758258492507555,0.38018549123015255,0.9928300473982388
2014-04-01,101.8273,0.08236398393999256,2.91355254713499,4.623278241052517,0.0008233008342406478,0.01781090015777753,1.5720892727651166,-0.09166916340363757,-0.05378689555621078,1.1617909458809332,0.9762834133104145,0.447155745692402,0.3821823439804038,0.9930763399281932
2014-05-01,102.2392,0.40450841768366885,3.231981970611364,4.627315165872477,0.004036924819960319,0.08731736680078761,1.5838064263130338,0.07658268406301749,-0.023983801266960914,1.165676757703846,0.9803807466119161,0.457966828353212,0.3855095612802671,0.9942839962134694
2014-06-01,102.5774,0.33079288570332377,3.3816055092565023,4.630617635568546,0.003302469696069288,0.07136902453557248,1.5934270656184613,0.0380820205607917,-0.009979930702960932,1.1688556070414275,0.9837449566691336,0.455492954444035,0.3870729533211531,0.9952719383880851
2014-07-01,102.7954,0.21252244646481344,3.9400922357927914,4.6327406049381725,0.002122969369626304,0.04584635434632389,1.5996284238933967,-0.023689091456638146,0.04229109497218521,1.170899107934827,0.9859134894676949,0.4515238295391632,0.39290849037042785,0.9959070300524138
2014-08-01,102.6322,-0.15876196794798458,3.158618429847504,4.631151723655094,-0.001588881283078436,-0.03429678927814317,1.5949859391664725,-0.21760611164092594,-0.030850190995989114,1.169369702768681,0.9842900740882214,0.4390636220221802,0.38474299756469116,0.9954317121920019
2014-09-01,102.9417,0.30156227772570876,2.9200867817758214,4.634162808562698,0.0030110849076034896,0.06501805786718329,1.6037901611210255,0.02281525422975987,-0.05317533017703585,1.1722680746372645,0.9873687938182889,0.4545119829108649,0.38225061913632685,0.996332485869081
2014-10-01,102.9611,0.01884561844229804,3.0603471142710337,4.634351246991484,0.00018843842878624173,0.004066288487702963,1.6043420251142997,-0.1248439794911098,-0.040047799847834034,1.1724494593068149,0.9875617733425646,0.4450240860144903,0.3837161765577103,0.9963888577023601
2014-11-01,103.5978,0.6183888866766241,3.4341671475725644,4.64051609407867,0.0061648470871862315,0.13302502893342005,1.6224539738007742,0.18828967097849683,-0.005060474939014315,1.1783835395203952,0.9938952817501056,0.4651446007671084,0.38762216133844346,0.9982330873238272
2014-12-01,103.6151,0.016699196314973186,3.2290234522884376,4.640683072100214,0.0001669780215438621,0.0035982640326670534,1.6229460999391059,-0.12596502784873273,-0.024260700931483248,1.1785442671036965,0.9940673717382481,0.4449520526511513,0.38547864820308175,0.9982830392219214
2015-01-01,102.7923,-0.794092752890263,2.802683070990164,4.63271044749198,-0.007972624608234113,-0.1717985150971768,1.599540239440863,-0.5494311165827561,-0.06416361707669913,1.1708700793632805,0.9858826525334033,0.41774208760003506,0.38102388684089505,0.9958980083759975
2015-02-01,102.1366,-0.6378882464931679,1.3791960264861292,4.6263111330210425,-0.006399314470937334,-0.13813327086742433,1.5808878054001514,-0.46784753471388546,-0.19739351192662355,1.1647103085132626,0.9793601435608502,0.42298426984426934,0.3661501020351496,0.9939836372427837
2015-03-01,101.7869,-0.3423846104138928,0.04265628762525342,4.622881412142449,-0.003429720878593834,-0.07413511067411171,1.5709400302224223,-0.31350982933849925,-0.3224856576954818,1.1614089713485387,0.9758815384248096,0.4329012943264149,0.3521848154967884,0.992957627554593
2015-04-01,101.2255,-0.5515444521839274,-0.5910006452100713,4.617350701397258,-0.005530710745190959,-0.11963773785466092,1.5549701103345839,-0.4227512940587705,-0.38179216621519224,1.1560852900412943,0.9702970690986066,0.4258819449233549,0.3455638371773509,0.9913031014260782
2015-05-01,100.7675,-0.4524551619898176,-1.4394674449721867,4.612815883013639,-0.004534818383618244,-0.09821256120411404,1.5419415686377012,-0.3709982466893908,-0.4612035967247996,1.1517202221552891,0.9657411607419963,0.42920735549972355,0.33669834546584876,0.9899464990200875
2015-06-01,100.4588,-0.3063487731659542,-2.0653672251392585,4.609747693197798,-0.003068189815841116,-0.06651446521287463,1.5331601039612213,-0.294688780278258,-0.5197840820338905,1.1487668829693856,0.9626703989304557,0.4341106475681007,0.3301584203740739,0.9890286422650644
2015-07-01,101.0893,0.6276204772503791,-1.6597046171326846,4.616004284619289,0.006256591421490931,0.1357252465405745,1.5510956837426286,0.19311121065571477,-0.48181648210529915,1.1547892732790974,0.9689422334694137,0.465454410524253,0.33439712304335567,0.9909003174365238
2015-08-01,100.9165,-0.17093797266376498,-1.6716975763941488,4.614293442236065,-0.001710842383224609,-0.03706327545937027,1.5461801116788267,-0.22396548052520354,-0.48293895154224514,1.153142472346119,0.9672233230676184,0.4386549984990885,0.33427181056093597,0.9903885146040802
2015-09-01,100.633,-0.2809253194472672,-2.2427257369948217,4.611480235684113,-0.002813206551951275,-0.06096722254811393,1.5381155012616514,-0.28141044109529495,-0.536383780623693,1.1504345717119984,0.964403235689673,0.43496385200339666,0.32830523010515505,0.9895469367383132
2015-10-01,100.1563,-0.4737014696968078,-2.724135620151691,4.606731965774888,-0.004748269909224945,-0.10296628558618126,1.5245550081898087,-0.3820949168444631,-0.5814408735985368,1.1458640423673798,0.9596613109874981,0.42849433498843315,0.3232750564670598,0.988126479767772
2015-11-01,99.4366,-0.7185768643610091,-4.016687613057424,4.599520255145669,-0.007211710629219326,-0.15654721574421826,1.5040819919032442,-0.5099901502730834,-0.7024160287766372,1.1389222855410237,0.9525021685327986,0.4202763810025524,0.3097693907380011,0.9859690782660381
2015-12-01,98.9471,-0.49227346872278144,-4.505134869338534,4.5945853638879175,-0.004934891257751595,-0.10729143441059463,1.490157382382231,-0.3917948303613774,-0.7481317778909818,1.1341721205888935,0.9476329171341944,0.4278710635746981,0.3046656847317316,0.98449279304638
2016-01-01,99.4391,0.4972353914364236,-3.2621120453574792,4.5995453964776685,0.004960032589750973,0.10795386736603962,1.5041531083972226,0.12501277631259147,-0.6317922574334899,1.1389464857650764,0.9525270370281949,0.4610787212593779,0.3176538282233823,0.9859765993591878
2016-02-01,98.9232,-0.5188100053198363,-3.1461787449357126,4.594343791503217,-0.005201604974451435,-0.11308954529364312,1.4894775086997951,-0.4056545182533419,-0.6209415921714267,1.1339395909108778,0.9473951743182053,0.42698050437009416,0.31886519643986927,0.9844205260556028
2016-03-01,98.1635,-0.7679694955278427,-3.559790110515204,4.586634455838713,-0.00770933566450438,-0.16780058294205702,1.467866628509573,-0.5357872790593322,-0.6596531483866004,1.12651883649806,0.9398381359371643,0.41861877726197544,0.3145434384944127,0.982114258764097
2016-04-01,98.4775,0.3198744951025567,-2.7147309719388835,4.589828095688821,0.003193639850108454,0.06962926478788489,1.4767988601532875,0.032379487170432666,-0.5805606546338962,1.1295929297846918,0.9429616189589451,0.4551265361206259,0.3233733241079429,0.9830696442146315
2016-05-01,98.2549,-0.22604148155670467,-2.4934626739772203,4.587565122279302,-0.002262973409519198,-0.04930409946387604,1.4704666475294312,-0.25274532646384024,-0.559851262030098,1.1274146655806698,0.9407473281288546,0.43680573920064525,0.3256853205963704,0.9823926699871438
2016-06-01,98.7315,0.4850648669939117,-1.7194113407685507,4.5924040444584175,0.0048389221791156345,0.105479095122063,1.4840242959415149,0.11865626970375767,-0.48740467522764086,1.132072453835926,0.9454882580912136,0.4606702816528191,0.3337732571906633,0.9838402458138417
2016-07-01,98.8452,0.1151608149374983,-2.21991842855771,4.593554990015776,0.001150945557358618,0.025061940243431557,1.4872586740876625,-0.074539805176785,-0.5342491526222524,1.1331803163931378,0.9466192772618395,0.44825639873428813,0.32854353996473656,0.9841845540926291
2016-08-01,98.7427,-0.10369749871517175,-2.154058057899355,4.592517476998081,-0.0010375130176951686,-0.022586276205471822,1.484342897834539,-0.18884665560896707,-0.5280850148512292,1.132181640289324,0.9455996689505892,0.4409115711598743,0.3292317042751749,0.9838741794454026
2016-09-01,98.6552,-0.0886141456533096,-1.9653592757842842,4.591630942686106,-0.0008865343119746072,-0.019303885427002232,1.4818538205452871,-0.18096881650071972,-0.5104239346211248,1.1313282913505835,0.9447292716117172,0.4414177645305278,0.33120338718519654,0.9836089704604158
2016-10-01,98.7237,0.06943374500278932,-1.4303643405357502,4.59232503919541,0.0006940965093038542,0.015116557013561405,1.4838024124803013,-0.09842245901110025,-0.46035160045861867,1.1319964059532532,0.945410668385577,0.44672181026676205,0.33679346232481455,0.9838166111892955
2016-11-01,98.3443,-0.38430488322458434,-1.0984888863858955,4.588474586876941,-0.003850452318468811,-0.08384537866125141,1.4730097733541065,-0.33540424255166407,-0.429290037917274,1.1282900864625636,0.9416366255242279,0.43149446097140903,0.340261175014152,0.9826647386251687
2016-12-01,99.0406,0.7080227323800203,0.09449493719371205,4.595529867076255,0.007055280199313785,0.15376090824370525,1.492817139257031,0.23510426268159984,-0.31763386936496407,1.1350812684724196,0.9485629988620177,0.468152689107622,0.35272646912214345,0.9847753435675638
2017-01-01,98.8158,-0.22697762331811422,-0.6268158098776011,4.5932575109964775,-0.0022723560797777154,-0.04944709631978794,1.4864223441184736,-0.2532342611290071,-0.38514425195500324,1.1328939728168235,0.9463268237559783,0.4367743225287903,0.34518961034184587,0.9840955624905022
2017-02-01,98.4356,-0.38475628391411165,-0.4929076293528678,4.5894025272463725,-0.0038549837501049566,-0.08392701129592561,1.4756069477142055,-0.3356400032602322,-0.37261124515333555,1.12918329151822,0.9425448229761023,0.43147931208272294,0.3465887951595396,0.9829423343371235
2017-03-01,99.0492,0.6233517142172129,0.9022701920774923,4.5956166963830185,0.006214169136645964,0.1354025736411968,1.4930617799963175,0.1908816912492145,-0.2420309246904424,1.1351648475237628,0.948648546486181,0.4653111519570487,0.361166781493749,0.9848013187746175
2017-04-01,100.0416,1.001926315406898,1.588281587164575,4.605586099484081,0.009969403101062646,0.2169328679850313,1.5212921834460698,0.3886062811603292,-0.177824350850393,1.1447610689460566,0.9585203444187138,0.4780160162292075,0.3683348030814477,0.9877836909644391
2017-05-01,100.128,0.08636407254580813,1.9063680284647333,4.606449367486472,0.0008632680023907824,0.018743933643694533,1.5237499694779708,-0.08957996915577328,-0.1480533576466072,1.145592022496008,0.9593797996196115,0.44728998761632877,0.3716584366162878,0.988041939773981
2017-06-01,100.337,0.20873282198785592,1.6261274264039338,4.608534520263517,0.0020851527770453515,0.04526594369544945,1.5296953083745832,-0.025668363027601542,-0.1742822060856518,1.147599122374004,0.9614588058347459,0.4513966507361719,0.3687302481055612,0.9886657185088509
2017-07-01,100.0865,-0.2496586503483278,1.255802001513473,4.60603481209119,-0.002499708172327253,-0.05424084730918377,1.5225694356779258,-0.26508026652455896,-0.20894245649600937,1.1451929850286084,0.9589669825960322,0.43601315321350476,0.36486077792022764,0.9879179244774285
2017-08-01,99.6323,-0.4538074565500816,0.9009273596934264,4.60148640920634,-0.0045484028848497005,-0.09874877352011868,1.5096489910518904,-0.37170453254831254,-0.24215660579026055,1.1408148411459356,0.9544488743524244,0.42916197284914387,0.36115275045638345,0.9865572582334852
2017-09-01,99.7482,0.11632773708927235,1.107899026103043,4.602649010494376,0.0011626012880352476,0.02526577685222353,1.512945951712739,-0.07393033691559515,-0.22278529260611116,1.1419339231283505,0.9556017777989989,0.4482955603354834,0.36331536376498275,0.9869050533536281
2017-10-01,100.9893,1.244232978640225,2.2948896769468874,4.615014570635099,0.012365560140723098,0.26866181002567213,1.5482510239834841,0.5151598995752499,-0.11169004926663412,1.1538366069618913,0.9679474936535599,0.4861477642623425,0.3757180361849726,0.9906042419912434
2017-11-01,101.2493,0.2574530172998468,2.953907852310711,4.617585792382503,0.0025712217474040955,0.0557142714947112,1.5556471393572606,-0.00022243874166112494,-0.05000987975128563,1.1563115809361382,0.9705338171747798,0.45303168770591773,0.38260401000628813,0.9913734294897913
2017-12-01,101.4871,0.2348658212945498,2.4701990900701354,4.619931696808708,0.002345904426205081,0.05080369984842292,1.5624117402645064,-0.012019437413401406,-0.09528213409326487,1.15856967182495,0.97289930845688,0.45227366733520574,0.3775498157542241,0.9920752127409819
2018-01-01,101.4852,-0.0018721591216963596,2.7013898587068264,4.619912975042239,-1.8721766468665635e-05,-0.00040523903159783714,1.562357691729083,-0.13566460522732493,-0.07364405743168817,1.1585516508647553,0.9728804084003788,0.44432880283610443,0.37996549052629425,0.9920696120771213
2018-02-01,101.7319,0.2430896327740406,3.3486868571939388,4.622340921521053,0.002427946478813503,0.05255394402297053,1.5693754673548925,-0.007724247648481324,-0.01306092014352493,1.1608887127506058,0.97533443152609,0.45254965629040356,0.38672899167516256,0.9927959384161592
2018-03-01,102.1943,0.45452802906462697,3.1752906636297817,4.626875903220103,0.004534981699050533,0.09811006535533906,1.5825291740811778,0.10270727645968973,-0.029289769380420324,1.1652539378387055,0.9799341084345978,0.45964547338524564,0.38491720302617827,0.9941525896783753
2018-04-01,103.3551,1.1358754842491159,3.3121221571825954,4.638170631789795,0.011294728569692047,0.24411133572506127,1.6155499845653294,0.45856618970948154,-0.016483157919793292,1.1761258742185194,0.9914810482170283,0.48251131518524115,0.38634693306665246,0.9975314363391389
2018-05-01,102.381,-0.9424788907368753,2.2501198465963546,4.628701148514456,-0.00946948327533903,-0.20416418513014012,1.587840153851501,-0.6269312662547488,-0.11588023829088943,1.1670108592729231,0.9817912876707968,0.4127622877526954,0.37525024350291447,0.9946986164314615
2018-06-01,103.2256,0.8249577558335996,2.878898113357975,4.636916884300672,0.008215735786215816,0.1774954900437331,1.6118661501772373,0.2961779044049145,-0.05703034380958354,1.1749190578834483,0.9901928601554977,0.472076997809185,0.38182024543335036,0.9971563746020705
2018-07-01,103.3561,0.1264221278442612,3.2667742402821442,4.638180307124272,0.0012634228235999245,0.027247044860301273,1.615578431162921,-0.06865816792654914,-0.020727452396259873,1.1761351873791,0.9914909956151868,0.4486343254402983,0.3858731000521756,0.9975343307399549
2018-08-01,104.0585,0.6795922059752657,4.442535201937514,4.644953240997549,0.006772933873277154,0.14602567008603629,1.6355593213111534,0.2202553685490518,0.08931675903143813,1.1826545920483318,0.9984780480817437,0.4671985681020835,0.398158435274704,0.9995604710637431
2018-09-01,104.1038,0.04353320487995305,4.366595086427627,4.6453884783168435,0.00043523731929440146,0.009370111962647698,1.6368479521820463,-0.1119499742172728,0.08220921727801216,1.1830735372594798,0.9989286652183256,0.4458525949369376,0.39736494934831046,0.9996906734102504
2018-10-01,103.9297,-0.1672369308325039,2.91159558487879,4.643714709037904,-0.0016737692789394742,-0.036030770876371854,1.6318953995413752,-0.22203247451785305,-0.05397005554816534,1.1814624216843834,0.997196823198924,0.4387792044917357,0.3821618959998028,0.9991899610908584
2018-11-01,104.0126,0.07976545684247327,2.729204053756429,4.644512045648992,0.0007973366110878288,0.0171702324765155,1.6342536224817064,-0.09302634030646018,-0.07104081471437568,1.1822299118330448,0.9980214625062669,0.4470685398049025,0.38025611653045077,0.9994284863576902
2018-12-01,104.0451,0.031246214400937333,2.5205173859534913,4.644824458986872,0.0003124133378804572,0.006726505062526478,1.6351781369034284,-0.11836730952204641,-0.09057264179725129,1.1825306306960688,0.9983447529464193,0.4454402467607561,0.37807558345098713,0.9995219455990489
2019-01-01,103.3598,-0.6586566786902948,1.847165892169489,4.638216105047899,-0.006608353938973188,-0.14227349165343295,1.6156836835740096,-0.4786946167060981,-0.1535943244042319,1.1761696452897796,0.9915278009883736,0.42228728670968807,0.3710398431147202,0.9975450397794828
2019-02-01,102.8251,-0.51731911245958,1.0745891898214843,4.633029486642152,-0.00518661840574719,-0.11182356078887068,1.6004732878418628,-0.40487584430514456,-0.22590289455577028,1.1711771760165501,0.9862089271930035,0.4270305383432512,0.362967314698657,0.9959934497458861
2019-03-01,102.8361,0.01069777709916675,0.628019370943389,4.633136458691429,0.00010697204927723192,0.0023089006790488753,1.6007862004153688,-0.12909949104198706,-0.2676991653697473,1.1712801438131628,0.9863183485727474,0.44475064659713304,0.35830117923056237,0.9960254507053837
2019-04-01,102.2748,-0.5458199990081347,-1.045231439957961,4.62766330830145,-0.005473150389978976,-0.11813056746281525,1.5848191251872894,-0.41976148662559337,-0.42430545866524333,1.1660118682216027,0.9807348739863601,0.4260740560697504,0.34081765341733167,0.994388143902929
2019-05-01,102.4176,0.1396238369568925,0.035748820581926744,4.629058572836592,0.001395264535141827,0.030150519650784524,1.5888812993233479,-0.06176308697759515,-0.3231321554008279,1.167354904237517,0.9821553624433992,0.4490773713337878,0.3521126404961434,0.9948055408227714
2019-06-01,102.5425,0.12195169580229148,-0.6617544485088889,4.630277346787821,0.0012187739512290463,0.026328764954075545,1.59243427936252,-0.07099301643314794,-0.38841430008717137,1.1685280561886575,0.9833977924734006,0.44848429891407954,0.3448245421844546,0.995170140137392
2019-07-01,102.0057,-0.5234902601360392,-1.306550847023058,4.625028694075851,-0.005248652711969726,-0.1133550394256777,1.577164145775431,-0.40809895446566335,-0.4487633961364324,1.1634758747208007,0.9780580291418977,0.4268234362466328,0.3380871693983461,0.9935999923839582
2019-08-01,102.7814,0.7604477004716337,-1.2272904183704303,4.632604402798421,0.00757570872256963,0.16379809129125622,1.5992301715271167,0.26248514160068975,-0.44134509288181534,1.1707680042089574,0.9857742258934753,0.4699120572796629,0.33891534873720414,0.995866284837312
2019-09-01,102.4601,-0.3126051989951528,-1.5789049006856737,4.629473454501211,-0.0031309482972101677,-0.06758505637387557,1.5900902797209844,-0.29795643010870126,-0.4742541106965101,1.167754255761111,0.9825781268651371,0.4339006835590547,0.33524138615023685,0.9949296537236224
2019-10-01,101.5878,-0.8513557960610929,-2.2533501010779333,4.620923449194195,-0.008550005307015773,-0.18468634480888202,1.5652763126419653,-0.5793388591847004,-0.5373781577169762,1.159524300240588,0.9739010114514448,0.4158203548979206,0.32819421785135183,0.9923718979791735
2019-11-01,102.1494,0.5528222877156486,-1.791321436056792,4.626436447531256,0.005512998337060537,0.11930512153413009,1.581251921849322,0.15404508919544765,-0.4941350311313987,1.1648309321629677,0.9794874702572794,0.4629442029116568,0.33302188029067153,0.9940211253959311
2019-12-01,101.9421,-0.20293804956270645,-2.0212388666068892,4.62440500505286,-0.0020314424783958174,-0.043909443076428634,1.5753549421686148,-0.2406787044501152,-0.5156539309447981,1.162875532062107,0.9774253746190146,0.4375810843156698,0.33061951042134574,0.9934134142329485
2020-01-01,101.3372,-0.593376043852345,-1.9568536316827312,4.618453569904855,-0.005951435148005224,-0.12869623533194874,1.5581475952855484,-0.44459939026484113,-0.5096278570778441,1.1571468752025411,0.9714081934729152,0.4244780876842124,0.3312922612782129,0.9916330273336521
2020-02-01,101.6718,0.33018476926538476,-1.1216133025885755,4.621749978467912,0.0032964085630577955,0.07137472561244973,1.5676658268396468,0.03776440925530041,-0.4314543453137086,1.1603198902916867,0.974736592896762,0.4554725462159568,0.3400195517470593,0.9926191563049749
2020-03-01,97.606,-3.9989456270076995,-5.085859926621106,4.580938966939347,-0.040811011528565366,-0.8830207544479496,1.452007650352341,-2.2232840857702545,-0.8024841786502247,1.1210365451279074,0.9342924614637794,0.3101880661470781,0.2985977829783057,0.9804104388333837
2020-04-01,84.6812,-13.241808905190243,-17.202282478186216,4.43889361716295,-0.1420453497763967,-3.100791143508752,1.0843410658024057,-7.0507113498815475,-1.9365090429683327,0.9843083363632149,0.8057243297443121,0.0,0.17199525270360913,0.937917212652025
2020-05-01,86.0108,1.570124183407895,-16.019512271328352,4.454472869764174,0.015579252601223281,0.35097152454806047,1.1221636619599937,0.6853686368117994,-1.8258088080067985,0.9993044154704234,0.8189503903359038,0.49708458757550766,0.18435382639022832,0.9425777855293661
2020-06-01,91.6745,6.584870737163229,-10.598532315869036,4.518244259892884,0.06377139012871069,1.4316259632329187,1.2832766567386724,3.3045055327723345,-1.318437425711548,1.0606886702627043,0.8752894692864134,0.6653781659733219,0.24099676501413003,0.9616551584170019
2020-07-01,95.0037,3.6315442134944753,-6.8643222878721595,4.553915838210533,0.03567157831764867,0.7895008827719874,1.3779810694401182,1.762021504707715,-0.9689376453669388,1.0950249650788264,0.9084063472358169,0.5662653028370603,0.2800149187727642,0.9723264014255483
2020-08-01,95.9294,0.9743831029738859,-6.666575859056212,4.563612504249679,0.009696666039146429,0.21293028645335,1.404314084830521,0.37422081957353,-0.9504297593838417,1.104358658723912,0.9176146537111753,0.4770916732477159,0.2820811390728849,0.9752271836324643
2020-09-01,95.8914,-0.039612465000293806,-6.410983397439585,4.563216301121582,-0.0003962031280977385,-0.008681787240449879,1.403233114122046,-0.15537587608256853,-0.9265078298397051,1.103977286548779,0.917236652581151,0.44306224807445227,0.28475178316953065,0.9751086584631257
2020-10-01,96.5256,0.6613731784080645,-4.983078676770248,4.569808258137197,0.006591957015615435,0.14445857002209905,1.4212739463145416,0.21073980743379572,-0.7928644668565394,1.1103224888128287,0.9235452924932954,0.4665871423178798,0.2996717275556375,0.9770806591015365
2020-11-01,96.9529,0.4426804909785531,-5.087156654860426,4.574225293567237,0.00441703543004035,0.09665690944855587,1.433429177465367,0.09651946142359456,-0.8026055446771517,1.1145741826792614,0.9277958157264385,0.4592478731160523,0.29858423367565645,0.9784020264386245
2020-12-01,98.2039,1.2903172571423926,-3.666983513190325,4.587045929439423,0.012820635872185626,0.28027993921102556,1.4690158710522674,0.5392291187979761,-0.669685811361758,1.1269149075307807,0.9402400108227692,0.4876943405556556,0.31342339204921243,0.9822373521339973
2021-01-01,98.8135,0.6207492777781765,-2.490398392692905,4.5932342350955855,0.006188305656162463,0.1349082994012818,1.4863569169440136,0.18952247254816804,-0.559564463583371,1.1328715681957544,0.9463039447402138,0.4652238148730738,0.32571733877355236,0.9840885994457934
2021-02-01,95.5072,-3.3460002934821764,-6.063234839945797,4.559201637314957,-0.03403259778062839,-0.7409288540217496,1.392303931327412,-1.8822592312237587,-0.8939606395242129,1.1001129024493606,0.9134148622086407,0.3321007401973499,0.2883853513362667,0.9739076616163753
2021-03-01,98.1929,2.812039301748981,0.6012950023564168,4.586933911320884,0.027732274005926705,0.6082703993381289,1.4687029584787612,1.3340047489723408,-0.27020040683205615,1.1268070825529044,0.9401305894430252,0.5387629330495078,0.35802194064601267,0.9822038416300984
2021-04-01,98.3317,0.14135441564513407,16.11987076234158,4.588346457364268,0.0014125460433840331,0.030794994449290236,1.4726513462244541,-0.06085922823914263,1.1822457005673774,1.1281667531835415,0.9415112883074302,0.44913544910043485,0.5201730169321322,0.982626408356905
2021-05-01,99.1867,0.8695059680652317,15.318890185883639,4.59700393272165,0.00865747535738226,0.18868399406690717,1.4969731871651417,0.3194448561948455,1.107278697256501,1.136500155860241,0.95001631373298,0.47357202412154614,0.5118037010512362,0.9852163140391388
2021-06-01,99.6483,0.46538497600989714,8.697947629929814,4.601646986804304,0.0046430540826536415,0.10100174266991502,1.5101041366133536,0.10837771862800803,0.4875979745250497,1.1409694078907944,0.954608032722961,0.4600098296757,0.44262254821343805,0.9866052954286533
2021-07-01,100.0668,0.4199770593176222,5.3293713823777455,4.605837962975401,0.004190976171097205,0.09107556888034996,1.522009037705374,0.0846617543808462,0.17231933466100913,1.1450035045067812,0.958771018852309,0.45848595190723923,0.4074248424097356,0.9878590365658285
2021-08-01,100.0412,-0.025582910615706833,4.2862771996906135,4.605582101139396,-0.0002558618360053444,-0.005555163643666816,1.5212808048070332,-0.14804842231622822,0.0746919422554855,1.1447572202702094,0.9585163654594504,0.44353307623802934,0.3965257208017698,0.9877824948494986
2021-09-01,98.9955,-1.0452693490281995,3.237099468774063,4.595074394556046,-0.010507706583349652,-0.22815154203309485,1.491534197705657,-0.6806173855785441,-0.02350483396989738,1.1346428455185686,0.9481143712050677,0.4093126669462274,0.38556303318695545,0.9846390878094478
2021-10-01,100.3542,1.3724866281800585,3.966408911211139,4.608705927879219,0.01363153332317335,0.2966553346627654,1.5301845898531563,0.5821451124769503,0.04475417878620589,1.147764113739793,0.9616299010830728,0.4904519230851796,0.3931834690353103,0.9887169955312575
2021-11-01,101.2684,0.910973332456444,4.451130394242986,4.6177744178711055,0.009068489991886253,0.19676868374327583,1.556190469371257,0.34110272123169993,0.09012121775236162,1.1564931456633512,0.9707238124796078,0.47496365798884443,0.3982482450423511,0.9914298572824884
2021-12-01,101.1948,-0.07267815034107672,3.0456020585740484,4.6170473721339835,-0.0007270457371220118,-0.015744505281767296,1.5540967997885264,-0.1726456534358053,-0.041427849092152996,1.1557933152114344,0.9699916839751395,0.4419525723513573,0.38356210786686235,0.9912123597086477
2022-01-01,101.2146,0.019566222770350805,2.4299311328917605,4.61724301522233,0.00019564308834674193,0.0042374069958217575,1.5546600424208372,-0.12446761722379272,-0.09905097464675607,1.1559816348506828,0.9701886424586785,0.4450482693066421,0.3771290624133697,0.9912708868340836
2022-02-01,101.8458,0.6236254453408918,6.636777122562476,4.62345990470914,0.006216889486809762,0.13464505693794315,1.5726155348205584,0.19102465745456804,0.2946847119670514,1.161965809376337,0.9764674401763475,0.46532033830172814,0.4210857125303199,0.9931306850712196
2022-03-01,102.6732,0.8124046352426806,4.562753518838947,4.631551128644394,0.008091223935253744,0.1750036574776459,1.5961522496677218,0.2896215728043679,0.1005684762716138,1.169754156950705,0.9846979174127215,0.47165571837628467,0.3994145769320549,0.9955511952062293
2022-04-01,102.9024,0.2232325475391983,4.64824669969095,4.633780966183173,0.0022298375387794778,0.048144508758385385,1.6026722098356816,-0.018095344976592896,0.10857012794752807,1.1719005256491069,0.9869778610706583,0.45188325772072513,0.4003078812857973,0.9962182567540533
2022-05-01,102.9659,0.061708959169082256,3.810188261127756,4.634397865453375,0.0006168992702013654,0.013313086542154906,1.6044785687827385,-0.1024570141722787,0.030132857949915732,1.1724943327137918,0.9876095208537256,0.44646256848128474,0.3915511448490628,0.9964028037333176
2022-06-01,102.8224,-0.1393665281418488,3.185302709629756,4.633003228117247,-0.0013946373361273245,-0.030093172330403206,1.6003964820283658,-0.2074761257153979,-0.028352701606632526,1.1711519004191393,0.9861820692179754,0.439714527892414,0.3850218172678349,0.995985594441649
2022-07-01,103.0505,0.22183882111290743,2.9817082189097732,4.635219159338282,0.002215931221035028,0.04782926132205212,1.606885150938975,-0.01882327016021759,-0.047407931294443234,1.1732848833508214,0.9884510707379378,0.451836484627594,0.3828944915192121,0.9966484958792955
2022-08-01,103.1703,0.11625368144745352,3.1278113417271936,4.636381020930098,0.0011618615918154163,0.02506594730207201,1.6102930533304303,-0.07396901521404206,-0.03373355064913675,1.1744032533258435,0.9896427690373306,0.4482930750475773,0.3844210993071958,0.9969960697174406
2022-09-01,103.5326,0.35116695405557063,4.5831376173664395,4.639886538956357,0.003505518026258869,0.07560892882689796,1.6205992556378117,0.048723131446491534,0.10247630628237064,1.1777775503463177,0.9932467113901688,0.45617670283146916,0.39962756706507196,0.9980447543143467
2022-10-01,103.4442,-0.08538373420546863,3.0790938495847575,4.639032336887572,-0.0008542020687842822,-0.01840997752019513,1.6180845764107274,-0.1792816146209283,-0.038293217265386294,1.176955323367597,0.992367361392954,0.44152617629100793,0.3839120581485847,0.9977892176018068
2022-11-01,103.1058,-0.3271328890358194,1.8143863238680558,4.635755645502677,-0.0032766913848956136,-0.0706330792057841,1.608458247785782,-0.3055440536487372,-0.15666229643452703,1.173801287389392,0.989001161856105,0.433413138093578,0.37069733473234806,0.9968089870742742
2022-12-01,101.8266,-1.2406673533399748,0.6243403811263093,4.623271366644514,-0.012484278858162945,-0.26930407495214803,1.5720693601468028,-0.7826712216007814,-0.26804349686779355,1.1617843288005851,0.9762764501317035,0.40275516119694993,0.3582627380638141,0.9930742834316265
2023-01-01,102.7476,0.9044787904143092,1.5146036243782968,4.632275495439316,0.00900412879480239,0.19475665780219753,1.5982686765285257,0.33771070640052486,-0.18472016860487953,1.1704514087404627,0.9854380038357168,0.4747457028621776,0.36756495402125444,0.9957678913677253
2023-02-01,102.8003,0.05129073574465792,0.9372011413332659,4.632788271304745,0.0005127758654284165,0.0110696323207371,1.5997678122215946,-0.10789831675233356,-0.2387615962379476,1.1709449900205833,0.9859622317186716,0.4461129356370623,0.3615317693061051,0.995921289566711
2023-03-01,102.8143,0.013618637299717129,0.13742631962383456,4.632924448405219,0.00013617710047419962,0.0029394199022148015,1.6001660645878752,-0.1275739637521831,-0.3136157480978893,1.1710760696444633,0.9861014952928913,0.4448486698989851,0.3531750521606363,0.9959620272912495
2023-04-01,103.2241,0.39858268742771763,0.3126263333022461,4.636902352916029,0.0039779045108101485,0.08586163135424485,1.6118234802808504,0.07348775222897515,-0.29721807205988027,1.174905070447772,0.99017793905826,0.45776796240082457,0.35500568863286663,0.9971520275015471
2023-05-01,102.9809,-0.2356038948268857,0.01456792977092558,4.634543534140885,-0.0023588187751437673,-0.05087057254203886,1.6049052677466102,-0.25773965053224174,-0.32511456041566283,1.172634548628975,0.9877587318261036,0.4364848271206215,0.35189132481003776,0.9964463808901599
2023-06-01,102.3809,-0.5826323133707456,-0.4293811465206021,4.628700171770247,-0.005843362370637983,-0.12608280249375436,1.587837309191742,-0.4389880795828406,-0.36666554535887264,1.1670099190908871,0.981790292930981,0.4248386444598557,0.3472525730553491,0.9946983242359574
2023-07-01,103.0722,0.6752236012771862,0.021057636789723055,4.635429713538088,0.006729541767841241,0.14538729055910693,1.6075024421067092,0.21797370313965275,-0.3245071625562588,1.1734875559383626,0.988666929277978,0.46705195887480466,0.3519591347040741,0.9967114837014938
2023-08-01,103.0951,0.022217435933269414,-0.0728891938862164,4.635651863220353,0.00022214968226474952,0.004792429094879758,1.6081538691915536,-0.12308292307432342,-0.33330002542126647,1.1737013899581423,0.9888947246958085,0.44513724332467075,0.3509774995370729,0.9967779403416404
2023-09-01,103.3081,0.2066053575776161,-0.2168399132254084,4.637715785442596,0.002063922222243164,0.04452280462685643,1.6142129944785315,-0.026779510016182506,-0.3467729539422377,1.175688053998332,0.991013520503577,0.45132525358884346,0.3494733818632592,0.997395367902265
2023-10-01,102.5781,-0.7066241659656747,-0.8372629881617244,4.630624459660516,-0.007091325782080382,-0.15290557054702392,1.5934469782367755,-0.5037474113753289,-0.40484085231572225,1.1688621756892075,0.9837519198478446,0.4206775104241289,0.3429906819744542,0.9952739798324831
2023-11-01,102.8868,0.3009414290184642,-0.21240318197425223,4.633629354728054,0.0030048950675380937,0.06489178929784956,1.6022284429132547,0.02249099302562466,-0.34635770236664304,1.171754589420154,0.9868226816593851,0.45449114739117,0.34951974054711615,0.9961729018032279
2023-12-01,102.6309,-0.2487199524137229,0.7898721944953557,4.631139056984855,-0.002490297743198866,-0.05374399962866372,1.5949489585896035,-0.26458999680338147,-0.25255070669831275,1.1693575102461131,0.9842771424706154,0.4360446556698614,0.35999235308213257,0.9954279229255156
2024-01-01,101.483,-1.118474065802788,-1.230783006123748,4.6198912967694845,-0.011247760215370661,-0.24287243541967207,1.5622951092143817,-0.7188512569432066,-0.4416719782587671,1.1585307840682884,0.9728585241244301,0.4068559358613098,0.338878855255329,0.9920631269669165
2024-02-01,102.7267,1.2255254574657704,-0.07159512180411332,4.632072063671235,0.01218076690175085,0.26365916683512847,1.597674142638864,0.5053892046029815,-0.3331789079948083,1.1702555919727946,0.9852301032142032,0.4855199447608676,0.35099102108596697,0.9957070342390185
2024-03-01,102.5186,-0.20257635064689916,-0.28760590696040866,4.630044245530603,-0.0020278181406325757,-0.043777776182207795,1.5917544056800843,-0.24048979381116967,-0.35339622876631555,1.1683036805409477,0.9831600496574117,0.437593222836369,0.34873395949447616,0.9951004073058581
2024-04-01,102.3568,-0.1578250190697128,-0.8402107647342061,4.628464748591114,-0.0015794969394891112,-0.034114078737235154,1.5871517461897882,-0.21711675542912043,-0.40511674661648817,1.1667833084370693,0.9815505606353603,0.4390950657806653,0.3429598811360737,0.9946278967956012
2024-05-01,102.9797,0.608557516452235,-0.0011652646267568123,4.634531881426725,0.006067132835611666,0.13108305162006229,1.6048711318295004,0.18315487419135665,-0.32658709354713716,1.1726233321073725,0.9877467949483133,0.4648146625622799,0.35172693121848275,0.9964428949512031
2024-06-01,103.2534,0.2657805373291966,0.8522097383398597,4.637186161081051,0.002654279654326075,0.05727179620800271,1.6126569655902796,0.004126916649866505,-0.24671628449990105,1.1751782549068013,0.9904693978243051,0.45331115709283404,0.36064370794766626,0.9972369294329894
2024-07-01,102.5192,-0.7110661731235979,-0.536517121008373,4.630050098109981,-0.007136062971070167,-0.15388778287491744,1.591771473638639,-0.5060674139347254,-0.3766928333983104,1.168309314042476,0.9831660180963067,0.4205284378295596,0.3461331266679462,0.9951021581198035
2024-08-01,103.0196,0.48810369179626,-0.07323335444653356,4.634919261388686,0.004869163278704569,0.10516437566610026,1.6060061510733992,0.12024340837066201,-0.3333322367964522,1.1729962113913024,0.9881436961348389,0.4607722638157517,0.3509739034593056,0.996558780648043
2024-09-01,102.5954,-0.4117663046643516,-0.6898781412106092,4.630793097423589,-0.004126163965096907,-0.08902342699839139,1.5939391043751072,-0.3497469857665837,-0.39104650993826096,1.1690245008854308,0.9839240098359873,0.43057286287418756,0.3445306822896257,0.9953244282464597
2024-10-01,102.2138,-0.3719465005253553,-0.3551440317182686,4.627066698008169,-0.0037263994154201896,-0.0804700045332063,1.5830838827342113,-0.32894962001890377,-0.35971739431158106,1.1654375906626444,0.9801280826986893,0.43190920505176644,0.3480282646040938,0.9942096664225014
2024-11-01,101.9503,-0.2577929790302358,-0.9102236632881899,4.624485439635065,-0.0025812583731035232,-0.055786063646212636,1.5755882042688647,-0.2693287205882446,-0.41166953622458446,1.1629529557607003,0.9775069432839146,0.43574016727751225,0.3422283277364562,0.9934374764419531
2024-12-01,103.0447,1.0734642271773565,0.40319241086261837,4.635162874669823,0.01067743503475782,0.23088914808218064,1.6067201606729447,0.42596960195221756,-0.2887416275169357,1.17323070556949,0.9883933758286183,0.4804168097755816,0.35595199885994894,0.9966316581781589
2025-01-01,102.8805,-0.15934832165070967,1.3770779342352935,4.6335681205086034,-0.0015947541612195693,-0.03440556900242697,1.6020492293484287,-0.2179123565528927,-0.1975917527247754,1.1716956473628901,0.9867600130509864,0.43904394414578496,0.36612797043341905,0.9961545834313753
2025-02-01,103.8705,0.9622814819134851,1.113439835992014,4.643144930937579,0.009576810428975513,0.20668327690247512,1.6302113609639617,0.3679003003049155,-0.22226670585694394,1.1809139719169435,0.9966079372279387,0.4766855460205794,0.3633732587871091,0.9990195105289188
2025-03-01,103.5408,-0.31741447282914725,0.9970873578062811,4.639965737926425,-0.0031791930111539912,-0.06847068223029273,1.6208325177380616,-0.30046825127580684,-0.23315660365690202,1.177853784685073,0.9933282800550688,0.43373928559121283,0.36215751065028445,0.9980684468868508
2025-04-01,103.6224,0.0788095127717714,1.236459131195966,4.640753522670241,0.0007877847438164665,0.016978244847321022,1.6231537601015236,-0.0935256174601929,-0.21075283375827314,1.1786120805186482,0.9941399877448055,0.44703645857274416,0.36465866741157293,0.9983041146883939
2025-05-01,103.657,0.033390463837923434,0.6577024403838783,4.641087371574874,0.00033384890463228345,0.007193851235620663,1.6241380123781874,-0.11724739593232626,-0.26492100715914185,1.1789334325572771,0.9944841677210908,0.4455122072091775,0.3586113327995298,0.9984039864338419
2025-06-01,104.2115,0.5349373414241132,0.9279113327018695,4.646422487912834,0.005335116337960244,0.11495401639356473,1.639911650742645,0.14470401438492628,-0.23963106690290056,1.1840688410841234,1.0,0.4623439888073963,0.36143470160534624,1.0
2025-07-01,103.8194,-0.37625406025246777,1.2682502399550488,4.642652851149095,-0.0037696367637387596,-0.08112987515760395,1.6287577398270385,-0.33119940243400614,-0.20777737564399798,1.1804403120037212,0.9960996251820374,0.43176464447769414,0.3649908475408157,0.9988723036137735
2025-08-01,103.9203,0.09718800147178186,0.8742996478340093,4.643624259194205,0.0009714080451095342,0.020923555481200395,1.6316280015240154,-0.08392677186945327,-0.24464880075952372,1.1813753576225783,0.9971033176562338,0.44765323583071986,0.3608745218222729,0.9991629027910096
