date,value,pct_change_mom,pct_change_yoy,log_value,log_diff,log_pct_change,zscore_value,zscore_pct_change_mom,zscore_pct_change_yoy,zscore_log_value,minmax_value,minmax_pct_change_mom,minmax_pct_change_yoy,minmax_log_value
1990-01-01,2483.8,-0.488782051282044,0.623885918003575,7.817544924513932,-0.004899804975386779,-0.06263777047750274,-0.319000312402583,-1.2649564518533476,-0.5463813673715222,-0.11138194988600411,0.22426277678665127,0.11756403626911135,0.2900894825572104,0.45018828573066905
1990-02-01,2483.8,0.0,0.9387572641931241,7.817544924513932,0.0,0.0,-0.319000312402583,-0.42115433277042236,-0.4751540000860605,-0.11138194988600411,0.22426277678665127,0.1738381627350578,0.29940348941781325,0.45018828573066905
1990-03-01,2480.6,-0.12883484982688653,1.0551187517823024,7.81625574538123,-0.0012891791327023228,-0.016490843930550003,-0.320877401271661,-0.6435665899523606,-0.4488317496980949,-0.113860609595615,0.2237830382441569,0.1590052354347141,0.30284550377329894,0.44955878860041165
1990-04-01,2483.8,0.12900104813353686,1.715876981039366,7.817544924513932,0.0012891791327023228,0.016493563858421822,-0.319000312402583,-0.19845516144552056,-0.2993609590029895,-0.11138194988600411,0.22426277678665127,0.18869022466708926,0.3223909681509791,0.45018828573066905
1990-05-01,2479.2,-0.185200096626148,1.8319231085188514,7.815691206473538,-0.0018537180403939146,-0.02371227870505699,-0.3216986276518826,-0.7408719524694563,-0.27311004654599824,-0.11494602884380725,0.22357315263181562,0.15251582974081387,0.32582365404180536,0.4492831282105591
1990-06-01,2474.0,-0.20974507905775486,1.3975982622238536,7.813591552952433,-0.0020996535211050826,-0.0268645915714516,-0.324748897064134,-0.783244842665238,-0.3713591115137343,-0.1189829593640808,0.22279357750026232,0.14968993332780575,0.3129761699913302,0.4482578821198161
1990-07-01,2470.9,-0.1253031527890025,0.783130073010585,7.812337735724132,-0.0012538172283012017,-0.016046618508325228,-0.32656732690605317,-0.6374696937248724,-0.5103585851971189,-0.12139362997468228,0.22232883078722096,0.15941184440332903,0.29479998152828324,0.44764565195950584
1990-08-01,2463.5,-0.2994860172406799,-0.23892443508545247,7.809338381984018,-0.0029993537401136194,-0.0383925252795736,-0.33090809491579576,-0.9381678673725157,-0.7415585743828437,-0.12716038269500188,0.22121943540770278,0.13935793997569199,0.2645672442039224,0.4461810885608798
1990-09-01,2456.3,-0.29226709965495257,-0.8757062146892536,7.806411431644483,-0.0029269503395354945,-0.037480132072231775,-0.3351315448712209,-0.9257055890618769,-0.8856056280300367,-0.13278792792483438,0.22014002368709054,0.14018906354109487,0.24573101176895748,0.4447518792350343
1990-10-01,2443.3,-0.529251312950374,-1.6107598759714903,7.801104863554725,-0.005306568089757491,-0.0679770485609632,-0.3427572184018497,-1.3348200007784568,-1.0518828639242028,-0.14299068112393215,0.2181910858582073,0.11290475644667582,0.2239878619811309,0.44216071924858946
1990-11-01,2440.2,-0.12687758359597456,-1.9488086149395234,7.799835282141234,-0.0012695814134913164,-0.01627437953594102,-0.3445756482437691,-0.6401876905248528,-1.1283532127896991,-0.145431660983027,0.21772633914516584,0.15923057809432478,0.21398825956551143,0.4415407915471957
1990-12-01,2438.0,-0.09015654454551658,-2.3237179487179516,7.798933310041217,-0.0009019721000171899,-0.011563989076568415,-0.34586614684126,-0.5767948337609212,-1.2131618342757218,-0.14716585124937068,0.21739651889720102,0.1634583200706643,0.20289830759251032,0.44110036489574744
1991-01-01,2440.8,0.11484823625924623,-1.7312182945486754,7.80008113340246,0.0011478233612436384,0.014717696838939531,-0.34422369408081677,-0.22288767204852833,-1.0791318852354592,-0.14495897134641952,0.21781629012188358,0.18706079264687991,0.22042465894400903,0.44166083899404496
1991-02-01,2451.4,0.43428384136348086,-1.30445285449714,7.804414568907065,0.0043334355046047435,0.05555628756279685,-0.3380058372019964,0.32856555703486867,-0.9825928412381262,-0.13662722619402473,0.21940542404389607,0.22383783794183712,0.23304853305834436,0.44377682516315564
1991-03-01,2464.3,0.5262299094395129,-0.657099088930091,7.809663070488838,0.005248501581773368,0.06725042007229565,-0.3304388226985262,0.48729537716717525,-0.8361542878998569,-0.1265361154425644,0.2213393700433264,0.23442371082605123,0.2521974886133503,0.4463396316809375
1991-04-01,2466.6,0.09333279227365932,-0.692487317819479,7.810595963131887,0.0009328926430489659,0.011945363514764828,-0.32908966507387666,-0.2600305605413226,-0.8441594951287454,-0.12474247532765588,0.22168418212074417,0.18458369101714503,0.2511506921656928,0.4467951566167209
1991-05-01,2465.3,-0.052704127138558654,-0.5606647305582246,7.810068782925433,-0.0005271802064541475,-0.006749551621187955,-0.3298522324269394,-0.5121393721090906,-0.8143397736678891,-0.12575606630527525,0.2214892883378559,0.16777026660815778,0.25505005137062536,0.4465377382187084
1991-06-01,2464.6,-0.028394110250284932,-0.3799514955537653,7.809784801504023,-0.0002839814214103953,-0.0036360937310964125,-0.3302628456170503,-0.4701721114221173,-0.7734604490841338,-0.12630206746963826,0.2213843455316852,0.1705691111262242,0.26039561339461476,0.44639907208202534
1991-07-01,2464.1,-0.020287267710783485,-0.2752033671941434,7.80958190824547,-0.00020289325855316065,-0.00259793661041563,-0.33055614075284373,-0.4561769761753124,-0.7497652684923626,-0.12669216325428942,0.22130938638442046,0.1715024626703548,0.2634941004369686,0.4463000007266427
1991-08-01,2456.1,-0.3246621484517709,-0.3003856302009389,7.806330005050512,-0.003251903194957606,-0.041639914058966276,-0.3352488629255384,-0.9816303325152261,-0.7554617738046763,-0.13294448399423234,0.2201100400281846,0.13645937856579549,0.26274920010466074,0.4447121192001944
1991-09-01,2448.8,-0.29721916860061537,-0.3053372959329059,7.803353387631203,-0.00297661741930888,-0.03813081713665012,-0.3395309719081221,-0.9342545246441777,-0.7565818951432287,-0.13866752238432895,0.21901563647811942,0.13961892526906672,0.26260272806407314,0.44325865778758106
1991-10-01,2449.1,0.012250898399202015,0.23738386608274098,7.803475889111582,0.00012250148037917796,0.0015698568845312622,-0.3393549948266462,-0.4000051641321671,-0.6338123894124335,-0.13843199306487194,0.21906061196647825,0.17524862493192014,0.2786566138418062,0.4433184744014207
1991-11-01,2442.3,-0.2776530153933976,0.0860585197934638,7.800695497248042,-0.002780391863540288,-0.0356301717728047,-0.3433438086734365,-0.9004767672669439,-0.6680438498173998,-0.14377775542967325,0.2180411675636778,0.1418716024636303,0.2741803560604044,0.44196082855167684
1991-12-01,2440.1,-0.09007902387094813,0.08613617719441802,7.799794301054,-0.0009011961940421642,-0.01155276724184029,-0.3446343072709277,-0.5766610070189162,-0.668026282857792,-0.14551045388868777,0.2177113473157129,0.16346724512884298,0.27418265319405605,0.4415207807696752
1992-01-01,2444.8,0.19261505675998158,0.16388069485415713,7.801718598972202,0.0019242979182019226,0.02467113674962107,-0.34187733299446943,-0.08863599942522837,-0.6504396164913714,-0.14181067346396337,0.21841596330000151,0.1960141899335321,0.2764823637889387,0.4424604019491844
1992-02-01,2453.1,0.3394960732984176,0.06934812760055475,7.805107809836041,0.003389210863839587,0.04344184964946152,-0.3370086337402989,0.1649300075161143,-0.6718239246213229,-0.13529435606285442,0.21966028514459615,0.21292479636527517,0.27368605669206997,0.4441153298474914
1992-03-01,2447.1,-0.24458847988260146,-0.6979669683074397,7.802658928974644,-0.0024488808613973845,-0.031375362404495455,-0.3405281753698199,-0.843396264704866,-0.845399052435643,-0.1400027337978084,0.21876077537741928,0.14567836633311337,0.2509886021474799,0.4429195584954058
1992-04-01,2438.8,-0.3391769850026427,-1.1270574880402062,7.799261394033661,-0.003397534940982716,-0.043543296867254444,-0.34539687462399044,-1.0066878194005222,-0.9424640550710902,-0.14653505561142371,0.21751645353282462,0.1347882661639512,0.2382959513458896,0.44126056600860164
1992-05-01,2432.8,-0.24602263408233238,-1.318297975905569,7.796798136363155,-0.002463257670505925,-0.03158321725683644,-0.34891641625351144,-0.8458720969283499,-0.9857247602253695,-0.15127107513531624,0.21661694376564772,0.14551325025613052,0.23263898942300082,0.4400577745614443
1992-06-01,2422.1,-0.43982242683329176,-1.7244177554166962,7.792390211452281,-0.0044079249108746055,-0.05653506521243745,-0.3551929321594907,-1.1804356828296039,-1.0775935283657267,-0.15974603846851337,0.21501281801418223,0.1232008228301721,0.22062582132000028,0.4379054157376016
1992-07-01,2415.6,-0.26836216506337385,-1.9682642749888402,7.789702982433746,-0.002687229018534687,-0.034485298420827704,-0.3590057689248051,-0.8844376365828415,-1.1327542974259603,-0.16491267988379693,0.21403834909974062,0.14294127039655985,0.21341275419365136,0.4365932606517788
1992-08-01,2413.9,-0.07037589004801337,-1.7181710842392284,7.788998975778725,-0.0007040066550212387,-0.009037657233001983,-0.36000297238650264,-0.5426467750544669,-1.076180462528986,-0.16626624890057218,0.2137834879990405,0.16573569308354805,0.22081060008411124,0.4362494991389089
1992-09-01,2416.9,0.12428021044781357,-1.3026788631166353,7.790241006243931,0.001242030465205879,0.01594595748526384,-0.35824320157174216,-0.20660491414738738,-0.9821915448446957,-0.16387824028786535,0.21423324288262896,0.18814670835699812,0.23310100835687067,0.43685597390545317
1992-10-01,2416.2,-0.028962720840752798,-1.3433506185945854,7.789951337085464,-0.00028966915846684316,-0.003718359396509552,-0.3586538147618531,-0.47115372443329745,-0.9913919439938407,-0.16443517706569205,0.21412830007645828,0.17050364623406225,0.23189792330598025,0.43671453048665015
1992-11-01,2411.3,-0.2027977816405735,-1.269295336363263,7.7879213001376595,-0.002030036947804348,-0.026059687152857336,-0.36152810709262834,-0.7712514720675637,-0.9746398233237573,-0.16833825823098886,0.2133937004332639,0.1504897849026039,0.23408850499946718,0.43572327768047053
1992-12-01,2406.7,-0.19076846514329837,-1.3687963608048914,7.786011793538359,-0.00190950659930067,-0.024518822490759984,-0.364226422341928,-0.7504848282742899,-0.9971480512046045,-0.17200959990326797,0.21270407627842822,0.15187473608092764,0.2311452291647444,0.43479087899825813
1993-01-01,2394.3,-0.5152283209373665,-2.0656086387434547,7.780846191550073,-0.005165601988285751,-0.06634464633835657,-0.3715001417096045,-1.3106116028935049,-1.1547746649005721,-0.18194132250058545,0.2108450894262627,0.11451924213390818,0.21053327315219234,0.43226855177065115
1993-02-01,2386.1,-0.3424800568015862,-2.7312380253556756,7.77741551292798,-0.0034306786220934526,-0.044091330655260386,-0.3763101819366167,-1.0123900316158052,-1.3053473650524758,-0.18853736851273412,0.2096157594111209,0.1344079791226159,0.19084371820046,0.43059337545677734
1993-03-01,2380.8,-0.22211977704202912,-2.709329410322414,7.775191844638773,-0.002223668289206948,-0.028591352558060557,-0.37941911037602677,-0.8046077310011612,-1.3003913949758894,-0.19281273789793602,0.20882119245011468,0.14826521792035904,0.19149178285669347,0.4295075738244115
1993-04-01,2372.3,-0.35702284946236285,-2.726750861079219,7.7716152276683195,-0.0035766169704531947,-0.046000369404641805,-0.38440512768451485,-1.037495780143928,-1.304332319060336,-0.19968937447736157,0.2075468869466141,0.13273364809672406,0.1909764501221205,0.4277611368384119
1993-05-01,2383.4,0.4679003498714307,-2.030582045379814,7.776283318656706,0.004668090988386275,0.06006590459814998,-0.37789397566990107,0.38659895052952725,-1.1468512636115622,-0.19071419891005548,0.20921098001589133,0.227708151195276,0.2115693722918584,0.43004053293351463
1993-06-01,2385.6,0.09230511034654665,-1.5069567730481848,7.777205944010474,0.0009226253537679696,0.011864605698641562,-0.3766034770724101,-0.2618046849912004,-1.0284014584969907,-0.18894029935378784,0.20954080026385616,0.18446537263253698,0.22705839483361068,0.43049104442394054
1993-07-01,2382.0,-0.15090543259557165,-1.3909587680079438,7.775695749915245,-0.0015101940952284565,-0.01941820887990664,-0.37871520205012266,-0.6816678345884191,-1.0021614318658971,-0.19184389681559952,0.20900109440355005,0.1564642199398848,0.2304896572454995,0.42975362723732713
1993-08-01,2379.6,-0.1007556675063026,-1.4209370727867876,7.774687685313751,-0.001008064601494496,-0.01296430099525514,-0.3801230187019311,-0.5950924827667988,-1.0089428546625996,-0.19378206743054874,0.2086412904966793,0.16223802897290626,0.22960288828491168,0.4292613963613707
1993-09-01,2380.8,0.05042864346949116,-1.493648889072774,7.775191844638773,0.0005041593250219023,0.006484624790448201,-0.37941911037602677,-0.3340975431227188,-1.0253910685355674,-0.19281273789793602,0.20882119245011468,0.17964407940623023,0.22745204679383846,0.4295075738244115
1993-10-01,2374.1,-0.2814180107526987,-1.7424054300140712,7.772373697281623,-0.002818147357150025,-0.03624537392081795,-0.3833492651956587,-0.9069764148177957,-1.0816625385207104,-0.19823109143215126,0.20781673987676713,0.14143813354954624,0.22009373948202512,0.4281314922318947
1993-11-01,2376.8,0.11372730719010349,-1.4307634885746268,7.773510324148398,0.001136626866775181,0.014623934862689758,-0.3817654714623741,-0.22482277240952442,-1.0111656981664308,-0.19604573863821378,0.20822151927199678,0.18693173859501602,0.22931221939690188,0.42868649916045753
1993-12-01,2374.9,-0.07993941433861451,-1.3213113391781217,7.772710610319132,-0.0007997138292656913,-0.010287679515663672,-0.38287999297838915,-0.5591566326508003,-0.9864064161943106,-0.1975833204975047,0.20793667451239073,0.16463463183553817,0.232549853061329,0.42829600450554123
1994-01-01,2375.2,0.01263211082571658,-0.7977279371841561,7.77283692344955,0.00012631313041744363,0.001625084693746004,-0.3827040158969132,-0.39934706334374814,-0.8679660826113829,-0.19734046265159447,0.20798165000074956,0.17529251442467833,0.2480376370635413,0.42835768232136573
1994-02-01,2369.3,-0.2484001347254794,-0.7040777838313472,7.770349831852431,-0.0024870915971186847,-0.03199721828224256,-0.3861648984992753,-0.8499764622084302,-0.8467813862268958,-0.20212230683407653,0.20709713206302566,0.14523952545074048,0.2508078420421152,0.42714325293497646
1994-03-01,2365.8,-0.14772295614738917,-0.6300403225806495,7.768871510111636,-0.0014783217407945415,-0.019025163252428534,-0.38821796444982926,-0.6761738104853156,-0.8300332968589543,-0.20496462443277083,0.20657241803217247,0.15683062267838588,0.2529978965846314,0.4264213987955314
1994-04-01,2365.0,-0.03381519993237436,-0.3077182481136531,7.768533300926033,-0.0003382091856032332,-0.0043533888437030654,-0.3886872366670988,-0.47953073445151756,-0.7571204927562523,-0.20561488742610506,0.20645248339654887,0.1699449738741443,0.26253229864833044,0.4262562536218598
1994-05-01,2366.6,0.06765327695559264,-0.704875388101045,7.769209604950459,0.0006763040244255336,0.008705684821408433,-0.3877486922325599,-0.3043620358595594,-0.8469618130995018,-0.20431458129000013,0.206692352667796,0.181627174326725,0.2507842486229937,0.42658648813447175
1994-06-01,2352.6,-0.5915659596045009,-1.3832997987927587,7.763276378526341,-0.0059332264241174215,-0.07636846894099047,-0.3959609560347756,-1.442396027268666,-1.000428888654456,-0.2157221885901831,0.20459349654438327,0.10573038844912507,0.2307162122898967,0.42368933527773855
1994-07-01,2350.5,-0.08926294312674443,-1.3224181360201537,7.7623833504641855,-0.0008930280621557429,-0.011503236760013191,-0.3971927956051079,-0.5752521773380888,-0.986656785832996,-0.21743918246719185,0.2042786681258714,0.16356120158834325,0.23251711361550537,0.42325327593725887
1994-08-01,2339.4,-0.4722399489470286,-1.6893595562279318,7.757649765216606,-0.004733585247579164,-0.06098108060195173,-0.40370394761972167,-1.2363992227821061,-1.0696629774908886,-0.226540281560061,0.20261457505659414,0.11946855047206052,0.22166285537125993,0.4209418994546642
1994-09-01,2335.0,-0.1880824142942661,-1.9237231182795744,7.755767170102998,-0.0018825951136083319,-0.024267596122340418,-0.40628494481470384,-0.7458478016231822,-1.1226785970910678,-0.23015988145835442,0.2019549345606644,0.15218398468114921,0.2147302975147243,0.42002264146220125
1994-10-01,2332.2,-0.11991434689507807,-1.7648793226907045,7.754567307086233,-0.0011998630167653346,-0.015470590986677024,-0.40792739757514707,-0.628166803365676,-1.0867463806276034,-0.23246681619012774,0.20153516333598184,0.16003226478001786,0.2194289537112405,0.41943675676503545
1994-11-01,2327.9,-0.1843752679872912,-2.0573880848199333,7.752721852602262,-0.0018454544839707765,-0.023798290876708705,-0.4104497357429703,-0.7394480209819515,-1.1529150850414123,-0.2360150070964999,0.2008905146695051,0.15261079335703917,0.21077644007280358,0.41853563428157947
1994-12-01,2322.7,-0.22337729283905539,-2.197987283675118,7.750485581081572,-0.0022362715206902806,-0.028844985841192106,-0.41350000515522195,-0.8067786259665713,-1.1847201727322791,-0.24031460827486087,0.20011093953795178,0.1481204384571828,0.20661746556280125,0.41744367857965925
1995-01-01,2320.5,-0.09471735480259813,-2.3029639609295938,7.7495379586812305,-0.0009476224003410749,-0.012226619744371003,-0.41479050375271287,-0.5846683253295384,-1.2084670536018731,-0.24213656877985806,0.19978111928998693,0.16293322793088338,0.20351221796252303,0.41698096120668104
1995-02-01,2312.7,-0.3361344537815225,-2.388891233697732,7.746170952133326,-0.0033670065479043387,-0.04344783606269331,-0.4193659078710903,-1.001435387800337,-1.2279047493190625,-0.2486101947179329,0.19861175659265695,0.1351385568226708,0.20097045854947837,0.41533687552013965
1995-03-01,2308.9,-0.1643101137198788,-2.4051060951897907,7.744526499624958,-0.0016444525083683104,-0.021229230784214348,-0.4215949509031201,-0.7048088200412471,-1.2315727296194436,-0.25177192614335325,0.19804206707344496,0.15492092120613143,0.2004908171562287,0.4145339008918639
1995-04-01,2305.1,-0.16458053618606527,-2.5327695560253716,7.742879338437632,-0.0016471611873258851,-0.021268713941458017,-0.4238239939351502,-0.705275660117345,-1.2604516108638333,-0.2549388654512378,0.19747237755423291,0.1548897871085894,0.19671448639618838,0.4137296036346476
1995-05-01,2317.0,0.5162465836623165,-2.095833685455928,7.748028524432376,0.005149185994744343,0.06650221151172087,-0.4168435697032668,0.4700608010934466,-1.1616119034408918,-0.24503870531157432,0.19925640525913374,0.23327431727556566,0.2096392054770964,0.4162439150477239
1995-06-01,2328.7,0.5049633146309906,-1.015897305109248,7.75306545093919,0.005036926506813977,0.06500913736868785,-0.40998046352570094,0.45058208600183697,-0.9173183970969407,-0.235354382570063,0.20101044930512865,0.23197525953244133,0.2415841092522033,0.4187034109400523
1995-07-01,2337.7,0.38648172800275216,-0.5445649861731572,7.756922818999992,0.0038573680608013916,0.0497528117776147,-0.40470115108141946,0.24604304123334197,-0.8106978341252961,-0.22793795567102784,0.202359713955894,0.21833431716903992,0.25552628755874207,0.4205869367147297
1995-08-01,2347.3,0.4106600504769853,0.33769342566469795,7.761021010434842,0.004098191434850129,0.05283269577998073,-0.3990698844741857,0.2877829530940902,-0.6111212619756234,-0.22005850607852426,0.20379892958337706,0.22111799953438174,0.2816238064347072,0.42258805485420503
1995-09-01,2352.8,0.2343117624504787,0.7623126338329733,7.763361387239786,0.002340376804943922,0.03015552724052739,-0.3958436379804581,-0.016653469526403827,-0.5150677192742282,-0.21555874530473437,0.20462348020328922,0.20081478701578134,0.29418419424351794,0.4237308444363983
1995-10-01,2354.0,0.05100306018359646,0.9347397307263527,7.763871287820222,0.0005099005804360957,0.006568038701315615,-0.39513972965455396,-0.33310590679047747,-0.4760628104153659,-0.21457837726078002,0.20480338215672456,0.17971021276511467,0.299284649343208,0.42397982531419787
1995-11-01,2355.2,0.050977060322843215,1.1727307874049409,7.764380928534557,0.0005096407143350135,0.006564260218144824,-0.3944358213286499,-0.3331507912896973,-0.4222266115683094,-0.21359850885230555,0.20498328411015992,0.179707219366629,0.3063245097861842,0.42422867930120256
1995-12-01,2358.3,0.1316236413043681,1.5326990140784646,7.7656962994678205,0.0013153709332636154,0.016941092218059062,-0.3926173914867305,-0.1939276840775702,-0.34079783310798967,-0.2110694910821842,0.20544803082320137,0.18899216730057383,0.31697249847556436,0.4248709657040067
1996-01-01,2358.0,-0.012721027859063927,1.616031027795728,7.765569081097317,-0.00012721837050388984,-0.0016382094482958465,-0.3927933685682067,-0.4431151028851113,-0.32194721357875655,-0.21131408940160423,0.2054030553348425,0.1723735739093427,0.31943748919911913,0.42480884586579587
1996-02-01,2362.5,0.1908396946564972,2.1533272798028413,7.767475659367898,0.0019065782705816048,0.024551687721419135,-0.3901537123460659,-0.09170087118377669,-0.20040488225536443,-0.20764837792471713,0.20607768766022516,0.1958097901376061,0.3353309042015685,0.4257398146656293
1996-03-01,2371.0,0.35978835978836,2.689592446619593,7.771067086065406,0.0035914266975076714,0.04623672934431777,-0.3851676950375778,0.19996131502083866,-0.07909579376097296,-0.20074326720013277,0.20735199316372574,0.21526107424868565,0.3511938193358873,0.4274934831374979
1996-04-01,2368.8,-0.09278785322648364,2.763437594898277,7.770138776787381,-0.0009283092780245639,-0.011945711801786274,-0.3864581936350688,-0.5813373570289864,-0.06239120770591521,-0.20252809503912694,0.20702217291576092,0.16315537400892718,0.3533781851920166,0.4270401962267155
1996-05-01,2371.9,0.13086795001688856,2.369443245576175,7.771446600712901,0.0013078239255195356,0.016831410134221514,-0.3846397637931496,-0.1952322612568574,-0.15151706995782094,-0.2000135876373081,0.2074869196288023,0.1889051635593986,0.3417236916439892,0.4276787974785608
1996-06-01,2375.6,0.15599308571185855,2.013999227036556,7.773005316141705,0.0015587154288043692,0.020056953471980776,-0.38246937978827844,-0.15185783151653898,-0.23192242269735272,-0.19701669990144496,0.20804161731856136,0.19179785378782302,0.3312095306468012,0.42843990729210824
1996-07-01,2380.3,0.1978447550092799,1.8223039739915459,7.774981809142002,0.001976493000296564,0.025427655326470955,-0.3797124055118202,-0.07960778234289566,-0.2752860007451848,-0.19321656581465296,0.20874623330284994,0.19661629203586548,0.32553911660750207,0.4294050149641914
1996-08-01,2381.7,0.058816115615667464,1.4655135687811294,7.775569797399178,0.0005879882571759865,0.0075625676253521235,-0.3788911791315988,-0.319617946844318,-0.3559959209821077,-0.1920860613208892,0.20895611891519117,0.18060974020953818,0.3149851290117983,0.42969212550696095
1996-09-01,2380.1,-0.06717890582357278,1.1603196191771303,7.774897782589561,-0.000672014809616428,-0.00864264391069458,-0.3798297235661377,-0.5371277056529167,-0.42503415454896454,-0.1933781207334291,0.20871624964394403,0.16610376612159009,0.3059573829979869,0.42936398538786263
1996-10-01,2384.8,0.19747069450863908,1.3084112149532867,7.776870542363862,0.0019727597743006697,0.02537344965123367,-0.37707274928967943,-0.08025353650321733,-0.39153420413464984,-0.1895851643899221,0.20942086562823262,0.19657322595382798,0.3103379852844408,0.4303272701518709
1996-11-01,2391.4,0.2767527675276771,1.5370244565217517,7.77963424748548,0.002763705121617832,0.035537496819104675,-0.3732012534972064,0.05661397130170578,-0.3398193703761199,-0.18427148504123445,0.2104103263721272,0.20570107627454542,0.317100446607649,0.4316767679825481
1996-12-01,2400.1,0.3638036296729874,1.772463215027753,7.783265682134672,0.0036314346491925775,0.04667873236285924,-0.368097918134401,0.20689302052936073,-0.28656052949307265,-0.1772894524247346,0.21171461553453363,0.21572335760113232,0.32406480915925634,0.4334499720566726
1997-01-01,2405.6,0.2291571184533936,2.0186598812552914,7.785554631674319,0.0022889495396469783,0.029408600876901225,-0.36487167164067347,-0.025552117740776727,-0.230868131369019,-0.172888569058462,0.2125391661544458,0.20022132600914647,0.3313473944629074,0.43456765006585
1997-02-01,2408.5,0.12055204522780638,1.9470899470899417,7.786759426070275,0.0012047943959556662,0.01547474075969113,-0.3631705598530716,-0.21304098049778222,-0.24705803892676448,-0.17057215293608763,0.2129739292085813,0.18771747974574626,0.32923033025272785,0.4351559427208937
1997-03-01,2416.3,0.32385302055222276,1.910586250527202,7.789992723531409,0.003233297461133766,0.04152301726836338,-0.3585951557346942,0.13792484024054977,-0.2553155772319048,-0.1643556047909898,0.21414329190591128,0.2111237909350556,0.32815053787296,0.4367347391979867
1997-04-01,2424.6,0.34350039316308756,2.3556231003039496,7.793421841312483,0.0034291177810743534,0.04401952482850913,-0.35372645648052364,0.17184280960946424,-0.15464333906790584,-0.15776255975337522,0.21538761375050594,0.21338581902738704,0.3413148868116735,0.4384091533641361
1997-05-01,2432.3,0.3175781572218206,2.5464817235127946,7.7965925907415805,0.0031707494290973415,0.04068494550479862,-0.34920971138930484,0.12709231690778558,-0.11146901590573947,-0.15166627052574774,0.21654198461838298,0.21040135758938466,0.3469605530416589,0.43995740807579764
1997-06-01,2438.2,0.24256876207702227,2.6351237582084464,7.799015341131046,0.002422750389465378,0.031074477231785025,-0.34574882878694274,-0.002399112673754096,-0.09141721113339595,-0.14700813293688983,0.21742650255610688,0.20176542634469005,0.34958261608195884,0.4411404201016762
1997-07-01,2446.3,0.33221228775328626,2.772759736167707,7.802331957949538,0.0033166168184921574,0.04252609686508091,-0.3409974475870892,0.15235574530291188,-0.06028243665348374,-0.14063138957230997,0.21864084074179574,0.21208620446558812,0.35365393745969576,0.4427599008366986
1997-08-01,2461.1,0.6049952990230034,3.333753201494738,7.808363683454185,0.006031725504646701,0.07730670185728261,-0.3323159115676042,0.6232709156850379,0.06662046538301357,-0.12903440152887072,0.22085963150083202,0.2434920746968907,0.370248324494405,0.4457051501037392
1997-09-01,2464.7,0.14627605542236743,3.5544725011554146,7.80982537521632,0.0014616917621355086,0.018719565601599264,-0.3302041865898917,-0.16863269206626552,0.11654960251846087,-0.12622405780954526,0.22139933736113812,0.190679119190368,0.37677728019706025,0.44641888394122103
1997-10-01,2472.0,0.2961820911267177,3.656491110365634,7.812782818577581,0.002957443361260914,0.0378682392905505,-0.3259220776073077,0.09015551478149725,0.1396273358089138,-0.12053788471143766,0.22249374091120339,0.20793800009466604,0.37979502708826557,0.44786298279574577
1997-11-01,2482.9,0.44093851132687156,3.8262105879401265,7.81718251083489,0.0043996922573086295,0.05631402228214455,-0.31952824364701116,0.34005375428388424,0.1780197513493797,-0.11207875001382694,0.22412785032157473,0.22460399892939123,0.3848153898416142,0.45001132167258284
1997-12-01,2492.5,0.3866446494019016,3.849839590017079,7.821041501835993,0.00385899100110354,0.049365497041353734,-0.3138969770397776,0.24632429833246344,0.18336489192787767,-0.10465920274413423,0.22556706594905773,0.2183530745260167,0.38551434416094893,0.4518956399176291
1998-01-01,2503.8,0.4533600802407278,4.082141669437989,7.825564856825562,0.00452335498956824,0.057835711375608945,-0.3072685069708463,0.3614975575994,0.23591418144667992,-0.09596230602861855,0.2272611426772409,0.22603411064918608,0.39238592262511357,0.4541043624394559
1998-02-01,2524.0,0.8067737039699541,4.795515881253887,7.8336002236611035,0.008035366835541957,0.1026809819170138,-0.29541938348479235,0.9716082681570155,0.3972872870400978,-0.08051298675096909,0.23028949222673642,0.2667230903372942,0.4134877865560111,0.45802797571803605
1998-03-01,2539.7,0.6220285261489655,5.1069817489550084,7.839801242800799,0.006201019139695063,0.0791592494210347,-0.2862099162208792,0.652675991231509,0.4677442975750538,-0.06859050374593491,0.23264320945084924,0.2454531327490336,0.4227010581468324,0.46105588987991586
1998-04-01,2552.5,0.5039965350238207,5.275096923203826,7.84482855003882,0.005027307238021805,0.06412544249942975,-0.27870156074456764,0.4489130994278078,0.5057738020294587,-0.058924675636694825,0.23456216362082663,0.23186395291278156,0.4276739650349121,0.46351068875074725
1998-05-01,2561.1,0.3369245837414159,5.295399416190416,7.84819213268437,0.003363582645549812,0.04287643285121323,-0.27365688440892094,0.16049075216353675,0.5103664496052589,-0.052457632716139097,0.23585146095378015,0.21262873735869545,0.42827452002746014,0.46515310256977865
1998-06-01,2570.1,0.35141150286985834,5.409728488229026,7.851700087638108,0.0035079549537373467,0.04469761818302054,-0.2683775719646394,0.1855000441935933,0.5362289452055982,-0.04571301019907077,0.2372007256045455,0.21429663559063253,0.431656414805186,0.46686601237450154
1998-07-01,2575.9,0.2256721528345329,5.297796672525856,7.853954266594957,0.0022541789568490955,0.028709437850249486,-0.2649753483894357,-0.03156833983079155,0.5109087353976886,-0.04137897901840575,0.2380702517128165,0.1998200972908438,0.42834543172592077,0.46796671215192404
1998-08-01,2587.9,0.4658565938118642,5.1521677298769,7.858602014997899,0.004647748402942575,0.05917717681029888,-0.2579362651303937,0.3830707405851819,0.47796586425054266,-0.03244291542991592,0.23986927124717028,0.22747285084686933,0.4240376755983811,0.470236175105205
1998-09-01,2610.2,0.8617025387379629,5.90335537793647,7.867182125733427,0.008580110735527668,0.10918113322386791,-0.2448553020740075,1.066433900674476,0.6478927856936634,-0.015946236074291423,0.24321244921517768,0.27304712000707093,0.4462580744765155,0.47442578301018545
1998-10-01,2628.4,0.6972645774270259,6.3268608414239536,7.874130575023713,0.006948449290286263,0.08832195796710796,-0.23417935913112697,0.78255870548696,0.7436943870787053,-0.0025866952135848447,0.24594096217561429,0.25411515921525696,0.45878551731995104,0.477818662073319
1998-11-01,2648.8,0.776137574189617,6.681702847476734,7.881861986233036,0.007731411209323191,0.09818749048748909,-0.2222129175907555,0.9187200101668892,0.8239635579616489,0.012278219193471693,0.24899929538401572,0.2631959120434844,0.46928187057280013,0.4815938559510753
1998-12-01,2661.6,0.48323769254001725,6.784353059177528,7.886682724704267,0.004820738471230435,0.06116243191838233,-0.21470456211444422,0.4130763594501476,0.847184166693513,0.021546884746693265,0.25091824955399306,0.2294739598184031,0.4723183004912214,0.4839477887416255
1999-01-01,2673.3,0.43958521190261557,6.769710040738075,7.8910689432867835,0.004386218582516754,0.055615506996087305,-0.2078414559368781,0.33771750458129035,0.8438717546078263,0.029980114080185163,0.252672293599988,0.22444819177005074,0.4718851547767718,0.4860895485175445
1999-02-01,2687.2,0.5199566079377327,6.465927099841506,7.896255038298083,0.0051860950112994075,0.06572107085329737,-0.19968785116182133,0.4764655500756037,0.7751527067549551,0.039951237897382454,0.25475615789394773,0.23370145729578304,0.4628991469043963,0.4886218823445838
1999-03-01,2689.7,0.09303364096457933,5.906209394810413,7.897184942213034,0.0009299039149510691,0.01177651824113557,-0.19822137548285426,-0.26054699625713096,0.6485383957518008,0.041739131689121994,0.25513095363027144,0.18454924932978056,0.44634249731481396,0.4890759479053952
1999-04-01,2689.2,-0.01858943376584765,5.355533790401568,7.896999030594881,-0.00018591161815262325,-0.0023541504917679035,-0.19851467061864767,-0.4532459440786344,0.5239695075216202,0.04138168591159259,0.2550559944830067,0.1716979365464615,0.4300533162905648,0.4889851685659381
1999-05-01,2702.5,0.49457087609698913,5.5210651673109234,7.901932549513363,0.004933518918481816,0.062473338281643365,-0.1907130200065427,0.4326412437912268,0.5614145285534584,0.050867190493264706,0.25704990780024883,0.23077876428713104,0.4349497935306711,0.49139417125801943
1999-06-01,2715.7,0.48843663274744653,5.6651492159838,7.906805026024057,0.0048724765106937795,0.06166183373703671,-0.1829700284215966,0.42205147781324576,0.5940079276639043,0.06023533096864333,0.259028829288038,0.23007252070654208,0.43921185114271794,0.4937733673704317
1999-07-01,2720.7,0.184114592922624,5.621336231996565,7.908644479121632,0.001839453097574939,0.02326417676319359,-0.18003707706366243,-0.10331065734348979,0.5840969480206432,0.06377198321891733,0.25977842076068536,0.19503552024681187,0.43791584743079265,0.49467155941899466
1999-08-01,2724.5,0.13966993788363524,5.2784110668882,7.910040204023153,0.0013957249015215112,0.0176480926055822,-0.17780803403163237,-0.18003707150997092,0.5065234978410985,0.06645549475842719,0.26034811027989746,0.1899185481079225,0.42777199858857407,0.4953530821010248
1999-09-01,2722.8,-0.06239677004954425,4.313845682323203,7.909416041573796,-0.0006241624493572573,-0.007890762034812315,-0.17880523749332988,-0.5288721318459745,0.28832818172651326,0.06525543940829835,0.26009324917919735,0.1666543397619665,0.3992398100675833,0.4950483079538811
1999-10-01,2732.1,0.3415601586602035,3.945366002130557,7.912825823241882,0.0034097816680862536,0.04311040979718683,-0.1733499479675725,0.1684933126695558,0.2049740187138161,0.07181130757654829,0.2614874893183215,0.21316243725323533,0.388340049543674,0.49671328043165097
1999-11-01,2738.6,0.23791222868856376,3.3902144367260467,7.915202119898133,0.0023762966562506094,0.03003094860587474,-0.16953711120225806,-0.010437854543378115,0.07939261879703152,0.07638013019438342,0.26246195823276314,0.2012293134737127,0.37191846799481093,0.49787360942535297
1999-12-01,2748.4,0.35784707514789904,3.261196272918543,7.918774203156921,0.0035720832587875506,0.045129400420584886,-0.163788526540707,0.1966100051904806,0.05020728881631969,0.08324804996467394,0.2639311575191521,0.21503757157080056,0.3681020646370977,0.4996178326317384
2000-01-01,2757.0,0.31290932906418156,3.1309617326899186,7.921898411023797,0.003124207866876283,0.03945317528601944,-0.1587438502050603,0.11903235013380807,0.02074680108895039,0.08925485535551463,0.2652204548521056,0.20986382920530916,0.36424968043048067,0.5011433614249355
2000-02-01,2753.5,-0.12694958287994274,2.467252158380484,7.9206281087025365,-0.0012703023212603526,-0.016035327081354023,-0.1607969161556142,-0.6403119854907287,-0.12939161637046795,0.08681248943222113,0.2646957408212524,0.15922228872117605,0.3446169142122283,0.5005230817093335
2000-03-01,2755.4,0.06900308698021274,2.442651596832368,7.921317901610498,0.0006897929079618947,0.008708815746616416,-0.15968239463959918,-0.3020318100336594,-0.13495653440451935,0.08813873017376692,0.2649805855808584,0.18178257974685294,0.34388922081679335,0.5008599027491867
2000-04-01,2789.8,1.2484575742178983,3.740889483861376,7.933725187658135,0.012407286047636745,0.15663158835115265,-0.13950368929701207,1.7341030952530825,0.15871917766758187,0.11199378588462883,0.2701377749126726,0.31757474069374125,0.382291561114864,0.5069182935213817
2000-05-01,2777.9,-0.42655387482973817,2.7900092506938146,7.929450525546147,-0.004274662111988015,-0.053879634230813434,-0.14648411352889543,-1.157529701997464,-0.0563804064385548,0.1037750422822753,0.2683537472077718,0.12472844883752952,0.3541641842591664,0.5048310059877432
2000-06-01,2772.1,-0.20879081320422932,2.076812608167322,7.9273604346951805,-0.002090090850966675,-0.026358583665198054,-0.14988633710409915,-0.7815974590363561,-0.21771334390251862,0.09975649757401739,0.26748422109950076,0.14979979922239534,0.33306757289125943,0.5038104292817716
2000-07-01,2774.3,0.07936221637026009,1.9700812290954772,7.928153742107332,0.000793307412151556,0.010007207552709119,-0.14859583850660799,-0.28414847060200693,-0.24185715765385854,0.10128176203878884,0.2678140413474656,0.18297524006619892,0.3299104205846207,0.5041977957281354
2000-08-01,2790.7,0.5911401074144784,2.4298036336942497,7.934047739403606,0.005893997296274378,0.07434262109438095,-0.13897575805258414,0.5993521977024351,-0.1378628852058334,0.11261394486446616,0.27027270137774906,0.24189690809299644,0.34350917347917004,0.5070757932768332
2000-09-01,2796.8,0.21858315118072902,2.7177905097693467,7.936231185461216,0.0021834460576100057,0.027519951093379902,-0.13539755739590423,-0.04380633957315611,-0.07271708123278672,0.1168119803692468,0.271187202974379,0.19900393111915826,0.35202792811336375,0.5081419546755647
2000-10-01,2801.2,0.15732265446222193,2.5291900003660217,7.9378031757813625,0.0015719903201460994,0.019807768743262955,-0.1328165602009224,-0.14956254893388193,-0.1153805941756538,0.11983439127522921,0.27184684347030863,0.19195092880317366,0.3464490576961163,0.5089095465254654
2000-11-01,2802.9,0.060688276452958156,2.34791499306215,7.93840987446702,0.0006066986856572143,0.007643156075065605,-0.1318193567392246,-0.3163859679334181,-0.15638699784229576,0.12100086965660065,0.2721017045710088,0.18082528457219624,0.34108687824690187,0.5092057932392573
2000-12-01,2822.2,0.6885725498590567,2.6851986610391343,7.94527200162366,0.006862127156640696,0.08644208683041832,-0.12049816449759888,0.767553344177677,-0.08008971646337251,0.13419444196469313,0.2749951276554277,0.25311443454191346,0.3510638495893999,0.5125565218098571
2001-01-01,2835.0,0.45354687832188656,2.8291621327529937,7.949797216161852,0.0045252145381917686,0.056954809568088294,-0.11298980902128732,0.36182003387754674,-0.047523593189391394,0.14289491396942525,0.2769140818254051,0.22605561696026102,0.35532234049194106,0.5147661523362369
2001-02-01,2850.6,0.5502645502645453,3.526420918830575,7.955284777420931,0.005487561259078788,0.06902768850409746,-0.10383900078453277,0.5287872462044384,0.11020402556657491,0.1534456564162012,0.279252807220065,0.23719085093237036,0.375947504374693,0.5174456900180646
2001-03-01,2881.8,1.0945064197011245,4.587355737823917,7.966170377898834,0.01088560047790299,0.13683483096418314,-0.08553738431102342,1.4683316536140414,0.3501991694018694,0.17437502040841948,0.2839302580093849,0.2998501398903123,0.4073303351795252,0.5227610523972283
2001-04-01,2913.3,1.0930668332292282,4.426840633737195,7.977041738268418,0.010871360369583805,0.1364690918455036,-0.06705979075603818,1.4658464434628031,0.31388888454423575,0.19527700544153434,0.28865268428706353,0.29968439838862315,0.4025822410808196,0.5280694614313569
2001-05-01,2897.5,-0.5423403013764538,4.3054105619352745,7.971603575213907,-0.005438163054511058,-0.06817267895719015,-0.07632791704711026,-1.357415994517607,0.28642006456933505,0.1848212391980518,0.28628397523349775,0.11139780383237963,0.3989902961943334,0.5254140445464196
2001-06-01,2915.1,0.6074201898188081,5.15854406406695,7.977659403513503,0.0060558282995959445,0.07596750443568112,-0.06600392826718204,0.6274570922982703,0.479408261289161,0.1964645688438442,0.28892253721721656,0.24377125559347088,0.4242262898407068,0.5283710630392154
2001-07-01,2936.9,0.7478302631127587,5.860937894243579,7.985109882270307,0.0074504787568043795,0.09339178799139258,-0.05321626034658899,0.8698520760650911,0.6382974835904994,0.21078934423257756,0.2921907560379593,0.25993685373872105,0.4450033501616289,0.5320090795704178
2001-08-01,2955.9,0.6469406517075837,5.919661733615222,7.991558451996538,0.006448569726231312,0.08075743253763701,-0.04207104518643916,0.6956826938755309,0.6515814629870196,0.2231877841076642,0.2950392036340195,0.24832129883766985,0.44674042230048,0.5351578709477792
2001-09-01,3006.8,1.7219797692750172,7.508581235697931,8.008631669303314,0.017073217306776023,0.21364064855848852,-0.012213600362669306,2.5515615730633407,1.0110125586756955,0.25601386294981116,0.3026700448255701,0.3720919796536895,0.49374122857402064,0.5434946032344307
2001-10-01,3008.9,0.06984169216441849,7.414679423104387,8.009329842445359,0.0006981731420445669,0.008717758174858758,-0.010981760792337009,-0.30058409559805216,0.9897709341985524,0.2573562160748504,0.30298487324408196,0.18187912947503387,0.49096357942523844,0.543835516283821
2001-11-01,3035.2,0.8740735817075906,8.2878447322416,8.01803259918075,0.008702756735390338,0.10865773924393363,0.004445563350396539,1.0877904792265276,1.1872905463432548,0.27408870261249724,0.30692772439020727,0.2744714146078291,0.5167921210761787,0.5480850113704914
2001-12-01,3066.8,1.041117554032689,8.666997377932129,8.028389951684739,0.010357352503989503,0.12917573451931563,0.022981815932540676,1.376164525405677,1.2730590517302025,0.2940024226678808,0.31166514249733895,0.2937034089074159,0.528007591730823,0.5531424339682797
2002-01-01,3073.1,0.20542585104994515,8.398589065255724,8.030442103091422,0.0020521514066835778,0.02556118249155137,0.02667733464353756,-0.06652026227683402,1.2123421344850096,0.29794802253118735,0.31260962775287465,0.19748911368760963,0.5200679779934526,0.5541444851096545
2002-02-01,3084.4,0.3677068757931723,8.201782080965426,8.034112427958805,0.0036703248673823907,0.04570514076640553,0.033305804712468884,0.2136313353649309,1.1678222265161515,0.30500482801243484,0.3143037044810578,0.21617274350885718,0.5142463571185226,0.5559366790046073
2002-03-01,3082.4,-0.06484243288807923,6.9609271982788545,8.033463793311947,-0.0006486346468577153,-0.008073507219052978,0.032132624169295215,-0.5330941679872472,0.8871271821856666,0.30375772082256447,0.31400386789199886,0.16637276735253004,0.47754142658032805,0.5556199552550329
2002-04-01,3068.7,-0.4444588632234736,5.334157141386053,8.029009298131072,-0.004454495180874929,-0.055449246993355406,0.024096337448555445,-1.188439730524823,0.519133874018647,0.29519321845713564,0.3119499872569449,0.12266702375328689,0.42942098737910095,0.5534448564949186
2002-05-01,3079.8,0.36171668784827915,6.291630716134611,8.032619938794312,0.0036106406632399057,0.04496993999099086,0.030607489463169504,0.20329025743797324,0.7357249446258939,0.30213527120282024,0.31361408032622223,0.21548308521825194,0.45774339763324157,0.5552079070115181
2002-06-01,3092.0,0.39612961880641784,6.068402456176458,8.036573409707312,0.0039534709130002454,0.04921770161072647,0.03776389077652876,0.26269854379007596,0.6852282530312187,0.3097364717005598,0.31544308351948186,0.219445091645703,0.4511402259890392,0.5571383591350125
2002-07-01,3108.9,0.5465717981888885,5.856515373352855,8.04202424485828,0.005450835150968558,0.06782536378482362,0.04767726636634629,0.522412314844921,0.6372970606443557,0.32021660214148295,0.3179767026970301,0.23676569948344167,0.4448725304144025,0.5597999637157882
2002-08-01,3123.7,0.4760526231142759,5.6767820291619975,8.046773475618497,0.004749230760216605,0.059055165908672436,0.056358802385831255,0.4006725144413216,0.5966393981575955,0.3293477823152717,0.3201954934560664,0.22864673323659587,0.4395559539105977,0.562118979792491
2002-09-01,3131.8,0.2593078720747988,4.157243581215919,8.049363198111342,0.002589722492844615,0.03218336517973874,0.06111018358568482,0.026498217845315385,0.2529030612503912,0.33432695133783547,0.32140983164175524,0.20369262230139817,0.3946074639943398,0.5633835231255743
2002-10-01,3149.6,0.5683632415862894,4.676127488450921,8.055030739629528,0.005667541518185715,0.07040981228820797,0.07155149041993028,0.5600316710965936,0.3702803173468991,0.34522373554518393,0.32407837728438,0.23927457729187257,0.4099562352633959,0.5661509439058302
2002-11-01,3172.5,0.7270764541529084,4.52358987875594,8.062275199588543,0.007244459959014904,0.08993708643931786,0.08498440763926882,0.8340240256417363,0.3357746296046736,0.3591524057840978,0.32751150622910513,0.2575474401606378,0.40544411829755517,0.5696883629027584
2002-12-01,3179.0,0.2048857368006196,3.658536585365857,8.064321960910803,0.0020467613222603376,0.025386894785794922,0.08879724440458323,-0.06745268102447906,0.1400900447879214,0.3630876423202666,0.32848597514354677,0.19742692961703484,0.3798555329692097,0.5706877821037069
2003-01-01,3183.0,0.12582573136206143,3.576193420324758,8.065579427282092,0.0012574663712889844,0.01559295843325259,0.09114360549093056,-0.20393682553998307,0.12146311372287928,0.36550532901068894,0.32908564832166465,0.18832464623167258,0.377419792742613,0.5713017941149487
2003-02-01,3185.3,0.07225887527491093,3.271300739203742,8.066301755093283,0.0007223278111911924,0.008955684060940605,0.09249276311558038,-0.29641122504052003,0.05249303040579469,0.36689412347478956,0.3294304603990825,0.18215742297557141,0.36840095835811104,0.5716545017199011
2003-03-01,3191.1,0.1820864596741245,3.526472878276654,8.068120963925729,0.0018192088324457956,0.022553195847119234,0.09589498669078385,-0.10681189706450177,0.11021577936568877,0.37039185278328346,0.3302999865073535,0.19480201857338403,0.37594904135366264,0.5725428086357623
2003-04-01,3223.5,1.0153238695120859,5.044481376478638,8.078223004750674,0.010102040824945036,0.12520933771460463,0.1149005114901973,1.3316359556671733,0.45360602478610107,0.3898146939870104,0.33515733925010865,0.2907337477651381,0.42085227481014637,0.5774755643310211
2003-05-01,3261.5,1.1788428726539513,5.899733748944724,8.089942491236151,0.011719486485477049,0.1450750552266955,0.13719094181049696,1.6139247201574547,0.6470735333180869,0.41234734149270713,0.34085423444222895,0.3095599076829478,0.4461509453976587,0.58319810740014
2003-06-01,3278.1,0.5089682661352013,6.018758085381637,8.09501926524481,0.005076774008658802,0.06275414212348895,0.14692834031883834,0.45749597851735263,0.6739981494506606,0.42210827763482817,0.34334287813141834,0.23243635491605208,0.4496717277729617,0.5856770605481926
2003-07-01,3292.9,0.45148104084684615,5.918492071150561,8.099523914469167,0.004504649224356783,0.055647171140127405,0.15560987633832357,0.3582537039876749,0.6513168724519369,0.43076920942864216,0.3455616688904547,0.2258177743491758,0.44670582326708974,0.587876649176039
2003-08-01,3310.1,0.5223359348902168,5.967282389474016,8.104733679395114,0.005209764925947269,0.06432186608698043,0.16569922900961698,0.48057306817949313,0.6623537799548105,0.44078584256435027,0.34814026355636174,0.23397539236659165,0.44814905830608276,0.5904205408564178
2003-09-01,3284.5,-0.7733905320080892,4.875790280349945,8.096969712332527,-0.007763967062587085,-0.09579546188328569,0.15068251805699412,-1.7562863575151908,0.4154462404578302,0.42585833415483876,0.344302355216407,0.08479668403993444,0.4158623319471988,0.5866294501838075
2003-10-01,3282.9,-0.04871365504642844,4.232283464566944,8.096482457092508,-0.0004872552400190244,-0.006017748087616681,0.14974397362245523,-0.5052504759259167,0.2698779095406007,0.4249215055162924,0.34406248594515987,0.16822969495783296,0.39682717054054784,0.5863915268669354
2003-11-01,3284.1,0.036553047610343725,3.517730496453897,8.096847920778622,0.00036546368611389823,0.004513857567789437,0.1504478819483593,-0.35805148570055456,0.10823815628700946,0.4256241697862279,0.34424238789859524,0.1780465636338733,0.3756904385774477,0.5865699802220868
2003-12-01,3274.3,-0.29840747845679694,2.9977980497011725,8.09385938476559,-0.0029885360130315064,-0.036909869646462035,0.14469929728680853,-0.9363059468928939,-0.009376290999633656,0.4198782159320921,0.34277318861220635,0.13948211357773704,0.36031065113502464,0.5851106990437367
2004-01-01,3264.7,-0.29319243807838236,2.566760917373534,8.090923153874884,-0.0029362308907057155,-0.036277265901507594,0.1390680306795747,-0.9273030342227844,-0.10688163884888136,0.4142328273105345,0.3413339729847233,0.14008252809993596,0.34756041883774413,0.5836769580898338
2004-02-01,3279.0,0.43801880724110287,2.9416381502527233,8.095293776844649,0.004370622969764426,0.054018841690162134,0.14745627156326652,0.335013363606271,-0.022080278939905794,0.42263607150387383,0.3434778045964949,0.22426784952182865,0.3586494212546825,0.5858111026374085
2004-03-01,3291.2,0.37206465385788423,3.1368493622888627,8.099007518898693,0.003713742054044289,0.04587532159323615,0.15461267287662578,0.22115432512253802,0.022078647765250665,0.4297763536941012,0.34530680778975453,0.2166744602827872,0.3644238386164855,0.5876244968401496
2004-04-01,3307.8,0.5043753038405541,2.615169846440213,8.104038594823693,0.0050310759250002945,0.06211965988747181,0.16435007138496743,0.44956698172435255,-0.09593100579746193,0.4394494277262195,0.347795451478944,0.23190756106950153,0.3489923722463279,0.590081135934405
2004-05-01,3334.6,0.8102061793336945,2.241300015330361,8.112108011126358,0.008069416302664223,0.0995727773041244,0.18007069066349438,0.977533874422686,-0.18050448032818076,0.4549642127255431,0.351813261772334,0.26711827578283937,0.3379331691334688,0.5940213753290124
2004-06-01,3323.4,-0.3358723684999676,1.3818980507001033,8.108743634267114,-0.003364376859243734,-0.041473521489476806,0.17350087962172198,-1.0009829405073636,-0.37491067232164726,0.4484956427980463,0.3501341768736039,0.13516873104907787,0.3125117521279242,0.5923785737010037
2004-07-01,3326.9,0.10531383522898174,1.032524522457412,8.109796218458246,0.0010525841911324108,0.012980854231026129,0.17555394557227588,-0.23934725310806537,-0.4539428132805116,0.4505194096736894,0.35065889090445707,0.18596308439849632,0.30217715840148673,0.5928925431803911
2004-08-01,3339.2,0.3697135471459889,0.8791275188060776,8.113486536322936,0.0036903178646898738,0.045504446292876644,0.18276900591279377,0.21709552463982024,-0.4886429054031703,0.4576146549928488,0.35250288592716966,0.21640377424574248,0.2976396202555281,0.5946944995157302
2004-09-01,3346.8,0.22759942501198172,1.8967879433703816,8.115759944421443,0.002273408098506735,0.028020113034377125,0.18722709197685392,-0.028241220221723748,-0.2584369063197057,0.46198565737283603,0.35364226496559376,0.2000419866952595,0.3277423790198963,0.5958045887481817
2004-10-01,3343.7,-0.0926257918011375,1.8520210789241043,8.114833257261488,-0.0009266871599553639,-0.011418365825277554,0.1854086621349345,-0.5810575845337198,-0.26856366423121775,0.4602039483236209,0.35317751825255234,0.1631740323559783,0.32641815918336253,0.5953520939062775
2004-11-01,3341.8,-0.056823279600426435,1.7569501537712195,8.114264862960043,-0.000568394301444286,-0.007004386700559806,0.18429414061891974,-0.5192504138648854,-0.29006975484880193,0.45911111644446284,0.35289267349294634,0.16729602311668,0.32360592726758586,0.5950745509546911
2004-12-01,3351.3,0.28427793404752766,2.3516476804202435,8.117103609244912,0.0028387462848691314,0.03498463918558681,0.18986674819899466,0.06960493821476409,-0.15554262284077794,0.46456907481783766,0.35431689729097643,0.20656745868630674,0.341197292471894,0.5964606908591652
2005-01-01,3356.4,0.15217975114134585,2.808833889790807,8.118624249995914,0.0015206407510017783,0.018733785155466975,0.19285835858408745,-0.15844092879462227,-0.052122065693345834,0.46749275769998283,0.35508148059307676,0.19135881951617753,0.35472102380591963,0.5972032090745365
2005-02-01,3346.6,-0.2919795018472282,2.0616041476059666,8.115700184060474,-0.0029240659354403675,-0.03601676645451635,0.1871097739225364,-0.9252090985729875,-0.22115366522536783,0.46187075821320145,0.3536122813066878,0.14022217505850995,0.33261770119692485,0.595775408182984
2005-03-01,3339.4,-0.21514372796270775,1.464511424404491,8.113546429114857,-0.0021537549456169813,-0.026538128525832594,0.1828863239671113,-0.7925647253700866,-0.3562226170802179,0.45772980877285036,0.3525328695860756,0.14906837971218975,0.3149554852232723,0.5947237447460327
2005-04-01,3336.0,-0.10181469725100145,0.8525303827317199,8.112527763478637,-0.0010186656362201063,-0.012555121796864466,0.18089191704371602,-0.5969207240870456,-0.4946594705903031,0.45577125591854584,0.35202314738467533,0.1621161014724425,0.29685286747263173,0.5942263374591585
2005-05-01,3346.6,0.3177458033573055,0.35986325196424307,8.115700184060474,0.0031724205818370876,0.039105204620915046,0.1871097739225364,0.12738173048998894,-0.606106203032972,0.46187075821320145,0.3536122813066878,0.21042065891152825,0.2822795978134756,0.595775408182984
2005-06-01,3361.7,0.4512042072551292,1.1524342540771393,8.120202077387452,0.004501893326978035,0.055471410043206326,0.1959672870234975,0.357775796153884,-0.42681791100363703,0.4705263913393414,0.355876047554083,0.2257859021302401,0.3057241310824714,0.5979736511254659
2005-07-01,3357.4,-0.12791147336168596,0.9167693648742148,8.118922143888314,-0.0012799334991377975,-0.01576233555445894,0.1934449488556743,-0.6419725317908469,-0.4801279051414951,0.4680655078865942,0.35523139888760624,0.15911154499301738,0.2987530795040979,0.5973486685732439
2005-08-01,3353.5,-0.11616131530350904,0.42824628653570507,8.117759855539791,-0.001162288348522722,-0.014315796209452003,0.19115724679648557,-0.6216878092994153,-0.590637207271815,0.46583081665761455,0.3546467175389413,0.16046435628963998,0.28430239239562866,0.5967811313230923
2005-09-01,3325.0,-0.8498583569405138,-0.6513684713756462,8.109224953089955,-0.008534902449836679,-0.10513864171545206,0.17443942405626084,-1.8882955271448867,-0.8348579590777442,0.4494210576945409,0.350374046144851,0.07599284183759455,0.25236700232700987,0.5926135983069961
2005-10-01,3337.0,0.36090225563909506,-0.2003768280647078,8.112827478751374,0.0036025256614191647,0.04442503053323499,0.18147850731530285,0.20188427368272613,-0.7328386810153812,0.4563475080095421,0.3521730656792048,0.21538931855677704,0.2657074961849169,0.5943726863251123
2005-11-01,3362.3,0.7581660173808791,0.6134418576814848,8.120380542587213,0.007553063835839424,0.09310026443458685,0.19631924118644983,0.8876950621790142,-0.5487439288732767,0.4708695201482052,0.35596599853080074,0.26112682284924704,0.28978054352331706,0.5980607944310398
2005-12-01,3376.0,0.4074591797281535,0.7370274221943696,8.124446855715847,0.004066313128634036,0.050075401113391926,0.20435552790718933,0.2822571742450295,-0.5207875127011895,0.47868767843430765,0.3580198791658546,0.22074947903562683,0.2934362486539184,0.6000463466171332
2006-01-01,3376.9,0.02665876777252496,0.6107734477416304,8.124713407865393,0.0002665521495455181,0.0032808651995619442,0.20488345915161754,-0.3751323385511298,-0.5493475525981861,0.4792001689461605,0.3581548056309311,0.17690742206060472,0.289701611004409,0.6001765021625858
2006-02-01,3387.5,0.3138973614853935,1.2221358991215014,8.127847465187957,0.003134057322563777,0.03857437382996931,0.2111013160304379,0.12073802620876725,-0.4110506310270494,0.48522591154157957,0.35974393955294365,0.2099775826896646,0.3077859306332875,0.6017068403759267
2006-03-01,3389.7,0.06494464944648559,1.5062586093310015,8.12849670088331,0.0006492356953540224,0.007987793793318154,0.21239181462792883,-0.30903803741484565,-0.34677894394234965,0.4864741743464095,0.36007375980090844,0.1813153264456565,0.3161903818612862,0.6020238576132669
2006-04-01,3391.6,0.05605215800807972,1.6666666666666607,8.129057065429848,0.0005603645465370732,0.0068938275693319895,0.21350633614394388,-0.32438946674817004,-0.3104928742390861,0.48755156769614855,0.3603586045605145,0.18029152210077592,0.32093530947886906,0.6022974796918401
2006-05-01,3384.8,-0.20049534143176118,1.1414570011354819,8.127050099405858,-0.0020069660239894205,-0.024688792412641547,0.20951752229715356,-0.767276686327863,-0.4293010865498494,0.4836928441906005,0.35933916015771405,0.15075486790053955,0.30539942002048853,0.6013174922559767
2006-06-01,3395.3,0.31021035216260984,0.9994943034774106,8.130147401331822,0.0030973019259636914,0.038111022918263515,0.2156767201488153,0.11437300877107061,-0.4614146126909016,0.4896479184682099,0.3609133022502736,0.20955309241149822,0.3012001127289925,0.6028298830669014
2006-07-01,3397.5,0.0647954525373251,1.1943766009411938,8.1307951460253,0.0006477446934773923,0.00796719495357312,0.21696721874630623,-0.30929560143091384,-0.4173300900854966,0.49089331457578667,0.3612431224982384,0.18129814920743262,0.30696480068029,0.6031461722584809
2006-08-01,3398.0,0.014716703458428348,1.326971820486067,8.130942302231878,0.00014715620657845818,0.0018098624296358778,0.21726051388209966,-0.39574835574740097,-0.3873355906903891,0.4911762466765418,0.36131808164550316,0.1755325163419654,0.31088701462407836,0.6032180276022349
2006-09-01,3428.2,0.8887580929958672,3.103759398496231,8.139790621072956,0.008848318841078395,0.10882279706558862,0.2349755400840219,1.1131408817428323,0.014593333420065429,0.5081886003928163,0.3658456141402935,0.27616206188744913,0.3634450256710987,0.6075385996443728
2006-10-01,3467.9,1.1580421212298075,3.922685046448904,8.151304502421256,0.011513881348300004,0.14145181226765668,0.2582631738660193,1.5780156312615499,0.19984333667407952,0.5303259380795111,0.37179737043311395,0.30716508955663013,0.3876691387752589,0.6131607471667939
2006-11-01,3483.8,0.4584907292597862,3.613597834815452,8.155878931043361,0.004574428622104776,0.05611897605770633,0.26758995918425005,0.3703547824160577,0.12992440434607389,0.5391210322851819,0.3741810713161327,0.22662480908214527,0.37852622868033536,0.6153944085852395
2006-12-01,3486.0,0.06314943452552235,3.258293838862558,8.156510226079966,0.000631295036605195,0.00774036792285937,0.26888045778174097,-0.312137181809663,0.04955072625821698,0.5403348012117939,0.37451089156409756,0.1811086409684978,0.3680162096012647,0.6157026655247197
2007-01-01,3499.0,0.3729202524383357,3.6157422488080737,8.160232492367689,0.00372226628772232,0.04563552529881498,0.2765061313123698,0.22263137587220377,0.13040949441512262,0.5474914726485093,0.3764598293929808,0.21677296648323816,0.37858966121200577,0.6175202220509906
2007-02-01,3493.3,-0.16290368676764588,3.123247232472326,8.158602127176666,-0.0016303651910227757,-0.01997939632906176,0.27316256676432493,-0.7023808543671461,0.01900169615300787,0.5443568264163217,0.3756052951141628,0.15508284500829944,0.3640214827592022,0.6167241261609887
2007-03-01,3491.8,-0.04293934102425068,3.0120659645396453,8.158172641550674,-0.0004294856259914326,-0.005264206040400676,0.2722826813569447,-0.4952820689531485,-0.0061487314808141525,0.543531069397768,0.37538041767236857,0.1688944993971241,0.3607327011510081,0.6165144113415425
2007-04-01,3516.5,0.7073715562174288,3.682627668357119,8.165221455748073,0.007048814197398556,0.08640187585020609,0.28677146106513934,0.8000067482260479,0.14553971315974645,0.5570835783613607,0.37908339954724674,0.2552787891013134,0.3805681558069985,0.61995629788502
2007-05-01,3508.8,-0.21896772358879213,3.6634365398251045,8.163029377663625,-0.0021920780844482124,-0.02684652334695725,0.2822547159739209,-0.7991662272136801,0.14119846846690792,0.5528689463599464,0.3779290286793697,0.14862811801906278,0.3800004753718842,0.6188859215281147
2007-06-01,3516.7,0.22514819881440662,3.5755308809236164,8.165278328864167,0.0022489512005421375,0.0275504484486655,0.28688877911945665,-0.03247286059076,0.12131324001148161,0.5571929263160755,0.3791133832061526,0.19975977376891088,0.37740019459053487,0.6199840686287916
2007-07-01,3525.3,0.2445474450479157,3.7615894039735087,8.167720818008005,0.0024424891438386,0.029913115578739102,0.2919334554551036,0.0010167592459571064,0.16340172763743216,0.5618890149188319,0.3804026805391062,0.20199323474200745,0.38290387214370647,0.6211767189500145
2007-08-01,3560.9,1.009843133917676,4.793996468510886,8.177768600884033,0.010047782876027256,0.12301819687414728,0.3128160691235948,1.322174363743808,0.3969435791390341,0.5812075362584709,0.3857397718243557,0.2901027433999875,0.41344284178449203,0.6260829808692951
2007-09-01,3554.6,-0.17692156477295828,3.687066098827385,8.175997818325891,-0.0017707825581414482,-0.021653615363359524,0.30912055041259767,-0.7265804237558002,0.14654373502805046,0.5778029144568857,0.38479528656881995,0.15346894810356232,0.3806994461652691,0.6252183201635922
2007-10-01,3550.9,-0.10409047431496621,2.39337927852592,8.174956371465171,-0.0010414468607198302,-0.01273785639209768,0.3069501664077265,-0.6008494802762242,-0.14610247561349443,0.5758005609375917,0.3842405888790609,0.16185408823777084,0.3424317280461816,0.6247097889645459
2007-11-01,3535.3,-0.4393252414880755,1.478270853665542,8.170553440359209,-0.004402931105962793,-0.05385877191138588,0.2977993581709719,-1.179577373800518,-0.35311008260073806,0.5673351990187508,0.381901863484401,0.1232580644390248,0.31536249405429584,0.622559868580623
2007-12-01,3539.4,0.11597318473679508,1.5318416523235845,8.171712500237085,0.001159059877876345,0.014185818455714205,0.3002043782844779,-0.2209456328375445,-0.34099177778206174,0.5695636829799335,0.3825165284919719,0.1871903094585697,0.3169471374086918,0.6231258293911973
2008-01-01,3543.1,0.10453749223031661,1.2603601028865263,8.172757329135523,0.0010448288984381549,0.01278592337172757,0.30237476228934906,-0.24068748208269855,-0.40240389503879986,0.5715725390250723,0.3830712261817309,0.18587370299839528,0.30891661623049077,0.6236360120155453
2008-02-01,3575.2,0.9059862831983345,2.3444880199238405,8.181776397619242,0.009019068483718584,0.11035527081619811,0.32120431000728633,1.1428825290939892,-0.15716221691940052,0.5889131871179053,0.38788360343612727,0.278145566297421,0.3409855071577012,0.6280399599108196
2008-03-01,3593.4,0.5090624300738478,2.909674093590686,8.186854108498471,0.005077710879229258,0.06206122769019107,0.3318802529501669,0.4576585371276017,-0.029310900688604622,0.5986759245483634,0.39061211639656385,0.23244719613531947,0.3577039130442794,0.6305193705262021
2008-04-01,3604.9,0.3200311682528989,2.5138632162661656,8.19004931008327,0.0031952015847984683,0.03902844172440911,0.33862604107341543,0.13132703849940003,-0.118847681586422,0.6048192270820646,0.3923361767836529,0.21068377600598404,0.3459956859492597,0.6320795650540242
2008-05-01,3589.6,-0.4244223140725145,2.3027815777473704,8.185796054661774,-0.004253255421495794,-0.05193198795835352,0.3296512099181368,-1.1538499116304044,-0.16659667359836747,0.5966416413761532,0.3900424268773518,0.12497385825734604,0.33975181570478274,0.6300027302572406
2008-06-01,3561.0,-0.7967461555605015,1.2597036994909994,8.177796683277778,-0.007999371383995424,-0.09772258349192153,0.31287472815075346,-1.796606014495919,-0.40255238071813026,0.5812615292964908,0.3857547636538087,0.08210772009366817,0.3088971995836499,0.6260966933052361
2008-07-01,3557.4,-0.10109519797809607,0.9105608033358914,8.176785219941378,-0.0010114633364004533,-0.012368408944041231,0.3107630031730409,-0.5956786264904506,-0.48153235015802687,0.5793168240525971,0.3852150577935025,0.16219893837893165,0.2985694280367217,0.6256028028508583
2008-08-01,3569.3,0.3345139708776035,0.2358954196972629,8.180124777116424,0.0033395571750460817,0.04084193341535869,0.31774342740492423,0.1563292240602887,-0.6341490923822849,0.5857376740398115,0.3869990854984034,0.21235120029938076,0.2786125850662007,0.6272334852011191
2008-09-01,3596.7,0.7676575238842354,1.1843808023406233,8.187772037381718,0.007647260265294165,0.09348586328030706,0.3338160008464033,0.9040805928665966,-0.41959124984757207,0.6004407943647273,0.3911068467685111,0.26221959259380134,0.3066691213881931,0.6309675887630061
2008-10-01,3675.2,2.18255623210164,3.500520994677392,8.209362831934834,0.02159079455311641,0.26369559941998855,0.37986333716596965,3.3466713654819795,0.10434517739684071,0.641952661257203,0.4028754328890754,0.42511875927532455,0.3751813753693988,0.641510222339982
2008-11-01,3765.8,2.465171963430568,6.519955873617511,8.233715601062329,0.02435276912749451,0.29664627603935845,0.43300841577173693,3.8345611158441786,0.7873746105905933,0.6887748802356065,0.4164580303734465,0.4576566836208585,0.4644973373263242,0.6534015087335533
2008-12-01,3881.2,3.0644219023846064,9.65700401197942,8.263899663151145,0.030184062088816077,0.3665910210078449,0.5007009331128572,4.869067941582661,1.4970094587509817,0.7468087226040567,0.43375860156214857,0.5266491246504725,0.5572923414965507,0.6681401745887728
2009-01-01,3911.1,0.7703802947542027,10.386384804267458,8.271573943336843,0.007674280185698379,0.09286511814656784,0.5182399822333036,0.9087810106168587,1.6620034291835488,0.7615637931865931,0.4382411585685801,0.2625330688187823,0.5788676857937517,0.6718874717883188
2009-02-01,3911.2,0.0025568254455210493,9.398075632132464,8.271599511264435,2.5567927592007322e-05,0.00030910595452127154,0.5182986412604622,-0.416740392603436,1.4384370067474057,0.7616129517483267,0.438256150398033,0.17413253344301488,0.5496331475575521,0.6718999564280693
2009-03-01,3946.6,0.9050930660666756,9.82913118495019,8.280609727735326,0.009010216470890953,0.10892955417656225,0.5390639368746362,1.141340536079888,1.5359465215144403,0.7789365803851445,0.4435632580243767,0.2780427290232275,0.5623839247395074,0.6762995819475538
2009-04-01,3944.9,-0.043075051943441967,9.431606979389162,8.280178884416236,-0.0004308433190907124,-0.005203038583589947,0.5380667334129386,-0.49551635161736657,1.4460221668946596,0.7781082129774696,0.4433083969236766,0.1688788748188292,0.5506250167834236,0.676089204176088
2009-05-01,3966.4,0.5450074780095848,10.49699130822377,8.285614161280925,0.005435276864689698,0.0656420222384213,0.5506784242520556,0.5197117723868696,1.687023838874034,0.7885584300445475,0.44653164025606046,0.23658559722442363,0.582139465678277,0.6787432117547746
2009-06-01,3938.4,-0.7059298104074241,10.59814658803706,8.278529828443991,-0.007084332836933882,-0.08550160192154488,0.5342538966476242,-1.639826475872242,1.709906277544041,0.7749376306327748,0.44233392800923493,0.0925635264779544,0.5851316749776269,0.675283981708683
2009-07-01,3941.5,0.07871216737760367,10.797211446562095,8.279316640499962,0.0007868120559706426,0.009504248607861143,0.5360723264895434,-0.2852706736699643,1.7549369415386478,0.7764504067029881,0.44279867472227635,0.18290039906267627,0.5910200845787056,0.6756681765181718
2009-08-01,3928.1,-0.3399720918432103,10.052391225170187,8.275911127398773,-0.0034055131011889728,-0.04113278002353393,0.5282120168502797,-1.0080604410735328,1.5864504021544514,0.7699027455592841,0.44078976957558125,0.1346967244578213,0.5689880364552038,0.6740052883516848
2009-09-01,3919.9,-0.20875232300603397,8.986014958156098,8.273821422255036,-0.002089705143736964,-0.02525045413813709,0.5234019766232678,-0.7815310120162252,1.3452243428312003,0.7658849424368507,0.43956043956043955,0.14980423065001275,0.537444245674781,0.6729848999838487
2009-10-01,3920.3,0.010204341947495088,6.669024814976066,8.273923460468435,0.0001020382133987141,0.0012332658416269737,0.5236366127319027,-0.40353820849466693,0.8210956473425653,0.766081127747314,0.4396204068782514,0.17501300217064858,0.4689068498441147,0.6730347245279185
2009-11-01,3920.7,0.010203300767797074,4.113335811779684,8.2740254882711,0.00010202780266510558,0.0012331248065322598,0.5238712488405372,-0.4035400059208065,0.2429706400943631,0.7662772930414233,0.4396803741960631,0.17501288229824769,0.39330865649498525,0.6730845439884999
2009-12-01,3916.4,-0.10967429285586583,0.9069359991755288,8.272928143479916,-0.0010973447911837297,-0.013262526115487283,0.5213489106727139,-0.6104890280154002,-0.4823523207917237,0.7641674665227788,0.43903572552958636,0.16121121579613903,0.2984622050352434,0.6725487182219867
2010-01-01,3898.0,-0.46981922173424673,-0.3349441333640124,8.268218880067506,-0.004709263412410181,-0.05692377995718534,0.5105556496755161,-1.2322202339127126,-0.7632792879336063,0.755113130173246,0.4362772289102439,0.11974725200979977,0.2617269472402821,0.6702492179209506
2010-02-01,3924.5,0.6798358132375615,0.34004908979341497,8.274994233566868,0.006775353499362424,0.08194453482230912,0.5261002918725672,0.7524708000135643,-0.6105883847985548,0.7681398657999997,0.44025006371527514,0.25210856245588226,0.28169348782084047,0.6735575755231932
2010-03-01,3921.5,-0.0764428589629218,-0.6359904728120425,8.27422951265272,-0.0007647209141481426,-0.00924134679207711,0.5243405210578067,-0.5531204027447274,-0.8313792863910726,0.7666695635969051,0.4398003088316867,0.16503719489793134,0.25282188901599273,0.6731841676633443
2010-04-01,3935.0,0.34425602448042714,-0.25095693173464717,8.277666160851503,0.0034366481987824216,0.04153435910287939,0.532259489724229,0.17314728326013157,-0.7442804576807839,0.7732770871057391,0.4418242058078347,0.21347281586412042,0.2642113186562439,0.6748622588796543
2010-05-01,3962.0,0.686149936467606,-0.11093182734973617,8.284504227258497,0.0068380664069938035,0.08260862752997866,0.5480974270570734,0.7633710991298833,-0.7126052364835995,0.7864243986505133,0.4458719997601307,0.25283551584592,0.26835331124680684,0.6782012387549252
2010-06-01,3972.4,0.2624936900555319,0.8632947389803025,8.287125725029204,0.002621497770707748,0.03164338744716666,0.5541979658815765,0.031998010556819695,-0.4922244546214388,0.791464660890461,0.4474311500232373,0.204059409754978,0.29717128097440815,0.679481297733368
2010-07-01,3970.3,-0.05286476689154718,0.7306862869465913,8.286596937576842,-0.0005287874523620673,-0.006380830578744945,0.5529661263112443,-0.5124166903199887,-0.522221947351297,0.7904479797172479,0.4471163216047254,0.16775177194013258,0.2932486756088746,0.6792230945284493
2010-08-01,3986.7,0.413067022643121,1.491815381482131,8.290719100005571,0.0041221624287288705,0.04974493703242544,0.5625862067652682,0.2919381961293689,-0.35004616119545534,0.798373517502788,0.44957498163500886,0.22139511743533954,0.31576314602385097,0.6812359175361413
2010-09-01,3994.4,0.19314219780772746,1.9005586877216318,8.2926486591864,0.0019295591808283774,0.023273725204697726,0.5671029518564868,-0.08772597678430515,-0.2575839224070813,0.8020834135734789,0.4507293525028859,0.1960748803821859,0.3278539189843362,0.682178107753297
2010-10-01,4003.2,0.22030843180451676,2.114634084126199,8.294849320272592,0.0022006610861922127,0.02653749334664557,0.5722649462464509,-0.0408279252828884,-0.20915770938066705,0.80631454781269,0.45204863349474533,0.19920256496783914,0.33418634565614297,0.6832526751297665
2010-11-01,4002.5,-0.01748601119104798,2.0863621292116274,8.29467444487087,-0.0001748754017221188,-0.0021082408488637405,0.5718543330563401,-0.4513410658114849,-0.2155531370400831,0.8059783209831864,0.4519436906885747,0.17182497505239025,0.33335005113387656,0.6831672846974021
2010-12-01,4001.7,-0.01998750780762837,2.1780206311919015,8.294474549815108,-0.00019989505576134547,-0.0024099204506411454,0.5713850608390706,-0.45565948982155835,-0.194818974137073,0.8055939897383675,0.4518237560529511,0.1715369744259631,0.3360613423536338,0.6830696773434181
2011-01-01,3998.9,-0.06997026263837469,2.5885069266290417,8.293774602282594,-0.0006999475325137894,-0.008438720600201233,0.5697426080786276,-0.5419465257983547,-0.10196245199056789,0.804248225054722,0.4514039848282686,0.16578239350572638,0.3482036735570052,0.6827278978716045
2011-02-01,4014.8,0.3976093425692051,2.300930054784045,8.297742811939646,0.003968209657051247,0.04784564142796821,0.5790693933968584,0.2652530443970894,-0.16701550848995794,0.8118777632210777,0.45378768571128736,0.2196154542069782,0.33969704699435016,0.6846655468204649
2011-03-01,4020.2,0.13450234133705052,2.51689404564579,8.299086931619296,0.001344119679650646,0.016198618228036032,0.582236980863427,-0.1889580801786335,-0.11816207459164606,0.8144620552021786,0.4545972445017465,0.18932359585706807,0.34608533896461585,0.685321871034532
2011-04-01,4029.7,0.23630665141036733,2.4066073697585733,8.301447210482463,0.002360278863166698,0.02844022339583141,0.587809588443502,-0.013209620622226595,-0.14311013564951883,0.8190000809684771,0.4560214682997766,0.20104446123012665,0.3428230197085847,0.6864743786521943
2011-05-01,4049.0,0.47894384197335604,2.1958606764260535,8.30622521603216,0.004778005549697539,0.05755629625234793,0.5991307806851279,0.405663730042683,-0.1907833593704081,0.8281865854253927,0.4589148913841956,0.22897960310219312,0.33658905726232646,0.6888074452568204
2011-06-01,4082.0,0.8150160533465067,2.75903735776859,8.31434234336979,0.008117127337628816,0.09772341980278654,0.6184882596474934,0.9858373337536647,-0.06338658981982362,0.8437931027659177,0.4638621951036685,0.2676720429634719,0.35324802460639915,0.6927709816152321
2011-07-01,4143.1,1.4968152866242201,4.3523159458982885,8.329199578884827,0.014857235515037814,0.1786940554220129,0.6543289252414491,2.1628519895084404,0.29703057915451425,0.8723585907831888,0.4730222028994198,0.34616849384013454,0.4003777742018359,0.7000256655323308
2011-08-01,4212.6,1.6774878714006514,5.666340582436624,8.345835313251259,0.01663573436643162,0.1997278875224051,0.695096949116734,2.4747536018828526,0.594277427880211,0.9043435364496841,0.4834415243692188,0.3669695683844441,0.4392470921878286,0.7081487779670179
2011-09-01,4212.4,-0.0047476617765940254,5.457640696975763,8.345787835506442,-4.747774481650424e-05,-0.0005688794834091127,0.6949796310624162,-0.42935039286974747,0.5470672146485316,0.9042522526473058,0.4834115407103128,0.17329155813177333,0.4330736750493274,0.708125594917157
2011-10-01,4224.0,0.27537745703163363,5.515587529976029,8.348537825386098,0.0027499898796552458,0.03295063250896568,0.7017840782128237,0.05423972309043337,0.5601754266439624,0.9095395621791093,0.48515059292685486,0.20554273495128839,0.43478776306224487,0.7094683956913607
2011-11-01,4238.9,0.35274621212120216,5.906308557151774,8.352059080604928,0.003521255218830177,0.042178107022805555,0.7105242732594673,0.187804201008864,0.6485608273658376,0.9163097566515223,0.4873843755153441,0.21445030243868554,0.4463454305722822,0.7111877999222616
2011-12-01,4258.9,0.4718205194743863,6.4272684109253575,8.356766189957494,0.004707109352565908,0.05635866924715849,0.722256078691204,0.39336648098499744,0.7664076854390195,0.9253599514653967,0.4903827414059337,0.22815948552603968,0.4617556090812685,0.7134862484109809
2012-01-01,4279.4,0.4813449482260701,7.01442896796618,8.36156809183285,0.004801901875357117,0.05746124477106207,0.734281179258734,0.4098088465396353,0.8992298718907096,0.9345924005533708,0.49345606644378803,0.22925604565275118,0.47912402803312004,0.7158309834238559
2012-02-01,4292.9,0.31546478478290396,6.926870578858213,8.364717774219272,0.0031496823864216594,0.037668561109938103,0.7422001479251563,0.12344392569192177,0.8794231996882724,0.9406481849135548,0.49547996341993605,0.21015804221480144,0.47653401961627295,0.7173689512463094
2012-03-01,4303.2,0.2399310489412887,7.039450773593359,8.367114210959032,0.0023964367397599773,0.028649343641284908,0.7482420277225008,-0.006952692183531451,0.9048900799760767,0.945255730166807,0.49702412185358974,0.20146174292957317,0.4798641819788396,0.7185391145015586
2012-04-01,4319.4,0.37646402677076196,7.1891207782216915,8.370871782703313,0.0037575717442805967,0.04490881383403256,0.7577447901222074,0.2287491215697181,0.9387470838612807,0.9524802821722351,0.4994527982249673,0.21718096592680744,0.48429147416278945,0.7203739104346907
2012-05-01,4347.3,0.645923044867347,7.3672511731291745,8.377310241719988,0.006438459016674614,0.076915035659475,0.7741106586994804,0.6939259624122277,0.9790421415612652,0.9648592825390502,0.5036355186423399,0.24820414041118938,0.48956063485438006,0.7235177648234761
2012-06-01,4381.5,0.786695190118003,7.337089661930429,8.385146410495905,0.007836168775916974,0.09354039124505054,0.7941720459877499,0.9369460040827239,0.9722192754540891,0.979925610662018,0.5087627243152482,0.26441142438149795,0.48866844658246855,0.727344111086398
2012-07-01,4403.3,0.49754650233939657,6.280321498394925,8.3901095387969,0.004963128300994768,0.059189524643032954,0.806959713908343,0.43777817490880033,0.7331666749852803,0.9894680441697017,0.5120309431359908,0.23112135208682913,0.45740886693398874,0.7297675718323275
2012-08-01,4408.6,0.12036427225037283,4.652708541043538,8.391312457722238,0.0012029189253386363,0.014337344700643406,0.8100686423477533,-0.21336513977459967,0.36498269344872314,0.9917808543901987,0.5128255100969972,0.18769586119356893,0.4092634944361974,0.7303549487082204
2012-09-01,4422.4,0.3130245429387779,4.985281549710385,8.394437814133296,0.0031253564110578225,0.037245144032049815,0.8181635880956512,0.119231248009205,0.4402143717967571,0.9977898680468383,0.5148943825615039,0.20987709393164813,0.4191011227941288,0.7318810383274873
2012-10-01,4439.1,0.377623010130268,5.092329545454555,8.398206932176599,0.0037691180433032656,0.04490018422624864,0.8279596456311517,0.23074991642740147,0.46442980772738157,1.0050366197182838,0.5173980180801463,0.21731440121964132,0.4222676407349984,0.7337214722374649
2012-11-01,4476.4,0.8402604131467983,5.6028686687584095,8.406574430943872,0.008367498767272608,0.0996343485561546,0.8498394627613401,1.0294175843756057,0.5799193817684262,1.0211245174654207,0.5229899704660959,0.27057845962142263,0.4373695703154553,0.7378072632092668
2012-12-01,4529.9,1.1951568224466191,6.363145413134852,8.418455143178234,0.011880712234361823,0.14132643839599446,0.8812220422912357,1.642088081249702,0.751902356928372,1.043967148089658,0.5310105992234232,0.31143815438080363,0.4598588279083521,0.7436085316809864
2013-01-01,4531.0,0.02428309675710505,5.879328877880097,8.418697944667139,0.00024280148890554187,0.002884157304117174,0.8818672915899815,-0.3792335452787445,0.6424577266931876,1.0444339740355,0.5311755093474056,0.1766339079026839,0.4455473620250032,0.7437270899453976
2013-02-01,4514.7,-0.35974398587508283,5.166670549046115,8.415094018460783,-0.0036039262063560784,-0.042808593799692485,0.8723058701631159,-1.0421933762715767,0.48124656171679764,1.0375048309416455,0.528731841146575,0.1324203600489759,0.42446667416835204,0.7419673180510099
2013-03-01,4551.6,0.817330055153187,5.772448410485231,8.423234098482853,0.008140080022069895,0.09673189633072621,0.8939510511846704,0.9898320786975863,0.6182801875207502,1.0531554786072033,0.534263826214713,0.26793845706351915,0.4423857996325303,0.7459420620442808
2013-04-01,4573.0,0.4701643378152598,5.871185812844382,8.427924723658055,0.0046906251752023564,0.055686748348215964,0.9065040829966284,0.3905073547345721,0.6406156756741052,1.0621739798687693,0.5374720777176438,0.2279688071328953,0.44530648725336447,0.748232461424787
2013-05-01,4585.8,0.2799037830745643,5.486163825822921,8.430719851476894,0.0027951278188389495,0.03316507812407554,0.91401243847294,0.0620536833139467,0.553519460618554,1.06754807454035,0.5393910318876213,0.20606385687771325,0.43391739938621376,0.7495973027381688
2013-06-01,4599.5,0.29874831000042956,4.97546502339381,8.433702880917211,0.002983029440317253,0.035382855709453764,0.9220487251936795,0.09458567116303587,0.43799376540027296,1.073283441099378,0.5414449125226751,0.20823345228048132,0.4188107464402105,0.7510538950956769
2013-07-01,4607.3,0.16958365039678736,4.632888969636406,8.435397281114055,0.0016944001968433042,0.020090821561624672,0.9266241293120568,-0.1283959485554169,0.3604992880542978,1.0765412052016161,0.542614275220005,0.19336255354268778,0.40867722443642074,0.7518812588299817
2013-08-01,4621.2,0.3016951359798403,4.822392596289049,8.438409690608863,0.003012409494807855,0.03571153076040723,0.9347777340871136,0.09967288334579379,0.40336709606814375,1.0823330597656735,0.5446981395139648,0.20857272426766565,0.4142828093844055,0.7533521972620728
2013-09-01,4645.3,0.5215095646152523,5.040249638205507,8.443611234738269,0.005201544129405988,0.06164128455619089,0.9489145596323566,0.479146475309863,0.4526487589698119,1.0923338870628827,0.5483111704121254,0.23388025125975462,0.4207270984808767,0.7558920747851482
2013-10-01,4696.0,1.0914257421479778,5.787209118965553,8.454466361507933,0.01085512676966438,0.12856023883482948,0.9786546864018089,1.4630133686223195,0.6216192223902126,1.1132046603201926,0.5559120279447701,0.2994954573937438,0.4428224266604158,0.7611925570662726
2013-11-01,4691.1,-0.10434412265757365,4.796264855687626,8.453422375517574,-0.00104398599035882,-0.012348336911149893,0.9757803940710336,-0.6012873625765923,0.3974567133080799,1.1111974249049898,0.5551774283015757,0.1618248853673456,0.4135099414872193,0.760682786028029
2013-12-01,4706.4,0.326149517170804,3.896333252389672,8.456678563550247,0.003256188032672469,0.03851916878190309,0.9847552252263118,0.14188936534564092,0.19388227055357637,1.1174579839528114,0.5574711782078766,0.21138818963955727,0.3868896432967813,0.7622727598106864
2014-01-01,4724.7,0.38883222845487175,4.2749944824542085,8.460559345848644,0.0038807822983972784,0.045890147878191456,0.9954898271963509,0.2501007951078995,0.2795396123122488,1.1249194285890158,0.5602146829977661,0.21860493340659182,0.3980905777017248,0.7641677185933919
2014-02-01,4747.4,0.4804537854255164,5.1542738166433955,8.465352378746852,0.004793032898207983,0.05665148960345423,1.008805426361372,0.40827039999156195,0.47844228427881014,1.134134825604266,0.5636178282835853,0.2291534448964252,0.424099974397016,0.7665081229469178
2014-03-01,4752.9,0.11585288789652815,4.42262061692591,8.466510237049107,0.0011578583022551214,0.013677614946794314,1.0120316728550995,-0.2211533056202704,0.3129342702517454,1.1363609993379522,0.5644423789034975,0.18717645952364498,0.402457411476577,0.7670734970365423
2014-04-01,4763.1,0.214605819604885,4.1570085283183955,8.468653995751575,0.0021437587024681903,0.025320452493948764,1.0180148936252855,-0.05067255080818372,0.25284988969551314,1.1404827293505977,0.5659715455076983,0.1985460156545683,0.3946005110456939,0.7681202793780616
2014-05-01,4781.2,0.38000461884066805,4.260979545553667,8.472446840003826,0.0037928442522510153,0.04478686051117009,1.028632177541007,0.234861373612441,0.27636927918991855,1.147775098575639,0.5686850666386819,0.21758859899226804,0.3976760108634836,0.7699722986294907
2014-06-01,4798.2,0.35555927382247,4.320034786389826,8.4759961265659,0.003549286562073206,0.04189210778302588,1.038604212157983,0.19266049108419478,0.28972822524859326,1.154599187933053,0.571233677645683,0.21477417396694326,0.39942288597599834,0.7717053903687302
2014-07-01,4815.8,0.3668042182485065,4.525427039697871,8.479657457887134,0.0036613313212345844,0.043196472326823,1.0489282009379115,0.21207304502469154,0.3361902156488055,1.161638701837112,0.5738722396294019,0.21606881934738126,0.4054984621742662,0.7734931927781653
2014-08-01,4826.7,0.22633830308567138,4.446896909893527,8.481918283325099,0.0022608254379647974,0.02666175431251805,1.0553220348982078,-0.030418340578437827,0.31842583516058615,1.1659855119749711,0.5755063490397733,0.19989679205363134,0.4031755128916047,0.7745971379857088
2014-09-01,4843.8,0.35427932127540807,4.2731362882914015,8.485454815629025,0.00353653230392581,0.04169495844918991,1.065352728542343,0.1904508627463628,0.27911926832184236,1.1727850791655319,0.5780699518762275,0.21462681133094863,0.39803561165482926,0.7763240019101328
2014-10-01,4875.8,0.6606383417977701,3.828790459965936,8.492039472532698,0.006584656903672936,0.07759933965525434,1.0841236172331215,0.7193295112951236,0.17860334682275508,1.1854451691055028,0.5828673373011709,0.24989833208266046,0.38489170337740797,0.7795392437019413
2014-11-01,4902.2,0.5414496082694065,4.500010658480935,8.497439362929377,0.005399890396679652,0.06358767424652356,1.0996096004030138,0.513569693277563,0.3304407502181969,1.1958273498459782,0.5868251802767491,0.23617597495784692,0.40474663654169907,0.7821759723164428
2014-12-01,4952.8,1.0321896291461075,5.2354241033486515,8.507708352205022,0.010268989275644458,0.12084804418190931,1.1292910681453077,1.3607519260302476,0.496799373122951,1.2155711770072293,0.5944110459799409,0.2926755250626058,0.42650042885646255,0.7871902477694684
2015-01-01,5021.5,1.3870941689549277,6.281880331026302,8.521483972833394,0.013775620628372565,0.161919286111889,1.169589819803323,1.9734364588958557,0.7335193000993635,1.2420570818440988,0.6047104328141163,0.33353615589828184,0.45745497775988275,0.793916786722126
2015-02-01,5058.5,0.7368316240167205,6.553060622656615,8.528825275645945,0.00734130281255041,0.08615052068341456,1.1912936598520358,0.8508647279169284,0.794863269521412,1.2561719484564515,0.610257409711707,0.2586705658179181,0.46547658762458133,0.7975014934053346
2015-03-01,5044.1,-0.2846693683898338,6.126785751856767,8.525974522423576,-0.002850753222368496,-0.03342492231033223,1.1828467599411856,-0.9125893510066656,0.6984351976931623,1.2506909047635422,0.6080985862704826,0.1410638004283151,0.4528672247238928,0.796109490597477
2015-04-01,5053.2,0.18040879443308455,6.090571266612077,8.527776984955882,0.0018024625323054266,0.021140838828048736,1.1881847314126255,-0.1097081111987733,0.6902430821742588,1.2541564365454163,0.6094628427507008,0.1946088667469326,0.45179598731819,0.7969896204124116
2015-05-01,5048.2,-0.09894720177313632,5.584372124152925,8.526787023087559,-0.0009899618683224531,-0.011608674453711387,1.1852517800546913,-0.5919704630160081,0.5757352596116464,1.25225307142352,0.6087132512780534,0.16244624003366553,0.4368224359209232,0.7965062289741194
2015-06-01,5051.2,0.0594271225387244,5.272810637322323,8.527381117803728,0.0005940947161686694,0.006967392460488497,1.1870115508694519,-0.3185631435120404,0.5052566189762145,1.2533953165927956,0.6091630061616419,0.180680086247756,0.4276063358821063,0.7967963212579942
2015-07-01,5061.6,0.20589166930631286,5.104032559491678,8.529437917832675,0.002056800028947592,0.024119949613288227,1.1931120896939553,-0.06571610338679372,0.46707715842872893,1.2573498541998327,0.6107221564247486,0.1975427439618806,0.42261382006935383,0.7978006422890225
2015-08-01,5080.4,0.3714240556345727,5.256179170033359,8.533145277630164,0.0037073597974881523,0.04346546435067822,1.2041399867997873,0.2200484372592394,0.5014943978550396,1.264477865448202,0.6135406203619027,0.21660070735888598,0.42711437114061457,0.7996109200806422
2015-09-01,5117.6,0.732225808991438,5.65258681200711,8.540440858135929,0.007295580505765287,0.08549696821511521,1.2259611449028178,0.8429135429905513,0.5911661734907652,1.278504823377592,0.6191175809183995,0.2581402922194263,0.4388402507470627,0.8031733008820708
2015-10-01,5134.2,0.32437079881193487,5.2996431354854545,8.543679316652064,0.003238458516134912,0.037919102420214124,1.235698543411159,0.1388186995621312,0.5113264256606924,1.2847312945029539,0.6216062246075889,0.21118340343349315,0.4284000507596362,0.8047546174661295
2015-11-01,5166.4,0.6271668419617349,5.389416996450569,8.549931400004011,0.0062520833519474905,0.07317787946186094,1.2545867501562549,0.661546451511218,0.5316342620039425,1.2967519568860917,0.6264335936914381,0.24604471387013108,0.4310555936251611,0.8078074659247695
2015-12-01,5201.9,0.687132239083299,5.029478274915178,8.5567792224482,0.0068478224441896884,0.08009213318584951,1.2754107047975876,0.7650668836345074,0.45021215793091146,1.3099180260229721,0.6317556931472348,0.25294860965015925,0.4204084777083032,0.8111512096045899
2016-01-01,5262.1,1.1572694592360655,4.791396992930408,8.568285465600582,0.01150624315238069,0.13446932371696807,1.3107234391471152,1.5766817569387421,0.3963555491256303,1.3320406780170435,0.6407807744779096,0.30707613195551275,0.41336594836855073,0.8167696274495055
2016-02-01,5299.5,0.7107428593147169,4.764258179302172,8.57536775546731,0.007082289866728431,0.08265702508585271,1.3326619153044625,0.8058267505974547,0.39021645050842435,1.3456575494813279,0.6463877186933121,0.2556669317026103,0.412563172570178,0.820227859927572
2016-03-01,5304.4,0.0924615529766859,5.160484526476461,8.576291943803444,0.0009241883361337244,0.010777244340864911,1.335536207635238,-0.2615346124251555,0.4798472152632792,1.347434454129222,0.6471223183365066,0.18448338408023648,0.4242836894117178,0.8206791346113268
2016-04-01,5317.2,0.24130910187769583,5.224412253621469,8.578702127993443,0.002410184189999498,0.028102870165702676,1.3430445631115495,-0.00457370959835094,0.4943083714027177,1.352068431125088,0.649041272506484,0.20162039999363013,0.4261746944092094,0.8218560106501254
2016-05-01,5332.6,0.28962611901002244,5.633691216671299,8.581594203099817,0.0028920751063736816,0.03371226863020382,1.352078053293987,0.0788377031920453,0.5868917816626469,1.3576289229617118,0.651350014242238,0.20718320232123216,0.4382813122894268,0.8232681906441771
2016-06-01,5343.0,0.19502681618721596,5.776845106113404,8.583542571957771,0.0019483688579544634,0.022704043233034987,1.35817859211849,-0.08447249196810963,0.6192747685080011,1.361374983741915,0.6529091645053446,0.1962918589982157,0.44251585545926825,0.8242195654947724
2016-07-01,5368.3,0.4735167508890248,6.059348822506716,8.588266563826126,0.0047239918683548154,0.05503545684957256,1.3730193259896368,0.3962947465757097,0.6831802213558482,1.370457637979481,0.6567020973569405,0.22835477490070577,0.4508724162720426,0.8265262575975644
2016-08-01,5393.4,0.4675595626175699,6.160932210062198,8.592931262807408,0.004664698981281745,0.05431479037840692,1.387742741806466,0.38601063717757433,0.706159502713384,1.3794262918531517,0.6604650465496305,0.22766891590631347,0.45387728915128345,0.8288039973993842
2016-09-01,5404.3,0.20209886157156465,5.602235422854451,8.594950211972973,0.0020189491655653313,0.02349546509587963,1.3941365757667628,-0.07226376444648334,0.579776134568803,1.3833080549266428,0.6620991559600019,0.19710607297208788,0.43735083867548463,0.8297898361192484
2016-10-01,5422.0,0.32751697722184225,5.6055471154220715,8.598220030058611,0.0032698180856378656,0.03804347907778727,1.4045192235738497,0.1442500610499959,0.5805252759108304,1.3895948200014379,0.6647527097731737,0.21154562713065872,0.43744879972423767,0.8313864653611895
2016-11-01,5445.9,0.44079675396531126,5.409956642923497,8.602618310964495,0.004398280905883567,0.051153388614233464,1.4185387310647748,0.3398090334276939,0.5362805563109515,1.3980512411429378,0.6683357570124282,0.22458767821615924,0.43166316370252233,0.8335341150850227
2016-12-01,5450.9,0.09181218898621779,4.7867125473384675,8.603536011638253,0.0009177006737584037,0.0106676902378533,1.421471682422709,-0.2626556329490801,0.3952958759265802,1.3998156721888855,0.6690853484850756,0.18440862194192517,0.4132273807951292,0.8339822218887337
2017-01-01,5459.5,0.15777211102754318,3.7513540221584485,8.605112489454122,0.001576477815868671,0.018323603385117515,1.4265163587583558,-0.14878663582238563,0.16108637151287278,1.4028467110462226,0.6703746458180292,0.19200267533423285,0.38260110589456997,0.8347520049513277
2017-02-01,5478.1,0.34069053942669125,3.370129257477128,8.608513604493938,0.003401115039816105,0.039524353039932514,1.4374269378098712,0.16699205755982288,0.0748491299827275,1.4093859161908737,0.6731631260962776,0.21306231683638385,0.3713243412202258,0.8364127455752871
2017-03-01,5505.9,0.5074752195104004,3.798733127215148,8.613575523532536,0.005061919038597651,0.05880131310886938,1.4537341473599847,0.45491847817217396,0.17180404702818783,1.4191182912006866,0.6773308546841971,0.23226445847598595,0.38400259674118914,0.8388844451456279
2017-04-01,5522.0,0.29241359269147615,3.8516512450161855,8.6164953924901,0.00291986895756402,0.03389845424337512,1.4631782507325328,0.08364981974405286,0.18377470824675673,1.4247322213046332,0.6797445392261218,0.20750412786679828,0.3855679335627631,0.8403101966823142
2017-05-01,5547.6,0.46360014487505374,4.031804373101311,8.62112068078218,0.004625288292080754,0.05367946109635646,1.478194961685156,0.37917535124040347,0.22452733047494589,1.4336251016221142,0.6835824475660766,0.22721306288513676,0.3908969274240648,0.8425686925209607
2017-06-01,5552.9,0.09553680871006165,3.9285045854388745,8.622075592795646,0.0009549120134657585,0.011076425546319157,1.4813038901245659,-0.2562256873168417,0.20115978050451044,1.4354610776117656,0.6843770145270828,0.1848374423554968,0.3878412828167351,0.8430349693609099
2017-07-01,5574.4,0.38718507446560135,3.8392042173499785,8.625939967218129,0.0038643744224824417,0.044819537719109626,1.4939155809636828,0.24725725365019516,0.18095905346609112,1.4428909753977932,0.6876002578594665,0.21841529438106302,0.3851997460395727,0.8449219162928648
2017-08-01,5577.2,0.050229621125152946,3.4078688767753107,8.626442137320867,0.0005021701027381198,0.005821627609825519,1.495558033724126,-0.3344411225881614,0.08338624762615687,1.44385648032217,0.6880200290841492,0.17962116569950662,0.3724406926358551,0.8451671224326137
2017-09-01,5568.5,-0.155992254177717,3.0383213367133566,8.624880996833156,-0.0015611404877109436,-0.018097153645268982,1.4904546983613207,-0.6904493985168666,-0.00020947705304654007,1.440854930010213,0.6867157399217427,0.15587856741792225,0.36150934443567967,0.8444048284798077
2017-10-01,5588.2,0.3537757026129018,3.0652895610475905,8.628412510717043,0.003531513883887172,0.0409456534552044,1.502010526711581,0.18958144764914747,0.005891032386560781,1.4476448484597724,0.6896691303239735,0.21456882904573552,0.36230707414181856,0.846129241944918
2017-11-01,5586.5,-0.030421244765754807,2.5817587542922293,8.628108251987392,-0.00030425872965089695,-0.0035262422754200884,1.5010133232498837,-0.4736716269942073,-0.1034889629143354,1.4470598608227927,0.6894142692232733,0.17033572443825595,0.3480040602095152,0.8459806745408137
2017-12-01,5598.6,0.21659357379397726,2.7096442789264374,8.630271845468032,0.0021635934806401025,0.025076104951993194,1.5081110655360845,-0.04724101891667373,-0.07455984839233244,1.451219726470942,0.6912282805870801,0.1987748684332798,0.3517869596960177,0.847037142065425
2018-01-01,5578.6,-0.35723216518415146,2.1815184540708854,8.626693127838328,-0.0035787176297041867,-0.04146703248499861,1.496379260104348,-1.0378571294388526,-0.1940277280681122,1.4443390510273146,0.6882299146964905,0.13270954929978923,0.336164809203464,0.8452896793422439
2018-02-01,5578.1,-0.008962822213454125,1.8254504298935714,8.626603495599344,-8.963223898383887e-05,-0.0010390104024260438,1.4960859649685545,-0.4366271766623763,-0.2745742377572431,1.4441667182507316,0.6881549555492258,0.17280626111467554,0.325632189896681,0.8452459125484852
2018-03-01,5599.8,0.3890213513561891,1.7054432517844553,8.630486161799755,0.0038826662004112222,0.04500805215392756,1.5088149738619887,0.2504272848071021,-0.30172118350353583,1.451631784999566,0.6914081825405155,0.21862670737729803,0.3220823347137422,0.8471417912273334
2018-04-01,5592.4,-0.13214757669918198,1.2749003984063645,8.629163812113669,-0.0013223496860863548,-0.015321844694438091,1.5044742058522458,-0.6492854700696931,-0.3991147200091762,1.44908934942504,0.6902987871609972,0.15862383679196582,0.309346723364296,0.8464960971484637
2018-05-01,5602.0,0.17166154066232675,0.9806042252505476,8.630878955820053,0.001715143706384481,0.019876128715701213,1.5101054724594796,-0.12480881149773432,-0.4656877564881969,1.4523869963488594,0.6917380027884803,0.1936017838075443,0.30064133746940946,0.8473335897930158
2018-06-01,5621.0,0.3391645840771229,1.2263862126096425,8.634264863002075,0.003385907182021697,0.03923015488171977,1.5212506876196294,0.16435774569379918,-0.4100891632924912,1.4588969618762777,0.6945864503845405,0.21288663157114596,0.30791165642405044,0.8489869045266578
2018-07-01,5630.2,0.16367194449384836,1.0010045924225164,8.63590024448146,0.001635381479385245,0.018940598943095743,1.526647318118228,-0.138601540097109,-0.461072968693434,1.4620412527509674,0.6959656986942117,0.19268193099376463,0.3012447876153117,0.8497854498350907
2018-08-01,5639.9,0.1722851763702904,1.124220038729118,8.637621613838464,0.0017213693570035105,0.019932714694137488,1.5323372437526204,-0.12373220663768422,-0.433200277337012,1.465350869515877,0.6974199061511476,0.19367358381453428,0.30488954451720224,0.8506259824211833
2018-09-01,5642.4,0.04432702707495295,1.3271078387357305,8.638064785893969,0.0004431720555047036,0.005130718562562642,1.5338037194315874,-0.3446309840091796,-0.3873048218638714,1.4662029409546247,0.6977947018874713,0.1789415922102861,0.3108910380924755,0.850842380228186
2018-10-01,5634.0,-0.1488728200765621,0.8195841236892099,8.636574948436317,-0.0014898374576510776,-0.017247352208837885,1.5288763611502583,-0.6781588621408504,-0.5021122773378887,1.463338482489176,0.6965353882134238,0.15669823731767307,0.2958783053650705,0.8501149030449527
2018-11-01,5645.6,0.20589279375222702,1.0579074554730283,8.638631759686621,0.0020568112503038805,0.02381512651234985,1.5356808083006657,-0.06571416221517608,-0.4482009142015233,1.4672930416711232,0.6982744404299658,0.1975428734208315,0.3029279946243146,0.8511192295552907
2018-12-01,5689.9,0.7846818761513275,1.6307648340656566,8.646447952273498,0.00781619258687627,0.09047952041840723,1.561666757331962,0.9334703474234743,-0.31861426428565287,1.4823209622728468,0.7049158208776217,0.2641796288716604,0.31987332045001454,0.8549358215851852
2019-01-01,5719.7,0.5237350392801376,2.5293084286379885,8.651671635445975,0.005223683172477678,0.060414209410741826,1.5791471474252496,0.4829883926496468,-0.1153538043958709,1.4923643555352342,0.7093833860546003,0.23413647311243932,0.34645256084669174,0.8574865094477445
2019-02-01,5716.4,-0.05769533367134816,2.4793388429751984,8.651094515607639,-0.0005771198383364151,-0.006670616531168072,1.5772113995290131,-0.5207558723224301,-0.1266574751622902,1.4912547473709266,0.7088886556826529,0.1671956223737651,0.34497444265868576,0.8572047058776806
2019-03-01,5712.6,-0.06647540410047448,2.014357655630561,8.650429540519701,-0.0006649750879379468,-0.0076866006577303025,1.5749823564969836,-0.5359132252046847,-0.23184134220076336,1.4899762229854814,0.708318966163441,0.1661847612089318,0.33122013309260645,0.8568800032053125
2019-04-01,5702.3,-0.18030318944088908,1.9651670123739473,8.6486248812068,-0.0018046593129010802,-0.02086207747774571,1.568940476699639,-0.7324182446276157,-0.2429688076136934,1.486506467530252,0.7067748077297873,0.15307961716613455,0.32976505629913483,0.8559988007178179
2019-05-01,5739.2,0.6471073075776435,2.449125312388434,8.655075106778018,0.006450225571217771,0.07458093812386934,1.590585657721193,0.6959703979267439,-0.13349210862810743,1.4989080910406838,0.7123067927979252,0.24834048614924037,0.34408071563470066,0.8591484006326748
2019-06-01,5787.7,0.8450655143574126,2.965664472513785,8.663490255032823,0.00841514825480516,0.0972279056043579,1.6190352858931543,1.0377128042456671,-0.016645260158688117,1.515087602793923,0.719577830082605,0.27113167730300186,0.359360128446946,0.8632574585151015
2019-07-01,5806.5,0.32482678784317986,3.131327483925972,8.666733258685813,0.0032430036529902395,0.037432992449049074,1.630063182998987,0.1396058899056266,0.02082953804784089,1.5213228126952332,0.7223962940197592,0.21123590205602655,0.3642604994826526,0.8648409944576143
2019-08-01,5832.9,0.4546628778093531,3.4220464901860037,8.67126958276989,0.0045363240840767816,0.05234179879172185,1.645549166168879,0.3637466241235465,0.08659337996720771,1.5300446446359732,0.7263541369953376,0.2261841034628421,0.37286007150335826,0.8670560496973452
2019-09-01,5861.6,0.49203655128668977,3.8848716858074672,8.676177882845755,0.0049083000758649575,0.05660416884762931,1.6623843069634217,0.42826614728396767,0.19128953792643527,1.5394816618294058,0.7306567920483338,0.23048698410717866,0.38655060606436314,0.8694527382054213
2019-10-01,5898.0,0.6209908557390342,4.685835995740151,8.682368589375221,0.006190706529466183,0.0713529230619736,1.683736192849182,0.6508846233027705,0.3724764886494072,1.5513843171387949,0.7361138179692068,0.24533366437713805,0.4102434163759119,0.8724756167920426
2019-11-01,5923.9,0.43913190912172606,4.929502621510551,8.686750294759054,0.004381705383833534,0.05046670547015353,1.698928880883281,0.3369349516088612,0.42759656374988797,1.559808869102747,0.7399967017975203,0.224396002419087,0.4174511621793653,0.8746151728046929
2019-12-01,5934.2,0.17387194247033833,4.293572822017966,8.68848750436099,0.0017372096019361294,0.019998383089059324,1.7049707606806255,-0.1209929149754853,0.2837422373896833,1.5631489413535615,0.741540860231174,0.1938562703022066,0.3986401316203315,0.8754634400713079
2020-01-01,5949.3,0.2544572141147894,4.014196548770044,8.691028844559893,0.0025413401989027307,0.029249512042550663,1.7138282737815869,0.01812435171241072,0.22054424663477307,1.5680350874287239,0.7438046264785693,0.20313415961078046,0.3903760816926054,0.8767043586695353
2020-02-01,5965.9,0.2790244230413519,4.364635085018542,8.693815203284869,0.0027863587249754573,0.03206017118122517,1.723565672289928,0.06053561230967139,0.2998173041372022,1.5733923220696868,0.7462932701677586,0.20596261498966048,0.40074217873616813,0.878064918095876
2020-03-01,6197.2,3.877034479290642,8.483002485733282,8.731852856122137,0.0380376528372679,0.4375254355866165,1.8592440021079624,6.271910399869014,1.2314373801367293,1.6465259891794481,0.7809693716924276,0.6202062894454655,0.5225649571151464,0.8966384372410364
2020-04-01,6641.9,7.175821338669075,16.47756168563561,8.80115334611724,0.06930048999510419,0.7936516010632833,2.120100695882627,11.96672536912868,3.039894743144981,1.779767621819821,0.847638037269688,1.0,0.7590468730992085,0.9304773805428155
2020-05-01,6979.2,5.078366130173606,21.605798717591295,8.85068957600731,0.04953622989006945,0.5628379365975045,2.317957594488866,8.34581264336916,4.199958454951023,1.8750092015816378,0.8982054780144821,0.7585171972867243,0.9107419557939638,0.9546655742302248
2020-06-01,7057.4,1.1204722604309936,21.937902793855923,8.861831990703843,0.011142414696532654,0.12589318155207252,2.363828953726956,1.5131574228381048,4.275084055623686,1.8964323333059152,0.9099290886466875,0.30283962160551564,0.9205657129639822,0.960106337191461
2020-07-01,7082.5,0.3556550571031769,21.975372427452,8.865382231704672,0.003550241000828791,0.04006215649938749,2.378552369543786,0.1928258452231637,4.283560099527004,1.9032582577294026,0.9136920378393776,0.2147852016232119,0.9216740781061314,0.9618398949764518
2020-08-01,7081.7,-0.011295446523118535,21.40959042671742,8.865269270859605,-0.00011296084506717818,-0.0012741790722081703,2.3780830973265163,-0.44065407030619264,4.15557397802846,1.9030410718563697,0.9135721032037539,0.1725377029811367,0.9049380444840845,0.9617847369879323
2020-09-01,7152.5,0.9997599446460725,22.022997133888357,8.875217224924265,0.009947954064660536,0.11221265548424508,2.419613688554864,1.304767389710746,4.294333332780062,1.922167655825696,0.9241863184564413,0.2889418524328131,0.9230828339292649,0.9666422531986624
2020-10-01,7203.1,0.7074449493184254,22.12783994574432,8.882266767897256,0.007049542972991318,0.0794295259973321,2.4492951562971577,0.8001334493886306,4.318049931821786,1.9357215659806772,0.931772184159633,0.25528723894646704,0.9261841217432519,0.9700844955981514
2020-11-01,7274.1,0.985686718218548,22.792417157615773,8.892075373046609,0.009808605149352445,0.11042907633447285,2.490943065579823,1.2804722703406062,4.468384618456055,1.9545802286555993,0.9424163830712262,0.2873215831907467,0.9458425529904216,0.9748739687107069
2020-12-01,7301.4,0.37530416133952915,23.039331333625412,8.89582138957081,0.0037460165242002574,0.042127584023354814,2.506956979994143,0.22674680395973587,4.52423932519726,1.961782563842804,0.946509152511881,0.2170474290798846,0.9531463624896493,0.9767031223109035
2021-01-01,7371.1,0.9546114443805376,23.89860992049484,8.905322227777496,0.009500838206687234,0.10680113494438981,2.5478423219237456,1.2268259020936167,4.718617607782036,1.9800494937620654,0.956958457640586,0.283743845658574,0.9785641299369706,0.9813423149835409
2021-02-01,7434.9,0.8655424563497993,24.623275616419992,8.91394040890468,0.008618181127182822,0.09677562368604065,2.585266781250985,1.0730628892174736,4.882544971473502,1.9966193697305816,0.9665232448315668,0.2734892148195554,1.0,0.9855505123938018
2021-03-01,7484.8,0.671158993396026,20.77712515329504,8.92062957638986,0.006689167485181002,0.0750416446412272,2.614537635803169,0.7374916923520114,4.012503365632257,2.0094803985168626,0.974004167728588,0.25110958866827265,0.8862294958433871,0.9888167859696904
2021-04-01,7561.7,1.0274155622060688,13.848446980532692,8.93085131161949,0.010221735229629658,0.11458535680803905,2.6596464276881964,1.3525102817430195,2.445160033231928,2.0291333719736118,0.985532884577905,0.29212588039779874,0.6812767212674219,0.9938079876034115
2021-05-01,7611.8,0.6625494267162191,9.064076111875297,8.937454953767134,0.00660364214764364,0.07394191121570248,2.689034600294697,0.7226286862539932,1.362882635762489,2.0418299641793376,0.9930437911338321,0.25011835782645747,0.5397533224773728,0.9970324997567186
2021-06-01,7562.7,-0.6450511048635033,7.159860571882004,8.930983548270392,-0.006471405496741411,-0.07240769917407075,2.6602330179597833,-1.5347293664136465,0.9321281028424404,2.0293876187655515,0.9856828028724345,0.09957257266914701,0.4834259468104642,0.9938725578327505
2021-07-01,7584.8,0.29222367672920857,7.092128485704197,8.93390152360375,0.002917975333357248,0.032672497016550395,2.6731966629618524,0.08332196095507169,0.9168063587790952,2.0349979080643474,0.9889959971815361,0.20748226258993202,0.48142240751424875,0.9952973847260156
2021-08-01,7630.0,0.5959286995042667,7.7424912097377785,8.939843124278502,0.0059416006747525785,0.066506225293117,2.6997105432375768,0.6076189172805964,1.0639255716706584,2.046421616243858,0.9957723040942686,0.2424482250575776,0.5006603691351914,0.9981986266706103
2021-09-01,7658.2,0.36959370904325883,7.070255155540028,8.943532248175709,0.0036891238972067697,0.04126609209940124,2.7162523888963257,0.21688864379228237,0.9118583705286133,2.0535145659634226,1.0,0.21638997712587937,0.4807753865970432,1.0
2021-10-01,7645.6,-0.1645295239090072,6.143188349460638,8.94188559795197,-0.001646650223738888,-0.01841163175851923,2.7088613514743316,-0.7051875957799415,0.7021456459702285,2.0503486090673877,0.9981110294889286,0.15489566021977044,0.4533524194183703,0.9991959522427201
2021-11-01,7645.2,-0.005231767291002942,5.101662061285928,8.941833278910442,-5.2319041527582044e-05,-0.0005851007704671396,2.708626715365697,-0.43018612171422227,0.4665409256200158,2.050248017072846,0.9980510621711167,0.1732358224212061,0.42254369988592466,0.9991704052216243
2021-12-01,7646.2,0.013080102548013173,4.722382008929804,8.941964071382214,0.00013079247177216757,0.0014627030911151806,2.7092133056372836,-0.39857367904370283,0.38074359944173614,2.050499487191993,0.9982009804656462,0.17534409230641537,0.4113244604966151,0.9992342702684214
2022-01-01,7640.4,-0.0758546729094256,3.65345742155172,8.94120523681098,-0.0007588345712346012,-0.008486218074432728,2.7058110820620795,-0.5521049959042894,0.13894108197860067,2.0490405024549094,0.9973314543573752,0.1651049135391399,0.3797052894898221,0.9988637366685399
2022-02-01,7621.4,-0.24867807968169675,2.508439925217565,8.938715358839069,-0.0024898779719109143,-0.027847229830491038,2.6946658669019294,-0.8504562886309215,-0.12007448976725311,2.0442533010068944,0.9944830067613151,0.1452075252789344,0.3458352630633891,0.9976479467148788
2022-03-01,7556.1,-0.8567979636287193,0.9525972637879354,8.930110463049441,-0.00860489578962742,-0.09626546370691269,2.65636152216731,-1.9002756209591969,-0.4720232397094817,2.0277089682930676,0.98469334212854,0.07519387570663354,0.29981288154808095,0.9934462364417841
2022-04-01,7536.8,-0.25542277100620847,-0.3292910324397935,8.927552967734458,-0.0025574953149831714,-0.02863901096817889,2.6450403299256844,-0.8620998930088964,-0.7620004942272119,2.0227917613402373,0.981799919044121,0.14443100001256304,0.26189416798433846,0.9921974294136607
2022-05-01,7446.2,-1.2021016877189261,-2.1755695104968664,8.91545911413103,-0.012093853603428073,-0.13546661271164329,2.591895251319917,-2.49638591868863,-1.1796490254741598,1.9995393312470555,0.9682173215597499,0.035438599530582135,0.20728059129878354,0.9862920855060587
2022-06-01,7334.8,-1.496065107034461,-3.013474023827467,8.90038542367501,-0.015073690456020472,-0.16907363112830254,2.5265490950651444,-3.003865592912959,-1.3691922571571629,1.970557672871802,0.9515164235491658,0.0015942008020804418,0.1824950765794061,0.9789317081591471
2022-07-01,7337.7,0.03953754703605039,-3.2578314523784457,8.900780721005084,0.0003952973300744844,0.004441350697281798,2.528250206852746,-0.35289923648598615,-1.4244685994568331,1.971317697247405,0.9519511866033012,0.1783901730149446,0.17526689658301806,0.979124729073439
2022-08-01,7320.3,-0.23713152622756306,-4.058977719528178,8.898406589722109,-0.002374131282975256,-0.026673292572776397,2.518043536127135,-0.8305230561254582,-1.6056967109068314,1.9667530379171672,0.9493426082784883,0.1465368953071902,0.15156870391201216,0.9779654574163229
2022-09-01,7260.3,-0.8196385394041217,-5.195737901856834,8.890176429279148,-0.00823016044296132,-0.09249027182537395,2.482848119831925,-1.8361259640264715,-1.862844387258015,1.9509291957713202,0.9403475106067194,0.07947208955006724,0.11794293178254234,0.9739467277852109
2022-10-01,7189.9,-0.9696569012299872,-5.960290886261388,8.880432542412532,-0.00974388686661598,-0.10960285146338622,2.441552164712211,-2.0951080835171276,-2.03579469502148,1.9321949646791197,0.9297932626718438,0.06220027639027619,0.095327181482572,0.9691888561562849
2022-11-01,7150.2,-0.5521634515083584,-6.474650761261969,8.874895607324815,-0.005536935087716799,-0.062349835565700396,2.4182645309302147,-1.3743740535863265,-2.152148565187601,1.9215492928957993,0.9238415063790234,0.11026685151658397,0.08011223270253845,0.9664852095801624
2022-12-01,7101.2,-0.6852955162093388,-7.127723575109202,8.868019062832643,-0.006876544492172343,-0.07748310286035398,2.3895216076224597,-1.604204748101232,-2.2998808302506926,1.9083280008800296,0.9164955099470788,0.09493918016284915,0.060794105657136964,0.9631274411257226
2023-01-01,7057.7,-0.6125725229538692,-7.626564054237994,8.861874498372941,-0.0061445644597011295,-0.06928903079893578,2.364004930808432,-1.4786604167288644,-2.412724042101328,1.8965140613172295,0.9099740641350464,0.10331187492262256,0.04603822614895526,0.9601270933882009
2023-02-01,7026.9,-0.43640279411140126,-7.8004041252263345,8.857500920266974,-0.004373578105967724,-0.04935274254640465,2.345937950443558,-1.1745322472806756,-2.4520485812664874,1.8881051353866842,0.9053565806635383,0.12359452968531132,0.04089597477096428,0.9579915058683407
2023-03-01,6920.8,-1.50991190994606,-8.407776498458198,8.842286648866164,-0.015214271400809665,-0.17176708800558105,2.283700722628195,-3.027769829184902,-2.589442903203884,1.8588531869369571,0.8894502496139605,0.0,0.022929683078557698,0.9505624838318983
2023-04-01,6844.7,-1.0995838631372101,-9.1829423628065,8.831229909150696,-0.0110567397154675,-0.12504389593482879,2.239061202960437,-2.319405693250877,-2.7647939613273227,1.8375947795076213,0.8780414674002669,0.04724161277624698,0.0,0.945163555363129
2023-05-01,6857.9,0.19284994229111785,-7.900674169374988,8.83315655140591,0.001926642255213551,0.021816239357752565,2.246804194545383,-0.08823050804436683,-2.4747307698769627,1.8412990673072707,0.880020388888056,0.19604123261656334,0.03792995105869134,0.9461043212659616
2023-06-01,6834.2,-0.3455868414529162,-6.824998636636314,8.82969469768453,-0.0034618537213795264,-0.039191581188813274,2.232902005108775,-1.017753386234598,-2.231401114201532,1.834643082020134,0.8764673253077073,0.13405029088117407,0.06974881744000803,0.9444139223697187
2023-07-01,6819.1,-0.2209475871352784,-7.067609741472114,8.827482777320002,-0.0022119203645285523,-0.025050926903602555,2.224044492007814,-0.8025841372037018,-2.2862824188384696,1.8303902999595587,0.8742035590603122,0.1484001737005101,0.06257229432272585,0.9433338571665921
2023-08-01,6777.0,-0.6173835256852112,-7.421826974304335,8.821289805136113,-0.006192972183889367,-0.07015558500776953,2.1993490415740085,-1.4869658246074315,-2.366410259136114,1.8184832885555104,0.867891998860621,0.10275797779112718,0.0520944220848469,0.9403098722768037
2023-09-01,6741.1,-0.5297329201711665,-7.151219646571072,8.815978395337682,-0.005311409798430589,-0.06021126066324545,2.1782904508240413,-1.3356514167283764,-2.30519590045963,1.8082712263721843,0.8625099320870127,0.11284930836796936,0.06009908347286578,0.9377163481179659
2023-10-01,6724.2,-0.2507009241815239,-6.477141545779497,8.813468238286037,-0.0025101570516454785,-0.028472813102320416,2.1683770752342233,-0.8539483981939718,-2.152712008085172,1.8034450350455629,0.8599763129094643,0.1449746325061625,0.08003855440705272,0.9364906560318754
2023-11-01,6717.8,-0.09517860860771554,-6.047383289977892,8.81251599896397,-0.0009522393220660064,-0.010804365504257785,2.1646228974960677,-0.5854646044424319,-2.0554959561948447,1.801614197746355,0.8590168358244757,0.1628801231679446,0.09275095708000732,0.9360256842483946
2023-12-01,6705.2,-0.18756140403108912,-5.576522277924855,8.810638623757123,-0.001877375206847276,-0.021303509770287388,2.1572318600740736,-0.7449483627772189,-1.9489820080322948,1.7980046339805493,0.8571278653134042,0.15224396928443645,0.10667919396064199,0.935108975099799
2024-01-01,6705.5,0.004474139473842342,-4.990294288507579,8.810683364150995,4.4740393871478545e-05,0.000507799670179665,2.15740783715555,-0.41343046410708173,-1.8163707786506738,1.7980906547738342,0.857172840801763,0.17435327635250117,0.12402002722916987,0.9351308215203888
2024-02-01,6707.2,0.025352322720162412,-4.54965916691571,8.810936855246613,0.00025349109561823013,0.002877087793784483,2.1584050406172475,-0.37738770185826737,-1.7166942598936936,1.798578033253299,0.8574277019024632,0.1767570093073037,0.1370541714763209,0.9352545994447979
2024-03-01,6696.7,-0.15654818702289797,-3.2380649635880276,8.809370146729279,-0.0015667085173340922,-0.01778140671160333,2.1522458427655855,-0.6914091254782005,-1.4199972019350928,1.7955657774851808,0.8558535598099036,0.15581456213140604,0.17585159638003658,0.9344895866621722
2024-04-01,6686.2,-0.15679364463093703,-2.3156602919046865,8.807800979784222,-0.0015691669450568213,-0.017812476021794588,2.146086644913924,-0.6918328678174807,-1.2113391035374563,1.7925487949839105,0.8542794177173441,0.15578630227112558,0.20313665595842975,0.9337233734465289
2024-05-01,6702.9,0.24976817923483274,-2.2601671065486495,8.810295547553551,0.0024945677693288815,0.028322254045631823,2.1558827024494236,0.01002950134345136,-1.1987859336697377,1.797345013341687,0.8567830532359864,0.20259430479993829,0.2047781641978352,0.9349414533953826
2024-06-01,6723.4,0.30583777171075965,-1.621257791694719,8.813349257947397,0.003053710393846387,0.03466070323479009,2.167907803016954,0.10682446511760749,-1.0542576081109922,1.8032162757023964,0.8598563782738408,0.20904967141908548,0.2236773298852402,0.9364325587668557
2024-07-01,6724.0,0.008924056281056636,-1.3946121922247867,8.813438494528507,8.923658110937538e-05,0.0010125161104879155,2.1682597571799063,-0.4057484119085171,-1.0029878766716622,1.8033878477613978,0.8599463292505585,0.17486560118217792,0.2303815876525303,0.9364761323636487
2024-08-01,6739.6,0.23200475907199092,-0.5518666076434919,8.81575585496423,0.0023173604357236144,0.026293488485373828,2.177410565416661,-0.020636132830822433,-0.8123495413401338,1.8078433557656535,0.8622850546452184,0.20054917865406294,0.25531030298824614,0.9376076832141518
2024-09-01,6751.6,0.17805210991750364,0.15576092922520157,8.817534792814772,0.0017789378505419506,0.020179073465831365,2.184449648675703,-0.1137765408455682,-0.652276396927967,1.8112636574632128,0.8640840741795722,0.1943375385299445,0.27624217822207214,0.9384763260919456
2024-10-01,6752.4,0.011849043189759989,0.4193807441777331,8.817653276227233,0.0001184834124607903,0.0013437249213543723,2.1849189208929722,-0.4006989013027573,-0.5926426906203568,1.8114914613837652,0.8642040088151957,0.1752023588081584,0.2840401464868015,0.938534180711397
2024-11-01,6765.0,0.18660031988626535,0.7026109738307085,8.819517540604888,0.0018642643776551893,0.02114240965542802,2.1923099583149663,-0.09901945705518005,-0.5285728924695471,1.8150758174160186,0.8660929793262672,0.19532170529216053,0.292418197821234,0.9394444879340366
2024-12-01,6745.7,-0.2852919438285362,0.6040088289685608,8.81666054383523,-0.0028569967696583376,-0.0323940255972599,2.1809887660733405,-0.9136641254855732,-0.550877783887017,1.809582769472715,0.8631995562418482,0.14099212249153276,0.2895015111654614,0.9380494364458196
2025-01-01,6735.6,-0.14972501000636296,0.44888524345687575,8.815162171736153,-0.0014983720990766614,-0.01699478041178315,2.1750642043303134,-0.6796300284137138,-0.5859684478473608,1.8067019017501653,0.8616853814671005,0.15660012355969685,0.2849129001115125,0.9373177918570266
2025-02-01,6743.7,0.12025654730090096,0.544191316793885,8.816364014706485,0.001201842970331768,0.013633815770108804,2.1798155855301666,-0.2135511092479141,-0.5644091641200197,1.8090126432695353,0.8628997196527892,0.18768345867712175,0.2877320877945469,0.9379046433516347
2025-03-01,6769.6,0.38406216172131025,1.0885958755805225,8.820197279965804,0.0038332652593187078,0.04347898127758931,2.195008273564266,0.2418660565216751,-0.4412588554945009,1.8163827285536556,0.8667826034811029,0.21805574929086707,0.30383576904990556,0.9397763998973666
2025-04-01,6796.5,0.3973646891987759,1.649666477221734,8.824163052775303,0.003965772809499057,0.044962404849013815,2.210787551869952,0.26483069044225926,-0.31433850437396443,1.8240075814782999,0.8708154056039459,0.2195872869396415,0.32043243780433356,0.9417128589506555
2025-05-01,6808.7,0.17950415655116903,1.5784212803413578,8.82595648517909,0.00179343240378671,0.02032410771493076,2.217943953183311,-0.1112698202667737,-0.3304549527803835,1.827455751347338,0.8726444087972055,0.19450471458660004,0.3183249794390069,0.9425885794171572
2025-06-01,6825.0,0.23939959169885228,1.5111401969241767,8.82834762005316,0.0023911348740703886,0.027092076400858645,2.2275053746101765,-0.007870166027330696,-0.3456746750508071,1.8320531028885316,0.8750880769980361,0.2014005555516945,0.3163347809655035,0.943756153808569
2025-07-01,6838.4,0.19633699633698765,1.7013682331945112,8.830309065124828,0.0019614450716680665,0.022217578601146926,2.2353656842494396,-0.08221068062733312,-0.30264299760098723,1.8358243048483147,0.8770969821447311,0.19644270177824014,0.32196179420866566,0.944713913682625
2025-08-01,6837.0,-0.02047262517547166,1.4451896254970675,8.830104317913793,-0.0002047472110344728,-0.0023186868038704844,2.234544457869218,-0.456496965465184,-0.360593420851503,1.8354306445339543,0.8768870965323898,0.17148112221936665,0.3143839395117912,0.9446139370552464
2025-09-01,6847.9,0.15942664911510196,1.4263285739676501,8.831697314911217,0.0015929969974237679,0.018040522966322747,2.2409382918295147,-0.14593034692895424,-0.3648599984900637,1.838493444244937,0.8785212059427612,0.19219316450080062,0.313826022872284,0.9453917863183546
